asset_id,server_id,rack_id,row,pos,slot,component,vendor,model,workload,sku
A01-S1-DIMM,A01-S1,A01,A,1,1,dimm,HPE,ProLiant DL380 Gen11,web,MEM-DDR5-64G-4800
A01-S1-DISK,A01-S1,A01,A,1,1,disk,HPE,ProLiant DL380 Gen11,web,SSD-NVME-U2-3T84
A01-S1-PSU,A01-S1,A01,A,1,1,psu,HPE,ProLiant DL380 Gen11,web,PSU-HPE-1600W
A01-S1-NIC,A01-S1,A01,A,1,1,nic,HPE,ProLiant DL380 Gen11,web,NIC-OCP3-25G-DP
A01-S1-FAN,A01-S1,A01,A,1,1,fan,HPE,ProLiant DL380 Gen11,web,FAN-HPE-DL380
A01-S2-DIMM,A01-S2,A01,A,1,2,dimm,HPE,ProLiant DL380 Gen11,web,MEM-DDR5-64G-4800
A01-S2-DISK,A01-S2,A01,A,1,2,disk,HPE,ProLiant DL380 Gen11,web,SSD-NVME-U2-3T84
A01-S2-PSU,A01-S2,A01,A,1,2,psu,HPE,ProLiant DL380 Gen11,web,PSU-HPE-1600W
A01-S2-NIC,A01-S2,A01,A,1,2,nic,HPE,ProLiant DL380 Gen11,web,NIC-OCP3-25G-DP
A01-S2-FAN,A01-S2,A01,A,1,2,fan,HPE,ProLiant DL380 Gen11,web,FAN-HPE-DL380
A01-S3-DIMM,A01-S3,A01,A,1,3,dimm,HPE,ProLiant DL380 Gen11,web,MEM-DDR5-64G-4800
A01-S3-DISK,A01-S3,A01,A,1,3,disk,HPE,ProLiant DL380 Gen11,web,SSD-NVME-U2-3T84
A01-S3-PSU,A01-S3,A01,A,1,3,psu,HPE,ProLiant DL380 Gen11,web,PSU-HPE-1600W
A01-S3-NIC,A01-S3,A01,A,1,3,nic,HPE,ProLiant DL380 Gen11,web,NIC-OCP3-25G-DP
A01-S3-FAN,A01-S3,A01,A,1,3,fan,HPE,ProLiant DL380 Gen11,web,FAN-HPE-DL380
A01-S4-DIMM,A01-S4,A01,A,1,4,dimm,HPE,ProLiant DL380 Gen11,web,MEM-DDR5-64G-4800
A01-S4-DISK,A01-S4,A01,A,1,4,disk,HPE,ProLiant DL380 Gen11,web,SSD-NVME-U2-3T84
A01-S4-PSU,A01-S4,A01,A,1,4,psu,HPE,ProLiant DL380 Gen11,web,PSU-HPE-1600W
A01-S4-NIC,A01-S4,A01,A,1,4,nic,HPE,ProLiant DL380 Gen11,web,NIC-OCP3-25G-DP
A01-S4-FAN,A01-S4,A01,A,1,4,fan,HPE,ProLiant DL380 Gen11,web,FAN-HPE-DL380
A01-S5-DIMM,A01-S5,A01,A,1,5,dimm,HPE,ProLiant DL380 Gen11,web,MEM-DDR5-64G-4800
A01-S5-DISK,A01-S5,A01,A,1,5,disk,HPE,ProLiant DL380 Gen11,web,SSD-NVME-U2-3T84
A01-S5-PSU,A01-S5,A01,A,1,5,psu,HPE,ProLiant DL380 Gen11,web,PSU-HPE-1600W
A01-S5-NIC,A01-S5,A01,A,1,5,nic,HPE,ProLiant DL380 Gen11,web,NIC-OCP3-25G-DP
A01-S5-FAN,A01-S5,A01,A,1,5,fan,HPE,ProLiant DL380 Gen11,web,FAN-HPE-DL380
A01-S6-DIMM,A01-S6,A01,A,1,6,dimm,HPE,ProLiant DL380 Gen11,web,MEM-DDR5-64G-4800
A01-S6-DISK,A01-S6,A01,A,1,6,disk,HPE,ProLiant DL380 Gen11,web,SSD-NVME-U2-3T84
A01-S6-PSU,A01-S6,A01,A,1,6,psu,HPE,ProLiant DL380 Gen11,web,PSU-HPE-1600W
A01-S6-NIC,A01-S6,A01,A,1,6,nic,HPE,ProLiant DL380 Gen11,web,NIC-OCP3-25G-DP
A01-S6-FAN,A01-S6,A01,A,1,6,fan,HPE,ProLiant DL380 Gen11,web,FAN-HPE-DL380
A01-S7-DIMM,A01-S7,A01,A,1,7,dimm,HPE,ProLiant DL380 Gen11,web,MEM-DDR5-64G-4800
A01-S7-DISK,A01-S7,A01,A,1,7,disk,HPE,ProLiant DL380 Gen11,web,SSD-NVME-U2-3T84
A01-S7-PSU,A01-S7,A01,A,1,7,psu,HPE,ProLiant DL380 Gen11,web,PSU-HPE-1600W
A01-S7-NIC,A01-S7,A01,A,1,7,nic,HPE,ProLiant DL380 Gen11,web,NIC-OCP3-25G-DP
A01-S7-FAN,A01-S7,A01,A,1,7,fan,HPE,ProLiant DL380 Gen11,web,FAN-HPE-DL380
A01-S8-DIMM,A01-S8,A01,A,1,8,dimm,HPE,ProLiant DL380 Gen11,web,MEM-DDR5-64G-4800
A01-S8-DISK,A01-S8,A01,A,1,8,disk,HPE,ProLiant DL380 Gen11,web,SSD-NVME-U2-3T84
A01-S8-PSU,A01-S8,A01,A,1,8,psu,HPE,ProLiant DL380 Gen11,web,PSU-HPE-1600W
A01-S8-NIC,A01-S8,A01,A,1,8,nic,HPE,ProLiant DL380 Gen11,web,NIC-OCP3-25G-DP
A01-S8-FAN,A01-S8,A01,A,1,8,fan,HPE,ProLiant DL380 Gen11,web,FAN-HPE-DL380
A02-S1-DIMM,A02-S1,A02,A,2,1,dimm,Lenovo,ThinkSystem SR650 V3,web,MEM-DDR5-64G-4800
A02-S1-DISK,A02-S1,A02,A,2,1,disk,Lenovo,ThinkSystem SR650 V3,web,SSD-NVME-U2-3T84
A02-S1-PSU,A02-S1,A02,A,2,1,psu,Lenovo,ThinkSystem SR650 V3,web,PSU-LNV-1100W
A02-S1-NIC,A02-S1,A02,A,2,1,nic,Lenovo,ThinkSystem SR650 V3,web,NIC-OCP3-25G-DP
A02-S1-FAN,A02-S1,A02,A,2,1,fan,Lenovo,ThinkSystem SR650 V3,web,FAN-LNV-SR650
A02-S2-DIMM,A02-S2,A02,A,2,2,dimm,Lenovo,ThinkSystem SR650 V3,web,MEM-DDR5-64G-4800
A02-S2-DISK,A02-S2,A02,A,2,2,disk,Lenovo,ThinkSystem SR650 V3,web,SSD-NVME-U2-3T84
A02-S2-PSU,A02-S2,A02,A,2,2,psu,Lenovo,ThinkSystem SR650 V3,web,PSU-LNV-1100W
A02-S2-NIC,A02-S2,A02,A,2,2,nic,Lenovo,ThinkSystem SR650 V3,web,NIC-OCP3-25G-DP
A02-S2-FAN,A02-S2,A02,A,2,2,fan,Lenovo,ThinkSystem SR650 V3,web,FAN-LNV-SR650
A02-S3-DIMM,A02-S3,A02,A,2,3,dimm,Lenovo,ThinkSystem SR650 V3,web,MEM-DDR5-64G-4800
A02-S3-DISK,A02-S3,A02,A,2,3,disk,Lenovo,ThinkSystem SR650 V3,web,SSD-NVME-U2-3T84
A02-S3-PSU,A02-S3,A02,A,2,3,psu,Lenovo,ThinkSystem SR650 V3,web,PSU-LNV-1100W
A02-S3-NIC,A02-S3,A02,A,2,3,nic,Lenovo,ThinkSystem SR650 V3,web,NIC-OCP3-25G-DP
A02-S3-FAN,A02-S3,A02,A,2,3,fan,Lenovo,ThinkSystem SR650 V3,web,FAN-LNV-SR650
A02-S4-DIMM,A02-S4,A02,A,2,4,dimm,Lenovo,ThinkSystem SR650 V3,web,MEM-DDR5-64G-4800
A02-S4-DISK,A02-S4,A02,A,2,4,disk,Lenovo,ThinkSystem SR650 V3,web,SSD-NVME-U2-3T84
A02-S4-PSU,A02-S4,A02,A,2,4,psu,Lenovo,ThinkSystem SR650 V3,web,PSU-LNV-1100W
A02-S4-NIC,A02-S4,A02,A,2,4,nic,Lenovo,ThinkSystem SR650 V3,web,NIC-OCP3-25G-DP
A02-S4-FAN,A02-S4,A02,A,2,4,fan,Lenovo,ThinkSystem SR650 V3,web,FAN-LNV-SR650
A02-S5-DIMM,A02-S5,A02,A,2,5,dimm,Lenovo,ThinkSystem SR650 V3,web,MEM-DDR5-64G-4800
A02-S5-DISK,A02-S5,A02,A,2,5,disk,Lenovo,ThinkSystem SR650 V3,web,SSD-NVME-U2-3T84
A02-S5-PSU,A02-S5,A02,A,2,5,psu,Lenovo,ThinkSystem SR650 V3,web,PSU-LNV-1100W
A02-S5-NIC,A02-S5,A02,A,2,5,nic,Lenovo,ThinkSystem SR650 V3,web,NIC-OCP3-25G-DP
A02-S5-FAN,A02-S5,A02,A,2,5,fan,Lenovo,ThinkSystem SR650 V3,web,FAN-LNV-SR650
A02-S6-DIMM,A02-S6,A02,A,2,6,dimm,Lenovo,ThinkSystem SR650 V3,web,MEM-DDR5-64G-4800
A02-S6-DISK,A02-S6,A02,A,2,6,disk,Lenovo,ThinkSystem SR650 V3,web,SSD-NVME-U2-3T84
A02-S6-PSU,A02-S6,A02,A,2,6,psu,Lenovo,ThinkSystem SR650 V3,web,PSU-LNV-1100W
A02-S6-NIC,A02-S6,A02,A,2,6,nic,Lenovo,ThinkSystem SR650 V3,web,NIC-OCP3-25G-DP
A02-S6-FAN,A02-S6,A02,A,2,6,fan,Lenovo,ThinkSystem SR650 V3,web,FAN-LNV-SR650
A02-S7-DIMM,A02-S7,A02,A,2,7,dimm,Lenovo,ThinkSystem SR650 V3,web,MEM-DDR5-64G-4800
A02-S7-DISK,A02-S7,A02,A,2,7,disk,Lenovo,ThinkSystem SR650 V3,web,SSD-NVME-U2-3T84
A02-S7-PSU,A02-S7,A02,A,2,7,psu,Lenovo,ThinkSystem SR650 V3,web,PSU-LNV-1100W
A02-S7-NIC,A02-S7,A02,A,2,7,nic,Lenovo,ThinkSystem SR650 V3,web,NIC-OCP3-25G-DP
A02-S7-FAN,A02-S7,A02,A,2,7,fan,Lenovo,ThinkSystem SR650 V3,web,FAN-LNV-SR650
A02-S8-DIMM,A02-S8,A02,A,2,8,dimm,Lenovo,ThinkSystem SR650 V3,web,MEM-DDR5-64G-4800
A02-S8-DISK,A02-S8,A02,A,2,8,disk,Lenovo,ThinkSystem SR650 V3,web,SSD-NVME-U2-3T84
A02-S8-PSU,A02-S8,A02,A,2,8,psu,Lenovo,ThinkSystem SR650 V3,web,PSU-LNV-1100W
A02-S8-NIC,A02-S8,A02,A,2,8,nic,Lenovo,ThinkSystem SR650 V3,web,NIC-OCP3-25G-DP
A02-S8-FAN,A02-S8,A02,A,2,8,fan,Lenovo,ThinkSystem SR650 V3,web,FAN-LNV-SR650
A03-S1-DIMM,A03-S1,A03,A,3,1,dimm,Dell,PowerEdge R760,web,MEM-DDR5-64G-4800
A03-S1-DISK,A03-S1,A03,A,3,1,disk,Dell,PowerEdge R760,web,SSD-NVME-U2-3T84
A03-S1-PSU,A03-S1,A03,A,3,1,psu,Dell,PowerEdge R760,web,PSU-DEL-1400W
A03-S1-NIC,A03-S1,A03,A,3,1,nic,Dell,PowerEdge R760,web,NIC-OCP3-25G-DP
A03-S1-FAN,A03-S1,A03,A,3,1,fan,Dell,PowerEdge R760,web,FAN-DEL-R760
A03-S2-DIMM,A03-S2,A03,A,3,2,dimm,Dell,PowerEdge R760,web,MEM-DDR5-64G-4800
A03-S2-DISK,A03-S2,A03,A,3,2,disk,Dell,PowerEdge R760,web,SSD-NVME-U2-3T84
A03-S2-PSU,A03-S2,A03,A,3,2,psu,Dell,PowerEdge R760,web,PSU-DEL-1400W
A03-S2-NIC,A03-S2,A03,A,3,2,nic,Dell,PowerEdge R760,web,NIC-OCP3-25G-DP
A03-S2-FAN,A03-S2,A03,A,3,2,fan,Dell,PowerEdge R760,web,FAN-DEL-R760
A03-S3-DIMM,A03-S3,A03,A,3,3,dimm,Dell,PowerEdge R760,web,MEM-DDR5-64G-4800
A03-S3-DISK,A03-S3,A03,A,3,3,disk,Dell,PowerEdge R760,web,SSD-NVME-U2-3T84
A03-S3-PSU,A03-S3,A03,A,3,3,psu,Dell,PowerEdge R760,web,PSU-DEL-1400W
A03-S3-NIC,A03-S3,A03,A,3,3,nic,Dell,PowerEdge R760,web,NIC-OCP3-25G-DP
A03-S3-FAN,A03-S3,A03,A,3,3,fan,Dell,PowerEdge R760,web,FAN-DEL-R760
A03-S4-DIMM,A03-S4,A03,A,3,4,dimm,Dell,PowerEdge R760,web,MEM-DDR5-64G-4800
A03-S4-DISK,A03-S4,A03,A,3,4,disk,Dell,PowerEdge R760,web,SSD-NVME-U2-3T84
A03-S4-PSU,A03-S4,A03,A,3,4,psu,Dell,PowerEdge R760,web,PSU-DEL-1400W
A03-S4-NIC,A03-S4,A03,A,3,4,nic,Dell,PowerEdge R760,web,NIC-OCP3-25G-DP
A03-S4-FAN,A03-S4,A03,A,3,4,fan,Dell,PowerEdge R760,web,FAN-DEL-R760
A03-S5-DIMM,A03-S5,A03,A,3,5,dimm,Dell,PowerEdge R760,web,MEM-DDR5-64G-4800
A03-S5-DISK,A03-S5,A03,A,3,5,disk,Dell,PowerEdge R760,web,SSD-NVME-U2-3T84
A03-S5-PSU,A03-S5,A03,A,3,5,psu,Dell,PowerEdge R760,web,PSU-DEL-1400W
A03-S5-NIC,A03-S5,A03,A,3,5,nic,Dell,PowerEdge R760,web,NIC-OCP3-25G-DP
A03-S5-FAN,A03-S5,A03,A,3,5,fan,Dell,PowerEdge R760,web,FAN-DEL-R760
A03-S6-DIMM,A03-S6,A03,A,3,6,dimm,Dell,PowerEdge R760,web,MEM-DDR5-64G-4800
A03-S6-DISK,A03-S6,A03,A,3,6,disk,Dell,PowerEdge R760,web,SSD-NVME-U2-3T84
A03-S6-PSU,A03-S6,A03,A,3,6,psu,Dell,PowerEdge R760,web,PSU-DEL-1400W
A03-S6-NIC,A03-S6,A03,A,3,6,nic,Dell,PowerEdge R760,web,NIC-OCP3-25G-DP
A03-S6-FAN,A03-S6,A03,A,3,6,fan,Dell,PowerEdge R760,web,FAN-DEL-R760
A03-S7-DIMM,A03-S7,A03,A,3,7,dimm,Dell,PowerEdge R760,web,MEM-DDR5-64G-4800
A03-S7-DISK,A03-S7,A03,A,3,7,disk,Dell,PowerEdge R760,web,SSD-NVME-U2-3T84
A03-S7-PSU,A03-S7,A03,A,3,7,psu,Dell,PowerEdge R760,web,PSU-DEL-1400W
A03-S7-NIC,A03-S7,A03,A,3,7,nic,Dell,PowerEdge R760,web,NIC-OCP3-25G-DP
A03-S7-FAN,A03-S7,A03,A,3,7,fan,Dell,PowerEdge R760,web,FAN-DEL-R760
A03-S8-DIMM,A03-S8,A03,A,3,8,dimm,Dell,PowerEdge R760,web,MEM-DDR5-64G-4800
A03-S8-DISK,A03-S8,A03,A,3,8,disk,Dell,PowerEdge R760,web,SSD-NVME-U2-3T84
A03-S8-PSU,A03-S8,A03,A,3,8,psu,Dell,PowerEdge R760,web,PSU-DEL-1400W
A03-S8-NIC,A03-S8,A03,A,3,8,nic,Dell,PowerEdge R760,web,NIC-OCP3-25G-DP
A03-S8-FAN,A03-S8,A03,A,3,8,fan,Dell,PowerEdge R760,web,FAN-DEL-R760
A04-S1-DIMM,A04-S1,A04,A,4,1,dimm,HPE,ProLiant DL380 Gen11,web,MEM-DDR5-64G-4800
A04-S1-DISK,A04-S1,A04,A,4,1,disk,HPE,ProLiant DL380 Gen11,web,SSD-NVME-U2-3T84
A04-S1-PSU,A04-S1,A04,A,4,1,psu,HPE,ProLiant DL380 Gen11,web,PSU-HPE-1600W
A04-S1-NIC,A04-S1,A04,A,4,1,nic,HPE,ProLiant DL380 Gen11,web,NIC-OCP3-25G-DP
A04-S1-FAN,A04-S1,A04,A,4,1,fan,HPE,ProLiant DL380 Gen11,web,FAN-HPE-DL380
A04-S2-DIMM,A04-S2,A04,A,4,2,dimm,HPE,ProLiant DL380 Gen11,web,MEM-DDR5-64G-4800
A04-S2-DISK,A04-S2,A04,A,4,2,disk,HPE,ProLiant DL380 Gen11,web,SSD-NVME-U2-3T84
A04-S2-PSU,A04-S2,A04,A,4,2,psu,HPE,ProLiant DL380 Gen11,web,PSU-HPE-1600W
A04-S2-NIC,A04-S2,A04,A,4,2,nic,HPE,ProLiant DL380 Gen11,web,NIC-OCP3-25G-DP
A04-S2-FAN,A04-S2,A04,A,4,2,fan,HPE,ProLiant DL380 Gen11,web,FAN-HPE-DL380
A04-S3-DIMM,A04-S3,A04,A,4,3,dimm,HPE,ProLiant DL380 Gen11,web,MEM-DDR5-64G-4800
A04-S3-DISK,A04-S3,A04,A,4,3,disk,HPE,ProLiant DL380 Gen11,web,SSD-NVME-U2-3T84
A04-S3-PSU,A04-S3,A04,A,4,3,psu,HPE,ProLiant DL380 Gen11,web,PSU-HPE-1600W
A04-S3-NIC,A04-S3,A04,A,4,3,nic,HPE,ProLiant DL380 Gen11,web,NIC-OCP3-25G-DP
A04-S3-FAN,A04-S3,A04,A,4,3,fan,HPE,ProLiant DL380 Gen11,web,FAN-HPE-DL380
A04-S4-DIMM,A04-S4,A04,A,4,4,dimm,HPE,ProLiant DL380 Gen11,web,MEM-DDR5-64G-4800
A04-S4-DISK,A04-S4,A04,A,4,4,disk,HPE,ProLiant DL380 Gen11,web,SSD-NVME-U2-3T84
A04-S4-PSU,A04-S4,A04,A,4,4,psu,HPE,ProLiant DL380 Gen11,web,PSU-HPE-1600W
A04-S4-NIC,A04-S4,A04,A,4,4,nic,HPE,ProLiant DL380 Gen11,web,NIC-OCP3-25G-DP
A04-S4-FAN,A04-S4,A04,A,4,4,fan,HPE,ProLiant DL380 Gen11,web,FAN-HPE-DL380
A04-S5-DIMM,A04-S5,A04,A,4,5,dimm,HPE,ProLiant DL380 Gen11,web,MEM-DDR5-64G-4800
A04-S5-DISK,A04-S5,A04,A,4,5,disk,HPE,ProLiant DL380 Gen11,web,SSD-NVME-U2-3T84
A04-S5-PSU,A04-S5,A04,A,4,5,psu,HPE,ProLiant DL380 Gen11,web,PSU-HPE-1600W
A04-S5-NIC,A04-S5,A04,A,4,5,nic,HPE,ProLiant DL380 Gen11,web,NIC-OCP3-25G-DP
A04-S5-FAN,A04-S5,A04,A,4,5,fan,HPE,ProLiant DL380 Gen11,web,FAN-HPE-DL380
A04-S6-DIMM,A04-S6,A04,A,4,6,dimm,HPE,ProLiant DL380 Gen11,web,MEM-DDR5-64G-4800
A04-S6-DISK,A04-S6,A04,A,4,6,disk,HPE,ProLiant DL380 Gen11,web,SSD-NVME-U2-3T84
A04-S6-PSU,A04-S6,A04,A,4,6,psu,HPE,ProLiant DL380 Gen11,web,PSU-HPE-1600W
A04-S6-NIC,A04-S6,A04,A,4,6,nic,HPE,ProLiant DL380 Gen11,web,NIC-OCP3-25G-DP
A04-S6-FAN,A04-S6,A04,A,4,6,fan,HPE,ProLiant DL380 Gen11,web,FAN-HPE-DL380
A04-S7-DIMM,A04-S7,A04,A,4,7,dimm,HPE,ProLiant DL380 Gen11,web,MEM-DDR5-64G-4800
A04-S7-DISK,A04-S7,A04,A,4,7,disk,HPE,ProLiant DL380 Gen11,web,SSD-NVME-U2-3T84
A04-S7-PSU,A04-S7,A04,A,4,7,psu,HPE,ProLiant DL380 Gen11,web,PSU-HPE-1600W
A04-S7-NIC,A04-S7,A04,A,4,7,nic,HPE,ProLiant DL380 Gen11,web,NIC-OCP3-25G-DP
A04-S7-FAN,A04-S7,A04,A,4,7,fan,HPE,ProLiant DL380 Gen11,web,FAN-HPE-DL380
A04-S8-DIMM,A04-S8,A04,A,4,8,dimm,HPE,ProLiant DL380 Gen11,web,MEM-DDR5-64G-4800
A04-S8-DISK,A04-S8,A04,A,4,8,disk,HPE,ProLiant DL380 Gen11,web,SSD-NVME-U2-3T84
A04-S8-PSU,A04-S8,A04,A,4,8,psu,HPE,ProLiant DL380 Gen11,web,PSU-HPE-1600W
A04-S8-NIC,A04-S8,A04,A,4,8,nic,HPE,ProLiant DL380 Gen11,web,NIC-OCP3-25G-DP
A04-S8-FAN,A04-S8,A04,A,4,8,fan,HPE,ProLiant DL380 Gen11,web,FAN-HPE-DL380
A05-S1-DIMM,A05-S1,A05,A,5,1,dimm,Lenovo,ThinkSystem SR650 V3,web,MEM-DDR5-64G-4800
A05-S1-DISK,A05-S1,A05,A,5,1,disk,Lenovo,ThinkSystem SR650 V3,web,SSD-NVME-U2-3T84
A05-S1-PSU,A05-S1,A05,A,5,1,psu,Lenovo,ThinkSystem SR650 V3,web,PSU-LNV-1100W
A05-S1-NIC,A05-S1,A05,A,5,1,nic,Lenovo,ThinkSystem SR650 V3,web,NIC-OCP3-25G-DP
A05-S1-FAN,A05-S1,A05,A,5,1,fan,Lenovo,ThinkSystem SR650 V3,web,FAN-LNV-SR650
A05-S2-DIMM,A05-S2,A05,A,5,2,dimm,Lenovo,ThinkSystem SR650 V3,web,MEM-DDR5-64G-4800
A05-S2-DISK,A05-S2,A05,A,5,2,disk,Lenovo,ThinkSystem SR650 V3,web,SSD-NVME-U2-3T84
A05-S2-PSU,A05-S2,A05,A,5,2,psu,Lenovo,ThinkSystem SR650 V3,web,PSU-LNV-1100W
A05-S2-NIC,A05-S2,A05,A,5,2,nic,Lenovo,ThinkSystem SR650 V3,web,NIC-OCP3-25G-DP
A05-S2-FAN,A05-S2,A05,A,5,2,fan,Lenovo,ThinkSystem SR650 V3,web,FAN-LNV-SR650
A05-S3-DIMM,A05-S3,A05,A,5,3,dimm,Lenovo,ThinkSystem SR650 V3,web,MEM-DDR5-64G-4800
A05-S3-DISK,A05-S3,A05,A,5,3,disk,Lenovo,ThinkSystem SR650 V3,web,SSD-NVME-U2-3T84
A05-S3-PSU,A05-S3,A05,A,5,3,psu,Lenovo,ThinkSystem SR650 V3,web,PSU-LNV-1100W
A05-S3-NIC,A05-S3,A05,A,5,3,nic,Lenovo,ThinkSystem SR650 V3,web,NIC-OCP3-25G-DP
A05-S3-FAN,A05-S3,A05,A,5,3,fan,Lenovo,ThinkSystem SR650 V3,web,FAN-LNV-SR650
A05-S4-DIMM,A05-S4,A05,A,5,4,dimm,Lenovo,ThinkSystem SR650 V3,web,MEM-DDR5-64G-4800
A05-S4-DISK,A05-S4,A05,A,5,4,disk,Lenovo,ThinkSystem SR650 V3,web,SSD-NVME-U2-3T84
A05-S4-PSU,A05-S4,A05,A,5,4,psu,Lenovo,ThinkSystem SR650 V3,web,PSU-LNV-1100W
A05-S4-NIC,A05-S4,A05,A,5,4,nic,Lenovo,ThinkSystem SR650 V3,web,NIC-OCP3-25G-DP
A05-S4-FAN,A05-S4,A05,A,5,4,fan,Lenovo,ThinkSystem SR650 V3,web,FAN-LNV-SR650
A05-S5-DIMM,A05-S5,A05,A,5,5,dimm,Lenovo,ThinkSystem SR650 V3,web,MEM-DDR5-64G-4800
A05-S5-DISK,A05-S5,A05,A,5,5,disk,Lenovo,ThinkSystem SR650 V3,web,SSD-NVME-U2-3T84
A05-S5-PSU,A05-S5,A05,A,5,5,psu,Lenovo,ThinkSystem SR650 V3,web,PSU-LNV-1100W
A05-S5-NIC,A05-S5,A05,A,5,5,nic,Lenovo,ThinkSystem SR650 V3,web,NIC-OCP3-25G-DP
A05-S5-FAN,A05-S5,A05,A,5,5,fan,Lenovo,ThinkSystem SR650 V3,web,FAN-LNV-SR650
A05-S6-DIMM,A05-S6,A05,A,5,6,dimm,Lenovo,ThinkSystem SR650 V3,web,MEM-DDR5-64G-4800
A05-S6-DISK,A05-S6,A05,A,5,6,disk,Lenovo,ThinkSystem SR650 V3,web,SSD-NVME-U2-3T84
A05-S6-PSU,A05-S6,A05,A,5,6,psu,Lenovo,ThinkSystem SR650 V3,web,PSU-LNV-1100W
A05-S6-NIC,A05-S6,A05,A,5,6,nic,Lenovo,ThinkSystem SR650 V3,web,NIC-OCP3-25G-DP
A05-S6-FAN,A05-S6,A05,A,5,6,fan,Lenovo,ThinkSystem SR650 V3,web,FAN-LNV-SR650
A05-S7-DIMM,A05-S7,A05,A,5,7,dimm,Lenovo,ThinkSystem SR650 V3,web,MEM-DDR5-64G-4800
A05-S7-DISK,A05-S7,A05,A,5,7,disk,Lenovo,ThinkSystem SR650 V3,web,SSD-NVME-U2-3T84
A05-S7-PSU,A05-S7,A05,A,5,7,psu,Lenovo,ThinkSystem SR650 V3,web,PSU-LNV-1100W
A05-S7-NIC,A05-S7,A05,A,5,7,nic,Lenovo,ThinkSystem SR650 V3,web,NIC-OCP3-25G-DP
A05-S7-FAN,A05-S7,A05,A,5,7,fan,Lenovo,ThinkSystem SR650 V3,web,FAN-LNV-SR650
A05-S8-DIMM,A05-S8,A05,A,5,8,dimm,Lenovo,ThinkSystem SR650 V3,web,MEM-DDR5-64G-4800
A05-S8-DISK,A05-S8,A05,A,5,8,disk,Lenovo,ThinkSystem SR650 V3,web,SSD-NVME-U2-3T84
A05-S8-PSU,A05-S8,A05,A,5,8,psu,Lenovo,ThinkSystem SR650 V3,web,PSU-LNV-1100W
A05-S8-NIC,A05-S8,A05,A,5,8,nic,Lenovo,ThinkSystem SR650 V3,web,NIC-OCP3-25G-DP
A05-S8-FAN,A05-S8,A05,A,5,8,fan,Lenovo,ThinkSystem SR650 V3,web,FAN-LNV-SR650
A06-S1-DIMM,A06-S1,A06,A,6,1,dimm,Dell,PowerEdge R760,web,MEM-DDR5-64G-4800
A06-S1-DISK,A06-S1,A06,A,6,1,disk,Dell,PowerEdge R760,web,SSD-NVME-U2-3T84
A06-S1-PSU,A06-S1,A06,A,6,1,psu,Dell,PowerEdge R760,web,PSU-DEL-1400W
A06-S1-NIC,A06-S1,A06,A,6,1,nic,Dell,PowerEdge R760,web,NIC-OCP3-25G-DP
A06-S1-FAN,A06-S1,A06,A,6,1,fan,Dell,PowerEdge R760,web,FAN-DEL-R760
A06-S2-DIMM,A06-S2,A06,A,6,2,dimm,Dell,PowerEdge R760,web,MEM-DDR5-64G-4800
A06-S2-DISK,A06-S2,A06,A,6,2,disk,Dell,PowerEdge R760,web,SSD-NVME-U2-3T84
A06-S2-PSU,A06-S2,A06,A,6,2,psu,Dell,PowerEdge R760,web,PSU-DEL-1400W
A06-S2-NIC,A06-S2,A06,A,6,2,nic,Dell,PowerEdge R760,web,NIC-OCP3-25G-DP
A06-S2-FAN,A06-S2,A06,A,6,2,fan,Dell,PowerEdge R760,web,FAN-DEL-R760
A06-S3-DIMM,A06-S3,A06,A,6,3,dimm,Dell,PowerEdge R760,web,MEM-DDR5-64G-4800
A06-S3-DISK,A06-S3,A06,A,6,3,disk,Dell,PowerEdge R760,web,SSD-NVME-U2-3T84
A06-S3-PSU,A06-S3,A06,A,6,3,psu,Dell,PowerEdge R760,web,PSU-DEL-1400W
A06-S3-NIC,A06-S3,A06,A,6,3,nic,Dell,PowerEdge R760,web,NIC-OCP3-25G-DP
A06-S3-FAN,A06-S3,A06,A,6,3,fan,Dell,PowerEdge R760,web,FAN-DEL-R760
A06-S4-DIMM,A06-S4,A06,A,6,4,dimm,Dell,PowerEdge R760,web,MEM-DDR5-64G-4800
A06-S4-DISK,A06-S4,A06,A,6,4,disk,Dell,PowerEdge R760,web,SSD-NVME-U2-3T84
A06-S4-PSU,A06-S4,A06,A,6,4,psu,Dell,PowerEdge R760,web,PSU-DEL-1400W
A06-S4-NIC,A06-S4,A06,A,6,4,nic,Dell,PowerEdge R760,web,NIC-OCP3-25G-DP
A06-S4-FAN,A06-S4,A06,A,6,4,fan,Dell,PowerEdge R760,web,FAN-DEL-R760
A06-S5-DIMM,A06-S5,A06,A,6,5,dimm,Dell,PowerEdge R760,web,MEM-DDR5-64G-4800
A06-S5-DISK,A06-S5,A06,A,6,5,disk,Dell,PowerEdge R760,web,SSD-NVME-U2-3T84
A06-S5-PSU,A06-S5,A06,A,6,5,psu,Dell,PowerEdge R760,web,PSU-DEL-1400W
A06-S5-NIC,A06-S5,A06,A,6,5,nic,Dell,PowerEdge R760,web,NIC-OCP3-25G-DP
A06-S5-FAN,A06-S5,A06,A,6,5,fan,Dell,PowerEdge R760,web,FAN-DEL-R760
A06-S6-DIMM,A06-S6,A06,A,6,6,dimm,Dell,PowerEdge R760,web,MEM-DDR5-64G-4800
A06-S6-DISK,A06-S6,A06,A,6,6,disk,Dell,PowerEdge R760,web,SSD-NVME-U2-3T84
A06-S6-PSU,A06-S6,A06,A,6,6,psu,Dell,PowerEdge R760,web,PSU-DEL-1400W
A06-S6-NIC,A06-S6,A06,A,6,6,nic,Dell,PowerEdge R760,web,NIC-OCP3-25G-DP
A06-S6-FAN,A06-S6,A06,A,6,6,fan,Dell,PowerEdge R760,web,FAN-DEL-R760
A06-S7-DIMM,A06-S7,A06,A,6,7,dimm,Dell,PowerEdge R760,web,MEM-DDR5-64G-4800
A06-S7-DISK,A06-S7,A06,A,6,7,disk,Dell,PowerEdge R760,web,SSD-NVME-U2-3T84
A06-S7-PSU,A06-S7,A06,A,6,7,psu,Dell,PowerEdge R760,web,PSU-DEL-1400W
A06-S7-NIC,A06-S7,A06,A,6,7,nic,Dell,PowerEdge R760,web,NIC-OCP3-25G-DP
A06-S7-FAN,A06-S7,A06,A,6,7,fan,Dell,PowerEdge R760,web,FAN-DEL-R760
A06-S8-DIMM,A06-S8,A06,A,6,8,dimm,Dell,PowerEdge R760,web,MEM-DDR5-64G-4800
A06-S8-DISK,A06-S8,A06,A,6,8,disk,Dell,PowerEdge R760,web,SSD-NVME-U2-3T84
A06-S8-PSU,A06-S8,A06,A,6,8,psu,Dell,PowerEdge R760,web,PSU-DEL-1400W
A06-S8-NIC,A06-S8,A06,A,6,8,nic,Dell,PowerEdge R760,web,NIC-OCP3-25G-DP
A06-S8-FAN,A06-S8,A06,A,6,8,fan,Dell,PowerEdge R760,web,FAN-DEL-R760
A07-S1-DIMM,A07-S1,A07,A,7,1,dimm,HPE,ProLiant DL380 Gen11,web,MEM-DDR5-64G-4800
A07-S1-DISK,A07-S1,A07,A,7,1,disk,HPE,ProLiant DL380 Gen11,web,SSD-NVME-U2-3T84
A07-S1-PSU,A07-S1,A07,A,7,1,psu,HPE,ProLiant DL380 Gen11,web,PSU-HPE-1600W
A07-S1-NIC,A07-S1,A07,A,7,1,nic,HPE,ProLiant DL380 Gen11,web,NIC-OCP3-25G-DP
A07-S1-FAN,A07-S1,A07,A,7,1,fan,HPE,ProLiant DL380 Gen11,web,FAN-HPE-DL380
A07-S2-DIMM,A07-S2,A07,A,7,2,dimm,HPE,ProLiant DL380 Gen11,web,MEM-DDR5-64G-4800
A07-S2-DISK,A07-S2,A07,A,7,2,disk,HPE,ProLiant DL380 Gen11,web,SSD-NVME-U2-3T84
A07-S2-PSU,A07-S2,A07,A,7,2,psu,HPE,ProLiant DL380 Gen11,web,PSU-HPE-1600W
A07-S2-NIC,A07-S2,A07,A,7,2,nic,HPE,ProLiant DL380 Gen11,web,NIC-OCP3-25G-DP
A07-S2-FAN,A07-S2,A07,A,7,2,fan,HPE,ProLiant DL380 Gen11,web,FAN-HPE-DL380
A07-S3-DIMM,A07-S3,A07,A,7,3,dimm,HPE,ProLiant DL380 Gen11,web,MEM-DDR5-64G-4800
A07-S3-DISK,A07-S3,A07,A,7,3,disk,HPE,ProLiant DL380 Gen11,web,SSD-NVME-U2-3T84
A07-S3-PSU,A07-S3,A07,A,7,3,psu,HPE,ProLiant DL380 Gen11,web,PSU-HPE-1600W
A07-S3-NIC,A07-S3,A07,A,7,3,nic,HPE,ProLiant DL380 Gen11,web,NIC-OCP3-25G-DP
A07-S3-FAN,A07-S3,A07,A,7,3,fan,HPE,ProLiant DL380 Gen11,web,FAN-HPE-DL380
A07-S4-DIMM,A07-S4,A07,A,7,4,dimm,HPE,ProLiant DL380 Gen11,web,MEM-DDR5-64G-4800
A07-S4-DISK,A07-S4,A07,A,7,4,disk,HPE,ProLiant DL380 Gen11,web,SSD-NVME-U2-3T84
A07-S4-PSU,A07-S4,A07,A,7,4,psu,HPE,ProLiant DL380 Gen11,web,PSU-HPE-1600W
A07-S4-NIC,A07-S4,A07,A,7,4,nic,HPE,ProLiant DL380 Gen11,web,NIC-OCP3-25G-DP
A07-S4-FAN,A07-S4,A07,A,7,4,fan,HPE,ProLiant DL380 Gen11,web,FAN-HPE-DL380
A07-S5-DIMM,A07-S5,A07,A,7,5,dimm,HPE,ProLiant DL380 Gen11,web,MEM-DDR5-64G-4800
A07-S5-DISK,A07-S5,A07,A,7,5,disk,HPE,ProLiant DL380 Gen11,web,SSD-NVME-U2-3T84
A07-S5-PSU,A07-S5,A07,A,7,5,psu,HPE,ProLiant DL380 Gen11,web,PSU-HPE-1600W
A07-S5-NIC,A07-S5,A07,A,7,5,nic,HPE,ProLiant DL380 Gen11,web,NIC-OCP3-25G-DP
A07-S5-FAN,A07-S5,A07,A,7,5,fan,HPE,ProLiant DL380 Gen11,web,FAN-HPE-DL380
A07-S6-DIMM,A07-S6,A07,A,7,6,dimm,HPE,ProLiant DL380 Gen11,web,MEM-DDR5-64G-4800
A07-S6-DISK,A07-S6,A07,A,7,6,disk,HPE,ProLiant DL380 Gen11,web,SSD-NVME-U2-3T84
A07-S6-PSU,A07-S6,A07,A,7,6,psu,HPE,ProLiant DL380 Gen11,web,PSU-HPE-1600W
A07-S6-NIC,A07-S6,A07,A,7,6,nic,HPE,ProLiant DL380 Gen11,web,NIC-OCP3-25G-DP
A07-S6-FAN,A07-S6,A07,A,7,6,fan,HPE,ProLiant DL380 Gen11,web,FAN-HPE-DL380
A07-S7-DIMM,A07-S7,A07,A,7,7,dimm,HPE,ProLiant DL380 Gen11,web,MEM-DDR5-64G-4800
A07-S7-DISK,A07-S7,A07,A,7,7,disk,HPE,ProLiant DL380 Gen11,web,SSD-NVME-U2-3T84
A07-S7-PSU,A07-S7,A07,A,7,7,psu,HPE,ProLiant DL380 Gen11,web,PSU-HPE-1600W
A07-S7-NIC,A07-S7,A07,A,7,7,nic,HPE,ProLiant DL380 Gen11,web,NIC-OCP3-25G-DP
A07-S7-FAN,A07-S7,A07,A,7,7,fan,HPE,ProLiant DL380 Gen11,web,FAN-HPE-DL380
A07-S8-DIMM,A07-S8,A07,A,7,8,dimm,HPE,ProLiant DL380 Gen11,web,MEM-DDR5-64G-4800
A07-S8-DISK,A07-S8,A07,A,7,8,disk,HPE,ProLiant DL380 Gen11,web,SSD-NVME-U2-3T84
A07-S8-PSU,A07-S8,A07,A,7,8,psu,HPE,ProLiant DL380 Gen11,web,PSU-HPE-1600W
A07-S8-NIC,A07-S8,A07,A,7,8,nic,HPE,ProLiant DL380 Gen11,web,NIC-OCP3-25G-DP
A07-S8-FAN,A07-S8,A07,A,7,8,fan,HPE,ProLiant DL380 Gen11,web,FAN-HPE-DL380
A08-S1-DIMM,A08-S1,A08,A,8,1,dimm,Lenovo,ThinkSystem SR650 V3,web,MEM-DDR5-64G-4800
A08-S1-DISK,A08-S1,A08,A,8,1,disk,Lenovo,ThinkSystem SR650 V3,web,SSD-NVME-U2-3T84
A08-S1-PSU,A08-S1,A08,A,8,1,psu,Lenovo,ThinkSystem SR650 V3,web,PSU-LNV-1100W
A08-S1-NIC,A08-S1,A08,A,8,1,nic,Lenovo,ThinkSystem SR650 V3,web,NIC-OCP3-25G-DP
A08-S1-FAN,A08-S1,A08,A,8,1,fan,Lenovo,ThinkSystem SR650 V3,web,FAN-LNV-SR650
A08-S2-DIMM,A08-S2,A08,A,8,2,dimm,Lenovo,ThinkSystem SR650 V3,web,MEM-DDR5-64G-4800
A08-S2-DISK,A08-S2,A08,A,8,2,disk,Lenovo,ThinkSystem SR650 V3,web,SSD-NVME-U2-3T84
A08-S2-PSU,A08-S2,A08,A,8,2,psu,Lenovo,ThinkSystem SR650 V3,web,PSU-LNV-1100W
A08-S2-NIC,A08-S2,A08,A,8,2,nic,Lenovo,ThinkSystem SR650 V3,web,NIC-OCP3-25G-DP
A08-S2-FAN,A08-S2,A08,A,8,2,fan,Lenovo,ThinkSystem SR650 V3,web,FAN-LNV-SR650
A08-S3-DIMM,A08-S3,A08,A,8,3,dimm,Lenovo,ThinkSystem SR650 V3,web,MEM-DDR5-64G-4800
A08-S3-DISK,A08-S3,A08,A,8,3,disk,Lenovo,ThinkSystem SR650 V3,web,SSD-NVME-U2-3T84
A08-S3-PSU,A08-S3,A08,A,8,3,psu,Lenovo,ThinkSystem SR650 V3,web,PSU-LNV-1100W
A08-S3-NIC,A08-S3,A08,A,8,3,nic,Lenovo,ThinkSystem SR650 V3,web,NIC-OCP3-25G-DP
A08-S3-FAN,A08-S3,A08,A,8,3,fan,Lenovo,ThinkSystem SR650 V3,web,FAN-LNV-SR650
A08-S4-DIMM,A08-S4,A08,A,8,4,dimm,Lenovo,ThinkSystem SR650 V3,web,MEM-DDR5-64G-4800
A08-S4-DISK,A08-S4,A08,A,8,4,disk,Lenovo,ThinkSystem SR650 V3,web,SSD-NVME-U2-3T84
A08-S4-PSU,A08-S4,A08,A,8,4,psu,Lenovo,ThinkSystem SR650 V3,web,PSU-LNV-1100W
A08-S4-NIC,A08-S4,A08,A,8,4,nic,Lenovo,ThinkSystem SR650 V3,web,NIC-OCP3-25G-DP
A08-S4-FAN,A08-S4,A08,A,8,4,fan,Lenovo,ThinkSystem SR650 V3,web,FAN-LNV-SR650
A08-S5-DIMM,A08-S5,A08,A,8,5,dimm,Lenovo,ThinkSystem SR650 V3,web,MEM-DDR5-64G-4800
A08-S5-DISK,A08-S5,A08,A,8,5,disk,Lenovo,ThinkSystem SR650 V3,web,SSD-NVME-U2-3T84
A08-S5-PSU,A08-S5,A08,A,8,5,psu,Lenovo,ThinkSystem SR650 V3,web,PSU-LNV-1100W
A08-S5-NIC,A08-S5,A08,A,8,5,nic,Lenovo,ThinkSystem SR650 V3,web,NIC-OCP3-25G-DP
A08-S5-FAN,A08-S5,A08,A,8,5,fan,Lenovo,ThinkSystem SR650 V3,web,FAN-LNV-SR650
A08-S6-DIMM,A08-S6,A08,A,8,6,dimm,Lenovo,ThinkSystem SR650 V3,web,MEM-DDR5-64G-4800
A08-S6-DISK,A08-S6,A08,A,8,6,disk,Lenovo,ThinkSystem SR650 V3,web,SSD-NVME-U2-3T84
A08-S6-PSU,A08-S6,A08,A,8,6,psu,Lenovo,ThinkSystem SR650 V3,web,PSU-LNV-1100W
A08-S6-NIC,A08-S6,A08,A,8,6,nic,Lenovo,ThinkSystem SR650 V3,web,NIC-OCP3-25G-DP
A08-S6-FAN,A08-S6,A08,A,8,6,fan,Lenovo,ThinkSystem SR650 V3,web,FAN-LNV-SR650
A08-S7-DIMM,A08-S7,A08,A,8,7,dimm,Lenovo,ThinkSystem SR650 V3,web,MEM-DDR5-64G-4800
A08-S7-DISK,A08-S7,A08,A,8,7,disk,Lenovo,ThinkSystem SR650 V3,web,SSD-NVME-U2-3T84
A08-S7-PSU,A08-S7,A08,A,8,7,psu,Lenovo,ThinkSystem SR650 V3,web,PSU-LNV-1100W
A08-S7-NIC,A08-S7,A08,A,8,7,nic,Lenovo,ThinkSystem SR650 V3,web,NIC-OCP3-25G-DP
A08-S7-FAN,A08-S7,A08,A,8,7,fan,Lenovo,ThinkSystem SR650 V3,web,FAN-LNV-SR650
A08-S8-DIMM,A08-S8,A08,A,8,8,dimm,Lenovo,ThinkSystem SR650 V3,web,MEM-DDR5-64G-4800
A08-S8-DISK,A08-S8,A08,A,8,8,disk,Lenovo,ThinkSystem SR650 V3,web,SSD-NVME-U2-3T84
A08-S8-PSU,A08-S8,A08,A,8,8,psu,Lenovo,ThinkSystem SR650 V3,web,PSU-LNV-1100W
A08-S8-NIC,A08-S8,A08,A,8,8,nic,Lenovo,ThinkSystem SR650 V3,web,NIC-OCP3-25G-DP
A08-S8-FAN,A08-S8,A08,A,8,8,fan,Lenovo,ThinkSystem SR650 V3,web,FAN-LNV-SR650
A09-S1-DIMM,A09-S1,A09,A,9,1,dimm,Dell,PowerEdge R760,web,MEM-DDR5-64G-4800
A09-S1-DISK,A09-S1,A09,A,9,1,disk,Dell,PowerEdge R760,web,SSD-NVME-U2-3T84
A09-S1-PSU,A09-S1,A09,A,9,1,psu,Dell,PowerEdge R760,web,PSU-DEL-1400W
A09-S1-NIC,A09-S1,A09,A,9,1,nic,Dell,PowerEdge R760,web,NIC-OCP3-25G-DP
A09-S1-FAN,A09-S1,A09,A,9,1,fan,Dell,PowerEdge R760,web,FAN-DEL-R760
A09-S2-DIMM,A09-S2,A09,A,9,2,dimm,Dell,PowerEdge R760,web,MEM-DDR5-64G-4800
A09-S2-DISK,A09-S2,A09,A,9,2,disk,Dell,PowerEdge R760,web,SSD-NVME-U2-3T84
A09-S2-PSU,A09-S2,A09,A,9,2,psu,Dell,PowerEdge R760,web,PSU-DEL-1400W
A09-S2-NIC,A09-S2,A09,A,9,2,nic,Dell,PowerEdge R760,web,NIC-OCP3-25G-DP
A09-S2-FAN,A09-S2,A09,A,9,2,fan,Dell,PowerEdge R760,web,FAN-DEL-R760
A09-S3-DIMM,A09-S3,A09,A,9,3,dimm,Dell,PowerEdge R760,web,MEM-DDR5-64G-4800
A09-S3-DISK,A09-S3,A09,A,9,3,disk,Dell,PowerEdge R760,web,SSD-NVME-U2-3T84
A09-S3-PSU,A09-S3,A09,A,9,3,psu,Dell,PowerEdge R760,web,PSU-DEL-1400W
A09-S3-NIC,A09-S3,A09,A,9,3,nic,Dell,PowerEdge R760,web,NIC-OCP3-25G-DP
A09-S3-FAN,A09-S3,A09,A,9,3,fan,Dell,PowerEdge R760,web,FAN-DEL-R760
A09-S4-DIMM,A09-S4,A09,A,9,4,dimm,Dell,PowerEdge R760,web,MEM-DDR5-64G-4800
A09-S4-DISK,A09-S4,A09,A,9,4,disk,Dell,PowerEdge R760,web,SSD-NVME-U2-3T84
A09-S4-PSU,A09-S4,A09,A,9,4,psu,Dell,PowerEdge R760,web,PSU-DEL-1400W
A09-S4-NIC,A09-S4,A09,A,9,4,nic,Dell,PowerEdge R760,web,NIC-OCP3-25G-DP
A09-S4-FAN,A09-S4,A09,A,9,4,fan,Dell,PowerEdge R760,web,FAN-DEL-R760
A09-S5-DIMM,A09-S5,A09,A,9,5,dimm,Dell,PowerEdge R760,web,MEM-DDR5-64G-4800
A09-S5-DISK,A09-S5,A09,A,9,5,disk,Dell,PowerEdge R760,web,SSD-NVME-U2-3T84
A09-S5-PSU,A09-S5,A09,A,9,5,psu,Dell,PowerEdge R760,web,PSU-DEL-1400W
A09-S5-NIC,A09-S5,A09,A,9,5,nic,Dell,PowerEdge R760,web,NIC-OCP3-25G-DP
A09-S5-FAN,A09-S5,A09,A,9,5,fan,Dell,PowerEdge R760,web,FAN-DEL-R760
A09-S6-DIMM,A09-S6,A09,A,9,6,dimm,Dell,PowerEdge R760,web,MEM-DDR5-64G-4800
A09-S6-DISK,A09-S6,A09,A,9,6,disk,Dell,PowerEdge R760,web,SSD-NVME-U2-3T84
A09-S6-PSU,A09-S6,A09,A,9,6,psu,Dell,PowerEdge R760,web,PSU-DEL-1400W
A09-S6-NIC,A09-S6,A09,A,9,6,nic,Dell,PowerEdge R760,web,NIC-OCP3-25G-DP
A09-S6-FAN,A09-S6,A09,A,9,6,fan,Dell,PowerEdge R760,web,FAN-DEL-R760
A09-S7-DIMM,A09-S7,A09,A,9,7,dimm,Dell,PowerEdge R760,web,MEM-DDR5-64G-4800
A09-S7-DISK,A09-S7,A09,A,9,7,disk,Dell,PowerEdge R760,web,SSD-NVME-U2-3T84
A09-S7-PSU,A09-S7,A09,A,9,7,psu,Dell,PowerEdge R760,web,PSU-DEL-1400W
A09-S7-NIC,A09-S7,A09,A,9,7,nic,Dell,PowerEdge R760,web,NIC-OCP3-25G-DP
A09-S7-FAN,A09-S7,A09,A,9,7,fan,Dell,PowerEdge R760,web,FAN-DEL-R760
A09-S8-DIMM,A09-S8,A09,A,9,8,dimm,Dell,PowerEdge R760,web,MEM-DDR5-64G-4800
A09-S8-DISK,A09-S8,A09,A,9,8,disk,Dell,PowerEdge R760,web,SSD-NVME-U2-3T84
A09-S8-PSU,A09-S8,A09,A,9,8,psu,Dell,PowerEdge R760,web,PSU-DEL-1400W
A09-S8-NIC,A09-S8,A09,A,9,8,nic,Dell,PowerEdge R760,web,NIC-OCP3-25G-DP
A09-S8-FAN,A09-S8,A09,A,9,8,fan,Dell,PowerEdge R760,web,FAN-DEL-R760
A10-S1-DIMM,A10-S1,A10,A,10,1,dimm,HPE,ProLiant DL380 Gen11,web,MEM-DDR5-64G-4800
A10-S1-DISK,A10-S1,A10,A,10,1,disk,HPE,ProLiant DL380 Gen11,web,SSD-NVME-U2-3T84
A10-S1-PSU,A10-S1,A10,A,10,1,psu,HPE,ProLiant DL380 Gen11,web,PSU-HPE-1600W
A10-S1-NIC,A10-S1,A10,A,10,1,nic,HPE,ProLiant DL380 Gen11,web,NIC-OCP3-25G-DP
A10-S1-FAN,A10-S1,A10,A,10,1,fan,HPE,ProLiant DL380 Gen11,web,FAN-HPE-DL380
A10-S2-DIMM,A10-S2,A10,A,10,2,dimm,HPE,ProLiant DL380 Gen11,web,MEM-DDR5-64G-4800
A10-S2-DISK,A10-S2,A10,A,10,2,disk,HPE,ProLiant DL380 Gen11,web,SSD-NVME-U2-3T84
A10-S2-PSU,A10-S2,A10,A,10,2,psu,HPE,ProLiant DL380 Gen11,web,PSU-HPE-1600W
A10-S2-NIC,A10-S2,A10,A,10,2,nic,HPE,ProLiant DL380 Gen11,web,NIC-OCP3-25G-DP
A10-S2-FAN,A10-S2,A10,A,10,2,fan,HPE,ProLiant DL380 Gen11,web,FAN-HPE-DL380
A10-S3-DIMM,A10-S3,A10,A,10,3,dimm,HPE,ProLiant DL380 Gen11,web,MEM-DDR5-64G-4800
A10-S3-DISK,A10-S3,A10,A,10,3,disk,HPE,ProLiant DL380 Gen11,web,SSD-NVME-U2-3T84
A10-S3-PSU,A10-S3,A10,A,10,3,psu,HPE,ProLiant DL380 Gen11,web,PSU-HPE-1600W
A10-S3-NIC,A10-S3,A10,A,10,3,nic,HPE,ProLiant DL380 Gen11,web,NIC-OCP3-25G-DP
A10-S3-FAN,A10-S3,A10,A,10,3,fan,HPE,ProLiant DL380 Gen11,web,FAN-HPE-DL380
A10-S4-DIMM,A10-S4,A10,A,10,4,dimm,HPE,ProLiant DL380 Gen11,web,MEM-DDR5-64G-4800
A10-S4-DISK,A10-S4,A10,A,10,4,disk,HPE,ProLiant DL380 Gen11,web,SSD-NVME-U2-3T84
A10-S4-PSU,A10-S4,A10,A,10,4,psu,HPE,ProLiant DL380 Gen11,web,PSU-HPE-1600W
A10-S4-NIC,A10-S4,A10,A,10,4,nic,HPE,ProLiant DL380 Gen11,web,NIC-OCP3-25G-DP
A10-S4-FAN,A10-S4,A10,A,10,4,fan,HPE,ProLiant DL380 Gen11,web,FAN-HPE-DL380
A10-S5-DIMM,A10-S5,A10,A,10,5,dimm,HPE,ProLiant DL380 Gen11,web,MEM-DDR5-64G-4800
A10-S5-DISK,A10-S5,A10,A,10,5,disk,HPE,ProLiant DL380 Gen11,web,SSD-NVME-U2-3T84
A10-S5-PSU,A10-S5,A10,A,10,5,psu,HPE,ProLiant DL380 Gen11,web,PSU-HPE-1600W
A10-S5-NIC,A10-S5,A10,A,10,5,nic,HPE,ProLiant DL380 Gen11,web,NIC-OCP3-25G-DP
A10-S5-FAN,A10-S5,A10,A,10,5,fan,HPE,ProLiant DL380 Gen11,web,FAN-HPE-DL380
A10-S6-DIMM,A10-S6,A10,A,10,6,dimm,HPE,ProLiant DL380 Gen11,web,MEM-DDR5-64G-4800
A10-S6-DISK,A10-S6,A10,A,10,6,disk,HPE,ProLiant DL380 Gen11,web,SSD-NVME-U2-3T84
A10-S6-PSU,A10-S6,A10,A,10,6,psu,HPE,ProLiant DL380 Gen11,web,PSU-HPE-1600W
A10-S6-NIC,A10-S6,A10,A,10,6,nic,HPE,ProLiant DL380 Gen11,web,NIC-OCP3-25G-DP
A10-S6-FAN,A10-S6,A10,A,10,6,fan,HPE,ProLiant DL380 Gen11,web,FAN-HPE-DL380
A10-S7-DIMM,A10-S7,A10,A,10,7,dimm,HPE,ProLiant DL380 Gen11,web,MEM-DDR5-64G-4800
A10-S7-DISK,A10-S7,A10,A,10,7,disk,HPE,ProLiant DL380 Gen11,web,SSD-NVME-U2-3T84
A10-S7-PSU,A10-S7,A10,A,10,7,psu,HPE,ProLiant DL380 Gen11,web,PSU-HPE-1600W
A10-S7-NIC,A10-S7,A10,A,10,7,nic,HPE,ProLiant DL380 Gen11,web,NIC-OCP3-25G-DP
A10-S7-FAN,A10-S7,A10,A,10,7,fan,HPE,ProLiant DL380 Gen11,web,FAN-HPE-DL380
A10-S8-DIMM,A10-S8,A10,A,10,8,dimm,HPE,ProLiant DL380 Gen11,web,MEM-DDR5-64G-4800
A10-S8-DISK,A10-S8,A10,A,10,8,disk,HPE,ProLiant DL380 Gen11,web,SSD-NVME-U2-3T84
A10-S8-PSU,A10-S8,A10,A,10,8,psu,HPE,ProLiant DL380 Gen11,web,PSU-HPE-1600W
A10-S8-NIC,A10-S8,A10,A,10,8,nic,HPE,ProLiant DL380 Gen11,web,NIC-OCP3-25G-DP
A10-S8-FAN,A10-S8,A10,A,10,8,fan,HPE,ProLiant DL380 Gen11,web,FAN-HPE-DL380
A11-S1-DIMM,A11-S1,A11,A,11,1,dimm,Lenovo,ThinkSystem SR650 V3,web,MEM-DDR5-64G-4800
A11-S1-DISK,A11-S1,A11,A,11,1,disk,Lenovo,ThinkSystem SR650 V3,web,SSD-NVME-U2-3T84
A11-S1-PSU,A11-S1,A11,A,11,1,psu,Lenovo,ThinkSystem SR650 V3,web,PSU-LNV-1100W
A11-S1-NIC,A11-S1,A11,A,11,1,nic,Lenovo,ThinkSystem SR650 V3,web,NIC-OCP3-25G-DP
A11-S1-FAN,A11-S1,A11,A,11,1,fan,Lenovo,ThinkSystem SR650 V3,web,FAN-LNV-SR650
A11-S2-DIMM,A11-S2,A11,A,11,2,dimm,Lenovo,ThinkSystem SR650 V3,web,MEM-DDR5-64G-4800
A11-S2-DISK,A11-S2,A11,A,11,2,disk,Lenovo,ThinkSystem SR650 V3,web,SSD-NVME-U2-3T84
A11-S2-PSU,A11-S2,A11,A,11,2,psu,Lenovo,ThinkSystem SR650 V3,web,PSU-LNV-1100W
A11-S2-NIC,A11-S2,A11,A,11,2,nic,Lenovo,ThinkSystem SR650 V3,web,NIC-OCP3-25G-DP
A11-S2-FAN,A11-S2,A11,A,11,2,fan,Lenovo,ThinkSystem SR650 V3,web,FAN-LNV-SR650
A11-S3-DIMM,A11-S3,A11,A,11,3,dimm,Lenovo,ThinkSystem SR650 V3,web,MEM-DDR5-64G-4800
A11-S3-DISK,A11-S3,A11,A,11,3,disk,Lenovo,ThinkSystem SR650 V3,web,SSD-NVME-U2-3T84
A11-S3-PSU,A11-S3,A11,A,11,3,psu,Lenovo,ThinkSystem SR650 V3,web,PSU-LNV-1100W
A11-S3-NIC,A11-S3,A11,A,11,3,nic,Lenovo,ThinkSystem SR650 V3,web,NIC-OCP3-25G-DP
A11-S3-FAN,A11-S3,A11,A,11,3,fan,Lenovo,ThinkSystem SR650 V3,web,FAN-LNV-SR650
A11-S4-DIMM,A11-S4,A11,A,11,4,dimm,Lenovo,ThinkSystem SR650 V3,web,MEM-DDR5-64G-4800
A11-S4-DISK,A11-S4,A11,A,11,4,disk,Lenovo,ThinkSystem SR650 V3,web,SSD-NVME-U2-3T84
A11-S4-PSU,A11-S4,A11,A,11,4,psu,Lenovo,ThinkSystem SR650 V3,web,PSU-LNV-1100W
A11-S4-NIC,A11-S4,A11,A,11,4,nic,Lenovo,ThinkSystem SR650 V3,web,NIC-OCP3-25G-DP
A11-S4-FAN,A11-S4,A11,A,11,4,fan,Lenovo,ThinkSystem SR650 V3,web,FAN-LNV-SR650
A11-S5-DIMM,A11-S5,A11,A,11,5,dimm,Lenovo,ThinkSystem SR650 V3,web,MEM-DDR5-64G-4800
A11-S5-DISK,A11-S5,A11,A,11,5,disk,Lenovo,ThinkSystem SR650 V3,web,SSD-NVME-U2-3T84
A11-S5-PSU,A11-S5,A11,A,11,5,psu,Lenovo,ThinkSystem SR650 V3,web,PSU-LNV-1100W
A11-S5-NIC,A11-S5,A11,A,11,5,nic,Lenovo,ThinkSystem SR650 V3,web,NIC-OCP3-25G-DP
A11-S5-FAN,A11-S5,A11,A,11,5,fan,Lenovo,ThinkSystem SR650 V3,web,FAN-LNV-SR650
A11-S6-DIMM,A11-S6,A11,A,11,6,dimm,Lenovo,ThinkSystem SR650 V3,web,MEM-DDR5-64G-4800
A11-S6-DISK,A11-S6,A11,A,11,6,disk,Lenovo,ThinkSystem SR650 V3,web,SSD-NVME-U2-3T84
A11-S6-PSU,A11-S6,A11,A,11,6,psu,Lenovo,ThinkSystem SR650 V3,web,PSU-LNV-1100W
A11-S6-NIC,A11-S6,A11,A,11,6,nic,Lenovo,ThinkSystem SR650 V3,web,NIC-OCP3-25G-DP
A11-S6-FAN,A11-S6,A11,A,11,6,fan,Lenovo,ThinkSystem SR650 V3,web,FAN-LNV-SR650
A11-S7-DIMM,A11-S7,A11,A,11,7,dimm,Lenovo,ThinkSystem SR650 V3,web,MEM-DDR5-64G-4800
A11-S7-DISK,A11-S7,A11,A,11,7,disk,Lenovo,ThinkSystem SR650 V3,web,SSD-NVME-U2-3T84
A11-S7-PSU,A11-S7,A11,A,11,7,psu,Lenovo,ThinkSystem SR650 V3,web,PSU-LNV-1100W
A11-S7-NIC,A11-S7,A11,A,11,7,nic,Lenovo,ThinkSystem SR650 V3,web,NIC-OCP3-25G-DP
A11-S7-FAN,A11-S7,A11,A,11,7,fan,Lenovo,ThinkSystem SR650 V3,web,FAN-LNV-SR650
A11-S8-DIMM,A11-S8,A11,A,11,8,dimm,Lenovo,ThinkSystem SR650 V3,web,MEM-DDR5-64G-4800
A11-S8-DISK,A11-S8,A11,A,11,8,disk,Lenovo,ThinkSystem SR650 V3,web,SSD-NVME-U2-3T84
A11-S8-PSU,A11-S8,A11,A,11,8,psu,Lenovo,ThinkSystem SR650 V3,web,PSU-LNV-1100W
A11-S8-NIC,A11-S8,A11,A,11,8,nic,Lenovo,ThinkSystem SR650 V3,web,NIC-OCP3-25G-DP
A11-S8-FAN,A11-S8,A11,A,11,8,fan,Lenovo,ThinkSystem SR650 V3,web,FAN-LNV-SR650
A12-S1-DIMM,A12-S1,A12,A,12,1,dimm,Dell,PowerEdge R760,web,MEM-DDR5-64G-4800
A12-S1-DISK,A12-S1,A12,A,12,1,disk,Dell,PowerEdge R760,web,SSD-NVME-U2-3T84
A12-S1-PSU,A12-S1,A12,A,12,1,psu,Dell,PowerEdge R760,web,PSU-DEL-1400W
A12-S1-NIC,A12-S1,A12,A,12,1,nic,Dell,PowerEdge R760,web,NIC-OCP3-25G-DP
A12-S1-FAN,A12-S1,A12,A,12,1,fan,Dell,PowerEdge R760,web,FAN-DEL-R760
A12-S2-DIMM,A12-S2,A12,A,12,2,dimm,Dell,PowerEdge R760,web,MEM-DDR5-64G-4800
A12-S2-DISK,A12-S2,A12,A,12,2,disk,Dell,PowerEdge R760,web,SSD-NVME-U2-3T84
A12-S2-PSU,A12-S2,A12,A,12,2,psu,Dell,PowerEdge R760,web,PSU-DEL-1400W
A12-S2-NIC,A12-S2,A12,A,12,2,nic,Dell,PowerEdge R760,web,NIC-OCP3-25G-DP
A12-S2-FAN,A12-S2,A12,A,12,2,fan,Dell,PowerEdge R760,web,FAN-DEL-R760
A12-S3-DIMM,A12-S3,A12,A,12,3,dimm,Dell,PowerEdge R760,web,MEM-DDR5-64G-4800
A12-S3-DISK,A12-S3,A12,A,12,3,disk,Dell,PowerEdge R760,web,SSD-NVME-U2-3T84
A12-S3-PSU,A12-S3,A12,A,12,3,psu,Dell,PowerEdge R760,web,PSU-DEL-1400W
A12-S3-NIC,A12-S3,A12,A,12,3,nic,Dell,PowerEdge R760,web,NIC-OCP3-25G-DP
A12-S3-FAN,A12-S3,A12,A,12,3,fan,Dell,PowerEdge R760,web,FAN-DEL-R760
A12-S4-DIMM,A12-S4,A12,A,12,4,dimm,Dell,PowerEdge R760,web,MEM-DDR5-64G-4800
A12-S4-DISK,A12-S4,A12,A,12,4,disk,Dell,PowerEdge R760,web,SSD-NVME-U2-3T84
A12-S4-PSU,A12-S4,A12,A,12,4,psu,Dell,PowerEdge R760,web,PSU-DEL-1400W
A12-S4-NIC,A12-S4,A12,A,12,4,nic,Dell,PowerEdge R760,web,NIC-OCP3-25G-DP
A12-S4-FAN,A12-S4,A12,A,12,4,fan,Dell,PowerEdge R760,web,FAN-DEL-R760
A12-S5-DIMM,A12-S5,A12,A,12,5,dimm,Dell,PowerEdge R760,web,MEM-DDR5-64G-4800
A12-S5-DISK,A12-S5,A12,A,12,5,disk,Dell,PowerEdge R760,web,SSD-NVME-U2-3T84
A12-S5-PSU,A12-S5,A12,A,12,5,psu,Dell,PowerEdge R760,web,PSU-DEL-1400W
A12-S5-NIC,A12-S5,A12,A,12,5,nic,Dell,PowerEdge R760,web,NIC-OCP3-25G-DP
A12-S5-FAN,A12-S5,A12,A,12,5,fan,Dell,PowerEdge R760,web,FAN-DEL-R760
A12-S6-DIMM,A12-S6,A12,A,12,6,dimm,Dell,PowerEdge R760,web,MEM-DDR5-64G-4800
A12-S6-DISK,A12-S6,A12,A,12,6,disk,Dell,PowerEdge R760,web,SSD-NVME-U2-3T84
A12-S6-PSU,A12-S6,A12,A,12,6,psu,Dell,PowerEdge R760,web,PSU-DEL-1400W
A12-S6-NIC,A12-S6,A12,A,12,6,nic,Dell,PowerEdge R760,web,NIC-OCP3-25G-DP
A12-S6-FAN,A12-S6,A12,A,12,6,fan,Dell,PowerEdge R760,web,FAN-DEL-R760
A12-S7-DIMM,A12-S7,A12,A,12,7,dimm,Dell,PowerEdge R760,web,MEM-DDR5-64G-4800
A12-S7-DISK,A12-S7,A12,A,12,7,disk,Dell,PowerEdge R760,web,SSD-NVME-U2-3T84
A12-S7-PSU,A12-S7,A12,A,12,7,psu,Dell,PowerEdge R760,web,PSU-DEL-1400W
A12-S7-NIC,A12-S7,A12,A,12,7,nic,Dell,PowerEdge R760,web,NIC-OCP3-25G-DP
A12-S7-FAN,A12-S7,A12,A,12,7,fan,Dell,PowerEdge R760,web,FAN-DEL-R760
A12-S8-DIMM,A12-S8,A12,A,12,8,dimm,Dell,PowerEdge R760,web,MEM-DDR5-64G-4800
A12-S8-DISK,A12-S8,A12,A,12,8,disk,Dell,PowerEdge R760,web,SSD-NVME-U2-3T84
A12-S8-PSU,A12-S8,A12,A,12,8,psu,Dell,PowerEdge R760,web,PSU-DEL-1400W
A12-S8-NIC,A12-S8,A12,A,12,8,nic,Dell,PowerEdge R760,web,NIC-OCP3-25G-DP
A12-S8-FAN,A12-S8,A12,A,12,8,fan,Dell,PowerEdge R760,web,FAN-DEL-R760
A13-S1-DIMM,A13-S1,A13,A,13,1,dimm,HPE,ProLiant DL380 Gen11,web,MEM-DDR5-64G-4800
A13-S1-DISK,A13-S1,A13,A,13,1,disk,HPE,ProLiant DL380 Gen11,web,SSD-NVME-U2-3T84
A13-S1-PSU,A13-S1,A13,A,13,1,psu,HPE,ProLiant DL380 Gen11,web,PSU-HPE-1600W
A13-S1-NIC,A13-S1,A13,A,13,1,nic,HPE,ProLiant DL380 Gen11,web,NIC-OCP3-25G-DP
A13-S1-FAN,A13-S1,A13,A,13,1,fan,HPE,ProLiant DL380 Gen11,web,FAN-HPE-DL380
A13-S2-DIMM,A13-S2,A13,A,13,2,dimm,HPE,ProLiant DL380 Gen11,web,MEM-DDR5-64G-4800
A13-S2-DISK,A13-S2,A13,A,13,2,disk,HPE,ProLiant DL380 Gen11,web,SSD-NVME-U2-3T84
A13-S2-PSU,A13-S2,A13,A,13,2,psu,HPE,ProLiant DL380 Gen11,web,PSU-HPE-1600W
A13-S2-NIC,A13-S2,A13,A,13,2,nic,HPE,ProLiant DL380 Gen11,web,NIC-OCP3-25G-DP
A13-S2-FAN,A13-S2,A13,A,13,2,fan,HPE,ProLiant DL380 Gen11,web,FAN-HPE-DL380
A13-S3-DIMM,A13-S3,A13,A,13,3,dimm,HPE,ProLiant DL380 Gen11,web,MEM-DDR5-64G-4800
A13-S3-DISK,A13-S3,A13,A,13,3,disk,HPE,ProLiant DL380 Gen11,web,SSD-NVME-U2-3T84
A13-S3-PSU,A13-S3,A13,A,13,3,psu,HPE,ProLiant DL380 Gen11,web,PSU-HPE-1600W
A13-S3-NIC,A13-S3,A13,A,13,3,nic,HPE,ProLiant DL380 Gen11,web,NIC-OCP3-25G-DP
A13-S3-FAN,A13-S3,A13,A,13,3,fan,HPE,ProLiant DL380 Gen11,web,FAN-HPE-DL380
A13-S4-DIMM,A13-S4,A13,A,13,4,dimm,HPE,ProLiant DL380 Gen11,web,MEM-DDR5-64G-4800
A13-S4-DISK,A13-S4,A13,A,13,4,disk,HPE,ProLiant DL380 Gen11,web,SSD-NVME-U2-3T84
A13-S4-PSU,A13-S4,A13,A,13,4,psu,HPE,ProLiant DL380 Gen11,web,PSU-HPE-1600W
A13-S4-NIC,A13-S4,A13,A,13,4,nic,HPE,ProLiant DL380 Gen11,web,NIC-OCP3-25G-DP
A13-S4-FAN,A13-S4,A13,A,13,4,fan,HPE,ProLiant DL380 Gen11,web,FAN-HPE-DL380
A13-S5-DIMM,A13-S5,A13,A,13,5,dimm,HPE,ProLiant DL380 Gen11,web,MEM-DDR5-64G-4800
A13-S5-DISK,A13-S5,A13,A,13,5,disk,HPE,ProLiant DL380 Gen11,web,SSD-NVME-U2-3T84
A13-S5-PSU,A13-S5,A13,A,13,5,psu,HPE,ProLiant DL380 Gen11,web,PSU-HPE-1600W
A13-S5-NIC,A13-S5,A13,A,13,5,nic,HPE,ProLiant DL380 Gen11,web,NIC-OCP3-25G-DP
A13-S5-FAN,A13-S5,A13,A,13,5,fan,HPE,ProLiant DL380 Gen11,web,FAN-HPE-DL380
A13-S6-DIMM,A13-S6,A13,A,13,6,dimm,HPE,ProLiant DL380 Gen11,web,MEM-DDR5-64G-4800
A13-S6-DISK,A13-S6,A13,A,13,6,disk,HPE,ProLiant DL380 Gen11,web,SSD-NVME-U2-3T84
A13-S6-PSU,A13-S6,A13,A,13,6,psu,HPE,ProLiant DL380 Gen11,web,PSU-HPE-1600W
A13-S6-NIC,A13-S6,A13,A,13,6,nic,HPE,ProLiant DL380 Gen11,web,NIC-OCP3-25G-DP
A13-S6-FAN,A13-S6,A13,A,13,6,fan,HPE,ProLiant DL380 Gen11,web,FAN-HPE-DL380
A13-S7-DIMM,A13-S7,A13,A,13,7,dimm,HPE,ProLiant DL380 Gen11,web,MEM-DDR5-64G-4800
A13-S7-DISK,A13-S7,A13,A,13,7,disk,HPE,ProLiant DL380 Gen11,web,SSD-NVME-U2-3T84
A13-S7-PSU,A13-S7,A13,A,13,7,psu,HPE,ProLiant DL380 Gen11,web,PSU-HPE-1600W
A13-S7-NIC,A13-S7,A13,A,13,7,nic,HPE,ProLiant DL380 Gen11,web,NIC-OCP3-25G-DP
A13-S7-FAN,A13-S7,A13,A,13,7,fan,HPE,ProLiant DL380 Gen11,web,FAN-HPE-DL380
A13-S8-DIMM,A13-S8,A13,A,13,8,dimm,HPE,ProLiant DL380 Gen11,web,MEM-DDR5-64G-4800
A13-S8-DISK,A13-S8,A13,A,13,8,disk,HPE,ProLiant DL380 Gen11,web,SSD-NVME-U2-3T84
A13-S8-PSU,A13-S8,A13,A,13,8,psu,HPE,ProLiant DL380 Gen11,web,PSU-HPE-1600W
A13-S8-NIC,A13-S8,A13,A,13,8,nic,HPE,ProLiant DL380 Gen11,web,NIC-OCP3-25G-DP
A13-S8-FAN,A13-S8,A13,A,13,8,fan,HPE,ProLiant DL380 Gen11,web,FAN-HPE-DL380
A14-S1-DIMM,A14-S1,A14,A,14,1,dimm,Lenovo,ThinkSystem SR650 V3,web,MEM-DDR5-64G-4800
A14-S1-DISK,A14-S1,A14,A,14,1,disk,Lenovo,ThinkSystem SR650 V3,web,SSD-NVME-U2-3T84
A14-S1-PSU,A14-S1,A14,A,14,1,psu,Lenovo,ThinkSystem SR650 V3,web,PSU-LNV-1100W
A14-S1-NIC,A14-S1,A14,A,14,1,nic,Lenovo,ThinkSystem SR650 V3,web,NIC-OCP3-25G-DP
A14-S1-FAN,A14-S1,A14,A,14,1,fan,Lenovo,ThinkSystem SR650 V3,web,FAN-LNV-SR650
A14-S2-DIMM,A14-S2,A14,A,14,2,dimm,Lenovo,ThinkSystem SR650 V3,web,MEM-DDR5-64G-4800
A14-S2-DISK,A14-S2,A14,A,14,2,disk,Lenovo,ThinkSystem SR650 V3,web,SSD-NVME-U2-3T84
A14-S2-PSU,A14-S2,A14,A,14,2,psu,Lenovo,ThinkSystem SR650 V3,web,PSU-LNV-1100W
A14-S2-NIC,A14-S2,A14,A,14,2,nic,Lenovo,ThinkSystem SR650 V3,web,NIC-OCP3-25G-DP
A14-S2-FAN,A14-S2,A14,A,14,2,fan,Lenovo,ThinkSystem SR650 V3,web,FAN-LNV-SR650
A14-S3-DIMM,A14-S3,A14,A,14,3,dimm,Lenovo,ThinkSystem SR650 V3,web,MEM-DDR5-64G-4800
A14-S3-DISK,A14-S3,A14,A,14,3,disk,Lenovo,ThinkSystem SR650 V3,web,SSD-NVME-U2-3T84
A14-S3-PSU,A14-S3,A14,A,14,3,psu,Lenovo,ThinkSystem SR650 V3,web,PSU-LNV-1100W
A14-S3-NIC,A14-S3,A14,A,14,3,nic,Lenovo,ThinkSystem SR650 V3,web,NIC-OCP3-25G-DP
A14-S3-FAN,A14-S3,A14,A,14,3,fan,Lenovo,ThinkSystem SR650 V3,web,FAN-LNV-SR650
A14-S4-DIMM,A14-S4,A14,A,14,4,dimm,Lenovo,ThinkSystem SR650 V3,web,MEM-DDR5-64G-4800
A14-S4-DISK,A14-S4,A14,A,14,4,disk,Lenovo,ThinkSystem SR650 V3,web,SSD-NVME-U2-3T84
A14-S4-PSU,A14-S4,A14,A,14,4,psu,Lenovo,ThinkSystem SR650 V3,web,PSU-LNV-1100W
A14-S4-NIC,A14-S4,A14,A,14,4,nic,Lenovo,ThinkSystem SR650 V3,web,NIC-OCP3-25G-DP
A14-S4-FAN,A14-S4,A14,A,14,4,fan,Lenovo,ThinkSystem SR650 V3,web,FAN-LNV-SR650
A14-S5-DIMM,A14-S5,A14,A,14,5,dimm,Lenovo,ThinkSystem SR650 V3,web,MEM-DDR5-64G-4800
A14-S5-DISK,A14-S5,A14,A,14,5,disk,Lenovo,ThinkSystem SR650 V3,web,SSD-NVME-U2-3T84
A14-S5-PSU,A14-S5,A14,A,14,5,psu,Lenovo,ThinkSystem SR650 V3,web,PSU-LNV-1100W
A14-S5-NIC,A14-S5,A14,A,14,5,nic,Lenovo,ThinkSystem SR650 V3,web,NIC-OCP3-25G-DP
A14-S5-FAN,A14-S5,A14,A,14,5,fan,Lenovo,ThinkSystem SR650 V3,web,FAN-LNV-SR650
A14-S6-DIMM,A14-S6,A14,A,14,6,dimm,Lenovo,ThinkSystem SR650 V3,web,MEM-DDR5-64G-4800
A14-S6-DISK,A14-S6,A14,A,14,6,disk,Lenovo,ThinkSystem SR650 V3,web,SSD-NVME-U2-3T84
A14-S6-PSU,A14-S6,A14,A,14,6,psu,Lenovo,ThinkSystem SR650 V3,web,PSU-LNV-1100W
A14-S6-NIC,A14-S6,A14,A,14,6,nic,Lenovo,ThinkSystem SR650 V3,web,NIC-OCP3-25G-DP
A14-S6-FAN,A14-S6,A14,A,14,6,fan,Lenovo,ThinkSystem SR650 V3,web,FAN-LNV-SR650
A14-S7-DIMM,A14-S7,A14,A,14,7,dimm,Lenovo,ThinkSystem SR650 V3,web,MEM-DDR5-64G-4800
A14-S7-DISK,A14-S7,A14,A,14,7,disk,Lenovo,ThinkSystem SR650 V3,web,SSD-NVME-U2-3T84
A14-S7-PSU,A14-S7,A14,A,14,7,psu,Lenovo,ThinkSystem SR650 V3,web,PSU-LNV-1100W
A14-S7-NIC,A14-S7,A14,A,14,7,nic,Lenovo,ThinkSystem SR650 V3,web,NIC-OCP3-25G-DP
A14-S7-FAN,A14-S7,A14,A,14,7,fan,Lenovo,ThinkSystem SR650 V3,web,FAN-LNV-SR650
A14-S8-DIMM,A14-S8,A14,A,14,8,dimm,Lenovo,ThinkSystem SR650 V3,web,MEM-DDR5-64G-4800
A14-S8-DISK,A14-S8,A14,A,14,8,disk,Lenovo,ThinkSystem SR650 V3,web,SSD-NVME-U2-3T84
A14-S8-PSU,A14-S8,A14,A,14,8,psu,Lenovo,ThinkSystem SR650 V3,web,PSU-LNV-1100W
A14-S8-NIC,A14-S8,A14,A,14,8,nic,Lenovo,ThinkSystem SR650 V3,web,NIC-OCP3-25G-DP
A14-S8-FAN,A14-S8,A14,A,14,8,fan,Lenovo,ThinkSystem SR650 V3,web,FAN-LNV-SR650
A15-S1-DIMM,A15-S1,A15,A,15,1,dimm,Dell,PowerEdge R760,web,MEM-DDR5-64G-4800
A15-S1-DISK,A15-S1,A15,A,15,1,disk,Dell,PowerEdge R760,web,SSD-NVME-U2-3T84
A15-S1-PSU,A15-S1,A15,A,15,1,psu,Dell,PowerEdge R760,web,PSU-DEL-1400W
A15-S1-NIC,A15-S1,A15,A,15,1,nic,Dell,PowerEdge R760,web,NIC-OCP3-25G-DP
A15-S1-FAN,A15-S1,A15,A,15,1,fan,Dell,PowerEdge R760,web,FAN-DEL-R760
A15-S2-DIMM,A15-S2,A15,A,15,2,dimm,Dell,PowerEdge R760,web,MEM-DDR5-64G-4800
A15-S2-DISK,A15-S2,A15,A,15,2,disk,Dell,PowerEdge R760,web,SSD-NVME-U2-3T84
A15-S2-PSU,A15-S2,A15,A,15,2,psu,Dell,PowerEdge R760,web,PSU-DEL-1400W
A15-S2-NIC,A15-S2,A15,A,15,2,nic,Dell,PowerEdge R760,web,NIC-OCP3-25G-DP
A15-S2-FAN,A15-S2,A15,A,15,2,fan,Dell,PowerEdge R760,web,FAN-DEL-R760
A15-S3-DIMM,A15-S3,A15,A,15,3,dimm,Dell,PowerEdge R760,web,MEM-DDR5-64G-4800
A15-S3-DISK,A15-S3,A15,A,15,3,disk,Dell,PowerEdge R760,web,SSD-NVME-U2-3T84
A15-S3-PSU,A15-S3,A15,A,15,3,psu,Dell,PowerEdge R760,web,PSU-DEL-1400W
A15-S3-NIC,A15-S3,A15,A,15,3,nic,Dell,PowerEdge R760,web,NIC-OCP3-25G-DP
A15-S3-FAN,A15-S3,A15,A,15,3,fan,Dell,PowerEdge R760,web,FAN-DEL-R760
A15-S4-DIMM,A15-S4,A15,A,15,4,dimm,Dell,PowerEdge R760,web,MEM-DDR5-64G-4800
A15-S4-DISK,A15-S4,A15,A,15,4,disk,Dell,PowerEdge R760,web,SSD-NVME-U2-3T84
A15-S4-PSU,A15-S4,A15,A,15,4,psu,Dell,PowerEdge R760,web,PSU-DEL-1400W
A15-S4-NIC,A15-S4,A15,A,15,4,nic,Dell,PowerEdge R760,web,NIC-OCP3-25G-DP
A15-S4-FAN,A15-S4,A15,A,15,4,fan,Dell,PowerEdge R760,web,FAN-DEL-R760
A15-S5-DIMM,A15-S5,A15,A,15,5,dimm,Dell,PowerEdge R760,web,MEM-DDR5-64G-4800
A15-S5-DISK,A15-S5,A15,A,15,5,disk,Dell,PowerEdge R760,web,SSD-NVME-U2-3T84
A15-S5-PSU,A15-S5,A15,A,15,5,psu,Dell,PowerEdge R760,web,PSU-DEL-1400W
A15-S5-NIC,A15-S5,A15,A,15,5,nic,Dell,PowerEdge R760,web,NIC-OCP3-25G-DP
A15-S5-FAN,A15-S5,A15,A,15,5,fan,Dell,PowerEdge R760,web,FAN-DEL-R760
A15-S6-DIMM,A15-S6,A15,A,15,6,dimm,Dell,PowerEdge R760,web,MEM-DDR5-64G-4800
A15-S6-DISK,A15-S6,A15,A,15,6,disk,Dell,PowerEdge R760,web,SSD-NVME-U2-3T84
A15-S6-PSU,A15-S6,A15,A,15,6,psu,Dell,PowerEdge R760,web,PSU-DEL-1400W
A15-S6-NIC,A15-S6,A15,A,15,6,nic,Dell,PowerEdge R760,web,NIC-OCP3-25G-DP
A15-S6-FAN,A15-S6,A15,A,15,6,fan,Dell,PowerEdge R760,web,FAN-DEL-R760
A15-S7-DIMM,A15-S7,A15,A,15,7,dimm,Dell,PowerEdge R760,web,MEM-DDR5-64G-4800
A15-S7-DISK,A15-S7,A15,A,15,7,disk,Dell,PowerEdge R760,web,SSD-NVME-U2-3T84
A15-S7-PSU,A15-S7,A15,A,15,7,psu,Dell,PowerEdge R760,web,PSU-DEL-1400W
A15-S7-NIC,A15-S7,A15,A,15,7,nic,Dell,PowerEdge R760,web,NIC-OCP3-25G-DP
A15-S7-FAN,A15-S7,A15,A,15,7,fan,Dell,PowerEdge R760,web,FAN-DEL-R760
A15-S8-DIMM,A15-S8,A15,A,15,8,dimm,Dell,PowerEdge R760,web,MEM-DDR5-64G-4800
A15-S8-DISK,A15-S8,A15,A,15,8,disk,Dell,PowerEdge R760,web,SSD-NVME-U2-3T84
A15-S8-PSU,A15-S8,A15,A,15,8,psu,Dell,PowerEdge R760,web,PSU-DEL-1400W
A15-S8-NIC,A15-S8,A15,A,15,8,nic,Dell,PowerEdge R760,web,NIC-OCP3-25G-DP
A15-S8-FAN,A15-S8,A15,A,15,8,fan,Dell,PowerEdge R760,web,FAN-DEL-R760
A16-S1-DIMM,A16-S1,A16,A,16,1,dimm,HPE,ProLiant DL380 Gen11,web,MEM-DDR5-64G-4800
A16-S1-DISK,A16-S1,A16,A,16,1,disk,HPE,ProLiant DL380 Gen11,web,SSD-NVME-U2-3T84
A16-S1-PSU,A16-S1,A16,A,16,1,psu,HPE,ProLiant DL380 Gen11,web,PSU-HPE-1600W
A16-S1-NIC,A16-S1,A16,A,16,1,nic,HPE,ProLiant DL380 Gen11,web,NIC-OCP3-25G-DP
A16-S1-FAN,A16-S1,A16,A,16,1,fan,HPE,ProLiant DL380 Gen11,web,FAN-HPE-DL380
A16-S2-DIMM,A16-S2,A16,A,16,2,dimm,HPE,ProLiant DL380 Gen11,web,MEM-DDR5-64G-4800
A16-S2-DISK,A16-S2,A16,A,16,2,disk,HPE,ProLiant DL380 Gen11,web,SSD-NVME-U2-3T84
A16-S2-PSU,A16-S2,A16,A,16,2,psu,HPE,ProLiant DL380 Gen11,web,PSU-HPE-1600W
A16-S2-NIC,A16-S2,A16,A,16,2,nic,HPE,ProLiant DL380 Gen11,web,NIC-OCP3-25G-DP
A16-S2-FAN,A16-S2,A16,A,16,2,fan,HPE,ProLiant DL380 Gen11,web,FAN-HPE-DL380
A16-S3-DIMM,A16-S3,A16,A,16,3,dimm,HPE,ProLiant DL380 Gen11,web,MEM-DDR5-64G-4800
A16-S3-DISK,A16-S3,A16,A,16,3,disk,HPE,ProLiant DL380 Gen11,web,SSD-NVME-U2-3T84
A16-S3-PSU,A16-S3,A16,A,16,3,psu,HPE,ProLiant DL380 Gen11,web,PSU-HPE-1600W
A16-S3-NIC,A16-S3,A16,A,16,3,nic,HPE,ProLiant DL380 Gen11,web,NIC-OCP3-25G-DP
A16-S3-FAN,A16-S3,A16,A,16,3,fan,HPE,ProLiant DL380 Gen11,web,FAN-HPE-DL380
A16-S4-DIMM,A16-S4,A16,A,16,4,dimm,HPE,ProLiant DL380 Gen11,web,MEM-DDR5-64G-4800
A16-S4-DISK,A16-S4,A16,A,16,4,disk,HPE,ProLiant DL380 Gen11,web,SSD-NVME-U2-3T84
A16-S4-PSU,A16-S4,A16,A,16,4,psu,HPE,ProLiant DL380 Gen11,web,PSU-HPE-1600W
A16-S4-NIC,A16-S4,A16,A,16,4,nic,HPE,ProLiant DL380 Gen11,web,NIC-OCP3-25G-DP
A16-S4-FAN,A16-S4,A16,A,16,4,fan,HPE,ProLiant DL380 Gen11,web,FAN-HPE-DL380
A16-S5-DIMM,A16-S5,A16,A,16,5,dimm,HPE,ProLiant DL380 Gen11,web,MEM-DDR5-64G-4800
A16-S5-DISK,A16-S5,A16,A,16,5,disk,HPE,ProLiant DL380 Gen11,web,SSD-NVME-U2-3T84
A16-S5-PSU,A16-S5,A16,A,16,5,psu,HPE,ProLiant DL380 Gen11,web,PSU-HPE-1600W
A16-S5-NIC,A16-S5,A16,A,16,5,nic,HPE,ProLiant DL380 Gen11,web,NIC-OCP3-25G-DP
A16-S5-FAN,A16-S5,A16,A,16,5,fan,HPE,ProLiant DL380 Gen11,web,FAN-HPE-DL380
A16-S6-DIMM,A16-S6,A16,A,16,6,dimm,HPE,ProLiant DL380 Gen11,web,MEM-DDR5-64G-4800
A16-S6-DISK,A16-S6,A16,A,16,6,disk,HPE,ProLiant DL380 Gen11,web,SSD-NVME-U2-3T84
A16-S6-PSU,A16-S6,A16,A,16,6,psu,HPE,ProLiant DL380 Gen11,web,PSU-HPE-1600W
A16-S6-NIC,A16-S6,A16,A,16,6,nic,HPE,ProLiant DL380 Gen11,web,NIC-OCP3-25G-DP
A16-S6-FAN,A16-S6,A16,A,16,6,fan,HPE,ProLiant DL380 Gen11,web,FAN-HPE-DL380
A16-S7-DIMM,A16-S7,A16,A,16,7,dimm,HPE,ProLiant DL380 Gen11,web,MEM-DDR5-64G-4800
A16-S7-DISK,A16-S7,A16,A,16,7,disk,HPE,ProLiant DL380 Gen11,web,SSD-NVME-U2-3T84
A16-S7-PSU,A16-S7,A16,A,16,7,psu,HPE,ProLiant DL380 Gen11,web,PSU-HPE-1600W
A16-S7-NIC,A16-S7,A16,A,16,7,nic,HPE,ProLiant DL380 Gen11,web,NIC-OCP3-25G-DP
A16-S7-FAN,A16-S7,A16,A,16,7,fan,HPE,ProLiant DL380 Gen11,web,FAN-HPE-DL380
A16-S8-DIMM,A16-S8,A16,A,16,8,dimm,HPE,ProLiant DL380 Gen11,web,MEM-DDR5-64G-4800
A16-S8-DISK,A16-S8,A16,A,16,8,disk,HPE,ProLiant DL380 Gen11,web,SSD-NVME-U2-3T84
A16-S8-PSU,A16-S8,A16,A,16,8,psu,HPE,ProLiant DL380 Gen11,web,PSU-HPE-1600W
A16-S8-NIC,A16-S8,A16,A,16,8,nic,HPE,ProLiant DL380 Gen11,web,NIC-OCP3-25G-DP
A16-S8-FAN,A16-S8,A16,A,16,8,fan,HPE,ProLiant DL380 Gen11,web,FAN-HPE-DL380
A17-S1-DIMM,A17-S1,A17,A,17,1,dimm,Lenovo,ThinkSystem SR650 V3,web,MEM-DDR5-64G-4800
A17-S1-DISK,A17-S1,A17,A,17,1,disk,Lenovo,ThinkSystem SR650 V3,web,SSD-NVME-U2-3T84
A17-S1-PSU,A17-S1,A17,A,17,1,psu,Lenovo,ThinkSystem SR650 V3,web,PSU-LNV-1100W
A17-S1-NIC,A17-S1,A17,A,17,1,nic,Lenovo,ThinkSystem SR650 V3,web,NIC-OCP3-25G-DP
A17-S1-FAN,A17-S1,A17,A,17,1,fan,Lenovo,ThinkSystem SR650 V3,web,FAN-LNV-SR650
A17-S2-DIMM,A17-S2,A17,A,17,2,dimm,Lenovo,ThinkSystem SR650 V3,web,MEM-DDR5-64G-4800
A17-S2-DISK,A17-S2,A17,A,17,2,disk,Lenovo,ThinkSystem SR650 V3,web,SSD-NVME-U2-3T84
A17-S2-PSU,A17-S2,A17,A,17,2,psu,Lenovo,ThinkSystem SR650 V3,web,PSU-LNV-1100W
A17-S2-NIC,A17-S2,A17,A,17,2,nic,Lenovo,ThinkSystem SR650 V3,web,NIC-OCP3-25G-DP
A17-S2-FAN,A17-S2,A17,A,17,2,fan,Lenovo,ThinkSystem SR650 V3,web,FAN-LNV-SR650
A17-S3-DIMM,A17-S3,A17,A,17,3,dimm,Lenovo,ThinkSystem SR650 V3,web,MEM-DDR5-64G-4800
A17-S3-DISK,A17-S3,A17,A,17,3,disk,Lenovo,ThinkSystem SR650 V3,web,SSD-NVME-U2-3T84
A17-S3-PSU,A17-S3,A17,A,17,3,psu,Lenovo,ThinkSystem SR650 V3,web,PSU-LNV-1100W
A17-S3-NIC,A17-S3,A17,A,17,3,nic,Lenovo,ThinkSystem SR650 V3,web,NIC-OCP3-25G-DP
A17-S3-FAN,A17-S3,A17,A,17,3,fan,Lenovo,ThinkSystem SR650 V3,web,FAN-LNV-SR650
A17-S4-DIMM,A17-S4,A17,A,17,4,dimm,Lenovo,ThinkSystem SR650 V3,web,MEM-DDR5-64G-4800
A17-S4-DISK,A17-S4,A17,A,17,4,disk,Lenovo,ThinkSystem SR650 V3,web,SSD-NVME-U2-3T84
A17-S4-PSU,A17-S4,A17,A,17,4,psu,Lenovo,ThinkSystem SR650 V3,web,PSU-LNV-1100W
A17-S4-NIC,A17-S4,A17,A,17,4,nic,Lenovo,ThinkSystem SR650 V3,web,NIC-OCP3-25G-DP
A17-S4-FAN,A17-S4,A17,A,17,4,fan,Lenovo,ThinkSystem SR650 V3,web,FAN-LNV-SR650
A17-S5-DIMM,A17-S5,A17,A,17,5,dimm,Lenovo,ThinkSystem SR650 V3,web,MEM-DDR5-64G-4800
A17-S5-DISK,A17-S5,A17,A,17,5,disk,Lenovo,ThinkSystem SR650 V3,web,SSD-NVME-U2-3T84
A17-S5-PSU,A17-S5,A17,A,17,5,psu,Lenovo,ThinkSystem SR650 V3,web,PSU-LNV-1100W
A17-S5-NIC,A17-S5,A17,A,17,5,nic,Lenovo,ThinkSystem SR650 V3,web,NIC-OCP3-25G-DP
A17-S5-FAN,A17-S5,A17,A,17,5,fan,Lenovo,ThinkSystem SR650 V3,web,FAN-LNV-SR650
A17-S6-DIMM,A17-S6,A17,A,17,6,dimm,Lenovo,ThinkSystem SR650 V3,web,MEM-DDR5-64G-4800
A17-S6-DISK,A17-S6,A17,A,17,6,disk,Lenovo,ThinkSystem SR650 V3,web,SSD-NVME-U2-3T84
A17-S6-PSU,A17-S6,A17,A,17,6,psu,Lenovo,ThinkSystem SR650 V3,web,PSU-LNV-1100W
A17-S6-NIC,A17-S6,A17,A,17,6,nic,Lenovo,ThinkSystem SR650 V3,web,NIC-OCP3-25G-DP
A17-S6-FAN,A17-S6,A17,A,17,6,fan,Lenovo,ThinkSystem SR650 V3,web,FAN-LNV-SR650
A17-S7-DIMM,A17-S7,A17,A,17,7,dimm,Lenovo,ThinkSystem SR650 V3,web,MEM-DDR5-64G-4800
A17-S7-DISK,A17-S7,A17,A,17,7,disk,Lenovo,ThinkSystem SR650 V3,web,SSD-NVME-U2-3T84
A17-S7-PSU,A17-S7,A17,A,17,7,psu,Lenovo,ThinkSystem SR650 V3,web,PSU-LNV-1100W
A17-S7-NIC,A17-S7,A17,A,17,7,nic,Lenovo,ThinkSystem SR650 V3,web,NIC-OCP3-25G-DP
A17-S7-FAN,A17-S7,A17,A,17,7,fan,Lenovo,ThinkSystem SR650 V3,web,FAN-LNV-SR650
A17-S8-DIMM,A17-S8,A17,A,17,8,dimm,Lenovo,ThinkSystem SR650 V3,web,MEM-DDR5-64G-4800
A17-S8-DISK,A17-S8,A17,A,17,8,disk,Lenovo,ThinkSystem SR650 V3,web,SSD-NVME-U2-3T84
A17-S8-PSU,A17-S8,A17,A,17,8,psu,Lenovo,ThinkSystem SR650 V3,web,PSU-LNV-1100W
A17-S8-NIC,A17-S8,A17,A,17,8,nic,Lenovo,ThinkSystem SR650 V3,web,NIC-OCP3-25G-DP
A17-S8-FAN,A17-S8,A17,A,17,8,fan,Lenovo,ThinkSystem SR650 V3,web,FAN-LNV-SR650
A18-S1-DIMM,A18-S1,A18,A,18,1,dimm,Dell,PowerEdge R760,web,MEM-DDR5-64G-4800
A18-S1-DISK,A18-S1,A18,A,18,1,disk,Dell,PowerEdge R760,web,SSD-NVME-U2-3T84
A18-S1-PSU,A18-S1,A18,A,18,1,psu,Dell,PowerEdge R760,web,PSU-DEL-1400W
A18-S1-NIC,A18-S1,A18,A,18,1,nic,Dell,PowerEdge R760,web,NIC-OCP3-25G-DP
A18-S1-FAN,A18-S1,A18,A,18,1,fan,Dell,PowerEdge R760,web,FAN-DEL-R760
A18-S2-DIMM,A18-S2,A18,A,18,2,dimm,Dell,PowerEdge R760,web,MEM-DDR5-64G-4800
A18-S2-DISK,A18-S2,A18,A,18,2,disk,Dell,PowerEdge R760,web,SSD-NVME-U2-3T84
A18-S2-PSU,A18-S2,A18,A,18,2,psu,Dell,PowerEdge R760,web,PSU-DEL-1400W
A18-S2-NIC,A18-S2,A18,A,18,2,nic,Dell,PowerEdge R760,web,NIC-OCP3-25G-DP
A18-S2-FAN,A18-S2,A18,A,18,2,fan,Dell,PowerEdge R760,web,FAN-DEL-R760
A18-S3-DIMM,A18-S3,A18,A,18,3,dimm,Dell,PowerEdge R760,web,MEM-DDR5-64G-4800
A18-S3-DISK,A18-S3,A18,A,18,3,disk,Dell,PowerEdge R760,web,SSD-NVME-U2-3T84
A18-S3-PSU,A18-S3,A18,A,18,3,psu,Dell,PowerEdge R760,web,PSU-DEL-1400W
A18-S3-NIC,A18-S3,A18,A,18,3,nic,Dell,PowerEdge R760,web,NIC-OCP3-25G-DP
A18-S3-FAN,A18-S3,A18,A,18,3,fan,Dell,PowerEdge R760,web,FAN-DEL-R760
A18-S4-DIMM,A18-S4,A18,A,18,4,dimm,Dell,PowerEdge R760,web,MEM-DDR5-64G-4800
A18-S4-DISK,A18-S4,A18,A,18,4,disk,Dell,PowerEdge R760,web,SSD-NVME-U2-3T84
A18-S4-PSU,A18-S4,A18,A,18,4,psu,Dell,PowerEdge R760,web,PSU-DEL-1400W
A18-S4-NIC,A18-S4,A18,A,18,4,nic,Dell,PowerEdge R760,web,NIC-OCP3-25G-DP
A18-S4-FAN,A18-S4,A18,A,18,4,fan,Dell,PowerEdge R760,web,FAN-DEL-R760
A18-S5-DIMM,A18-S5,A18,A,18,5,dimm,Dell,PowerEdge R760,web,MEM-DDR5-64G-4800
A18-S5-DISK,A18-S5,A18,A,18,5,disk,Dell,PowerEdge R760,web,SSD-NVME-U2-3T84
A18-S5-PSU,A18-S5,A18,A,18,5,psu,Dell,PowerEdge R760,web,PSU-DEL-1400W
A18-S5-NIC,A18-S5,A18,A,18,5,nic,Dell,PowerEdge R760,web,NIC-OCP3-25G-DP
A18-S5-FAN,A18-S5,A18,A,18,5,fan,Dell,PowerEdge R760,web,FAN-DEL-R760
A18-S6-DIMM,A18-S6,A18,A,18,6,dimm,Dell,PowerEdge R760,web,MEM-DDR5-64G-4800
A18-S6-DISK,A18-S6,A18,A,18,6,disk,Dell,PowerEdge R760,web,SSD-NVME-U2-3T84
A18-S6-PSU,A18-S6,A18,A,18,6,psu,Dell,PowerEdge R760,web,PSU-DEL-1400W
A18-S6-NIC,A18-S6,A18,A,18,6,nic,Dell,PowerEdge R760,web,NIC-OCP3-25G-DP
A18-S6-FAN,A18-S6,A18,A,18,6,fan,Dell,PowerEdge R760,web,FAN-DEL-R760
A18-S7-DIMM,A18-S7,A18,A,18,7,dimm,Dell,PowerEdge R760,web,MEM-DDR5-64G-4800
A18-S7-DISK,A18-S7,A18,A,18,7,disk,Dell,PowerEdge R760,web,SSD-NVME-U2-3T84
A18-S7-PSU,A18-S7,A18,A,18,7,psu,Dell,PowerEdge R760,web,PSU-DEL-1400W
A18-S7-NIC,A18-S7,A18,A,18,7,nic,Dell,PowerEdge R760,web,NIC-OCP3-25G-DP
A18-S7-FAN,A18-S7,A18,A,18,7,fan,Dell,PowerEdge R760,web,FAN-DEL-R760
A18-S8-DIMM,A18-S8,A18,A,18,8,dimm,Dell,PowerEdge R760,web,MEM-DDR5-64G-4800
A18-S8-DISK,A18-S8,A18,A,18,8,disk,Dell,PowerEdge R760,web,SSD-NVME-U2-3T84
A18-S8-PSU,A18-S8,A18,A,18,8,psu,Dell,PowerEdge R760,web,PSU-DEL-1400W
A18-S8-NIC,A18-S8,A18,A,18,8,nic,Dell,PowerEdge R760,web,NIC-OCP3-25G-DP
A18-S8-FAN,A18-S8,A18,A,18,8,fan,Dell,PowerEdge R760,web,FAN-DEL-R760
A19-S1-DIMM,A19-S1,A19,A,19,1,dimm,HPE,ProLiant DL380 Gen11,web,MEM-DDR5-64G-4800
A19-S1-DISK,A19-S1,A19,A,19,1,disk,HPE,ProLiant DL380 Gen11,web,SSD-NVME-U2-3T84
A19-S1-PSU,A19-S1,A19,A,19,1,psu,HPE,ProLiant DL380 Gen11,web,PSU-HPE-1600W
A19-S1-NIC,A19-S1,A19,A,19,1,nic,HPE,ProLiant DL380 Gen11,web,NIC-OCP3-25G-DP
A19-S1-FAN,A19-S1,A19,A,19,1,fan,HPE,ProLiant DL380 Gen11,web,FAN-HPE-DL380
A19-S2-DIMM,A19-S2,A19,A,19,2,dimm,HPE,ProLiant DL380 Gen11,web,MEM-DDR5-64G-4800
A19-S2-DISK,A19-S2,A19,A,19,2,disk,HPE,ProLiant DL380 Gen11,web,SSD-NVME-U2-3T84
A19-S2-PSU,A19-S2,A19,A,19,2,psu,HPE,ProLiant DL380 Gen11,web,PSU-HPE-1600W
A19-S2-NIC,A19-S2,A19,A,19,2,nic,HPE,ProLiant DL380 Gen11,web,NIC-OCP3-25G-DP
A19-S2-FAN,A19-S2,A19,A,19,2,fan,HPE,ProLiant DL380 Gen11,web,FAN-HPE-DL380
A19-S3-DIMM,A19-S3,A19,A,19,3,dimm,HPE,ProLiant DL380 Gen11,web,MEM-DDR5-64G-4800
A19-S3-DISK,A19-S3,A19,A,19,3,disk,HPE,ProLiant DL380 Gen11,web,SSD-NVME-U2-3T84
A19-S3-PSU,A19-S3,A19,A,19,3,psu,HPE,ProLiant DL380 Gen11,web,PSU-HPE-1600W
A19-S3-NIC,A19-S3,A19,A,19,3,nic,HPE,ProLiant DL380 Gen11,web,NIC-OCP3-25G-DP
A19-S3-FAN,A19-S3,A19,A,19,3,fan,HPE,ProLiant DL380 Gen11,web,FAN-HPE-DL380
A19-S4-DIMM,A19-S4,A19,A,19,4,dimm,HPE,ProLiant DL380 Gen11,web,MEM-DDR5-64G-4800
A19-S4-DISK,A19-S4,A19,A,19,4,disk,HPE,ProLiant DL380 Gen11,web,SSD-NVME-U2-3T84
A19-S4-PSU,A19-S4,A19,A,19,4,psu,HPE,ProLiant DL380 Gen11,web,PSU-HPE-1600W
A19-S4-NIC,A19-S4,A19,A,19,4,nic,HPE,ProLiant DL380 Gen11,web,NIC-OCP3-25G-DP
A19-S4-FAN,A19-S4,A19,A,19,4,fan,HPE,ProLiant DL380 Gen11,web,FAN-HPE-DL380
A19-S5-DIMM,A19-S5,A19,A,19,5,dimm,HPE,ProLiant DL380 Gen11,web,MEM-DDR5-64G-4800
A19-S5-DISK,A19-S5,A19,A,19,5,disk,HPE,ProLiant DL380 Gen11,web,SSD-NVME-U2-3T84
A19-S5-PSU,A19-S5,A19,A,19,5,psu,HPE,ProLiant DL380 Gen11,web,PSU-HPE-1600W
A19-S5-NIC,A19-S5,A19,A,19,5,nic,HPE,ProLiant DL380 Gen11,web,NIC-OCP3-25G-DP
A19-S5-FAN,A19-S5,A19,A,19,5,fan,HPE,ProLiant DL380 Gen11,web,FAN-HPE-DL380
A19-S6-DIMM,A19-S6,A19,A,19,6,dimm,HPE,ProLiant DL380 Gen11,web,MEM-DDR5-64G-4800
A19-S6-DISK,A19-S6,A19,A,19,6,disk,HPE,ProLiant DL380 Gen11,web,SSD-NVME-U2-3T84
A19-S6-PSU,A19-S6,A19,A,19,6,psu,HPE,ProLiant DL380 Gen11,web,PSU-HPE-1600W
A19-S6-NIC,A19-S6,A19,A,19,6,nic,HPE,ProLiant DL380 Gen11,web,NIC-OCP3-25G-DP
A19-S6-FAN,A19-S6,A19,A,19,6,fan,HPE,ProLiant DL380 Gen11,web,FAN-HPE-DL380
A19-S7-DIMM,A19-S7,A19,A,19,7,dimm,HPE,ProLiant DL380 Gen11,web,MEM-DDR5-64G-4800
A19-S7-DISK,A19-S7,A19,A,19,7,disk,HPE,ProLiant DL380 Gen11,web,SSD-NVME-U2-3T84
A19-S7-PSU,A19-S7,A19,A,19,7,psu,HPE,ProLiant DL380 Gen11,web,PSU-HPE-1600W
A19-S7-NIC,A19-S7,A19,A,19,7,nic,HPE,ProLiant DL380 Gen11,web,NIC-OCP3-25G-DP
A19-S7-FAN,A19-S7,A19,A,19,7,fan,HPE,ProLiant DL380 Gen11,web,FAN-HPE-DL380
A19-S8-DIMM,A19-S8,A19,A,19,8,dimm,HPE,ProLiant DL380 Gen11,web,MEM-DDR5-64G-4800
A19-S8-DISK,A19-S8,A19,A,19,8,disk,HPE,ProLiant DL380 Gen11,web,SSD-NVME-U2-3T84
A19-S8-PSU,A19-S8,A19,A,19,8,psu,HPE,ProLiant DL380 Gen11,web,PSU-HPE-1600W
A19-S8-NIC,A19-S8,A19,A,19,8,nic,HPE,ProLiant DL380 Gen11,web,NIC-OCP3-25G-DP
A19-S8-FAN,A19-S8,A19,A,19,8,fan,HPE,ProLiant DL380 Gen11,web,FAN-HPE-DL380
A20-S1-DIMM,A20-S1,A20,A,20,1,dimm,Lenovo,ThinkSystem SR650 V3,web,MEM-DDR5-64G-4800
A20-S1-DISK,A20-S1,A20,A,20,1,disk,Lenovo,ThinkSystem SR650 V3,web,SSD-NVME-U2-3T84
A20-S1-PSU,A20-S1,A20,A,20,1,psu,Lenovo,ThinkSystem SR650 V3,web,PSU-LNV-1100W
A20-S1-NIC,A20-S1,A20,A,20,1,nic,Lenovo,ThinkSystem SR650 V3,web,NIC-OCP3-25G-DP
A20-S1-FAN,A20-S1,A20,A,20,1,fan,Lenovo,ThinkSystem SR650 V3,web,FAN-LNV-SR650
A20-S2-DIMM,A20-S2,A20,A,20,2,dimm,Lenovo,ThinkSystem SR650 V3,web,MEM-DDR5-64G-4800
A20-S2-DISK,A20-S2,A20,A,20,2,disk,Lenovo,ThinkSystem SR650 V3,web,SSD-NVME-U2-3T84
A20-S2-PSU,A20-S2,A20,A,20,2,psu,Lenovo,ThinkSystem SR650 V3,web,PSU-LNV-1100W
A20-S2-NIC,A20-S2,A20,A,20,2,nic,Lenovo,ThinkSystem SR650 V3,web,NIC-OCP3-25G-DP
A20-S2-FAN,A20-S2,A20,A,20,2,fan,Lenovo,ThinkSystem SR650 V3,web,FAN-LNV-SR650
A20-S3-DIMM,A20-S3,A20,A,20,3,dimm,Lenovo,ThinkSystem SR650 V3,web,MEM-DDR5-64G-4800
A20-S3-DISK,A20-S3,A20,A,20,3,disk,Lenovo,ThinkSystem SR650 V3,web,SSD-NVME-U2-3T84
A20-S3-PSU,A20-S3,A20,A,20,3,psu,Lenovo,ThinkSystem SR650 V3,web,PSU-LNV-1100W
A20-S3-NIC,A20-S3,A20,A,20,3,nic,Lenovo,ThinkSystem SR650 V3,web,NIC-OCP3-25G-DP
A20-S3-FAN,A20-S3,A20,A,20,3,fan,Lenovo,ThinkSystem SR650 V3,web,FAN-LNV-SR650
A20-S4-DIMM,A20-S4,A20,A,20,4,dimm,Lenovo,ThinkSystem SR650 V3,web,MEM-DDR5-64G-4800
A20-S4-DISK,A20-S4,A20,A,20,4,disk,Lenovo,ThinkSystem SR650 V3,web,SSD-NVME-U2-3T84
A20-S4-PSU,A20-S4,A20,A,20,4,psu,Lenovo,ThinkSystem SR650 V3,web,PSU-LNV-1100W
A20-S4-NIC,A20-S4,A20,A,20,4,nic,Lenovo,ThinkSystem SR650 V3,web,NIC-OCP3-25G-DP
A20-S4-FAN,A20-S4,A20,A,20,4,fan,Lenovo,ThinkSystem SR650 V3,web,FAN-LNV-SR650
A20-S5-DIMM,A20-S5,A20,A,20,5,dimm,Lenovo,ThinkSystem SR650 V3,web,MEM-DDR5-64G-4800
A20-S5-DISK,A20-S5,A20,A,20,5,disk,Lenovo,ThinkSystem SR650 V3,web,SSD-NVME-U2-3T84
A20-S5-PSU,A20-S5,A20,A,20,5,psu,Lenovo,ThinkSystem SR650 V3,web,PSU-LNV-1100W
A20-S5-NIC,A20-S5,A20,A,20,5,nic,Lenovo,ThinkSystem SR650 V3,web,NIC-OCP3-25G-DP
A20-S5-FAN,A20-S5,A20,A,20,5,fan,Lenovo,ThinkSystem SR650 V3,web,FAN-LNV-SR650
A20-S6-DIMM,A20-S6,A20,A,20,6,dimm,Lenovo,ThinkSystem SR650 V3,web,MEM-DDR5-64G-4800
A20-S6-DISK,A20-S6,A20,A,20,6,disk,Lenovo,ThinkSystem SR650 V3,web,SSD-NVME-U2-3T84
A20-S6-PSU,A20-S6,A20,A,20,6,psu,Lenovo,ThinkSystem SR650 V3,web,PSU-LNV-1100W
A20-S6-NIC,A20-S6,A20,A,20,6,nic,Lenovo,ThinkSystem SR650 V3,web,NIC-OCP3-25G-DP
A20-S6-FAN,A20-S6,A20,A,20,6,fan,Lenovo,ThinkSystem SR650 V3,web,FAN-LNV-SR650
A20-S7-DIMM,A20-S7,A20,A,20,7,dimm,Lenovo,ThinkSystem SR650 V3,web,MEM-DDR5-64G-4800
A20-S7-DISK,A20-S7,A20,A,20,7,disk,Lenovo,ThinkSystem SR650 V3,web,SSD-NVME-U2-3T84
A20-S7-PSU,A20-S7,A20,A,20,7,psu,Lenovo,ThinkSystem SR650 V3,web,PSU-LNV-1100W
A20-S7-NIC,A20-S7,A20,A,20,7,nic,Lenovo,ThinkSystem SR650 V3,web,NIC-OCP3-25G-DP
A20-S7-FAN,A20-S7,A20,A,20,7,fan,Lenovo,ThinkSystem SR650 V3,web,FAN-LNV-SR650
A20-S8-DIMM,A20-S8,A20,A,20,8,dimm,Lenovo,ThinkSystem SR650 V3,web,MEM-DDR5-64G-4800
A20-S8-DISK,A20-S8,A20,A,20,8,disk,Lenovo,ThinkSystem SR650 V3,web,SSD-NVME-U2-3T84
A20-S8-PSU,A20-S8,A20,A,20,8,psu,Lenovo,ThinkSystem SR650 V3,web,PSU-LNV-1100W
A20-S8-NIC,A20-S8,A20,A,20,8,nic,Lenovo,ThinkSystem SR650 V3,web,NIC-OCP3-25G-DP
A20-S8-FAN,A20-S8,A20,A,20,8,fan,Lenovo,ThinkSystem SR650 V3,web,FAN-LNV-SR650
B01-S1-DIMM,B01-S1,B01,B,1,1,dimm,Lenovo,ThinkSystem SR650 V3,virtualization,MEM-DDR5-64G-4800
B01-S1-DISK,B01-S1,B01,B,1,1,disk,Lenovo,ThinkSystem SR650 V3,virtualization,SSD-NVME-U2-3T84
B01-S1-PSU,B01-S1,B01,B,1,1,psu,Lenovo,ThinkSystem SR650 V3,virtualization,PSU-LNV-1100W
B01-S1-NIC,B01-S1,B01,B,1,1,nic,Lenovo,ThinkSystem SR650 V3,virtualization,NIC-OCP3-25G-DP
B01-S1-FAN,B01-S1,B01,B,1,1,fan,Lenovo,ThinkSystem SR650 V3,virtualization,FAN-LNV-SR650
B01-S2-DIMM,B01-S2,B01,B,1,2,dimm,Lenovo,ThinkSystem SR650 V3,virtualization,MEM-DDR5-64G-4800
B01-S2-DISK,B01-S2,B01,B,1,2,disk,Lenovo,ThinkSystem SR650 V3,virtualization,SSD-NVME-U2-3T84
B01-S2-PSU,B01-S2,B01,B,1,2,psu,Lenovo,ThinkSystem SR650 V3,virtualization,PSU-LNV-1100W
B01-S2-NIC,B01-S2,B01,B,1,2,nic,Lenovo,ThinkSystem SR650 V3,virtualization,NIC-OCP3-25G-DP
B01-S2-FAN,B01-S2,B01,B,1,2,fan,Lenovo,ThinkSystem SR650 V3,virtualization,FAN-LNV-SR650
B01-S3-DIMM,B01-S3,B01,B,1,3,dimm,Lenovo,ThinkSystem SR650 V3,virtualization,MEM-DDR5-64G-4800
B01-S3-DISK,B01-S3,B01,B,1,3,disk,Lenovo,ThinkSystem SR650 V3,virtualization,SSD-NVME-U2-3T84
B01-S3-PSU,B01-S3,B01,B,1,3,psu,Lenovo,ThinkSystem SR650 V3,virtualization,PSU-LNV-1100W
B01-S3-NIC,B01-S3,B01,B,1,3,nic,Lenovo,ThinkSystem SR650 V3,virtualization,NIC-OCP3-25G-DP
B01-S3-FAN,B01-S3,B01,B,1,3,fan,Lenovo,ThinkSystem SR650 V3,virtualization,FAN-LNV-SR650
B01-S4-DIMM,B01-S4,B01,B,1,4,dimm,Lenovo,ThinkSystem SR650 V3,virtualization,MEM-DDR5-64G-4800
B01-S4-DISK,B01-S4,B01,B,1,4,disk,Lenovo,ThinkSystem SR650 V3,virtualization,SSD-NVME-U2-3T84
B01-S4-PSU,B01-S4,B01,B,1,4,psu,Lenovo,ThinkSystem SR650 V3,virtualization,PSU-LNV-1100W
B01-S4-NIC,B01-S4,B01,B,1,4,nic,Lenovo,ThinkSystem SR650 V3,virtualization,NIC-OCP3-25G-DP
B01-S4-FAN,B01-S4,B01,B,1,4,fan,Lenovo,ThinkSystem SR650 V3,virtualization,FAN-LNV-SR650
B01-S5-DIMM,B01-S5,B01,B,1,5,dimm,Lenovo,ThinkSystem SR650 V3,virtualization,MEM-DDR5-64G-4800
B01-S5-DISK,B01-S5,B01,B,1,5,disk,Lenovo,ThinkSystem SR650 V3,virtualization,SSD-NVME-U2-3T84
B01-S5-PSU,B01-S5,B01,B,1,5,psu,Lenovo,ThinkSystem SR650 V3,virtualization,PSU-LNV-1100W
B01-S5-NIC,B01-S5,B01,B,1,5,nic,Lenovo,ThinkSystem SR650 V3,virtualization,NIC-OCP3-25G-DP
B01-S5-FAN,B01-S5,B01,B,1,5,fan,Lenovo,ThinkSystem SR650 V3,virtualization,FAN-LNV-SR650
B01-S6-DIMM,B01-S6,B01,B,1,6,dimm,Lenovo,ThinkSystem SR650 V3,virtualization,MEM-DDR5-64G-4800
B01-S6-DISK,B01-S6,B01,B,1,6,disk,Lenovo,ThinkSystem SR650 V3,virtualization,SSD-NVME-U2-3T84
B01-S6-PSU,B01-S6,B01,B,1,6,psu,Lenovo,ThinkSystem SR650 V3,virtualization,PSU-LNV-1100W
B01-S6-NIC,B01-S6,B01,B,1,6,nic,Lenovo,ThinkSystem SR650 V3,virtualization,NIC-OCP3-25G-DP
B01-S6-FAN,B01-S6,B01,B,1,6,fan,Lenovo,ThinkSystem SR650 V3,virtualization,FAN-LNV-SR650
B01-S7-DIMM,B01-S7,B01,B,1,7,dimm,Lenovo,ThinkSystem SR650 V3,virtualization,MEM-DDR5-64G-4800
B01-S7-DISK,B01-S7,B01,B,1,7,disk,Lenovo,ThinkSystem SR650 V3,virtualization,SSD-NVME-U2-3T84
B01-S7-PSU,B01-S7,B01,B,1,7,psu,Lenovo,ThinkSystem SR650 V3,virtualization,PSU-LNV-1100W
B01-S7-NIC,B01-S7,B01,B,1,7,nic,Lenovo,ThinkSystem SR650 V3,virtualization,NIC-OCP3-25G-DP
B01-S7-FAN,B01-S7,B01,B,1,7,fan,Lenovo,ThinkSystem SR650 V3,virtualization,FAN-LNV-SR650
B01-S8-DIMM,B01-S8,B01,B,1,8,dimm,Lenovo,ThinkSystem SR650 V3,virtualization,MEM-DDR5-64G-4800
B01-S8-DISK,B01-S8,B01,B,1,8,disk,Lenovo,ThinkSystem SR650 V3,virtualization,SSD-NVME-U2-3T84
B01-S8-PSU,B01-S8,B01,B,1,8,psu,Lenovo,ThinkSystem SR650 V3,virtualization,PSU-LNV-1100W
B01-S8-NIC,B01-S8,B01,B,1,8,nic,Lenovo,ThinkSystem SR650 V3,virtualization,NIC-OCP3-25G-DP
B01-S8-FAN,B01-S8,B01,B,1,8,fan,Lenovo,ThinkSystem SR650 V3,virtualization,FAN-LNV-SR650
B02-S1-DIMM,B02-S1,B02,B,2,1,dimm,Dell,PowerEdge R760,virtualization,MEM-DDR5-64G-4800
B02-S1-DISK,B02-S1,B02,B,2,1,disk,Dell,PowerEdge R760,virtualization,SSD-NVME-U2-3T84
B02-S1-PSU,B02-S1,B02,B,2,1,psu,Dell,PowerEdge R760,virtualization,PSU-DEL-1400W
B02-S1-NIC,B02-S1,B02,B,2,1,nic,Dell,PowerEdge R760,virtualization,NIC-OCP3-25G-DP
B02-S1-FAN,B02-S1,B02,B,2,1,fan,Dell,PowerEdge R760,virtualization,FAN-DEL-R760
B02-S2-DIMM,B02-S2,B02,B,2,2,dimm,Dell,PowerEdge R760,virtualization,MEM-DDR5-64G-4800
B02-S2-DISK,B02-S2,B02,B,2,2,disk,Dell,PowerEdge R760,virtualization,SSD-NVME-U2-3T84
B02-S2-PSU,B02-S2,B02,B,2,2,psu,Dell,PowerEdge R760,virtualization,PSU-DEL-1400W
B02-S2-NIC,B02-S2,B02,B,2,2,nic,Dell,PowerEdge R760,virtualization,NIC-OCP3-25G-DP
B02-S2-FAN,B02-S2,B02,B,2,2,fan,Dell,PowerEdge R760,virtualization,FAN-DEL-R760
B02-S3-DIMM,B02-S3,B02,B,2,3,dimm,Dell,PowerEdge R760,virtualization,MEM-DDR5-64G-4800
B02-S3-DISK,B02-S3,B02,B,2,3,disk,Dell,PowerEdge R760,virtualization,SSD-NVME-U2-3T84
B02-S3-PSU,B02-S3,B02,B,2,3,psu,Dell,PowerEdge R760,virtualization,PSU-DEL-1400W
B02-S3-NIC,B02-S3,B02,B,2,3,nic,Dell,PowerEdge R760,virtualization,NIC-OCP3-25G-DP
B02-S3-FAN,B02-S3,B02,B,2,3,fan,Dell,PowerEdge R760,virtualization,FAN-DEL-R760
B02-S4-DIMM,B02-S4,B02,B,2,4,dimm,Dell,PowerEdge R760,virtualization,MEM-DDR5-64G-4800
B02-S4-DISK,B02-S4,B02,B,2,4,disk,Dell,PowerEdge R760,virtualization,SSD-NVME-U2-3T84
B02-S4-PSU,B02-S4,B02,B,2,4,psu,Dell,PowerEdge R760,virtualization,PSU-DEL-1400W
B02-S4-NIC,B02-S4,B02,B,2,4,nic,Dell,PowerEdge R760,virtualization,NIC-OCP3-25G-DP
B02-S4-FAN,B02-S4,B02,B,2,4,fan,Dell,PowerEdge R760,virtualization,FAN-DEL-R760
B02-S5-DIMM,B02-S5,B02,B,2,5,dimm,Dell,PowerEdge R760,virtualization,MEM-DDR5-64G-4800
B02-S5-DISK,B02-S5,B02,B,2,5,disk,Dell,PowerEdge R760,virtualization,SSD-NVME-U2-3T84
B02-S5-PSU,B02-S5,B02,B,2,5,psu,Dell,PowerEdge R760,virtualization,PSU-DEL-1400W
B02-S5-NIC,B02-S5,B02,B,2,5,nic,Dell,PowerEdge R760,virtualization,NIC-OCP3-25G-DP
B02-S5-FAN,B02-S5,B02,B,2,5,fan,Dell,PowerEdge R760,virtualization,FAN-DEL-R760
B02-S6-DIMM,B02-S6,B02,B,2,6,dimm,Dell,PowerEdge R760,virtualization,MEM-DDR5-64G-4800
B02-S6-DISK,B02-S6,B02,B,2,6,disk,Dell,PowerEdge R760,virtualization,SSD-NVME-U2-3T84
B02-S6-PSU,B02-S6,B02,B,2,6,psu,Dell,PowerEdge R760,virtualization,PSU-DEL-1400W
B02-S6-NIC,B02-S6,B02,B,2,6,nic,Dell,PowerEdge R760,virtualization,NIC-OCP3-25G-DP
B02-S6-FAN,B02-S6,B02,B,2,6,fan,Dell,PowerEdge R760,virtualization,FAN-DEL-R760
B02-S7-DIMM,B02-S7,B02,B,2,7,dimm,Dell,PowerEdge R760,virtualization,MEM-DDR5-64G-4800
B02-S7-DISK,B02-S7,B02,B,2,7,disk,Dell,PowerEdge R760,virtualization,SSD-NVME-U2-3T84
B02-S7-PSU,B02-S7,B02,B,2,7,psu,Dell,PowerEdge R760,virtualization,PSU-DEL-1400W
B02-S7-NIC,B02-S7,B02,B,2,7,nic,Dell,PowerEdge R760,virtualization,NIC-OCP3-25G-DP
B02-S7-FAN,B02-S7,B02,B,2,7,fan,Dell,PowerEdge R760,virtualization,FAN-DEL-R760
B02-S8-DIMM,B02-S8,B02,B,2,8,dimm,Dell,PowerEdge R760,virtualization,MEM-DDR5-64G-4800
B02-S8-DISK,B02-S8,B02,B,2,8,disk,Dell,PowerEdge R760,virtualization,SSD-NVME-U2-3T84
B02-S8-PSU,B02-S8,B02,B,2,8,psu,Dell,PowerEdge R760,virtualization,PSU-DEL-1400W
B02-S8-NIC,B02-S8,B02,B,2,8,nic,Dell,PowerEdge R760,virtualization,NIC-OCP3-25G-DP
B02-S8-FAN,B02-S8,B02,B,2,8,fan,Dell,PowerEdge R760,virtualization,FAN-DEL-R760
B03-S1-DIMM,B03-S1,B03,B,3,1,dimm,HPE,ProLiant DL380 Gen11,virtualization,MEM-DDR5-64G-4800
B03-S1-DISK,B03-S1,B03,B,3,1,disk,HPE,ProLiant DL380 Gen11,virtualization,SSD-NVME-U2-3T84
B03-S1-PSU,B03-S1,B03,B,3,1,psu,HPE,ProLiant DL380 Gen11,virtualization,PSU-HPE-1600W
B03-S1-NIC,B03-S1,B03,B,3,1,nic,HPE,ProLiant DL380 Gen11,virtualization,NIC-OCP3-25G-DP
B03-S1-FAN,B03-S1,B03,B,3,1,fan,HPE,ProLiant DL380 Gen11,virtualization,FAN-HPE-DL380
B03-S2-DIMM,B03-S2,B03,B,3,2,dimm,HPE,ProLiant DL380 Gen11,virtualization,MEM-DDR5-64G-4800
B03-S2-DISK,B03-S2,B03,B,3,2,disk,HPE,ProLiant DL380 Gen11,virtualization,SSD-NVME-U2-3T84
B03-S2-PSU,B03-S2,B03,B,3,2,psu,HPE,ProLiant DL380 Gen11,virtualization,PSU-HPE-1600W
B03-S2-NIC,B03-S2,B03,B,3,2,nic,HPE,ProLiant DL380 Gen11,virtualization,NIC-OCP3-25G-DP
B03-S2-FAN,B03-S2,B03,B,3,2,fan,HPE,ProLiant DL380 Gen11,virtualization,FAN-HPE-DL380
B03-S3-DIMM,B03-S3,B03,B,3,3,dimm,HPE,ProLiant DL380 Gen11,virtualization,MEM-DDR5-64G-4800
B03-S3-DISK,B03-S3,B03,B,3,3,disk,HPE,ProLiant DL380 Gen11,virtualization,SSD-NVME-U2-3T84
B03-S3-PSU,B03-S3,B03,B,3,3,psu,HPE,ProLiant DL380 Gen11,virtualization,PSU-HPE-1600W
B03-S3-NIC,B03-S3,B03,B,3,3,nic,HPE,ProLiant DL380 Gen11,virtualization,NIC-OCP3-25G-DP
B03-S3-FAN,B03-S3,B03,B,3,3,fan,HPE,ProLiant DL380 Gen11,virtualization,FAN-HPE-DL380
B03-S4-DIMM,B03-S4,B03,B,3,4,dimm,HPE,ProLiant DL380 Gen11,virtualization,MEM-DDR5-64G-4800
B03-S4-DISK,B03-S4,B03,B,3,4,disk,HPE,ProLiant DL380 Gen11,virtualization,SSD-NVME-U2-3T84
B03-S4-PSU,B03-S4,B03,B,3,4,psu,HPE,ProLiant DL380 Gen11,virtualization,PSU-HPE-1600W
B03-S4-NIC,B03-S4,B03,B,3,4,nic,HPE,ProLiant DL380 Gen11,virtualization,NIC-OCP3-25G-DP
B03-S4-FAN,B03-S4,B03,B,3,4,fan,HPE,ProLiant DL380 Gen11,virtualization,FAN-HPE-DL380
B03-S5-DIMM,B03-S5,B03,B,3,5,dimm,HPE,ProLiant DL380 Gen11,virtualization,MEM-DDR5-64G-4800
B03-S5-DISK,B03-S5,B03,B,3,5,disk,HPE,ProLiant DL380 Gen11,virtualization,SSD-NVME-U2-3T84
B03-S5-PSU,B03-S5,B03,B,3,5,psu,HPE,ProLiant DL380 Gen11,virtualization,PSU-HPE-1600W
B03-S5-NIC,B03-S5,B03,B,3,5,nic,HPE,ProLiant DL380 Gen11,virtualization,NIC-OCP3-25G-DP
B03-S5-FAN,B03-S5,B03,B,3,5,fan,HPE,ProLiant DL380 Gen11,virtualization,FAN-HPE-DL380
B03-S6-DIMM,B03-S6,B03,B,3,6,dimm,HPE,ProLiant DL380 Gen11,virtualization,MEM-DDR5-64G-4800
B03-S6-DISK,B03-S6,B03,B,3,6,disk,HPE,ProLiant DL380 Gen11,virtualization,SSD-NVME-U2-3T84
B03-S6-PSU,B03-S6,B03,B,3,6,psu,HPE,ProLiant DL380 Gen11,virtualization,PSU-HPE-1600W
B03-S6-NIC,B03-S6,B03,B,3,6,nic,HPE,ProLiant DL380 Gen11,virtualization,NIC-OCP3-25G-DP
B03-S6-FAN,B03-S6,B03,B,3,6,fan,HPE,ProLiant DL380 Gen11,virtualization,FAN-HPE-DL380
B03-S7-DIMM,B03-S7,B03,B,3,7,dimm,HPE,ProLiant DL380 Gen11,virtualization,MEM-DDR5-64G-4800
B03-S7-DISK,B03-S7,B03,B,3,7,disk,HPE,ProLiant DL380 Gen11,virtualization,SSD-NVME-U2-3T84
B03-S7-PSU,B03-S7,B03,B,3,7,psu,HPE,ProLiant DL380 Gen11,virtualization,PSU-HPE-1600W
B03-S7-NIC,B03-S7,B03,B,3,7,nic,HPE,ProLiant DL380 Gen11,virtualization,NIC-OCP3-25G-DP
B03-S7-FAN,B03-S7,B03,B,3,7,fan,HPE,ProLiant DL380 Gen11,virtualization,FAN-HPE-DL380
B03-S8-DIMM,B03-S8,B03,B,3,8,dimm,HPE,ProLiant DL380 Gen11,virtualization,MEM-DDR5-64G-4800
B03-S8-DISK,B03-S8,B03,B,3,8,disk,HPE,ProLiant DL380 Gen11,virtualization,SSD-NVME-U2-3T84
B03-S8-PSU,B03-S8,B03,B,3,8,psu,HPE,ProLiant DL380 Gen11,virtualization,PSU-HPE-1600W
B03-S8-NIC,B03-S8,B03,B,3,8,nic,HPE,ProLiant DL380 Gen11,virtualization,NIC-OCP3-25G-DP
B03-S8-FAN,B03-S8,B03,B,3,8,fan,HPE,ProLiant DL380 Gen11,virtualization,FAN-HPE-DL380
B04-S1-DIMM,B04-S1,B04,B,4,1,dimm,Lenovo,ThinkSystem SR650 V3,virtualization,MEM-DDR5-64G-4800
B04-S1-DISK,B04-S1,B04,B,4,1,disk,Lenovo,ThinkSystem SR650 V3,virtualization,SSD-NVME-U2-3T84
B04-S1-PSU,B04-S1,B04,B,4,1,psu,Lenovo,ThinkSystem SR650 V3,virtualization,PSU-LNV-1100W
B04-S1-NIC,B04-S1,B04,B,4,1,nic,Lenovo,ThinkSystem SR650 V3,virtualization,NIC-OCP3-25G-DP
B04-S1-FAN,B04-S1,B04,B,4,1,fan,Lenovo,ThinkSystem SR650 V3,virtualization,FAN-LNV-SR650
B04-S2-DIMM,B04-S2,B04,B,4,2,dimm,Lenovo,ThinkSystem SR650 V3,virtualization,MEM-DDR5-64G-4800
B04-S2-DISK,B04-S2,B04,B,4,2,disk,Lenovo,ThinkSystem SR650 V3,virtualization,SSD-NVME-U2-3T84
B04-S2-PSU,B04-S2,B04,B,4,2,psu,Lenovo,ThinkSystem SR650 V3,virtualization,PSU-LNV-1100W
B04-S2-NIC,B04-S2,B04,B,4,2,nic,Lenovo,ThinkSystem SR650 V3,virtualization,NIC-OCP3-25G-DP
B04-S2-FAN,B04-S2,B04,B,4,2,fan,Lenovo,ThinkSystem SR650 V3,virtualization,FAN-LNV-SR650
B04-S3-DIMM,B04-S3,B04,B,4,3,dimm,Lenovo,ThinkSystem SR650 V3,virtualization,MEM-DDR5-64G-4800
B04-S3-DISK,B04-S3,B04,B,4,3,disk,Lenovo,ThinkSystem SR650 V3,virtualization,SSD-NVME-U2-3T84
B04-S3-PSU,B04-S3,B04,B,4,3,psu,Lenovo,ThinkSystem SR650 V3,virtualization,PSU-LNV-1100W
B04-S3-NIC,B04-S3,B04,B,4,3,nic,Lenovo,ThinkSystem SR650 V3,virtualization,NIC-OCP3-25G-DP
B04-S3-FAN,B04-S3,B04,B,4,3,fan,Lenovo,ThinkSystem SR650 V3,virtualization,FAN-LNV-SR650
B04-S4-DIMM,B04-S4,B04,B,4,4,dimm,Lenovo,ThinkSystem SR650 V3,virtualization,MEM-DDR5-64G-4800
B04-S4-DISK,B04-S4,B04,B,4,4,disk,Lenovo,ThinkSystem SR650 V3,virtualization,SSD-NVME-U2-3T84
B04-S4-PSU,B04-S4,B04,B,4,4,psu,Lenovo,ThinkSystem SR650 V3,virtualization,PSU-LNV-1100W
B04-S4-NIC,B04-S4,B04,B,4,4,nic,Lenovo,ThinkSystem SR650 V3,virtualization,NIC-OCP3-25G-DP
B04-S4-FAN,B04-S4,B04,B,4,4,fan,Lenovo,ThinkSystem SR650 V3,virtualization,FAN-LNV-SR650
B04-S5-DIMM,B04-S5,B04,B,4,5,dimm,Lenovo,ThinkSystem SR650 V3,virtualization,MEM-DDR5-64G-4800
B04-S5-DISK,B04-S5,B04,B,4,5,disk,Lenovo,ThinkSystem SR650 V3,virtualization,SSD-NVME-U2-3T84
B04-S5-PSU,B04-S5,B04,B,4,5,psu,Lenovo,ThinkSystem SR650 V3,virtualization,PSU-LNV-1100W
B04-S5-NIC,B04-S5,B04,B,4,5,nic,Lenovo,ThinkSystem SR650 V3,virtualization,NIC-OCP3-25G-DP
B04-S5-FAN,B04-S5,B04,B,4,5,fan,Lenovo,ThinkSystem SR650 V3,virtualization,FAN-LNV-SR650
B04-S6-DIMM,B04-S6,B04,B,4,6,dimm,Lenovo,ThinkSystem SR650 V3,virtualization,MEM-DDR5-64G-4800
B04-S6-DISK,B04-S6,B04,B,4,6,disk,Lenovo,ThinkSystem SR650 V3,virtualization,SSD-NVME-U2-3T84
B04-S6-PSU,B04-S6,B04,B,4,6,psu,Lenovo,ThinkSystem SR650 V3,virtualization,PSU-LNV-1100W
B04-S6-NIC,B04-S6,B04,B,4,6,nic,Lenovo,ThinkSystem SR650 V3,virtualization,NIC-OCP3-25G-DP
B04-S6-FAN,B04-S6,B04,B,4,6,fan,Lenovo,ThinkSystem SR650 V3,virtualization,FAN-LNV-SR650
B04-S7-DIMM,B04-S7,B04,B,4,7,dimm,Lenovo,ThinkSystem SR650 V3,virtualization,MEM-DDR5-64G-4800
B04-S7-DISK,B04-S7,B04,B,4,7,disk,Lenovo,ThinkSystem SR650 V3,virtualization,SSD-NVME-U2-3T84
B04-S7-PSU,B04-S7,B04,B,4,7,psu,Lenovo,ThinkSystem SR650 V3,virtualization,PSU-LNV-1100W
B04-S7-NIC,B04-S7,B04,B,4,7,nic,Lenovo,ThinkSystem SR650 V3,virtualization,NIC-OCP3-25G-DP
B04-S7-FAN,B04-S7,B04,B,4,7,fan,Lenovo,ThinkSystem SR650 V3,virtualization,FAN-LNV-SR650
B04-S8-DIMM,B04-S8,B04,B,4,8,dimm,Lenovo,ThinkSystem SR650 V3,virtualization,MEM-DDR5-64G-4800
B04-S8-DISK,B04-S8,B04,B,4,8,disk,Lenovo,ThinkSystem SR650 V3,virtualization,SSD-NVME-U2-3T84
B04-S8-PSU,B04-S8,B04,B,4,8,psu,Lenovo,ThinkSystem SR650 V3,virtualization,PSU-LNV-1100W
B04-S8-NIC,B04-S8,B04,B,4,8,nic,Lenovo,ThinkSystem SR650 V3,virtualization,NIC-OCP3-25G-DP
B04-S8-FAN,B04-S8,B04,B,4,8,fan,Lenovo,ThinkSystem SR650 V3,virtualization,FAN-LNV-SR650
B05-S1-DIMM,B05-S1,B05,B,5,1,dimm,Dell,PowerEdge R760,virtualization,MEM-DDR5-64G-4800
B05-S1-DISK,B05-S1,B05,B,5,1,disk,Dell,PowerEdge R760,virtualization,SSD-NVME-U2-3T84
B05-S1-PSU,B05-S1,B05,B,5,1,psu,Dell,PowerEdge R760,virtualization,PSU-DEL-1400W
B05-S1-NIC,B05-S1,B05,B,5,1,nic,Dell,PowerEdge R760,virtualization,NIC-OCP3-25G-DP
B05-S1-FAN,B05-S1,B05,B,5,1,fan,Dell,PowerEdge R760,virtualization,FAN-DEL-R760
B05-S2-DIMM,B05-S2,B05,B,5,2,dimm,Dell,PowerEdge R760,virtualization,MEM-DDR5-64G-4800
B05-S2-DISK,B05-S2,B05,B,5,2,disk,Dell,PowerEdge R760,virtualization,SSD-NVME-U2-3T84
B05-S2-PSU,B05-S2,B05,B,5,2,psu,Dell,PowerEdge R760,virtualization,PSU-DEL-1400W
B05-S2-NIC,B05-S2,B05,B,5,2,nic,Dell,PowerEdge R760,virtualization,NIC-OCP3-25G-DP
B05-S2-FAN,B05-S2,B05,B,5,2,fan,Dell,PowerEdge R760,virtualization,FAN-DEL-R760
B05-S3-DIMM,B05-S3,B05,B,5,3,dimm,Dell,PowerEdge R760,virtualization,MEM-DDR5-64G-4800
B05-S3-DISK,B05-S3,B05,B,5,3,disk,Dell,PowerEdge R760,virtualization,SSD-NVME-U2-3T84
B05-S3-PSU,B05-S3,B05,B,5,3,psu,Dell,PowerEdge R760,virtualization,PSU-DEL-1400W
B05-S3-NIC,B05-S3,B05,B,5,3,nic,Dell,PowerEdge R760,virtualization,NIC-OCP3-25G-DP
B05-S3-FAN,B05-S3,B05,B,5,3,fan,Dell,PowerEdge R760,virtualization,FAN-DEL-R760
B05-S4-DIMM,B05-S4,B05,B,5,4,dimm,Dell,PowerEdge R760,virtualization,MEM-DDR5-64G-4800
B05-S4-DISK,B05-S4,B05,B,5,4,disk,Dell,PowerEdge R760,virtualization,SSD-NVME-U2-3T84
B05-S4-PSU,B05-S4,B05,B,5,4,psu,Dell,PowerEdge R760,virtualization,PSU-DEL-1400W
B05-S4-NIC,B05-S4,B05,B,5,4,nic,Dell,PowerEdge R760,virtualization,NIC-OCP3-25G-DP
B05-S4-FAN,B05-S4,B05,B,5,4,fan,Dell,PowerEdge R760,virtualization,FAN-DEL-R760
B05-S5-DIMM,B05-S5,B05,B,5,5,dimm,Dell,PowerEdge R760,virtualization,MEM-DDR5-64G-4800
B05-S5-DISK,B05-S5,B05,B,5,5,disk,Dell,PowerEdge R760,virtualization,SSD-NVME-U2-3T84
B05-S5-PSU,B05-S5,B05,B,5,5,psu,Dell,PowerEdge R760,virtualization,PSU-DEL-1400W
B05-S5-NIC,B05-S5,B05,B,5,5,nic,Dell,PowerEdge R760,virtualization,NIC-OCP3-25G-DP
B05-S5-FAN,B05-S5,B05,B,5,5,fan,Dell,PowerEdge R760,virtualization,FAN-DEL-R760
B05-S6-DIMM,B05-S6,B05,B,5,6,dimm,Dell,PowerEdge R760,virtualization,MEM-DDR5-64G-4800
B05-S6-DISK,B05-S6,B05,B,5,6,disk,Dell,PowerEdge R760,virtualization,SSD-NVME-U2-3T84
B05-S6-PSU,B05-S6,B05,B,5,6,psu,Dell,PowerEdge R760,virtualization,PSU-DEL-1400W
B05-S6-NIC,B05-S6,B05,B,5,6,nic,Dell,PowerEdge R760,virtualization,NIC-OCP3-25G-DP
B05-S6-FAN,B05-S6,B05,B,5,6,fan,Dell,PowerEdge R760,virtualization,FAN-DEL-R760
B05-S7-DIMM,B05-S7,B05,B,5,7,dimm,Dell,PowerEdge R760,virtualization,MEM-DDR5-64G-4800
B05-S7-DISK,B05-S7,B05,B,5,7,disk,Dell,PowerEdge R760,virtualization,SSD-NVME-U2-3T84
B05-S7-PSU,B05-S7,B05,B,5,7,psu,Dell,PowerEdge R760,virtualization,PSU-DEL-1400W
B05-S7-NIC,B05-S7,B05,B,5,7,nic,Dell,PowerEdge R760,virtualization,NIC-OCP3-25G-DP
B05-S7-FAN,B05-S7,B05,B,5,7,fan,Dell,PowerEdge R760,virtualization,FAN-DEL-R760
B05-S8-DIMM,B05-S8,B05,B,5,8,dimm,Dell,PowerEdge R760,virtualization,MEM-DDR5-64G-4800
B05-S8-DISK,B05-S8,B05,B,5,8,disk,Dell,PowerEdge R760,virtualization,SSD-NVME-U2-3T84
B05-S8-PSU,B05-S8,B05,B,5,8,psu,Dell,PowerEdge R760,virtualization,PSU-DEL-1400W
B05-S8-NIC,B05-S8,B05,B,5,8,nic,Dell,PowerEdge R760,virtualization,NIC-OCP3-25G-DP
B05-S8-FAN,B05-S8,B05,B,5,8,fan,Dell,PowerEdge R760,virtualization,FAN-DEL-R760
B06-S1-DIMM,B06-S1,B06,B,6,1,dimm,HPE,ProLiant DL380 Gen11,virtualization,MEM-DDR5-64G-4800
B06-S1-DISK,B06-S1,B06,B,6,1,disk,HPE,ProLiant DL380 Gen11,virtualization,SSD-NVME-U2-3T84
B06-S1-PSU,B06-S1,B06,B,6,1,psu,HPE,ProLiant DL380 Gen11,virtualization,PSU-HPE-1600W
B06-S1-NIC,B06-S1,B06,B,6,1,nic,HPE,ProLiant DL380 Gen11,virtualization,NIC-OCP3-25G-DP
B06-S1-FAN,B06-S1,B06,B,6,1,fan,HPE,ProLiant DL380 Gen11,virtualization,FAN-HPE-DL380
B06-S2-DIMM,B06-S2,B06,B,6,2,dimm,HPE,ProLiant DL380 Gen11,virtualization,MEM-DDR5-64G-4800
B06-S2-DISK,B06-S2,B06,B,6,2,disk,HPE,ProLiant DL380 Gen11,virtualization,SSD-NVME-U2-3T84
B06-S2-PSU,B06-S2,B06,B,6,2,psu,HPE,ProLiant DL380 Gen11,virtualization,PSU-HPE-1600W
B06-S2-NIC,B06-S2,B06,B,6,2,nic,HPE,ProLiant DL380 Gen11,virtualization,NIC-OCP3-25G-DP
B06-S2-FAN,B06-S2,B06,B,6,2,fan,HPE,ProLiant DL380 Gen11,virtualization,FAN-HPE-DL380
B06-S3-DIMM,B06-S3,B06,B,6,3,dimm,HPE,ProLiant DL380 Gen11,virtualization,MEM-DDR5-64G-4800
B06-S3-DISK,B06-S3,B06,B,6,3,disk,HPE,ProLiant DL380 Gen11,virtualization,SSD-NVME-U2-3T84
B06-S3-PSU,B06-S3,B06,B,6,3,psu,HPE,ProLiant DL380 Gen11,virtualization,PSU-HPE-1600W
B06-S3-NIC,B06-S3,B06,B,6,3,nic,HPE,ProLiant DL380 Gen11,virtualization,NIC-OCP3-25G-DP
B06-S3-FAN,B06-S3,B06,B,6,3,fan,HPE,ProLiant DL380 Gen11,virtualization,FAN-HPE-DL380
B06-S4-DIMM,B06-S4,B06,B,6,4,dimm,HPE,ProLiant DL380 Gen11,virtualization,MEM-DDR5-64G-4800
B06-S4-DISK,B06-S4,B06,B,6,4,disk,HPE,ProLiant DL380 Gen11,virtualization,SSD-NVME-U2-3T84
B06-S4-PSU,B06-S4,B06,B,6,4,psu,HPE,ProLiant DL380 Gen11,virtualization,PSU-HPE-1600W
B06-S4-NIC,B06-S4,B06,B,6,4,nic,HPE,ProLiant DL380 Gen11,virtualization,NIC-OCP3-25G-DP
B06-S4-FAN,B06-S4,B06,B,6,4,fan,HPE,ProLiant DL380 Gen11,virtualization,FAN-HPE-DL380
B06-S5-DIMM,B06-S5,B06,B,6,5,dimm,HPE,ProLiant DL380 Gen11,virtualization,MEM-DDR5-64G-4800
B06-S5-DISK,B06-S5,B06,B,6,5,disk,HPE,ProLiant DL380 Gen11,virtualization,SSD-NVME-U2-3T84
B06-S5-PSU,B06-S5,B06,B,6,5,psu,HPE,ProLiant DL380 Gen11,virtualization,PSU-HPE-1600W
B06-S5-NIC,B06-S5,B06,B,6,5,nic,HPE,ProLiant DL380 Gen11,virtualization,NIC-OCP3-25G-DP
B06-S5-FAN,B06-S5,B06,B,6,5,fan,HPE,ProLiant DL380 Gen11,virtualization,FAN-HPE-DL380
B06-S6-DIMM,B06-S6,B06,B,6,6,dimm,HPE,ProLiant DL380 Gen11,virtualization,MEM-DDR5-64G-4800
B06-S6-DISK,B06-S6,B06,B,6,6,disk,HPE,ProLiant DL380 Gen11,virtualization,SSD-NVME-U2-3T84
B06-S6-PSU,B06-S6,B06,B,6,6,psu,HPE,ProLiant DL380 Gen11,virtualization,PSU-HPE-1600W
B06-S6-NIC,B06-S6,B06,B,6,6,nic,HPE,ProLiant DL380 Gen11,virtualization,NIC-OCP3-25G-DP
B06-S6-FAN,B06-S6,B06,B,6,6,fan,HPE,ProLiant DL380 Gen11,virtualization,FAN-HPE-DL380
B06-S7-DIMM,B06-S7,B06,B,6,7,dimm,HPE,ProLiant DL380 Gen11,virtualization,MEM-DDR5-64G-4800
B06-S7-DISK,B06-S7,B06,B,6,7,disk,HPE,ProLiant DL380 Gen11,virtualization,SSD-NVME-U2-3T84
B06-S7-PSU,B06-S7,B06,B,6,7,psu,HPE,ProLiant DL380 Gen11,virtualization,PSU-HPE-1600W
B06-S7-NIC,B06-S7,B06,B,6,7,nic,HPE,ProLiant DL380 Gen11,virtualization,NIC-OCP3-25G-DP
B06-S7-FAN,B06-S7,B06,B,6,7,fan,HPE,ProLiant DL380 Gen11,virtualization,FAN-HPE-DL380
B06-S8-DIMM,B06-S8,B06,B,6,8,dimm,HPE,ProLiant DL380 Gen11,virtualization,MEM-DDR5-64G-4800
B06-S8-DISK,B06-S8,B06,B,6,8,disk,HPE,ProLiant DL380 Gen11,virtualization,SSD-NVME-U2-3T84
B06-S8-PSU,B06-S8,B06,B,6,8,psu,HPE,ProLiant DL380 Gen11,virtualization,PSU-HPE-1600W
B06-S8-NIC,B06-S8,B06,B,6,8,nic,HPE,ProLiant DL380 Gen11,virtualization,NIC-OCP3-25G-DP
B06-S8-FAN,B06-S8,B06,B,6,8,fan,HPE,ProLiant DL380 Gen11,virtualization,FAN-HPE-DL380
B07-S1-DIMM,B07-S1,B07,B,7,1,dimm,Lenovo,ThinkSystem SR650 V3,virtualization,MEM-DDR5-64G-4800
B07-S1-DISK,B07-S1,B07,B,7,1,disk,Lenovo,ThinkSystem SR650 V3,virtualization,SSD-NVME-U2-3T84
B07-S1-PSU,B07-S1,B07,B,7,1,psu,Lenovo,ThinkSystem SR650 V3,virtualization,PSU-LNV-1100W
B07-S1-NIC,B07-S1,B07,B,7,1,nic,Lenovo,ThinkSystem SR650 V3,virtualization,NIC-OCP3-25G-DP
B07-S1-FAN,B07-S1,B07,B,7,1,fan,Lenovo,ThinkSystem SR650 V3,virtualization,FAN-LNV-SR650
B07-S2-DIMM,B07-S2,B07,B,7,2,dimm,Lenovo,ThinkSystem SR650 V3,virtualization,MEM-DDR5-64G-4800
B07-S2-DISK,B07-S2,B07,B,7,2,disk,Lenovo,ThinkSystem SR650 V3,virtualization,SSD-NVME-U2-3T84
B07-S2-PSU,B07-S2,B07,B,7,2,psu,Lenovo,ThinkSystem SR650 V3,virtualization,PSU-LNV-1100W
B07-S2-NIC,B07-S2,B07,B,7,2,nic,Lenovo,ThinkSystem SR650 V3,virtualization,NIC-OCP3-25G-DP
B07-S2-FAN,B07-S2,B07,B,7,2,fan,Lenovo,ThinkSystem SR650 V3,virtualization,FAN-LNV-SR650
B07-S3-DIMM,B07-S3,B07,B,7,3,dimm,Lenovo,ThinkSystem SR650 V3,virtualization,MEM-DDR5-64G-4800
B07-S3-DISK,B07-S3,B07,B,7,3,disk,Lenovo,ThinkSystem SR650 V3,virtualization,SSD-NVME-U2-3T84
B07-S3-PSU,B07-S3,B07,B,7,3,psu,Lenovo,ThinkSystem SR650 V3,virtualization,PSU-LNV-1100W
B07-S3-NIC,B07-S3,B07,B,7,3,nic,Lenovo,ThinkSystem SR650 V3,virtualization,NIC-OCP3-25G-DP
B07-S3-FAN,B07-S3,B07,B,7,3,fan,Lenovo,ThinkSystem SR650 V3,virtualization,FAN-LNV-SR650
B07-S4-DIMM,B07-S4,B07,B,7,4,dimm,Lenovo,ThinkSystem SR650 V3,virtualization,MEM-DDR5-64G-4800
B07-S4-DISK,B07-S4,B07,B,7,4,disk,Lenovo,ThinkSystem SR650 V3,virtualization,SSD-NVME-U2-3T84
B07-S4-PSU,B07-S4,B07,B,7,4,psu,Lenovo,ThinkSystem SR650 V3,virtualization,PSU-LNV-1100W
B07-S4-NIC,B07-S4,B07,B,7,4,nic,Lenovo,ThinkSystem SR650 V3,virtualization,NIC-OCP3-25G-DP
B07-S4-FAN,B07-S4,B07,B,7,4,fan,Lenovo,ThinkSystem SR650 V3,virtualization,FAN-LNV-SR650
B07-S5-DIMM,B07-S5,B07,B,7,5,dimm,Lenovo,ThinkSystem SR650 V3,virtualization,MEM-DDR5-64G-4800
B07-S5-DISK,B07-S5,B07,B,7,5,disk,Lenovo,ThinkSystem SR650 V3,virtualization,SSD-NVME-U2-3T84
B07-S5-PSU,B07-S5,B07,B,7,5,psu,Lenovo,ThinkSystem SR650 V3,virtualization,PSU-LNV-1100W
B07-S5-NIC,B07-S5,B07,B,7,5,nic,Lenovo,ThinkSystem SR650 V3,virtualization,NIC-OCP3-25G-DP
B07-S5-FAN,B07-S5,B07,B,7,5,fan,Lenovo,ThinkSystem SR650 V3,virtualization,FAN-LNV-SR650
B07-S6-DIMM,B07-S6,B07,B,7,6,dimm,Lenovo,ThinkSystem SR650 V3,virtualization,MEM-DDR5-64G-4800
B07-S6-DISK,B07-S6,B07,B,7,6,disk,Lenovo,ThinkSystem SR650 V3,virtualization,SSD-NVME-U2-3T84
B07-S6-PSU,B07-S6,B07,B,7,6,psu,Lenovo,ThinkSystem SR650 V3,virtualization,PSU-LNV-1100W
B07-S6-NIC,B07-S6,B07,B,7,6,nic,Lenovo,ThinkSystem SR650 V3,virtualization,NIC-OCP3-25G-DP
B07-S6-FAN,B07-S6,B07,B,7,6,fan,Lenovo,ThinkSystem SR650 V3,virtualization,FAN-LNV-SR650
B07-S7-DIMM,B07-S7,B07,B,7,7,dimm,Lenovo,ThinkSystem SR650 V3,virtualization,MEM-DDR5-64G-4800
B07-S7-DISK,B07-S7,B07,B,7,7,disk,Lenovo,ThinkSystem SR650 V3,virtualization,SSD-NVME-U2-3T84
B07-S7-PSU,B07-S7,B07,B,7,7,psu,Lenovo,ThinkSystem SR650 V3,virtualization,PSU-LNV-1100W
B07-S7-NIC,B07-S7,B07,B,7,7,nic,Lenovo,ThinkSystem SR650 V3,virtualization,NIC-OCP3-25G-DP
B07-S7-FAN,B07-S7,B07,B,7,7,fan,Lenovo,ThinkSystem SR650 V3,virtualization,FAN-LNV-SR650
B07-S8-DIMM,B07-S8,B07,B,7,8,dimm,Lenovo,ThinkSystem SR650 V3,virtualization,MEM-DDR5-64G-4800
B07-S8-DISK,B07-S8,B07,B,7,8,disk,Lenovo,ThinkSystem SR650 V3,virtualization,SSD-NVME-U2-3T84
B07-S8-PSU,B07-S8,B07,B,7,8,psu,Lenovo,ThinkSystem SR650 V3,virtualization,PSU-LNV-1100W
B07-S8-NIC,B07-S8,B07,B,7,8,nic,Lenovo,ThinkSystem SR650 V3,virtualization,NIC-OCP3-25G-DP
B07-S8-FAN,B07-S8,B07,B,7,8,fan,Lenovo,ThinkSystem SR650 V3,virtualization,FAN-LNV-SR650
B08-S1-DIMM,B08-S1,B08,B,8,1,dimm,Dell,PowerEdge R760,virtualization,MEM-DDR5-64G-4800
B08-S1-DISK,B08-S1,B08,B,8,1,disk,Dell,PowerEdge R760,virtualization,SSD-NVME-U2-3T84
B08-S1-PSU,B08-S1,B08,B,8,1,psu,Dell,PowerEdge R760,virtualization,PSU-DEL-1400W
B08-S1-NIC,B08-S1,B08,B,8,1,nic,Dell,PowerEdge R760,virtualization,NIC-OCP3-25G-DP
B08-S1-FAN,B08-S1,B08,B,8,1,fan,Dell,PowerEdge R760,virtualization,FAN-DEL-R760
B08-S2-DIMM,B08-S2,B08,B,8,2,dimm,Dell,PowerEdge R760,virtualization,MEM-DDR5-64G-4800
B08-S2-DISK,B08-S2,B08,B,8,2,disk,Dell,PowerEdge R760,virtualization,SSD-NVME-U2-3T84
B08-S2-PSU,B08-S2,B08,B,8,2,psu,Dell,PowerEdge R760,virtualization,PSU-DEL-1400W
B08-S2-NIC,B08-S2,B08,B,8,2,nic,Dell,PowerEdge R760,virtualization,NIC-OCP3-25G-DP
B08-S2-FAN,B08-S2,B08,B,8,2,fan,Dell,PowerEdge R760,virtualization,FAN-DEL-R760
B08-S3-DIMM,B08-S3,B08,B,8,3,dimm,Dell,PowerEdge R760,virtualization,MEM-DDR5-64G-4800
B08-S3-DISK,B08-S3,B08,B,8,3,disk,Dell,PowerEdge R760,virtualization,SSD-NVME-U2-3T84
B08-S3-PSU,B08-S3,B08,B,8,3,psu,Dell,PowerEdge R760,virtualization,PSU-DEL-1400W
B08-S3-NIC,B08-S3,B08,B,8,3,nic,Dell,PowerEdge R760,virtualization,NIC-OCP3-25G-DP
B08-S3-FAN,B08-S3,B08,B,8,3,fan,Dell,PowerEdge R760,virtualization,FAN-DEL-R760
B08-S4-DIMM,B08-S4,B08,B,8,4,dimm,Dell,PowerEdge R760,virtualization,MEM-DDR5-64G-4800
B08-S4-DISK,B08-S4,B08,B,8,4,disk,Dell,PowerEdge R760,virtualization,SSD-NVME-U2-3T84
B08-S4-PSU,B08-S4,B08,B,8,4,psu,Dell,PowerEdge R760,virtualization,PSU-DEL-1400W
B08-S4-NIC,B08-S4,B08,B,8,4,nic,Dell,PowerEdge R760,virtualization,NIC-OCP3-25G-DP
B08-S4-FAN,B08-S4,B08,B,8,4,fan,Dell,PowerEdge R760,virtualization,FAN-DEL-R760
B08-S5-DIMM,B08-S5,B08,B,8,5,dimm,Dell,PowerEdge R760,virtualization,MEM-DDR5-64G-4800
B08-S5-DISK,B08-S5,B08,B,8,5,disk,Dell,PowerEdge R760,virtualization,SSD-NVME-U2-3T84
B08-S5-PSU,B08-S5,B08,B,8,5,psu,Dell,PowerEdge R760,virtualization,PSU-DEL-1400W
B08-S5-NIC,B08-S5,B08,B,8,5,nic,Dell,PowerEdge R760,virtualization,NIC-OCP3-25G-DP
B08-S5-FAN,B08-S5,B08,B,8,5,fan,Dell,PowerEdge R760,virtualization,FAN-DEL-R760
B08-S6-DIMM,B08-S6,B08,B,8,6,dimm,Dell,PowerEdge R760,virtualization,MEM-DDR5-64G-4800
B08-S6-DISK,B08-S6,B08,B,8,6,disk,Dell,PowerEdge R760,virtualization,SSD-NVME-U2-3T84
B08-S6-PSU,B08-S6,B08,B,8,6,psu,Dell,PowerEdge R760,virtualization,PSU-DEL-1400W
B08-S6-NIC,B08-S6,B08,B,8,6,nic,Dell,PowerEdge R760,virtualization,NIC-OCP3-25G-DP
B08-S6-FAN,B08-S6,B08,B,8,6,fan,Dell,PowerEdge R760,virtualization,FAN-DEL-R760
B08-S7-DIMM,B08-S7,B08,B,8,7,dimm,Dell,PowerEdge R760,virtualization,MEM-DDR5-64G-4800
B08-S7-DISK,B08-S7,B08,B,8,7,disk,Dell,PowerEdge R760,virtualization,SSD-NVME-U2-3T84
B08-S7-PSU,B08-S7,B08,B,8,7,psu,Dell,PowerEdge R760,virtualization,PSU-DEL-1400W
B08-S7-NIC,B08-S7,B08,B,8,7,nic,Dell,PowerEdge R760,virtualization,NIC-OCP3-25G-DP
B08-S7-FAN,B08-S7,B08,B,8,7,fan,Dell,PowerEdge R760,virtualization,FAN-DEL-R760
B08-S8-DIMM,B08-S8,B08,B,8,8,dimm,Dell,PowerEdge R760,virtualization,MEM-DDR5-64G-4800
B08-S8-DISK,B08-S8,B08,B,8,8,disk,Dell,PowerEdge R760,virtualization,SSD-NVME-U2-3T84
B08-S8-PSU,B08-S8,B08,B,8,8,psu,Dell,PowerEdge R760,virtualization,PSU-DEL-1400W
B08-S8-NIC,B08-S8,B08,B,8,8,nic,Dell,PowerEdge R760,virtualization,NIC-OCP3-25G-DP
B08-S8-FAN,B08-S8,B08,B,8,8,fan,Dell,PowerEdge R760,virtualization,FAN-DEL-R760
B09-S1-DIMM,B09-S1,B09,B,9,1,dimm,HPE,ProLiant DL380 Gen11,virtualization,MEM-DDR5-64G-4800
B09-S1-DISK,B09-S1,B09,B,9,1,disk,HPE,ProLiant DL380 Gen11,virtualization,SSD-NVME-U2-3T84
B09-S1-PSU,B09-S1,B09,B,9,1,psu,HPE,ProLiant DL380 Gen11,virtualization,PSU-HPE-1600W
B09-S1-NIC,B09-S1,B09,B,9,1,nic,HPE,ProLiant DL380 Gen11,virtualization,NIC-OCP3-25G-DP
B09-S1-FAN,B09-S1,B09,B,9,1,fan,HPE,ProLiant DL380 Gen11,virtualization,FAN-HPE-DL380
B09-S2-DIMM,B09-S2,B09,B,9,2,dimm,HPE,ProLiant DL380 Gen11,virtualization,MEM-DDR5-64G-4800
B09-S2-DISK,B09-S2,B09,B,9,2,disk,HPE,ProLiant DL380 Gen11,virtualization,SSD-NVME-U2-3T84
B09-S2-PSU,B09-S2,B09,B,9,2,psu,HPE,ProLiant DL380 Gen11,virtualization,PSU-HPE-1600W
B09-S2-NIC,B09-S2,B09,B,9,2,nic,HPE,ProLiant DL380 Gen11,virtualization,NIC-OCP3-25G-DP
B09-S2-FAN,B09-S2,B09,B,9,2,fan,HPE,ProLiant DL380 Gen11,virtualization,FAN-HPE-DL380
B09-S3-DIMM,B09-S3,B09,B,9,3,dimm,HPE,ProLiant DL380 Gen11,virtualization,MEM-DDR5-64G-4800
B09-S3-DISK,B09-S3,B09,B,9,3,disk,HPE,ProLiant DL380 Gen11,virtualization,SSD-NVME-U2-3T84
B09-S3-PSU,B09-S3,B09,B,9,3,psu,HPE,ProLiant DL380 Gen11,virtualization,PSU-HPE-1600W
B09-S3-NIC,B09-S3,B09,B,9,3,nic,HPE,ProLiant DL380 Gen11,virtualization,NIC-OCP3-25G-DP
B09-S3-FAN,B09-S3,B09,B,9,3,fan,HPE,ProLiant DL380 Gen11,virtualization,FAN-HPE-DL380
B09-S4-DIMM,B09-S4,B09,B,9,4,dimm,HPE,ProLiant DL380 Gen11,virtualization,MEM-DDR5-64G-4800
B09-S4-DISK,B09-S4,B09,B,9,4,disk,HPE,ProLiant DL380 Gen11,virtualization,SSD-NVME-U2-3T84
B09-S4-PSU,B09-S4,B09,B,9,4,psu,HPE,ProLiant DL380 Gen11,virtualization,PSU-HPE-1600W
B09-S4-NIC,B09-S4,B09,B,9,4,nic,HPE,ProLiant DL380 Gen11,virtualization,NIC-OCP3-25G-DP
B09-S4-FAN,B09-S4,B09,B,9,4,fan,HPE,ProLiant DL380 Gen11,virtualization,FAN-HPE-DL380
B09-S5-DIMM,B09-S5,B09,B,9,5,dimm,HPE,ProLiant DL380 Gen11,virtualization,MEM-DDR5-64G-4800
B09-S5-DISK,B09-S5,B09,B,9,5,disk,HPE,ProLiant DL380 Gen11,virtualization,SSD-NVME-U2-3T84
B09-S5-PSU,B09-S5,B09,B,9,5,psu,HPE,ProLiant DL380 Gen11,virtualization,PSU-HPE-1600W
B09-S5-NIC,B09-S5,B09,B,9,5,nic,HPE,ProLiant DL380 Gen11,virtualization,NIC-OCP3-25G-DP
B09-S5-FAN,B09-S5,B09,B,9,5,fan,HPE,ProLiant DL380 Gen11,virtualization,FAN-HPE-DL380
B09-S6-DIMM,B09-S6,B09,B,9,6,dimm,HPE,ProLiant DL380 Gen11,virtualization,MEM-DDR5-64G-4800
B09-S6-DISK,B09-S6,B09,B,9,6,disk,HPE,ProLiant DL380 Gen11,virtualization,SSD-NVME-U2-3T84
B09-S6-PSU,B09-S6,B09,B,9,6,psu,HPE,ProLiant DL380 Gen11,virtualization,PSU-HPE-1600W
B09-S6-NIC,B09-S6,B09,B,9,6,nic,HPE,ProLiant DL380 Gen11,virtualization,NIC-OCP3-25G-DP
B09-S6-FAN,B09-S6,B09,B,9,6,fan,HPE,ProLiant DL380 Gen11,virtualization,FAN-HPE-DL380
B09-S7-DIMM,B09-S7,B09,B,9,7,dimm,HPE,ProLiant DL380 Gen11,virtualization,MEM-DDR5-64G-4800
B09-S7-DISK,B09-S7,B09,B,9,7,disk,HPE,ProLiant DL380 Gen11,virtualization,SSD-NVME-U2-3T84
B09-S7-PSU,B09-S7,B09,B,9,7,psu,HPE,ProLiant DL380 Gen11,virtualization,PSU-HPE-1600W
B09-S7-NIC,B09-S7,B09,B,9,7,nic,HPE,ProLiant DL380 Gen11,virtualization,NIC-OCP3-25G-DP
B09-S7-FAN,B09-S7,B09,B,9,7,fan,HPE,ProLiant DL380 Gen11,virtualization,FAN-HPE-DL380
B09-S8-DIMM,B09-S8,B09,B,9,8,dimm,HPE,ProLiant DL380 Gen11,virtualization,MEM-DDR5-64G-4800
B09-S8-DISK,B09-S8,B09,B,9,8,disk,HPE,ProLiant DL380 Gen11,virtualization,SSD-NVME-U2-3T84
B09-S8-PSU,B09-S8,B09,B,9,8,psu,HPE,ProLiant DL380 Gen11,virtualization,PSU-HPE-1600W
B09-S8-NIC,B09-S8,B09,B,9,8,nic,HPE,ProLiant DL380 Gen11,virtualization,NIC-OCP3-25G-DP
B09-S8-FAN,B09-S8,B09,B,9,8,fan,HPE,ProLiant DL380 Gen11,virtualization,FAN-HPE-DL380
B10-S1-DIMM,B10-S1,B10,B,10,1,dimm,Lenovo,ThinkSystem SR650 V3,virtualization,MEM-DDR5-64G-4800
B10-S1-DISK,B10-S1,B10,B,10,1,disk,Lenovo,ThinkSystem SR650 V3,virtualization,SSD-NVME-U2-3T84
B10-S1-PSU,B10-S1,B10,B,10,1,psu,Lenovo,ThinkSystem SR650 V3,virtualization,PSU-LNV-1100W
B10-S1-NIC,B10-S1,B10,B,10,1,nic,Lenovo,ThinkSystem SR650 V3,virtualization,NIC-OCP3-25G-DP
B10-S1-FAN,B10-S1,B10,B,10,1,fan,Lenovo,ThinkSystem SR650 V3,virtualization,FAN-LNV-SR650
B10-S2-DIMM,B10-S2,B10,B,10,2,dimm,Lenovo,ThinkSystem SR650 V3,virtualization,MEM-DDR5-64G-4800
B10-S2-DISK,B10-S2,B10,B,10,2,disk,Lenovo,ThinkSystem SR650 V3,virtualization,SSD-NVME-U2-3T84
B10-S2-PSU,B10-S2,B10,B,10,2,psu,Lenovo,ThinkSystem SR650 V3,virtualization,PSU-LNV-1100W
B10-S2-NIC,B10-S2,B10,B,10,2,nic,Lenovo,ThinkSystem SR650 V3,virtualization,NIC-OCP3-25G-DP
B10-S2-FAN,B10-S2,B10,B,10,2,fan,Lenovo,ThinkSystem SR650 V3,virtualization,FAN-LNV-SR650
B10-S3-DIMM,B10-S3,B10,B,10,3,dimm,Lenovo,ThinkSystem SR650 V3,virtualization,MEM-DDR5-64G-4800
B10-S3-DISK,B10-S3,B10,B,10,3,disk,Lenovo,ThinkSystem SR650 V3,virtualization,SSD-NVME-U2-3T84
B10-S3-PSU,B10-S3,B10,B,10,3,psu,Lenovo,ThinkSystem SR650 V3,virtualization,PSU-LNV-1100W
B10-S3-NIC,B10-S3,B10,B,10,3,nic,Lenovo,ThinkSystem SR650 V3,virtualization,NIC-OCP3-25G-DP
B10-S3-FAN,B10-S3,B10,B,10,3,fan,Lenovo,ThinkSystem SR650 V3,virtualization,FAN-LNV-SR650
B10-S4-DIMM,B10-S4,B10,B,10,4,dimm,Lenovo,ThinkSystem SR650 V3,virtualization,MEM-DDR5-64G-4800
B10-S4-DISK,B10-S4,B10,B,10,4,disk,Lenovo,ThinkSystem SR650 V3,virtualization,SSD-NVME-U2-3T84
B10-S4-PSU,B10-S4,B10,B,10,4,psu,Lenovo,ThinkSystem SR650 V3,virtualization,PSU-LNV-1100W
B10-S4-NIC,B10-S4,B10,B,10,4,nic,Lenovo,ThinkSystem SR650 V3,virtualization,NIC-OCP3-25G-DP
B10-S4-FAN,B10-S4,B10,B,10,4,fan,Lenovo,ThinkSystem SR650 V3,virtualization,FAN-LNV-SR650
B10-S5-DIMM,B10-S5,B10,B,10,5,dimm,Lenovo,ThinkSystem SR650 V3,virtualization,MEM-DDR5-64G-4800
B10-S5-DISK,B10-S5,B10,B,10,5,disk,Lenovo,ThinkSystem SR650 V3,virtualization,SSD-NVME-U2-3T84
B10-S5-PSU,B10-S5,B10,B,10,5,psu,Lenovo,ThinkSystem SR650 V3,virtualization,PSU-LNV-1100W
B10-S5-NIC,B10-S5,B10,B,10,5,nic,Lenovo,ThinkSystem SR650 V3,virtualization,NIC-OCP3-25G-DP
B10-S5-FAN,B10-S5,B10,B,10,5,fan,Lenovo,ThinkSystem SR650 V3,virtualization,FAN-LNV-SR650
B10-S6-DIMM,B10-S6,B10,B,10,6,dimm,Lenovo,ThinkSystem SR650 V3,virtualization,MEM-DDR5-64G-4800
B10-S6-DISK,B10-S6,B10,B,10,6,disk,Lenovo,ThinkSystem SR650 V3,virtualization,SSD-NVME-U2-3T84
B10-S6-PSU,B10-S6,B10,B,10,6,psu,Lenovo,ThinkSystem SR650 V3,virtualization,PSU-LNV-1100W
B10-S6-NIC,B10-S6,B10,B,10,6,nic,Lenovo,ThinkSystem SR650 V3,virtualization,NIC-OCP3-25G-DP
B10-S6-FAN,B10-S6,B10,B,10,6,fan,Lenovo,ThinkSystem SR650 V3,virtualization,FAN-LNV-SR650
B10-S7-DIMM,B10-S7,B10,B,10,7,dimm,Lenovo,ThinkSystem SR650 V3,virtualization,MEM-DDR5-64G-4800
B10-S7-DISK,B10-S7,B10,B,10,7,disk,Lenovo,ThinkSystem SR650 V3,virtualization,SSD-NVME-U2-3T84
B10-S7-PSU,B10-S7,B10,B,10,7,psu,Lenovo,ThinkSystem SR650 V3,virtualization,PSU-LNV-1100W
B10-S7-NIC,B10-S7,B10,B,10,7,nic,Lenovo,ThinkSystem SR650 V3,virtualization,NIC-OCP3-25G-DP
B10-S7-FAN,B10-S7,B10,B,10,7,fan,Lenovo,ThinkSystem SR650 V3,virtualization,FAN-LNV-SR650
B10-S8-DIMM,B10-S8,B10,B,10,8,dimm,Lenovo,ThinkSystem SR650 V3,virtualization,MEM-DDR5-64G-4800
B10-S8-DISK,B10-S8,B10,B,10,8,disk,Lenovo,ThinkSystem SR650 V3,virtualization,SSD-NVME-U2-3T84
B10-S8-PSU,B10-S8,B10,B,10,8,psu,Lenovo,ThinkSystem SR650 V3,virtualization,PSU-LNV-1100W
B10-S8-NIC,B10-S8,B10,B,10,8,nic,Lenovo,ThinkSystem SR650 V3,virtualization,NIC-OCP3-25G-DP
B10-S8-FAN,B10-S8,B10,B,10,8,fan,Lenovo,ThinkSystem SR650 V3,virtualization,FAN-LNV-SR650
B11-S1-DIMM,B11-S1,B11,B,11,1,dimm,Dell,PowerEdge R760,virtualization,MEM-DDR5-64G-4800
B11-S1-DISK,B11-S1,B11,B,11,1,disk,Dell,PowerEdge R760,virtualization,SSD-NVME-U2-3T84
B11-S1-PSU,B11-S1,B11,B,11,1,psu,Dell,PowerEdge R760,virtualization,PSU-DEL-1400W
B11-S1-NIC,B11-S1,B11,B,11,1,nic,Dell,PowerEdge R760,virtualization,NIC-OCP3-25G-DP
B11-S1-FAN,B11-S1,B11,B,11,1,fan,Dell,PowerEdge R760,virtualization,FAN-DEL-R760
B11-S2-DIMM,B11-S2,B11,B,11,2,dimm,Dell,PowerEdge R760,virtualization,MEM-DDR5-64G-4800
B11-S2-DISK,B11-S2,B11,B,11,2,disk,Dell,PowerEdge R760,virtualization,SSD-NVME-U2-3T84
B11-S2-PSU,B11-S2,B11,B,11,2,psu,Dell,PowerEdge R760,virtualization,PSU-DEL-1400W
B11-S2-NIC,B11-S2,B11,B,11,2,nic,Dell,PowerEdge R760,virtualization,NIC-OCP3-25G-DP
B11-S2-FAN,B11-S2,B11,B,11,2,fan,Dell,PowerEdge R760,virtualization,FAN-DEL-R760
B11-S3-DIMM,B11-S3,B11,B,11,3,dimm,Dell,PowerEdge R760,virtualization,MEM-DDR5-64G-4800
B11-S3-DISK,B11-S3,B11,B,11,3,disk,Dell,PowerEdge R760,virtualization,SSD-NVME-U2-3T84
B11-S3-PSU,B11-S3,B11,B,11,3,psu,Dell,PowerEdge R760,virtualization,PSU-DEL-1400W
B11-S3-NIC,B11-S3,B11,B,11,3,nic,Dell,PowerEdge R760,virtualization,NIC-OCP3-25G-DP
B11-S3-FAN,B11-S3,B11,B,11,3,fan,Dell,PowerEdge R760,virtualization,FAN-DEL-R760
B11-S4-DIMM,B11-S4,B11,B,11,4,dimm,Dell,PowerEdge R760,virtualization,MEM-DDR5-64G-4800
B11-S4-DISK,B11-S4,B11,B,11,4,disk,Dell,PowerEdge R760,virtualization,SSD-NVME-U2-3T84
B11-S4-PSU,B11-S4,B11,B,11,4,psu,Dell,PowerEdge R760,virtualization,PSU-DEL-1400W
B11-S4-NIC,B11-S4,B11,B,11,4,nic,Dell,PowerEdge R760,virtualization,NIC-OCP3-25G-DP
B11-S4-FAN,B11-S4,B11,B,11,4,fan,Dell,PowerEdge R760,virtualization,FAN-DEL-R760
B11-S5-DIMM,B11-S5,B11,B,11,5,dimm,Dell,PowerEdge R760,virtualization,MEM-DDR5-64G-4800
B11-S5-DISK,B11-S5,B11,B,11,5,disk,Dell,PowerEdge R760,virtualization,SSD-NVME-U2-3T84
B11-S5-PSU,B11-S5,B11,B,11,5,psu,Dell,PowerEdge R760,virtualization,PSU-DEL-1400W
B11-S5-NIC,B11-S5,B11,B,11,5,nic,Dell,PowerEdge R760,virtualization,NIC-OCP3-25G-DP
B11-S5-FAN,B11-S5,B11,B,11,5,fan,Dell,PowerEdge R760,virtualization,FAN-DEL-R760
B11-S6-DIMM,B11-S6,B11,B,11,6,dimm,Dell,PowerEdge R760,virtualization,MEM-DDR5-64G-4800
B11-S6-DISK,B11-S6,B11,B,11,6,disk,Dell,PowerEdge R760,virtualization,SSD-NVME-U2-3T84
B11-S6-PSU,B11-S6,B11,B,11,6,psu,Dell,PowerEdge R760,virtualization,PSU-DEL-1400W
B11-S6-NIC,B11-S6,B11,B,11,6,nic,Dell,PowerEdge R760,virtualization,NIC-OCP3-25G-DP
B11-S6-FAN,B11-S6,B11,B,11,6,fan,Dell,PowerEdge R760,virtualization,FAN-DEL-R760
B11-S7-DIMM,B11-S7,B11,B,11,7,dimm,Dell,PowerEdge R760,virtualization,MEM-DDR5-64G-4800
B11-S7-DISK,B11-S7,B11,B,11,7,disk,Dell,PowerEdge R760,virtualization,SSD-NVME-U2-3T84
B11-S7-PSU,B11-S7,B11,B,11,7,psu,Dell,PowerEdge R760,virtualization,PSU-DEL-1400W
B11-S7-NIC,B11-S7,B11,B,11,7,nic,Dell,PowerEdge R760,virtualization,NIC-OCP3-25G-DP
B11-S7-FAN,B11-S7,B11,B,11,7,fan,Dell,PowerEdge R760,virtualization,FAN-DEL-R760
B11-S8-DIMM,B11-S8,B11,B,11,8,dimm,Dell,PowerEdge R760,virtualization,MEM-DDR5-64G-4800
B11-S8-DISK,B11-S8,B11,B,11,8,disk,Dell,PowerEdge R760,virtualization,SSD-NVME-U2-3T84
B11-S8-PSU,B11-S8,B11,B,11,8,psu,Dell,PowerEdge R760,virtualization,PSU-DEL-1400W
B11-S8-NIC,B11-S8,B11,B,11,8,nic,Dell,PowerEdge R760,virtualization,NIC-OCP3-25G-DP
B11-S8-FAN,B11-S8,B11,B,11,8,fan,Dell,PowerEdge R760,virtualization,FAN-DEL-R760
B12-S1-DIMM,B12-S1,B12,B,12,1,dimm,HPE,ProLiant DL380 Gen11,virtualization,MEM-DDR5-64G-4800
B12-S1-DISK,B12-S1,B12,B,12,1,disk,HPE,ProLiant DL380 Gen11,virtualization,SSD-NVME-U2-3T84
B12-S1-PSU,B12-S1,B12,B,12,1,psu,HPE,ProLiant DL380 Gen11,virtualization,PSU-HPE-1600W
B12-S1-NIC,B12-S1,B12,B,12,1,nic,HPE,ProLiant DL380 Gen11,virtualization,NIC-OCP3-25G-DP
B12-S1-FAN,B12-S1,B12,B,12,1,fan,HPE,ProLiant DL380 Gen11,virtualization,FAN-HPE-DL380
B12-S2-DIMM,B12-S2,B12,B,12,2,dimm,HPE,ProLiant DL380 Gen11,virtualization,MEM-DDR5-64G-4800
B12-S2-DISK,B12-S2,B12,B,12,2,disk,HPE,ProLiant DL380 Gen11,virtualization,SSD-NVME-U2-3T84
B12-S2-PSU,B12-S2,B12,B,12,2,psu,HPE,ProLiant DL380 Gen11,virtualization,PSU-HPE-1600W
B12-S2-NIC,B12-S2,B12,B,12,2,nic,HPE,ProLiant DL380 Gen11,virtualization,NIC-OCP3-25G-DP
B12-S2-FAN,B12-S2,B12,B,12,2,fan,HPE,ProLiant DL380 Gen11,virtualization,FAN-HPE-DL380
B12-S3-DIMM,B12-S3,B12,B,12,3,dimm,HPE,ProLiant DL380 Gen11,virtualization,MEM-DDR5-64G-4800
B12-S3-DISK,B12-S3,B12,B,12,3,disk,HPE,ProLiant DL380 Gen11,virtualization,SSD-NVME-U2-3T84
B12-S3-PSU,B12-S3,B12,B,12,3,psu,HPE,ProLiant DL380 Gen11,virtualization,PSU-HPE-1600W
B12-S3-NIC,B12-S3,B12,B,12,3,nic,HPE,ProLiant DL380 Gen11,virtualization,NIC-OCP3-25G-DP
B12-S3-FAN,B12-S3,B12,B,12,3,fan,HPE,ProLiant DL380 Gen11,virtualization,FAN-HPE-DL380
B12-S4-DIMM,B12-S4,B12,B,12,4,dimm,HPE,ProLiant DL380 Gen11,virtualization,MEM-DDR5-64G-4800
B12-S4-DISK,B12-S4,B12,B,12,4,disk,HPE,ProLiant DL380 Gen11,virtualization,SSD-NVME-U2-3T84
B12-S4-PSU,B12-S4,B12,B,12,4,psu,HPE,ProLiant DL380 Gen11,virtualization,PSU-HPE-1600W
B12-S4-NIC,B12-S4,B12,B,12,4,nic,HPE,ProLiant DL380 Gen11,virtualization,NIC-OCP3-25G-DP
B12-S4-FAN,B12-S4,B12,B,12,4,fan,HPE,ProLiant DL380 Gen11,virtualization,FAN-HPE-DL380
B12-S5-DIMM,B12-S5,B12,B,12,5,dimm,HPE,ProLiant DL380 Gen11,virtualization,MEM-DDR5-64G-4800
B12-S5-DISK,B12-S5,B12,B,12,5,disk,HPE,ProLiant DL380 Gen11,virtualization,SSD-NVME-U2-3T84
B12-S5-PSU,B12-S5,B12,B,12,5,psu,HPE,ProLiant DL380 Gen11,virtualization,PSU-HPE-1600W
B12-S5-NIC,B12-S5,B12,B,12,5,nic,HPE,ProLiant DL380 Gen11,virtualization,NIC-OCP3-25G-DP
B12-S5-FAN,B12-S5,B12,B,12,5,fan,HPE,ProLiant DL380 Gen11,virtualization,FAN-HPE-DL380
B12-S6-DIMM,B12-S6,B12,B,12,6,dimm,HPE,ProLiant DL380 Gen11,virtualization,MEM-DDR5-64G-4800
B12-S6-DISK,B12-S6,B12,B,12,6,disk,HPE,ProLiant DL380 Gen11,virtualization,SSD-NVME-U2-3T84
B12-S6-PSU,B12-S6,B12,B,12,6,psu,HPE,ProLiant DL380 Gen11,virtualization,PSU-HPE-1600W
B12-S6-NIC,B12-S6,B12,B,12,6,nic,HPE,ProLiant DL380 Gen11,virtualization,NIC-OCP3-25G-DP
B12-S6-FAN,B12-S6,B12,B,12,6,fan,HPE,ProLiant DL380 Gen11,virtualization,FAN-HPE-DL380
B12-S7-DIMM,B12-S7,B12,B,12,7,dimm,HPE,ProLiant DL380 Gen11,virtualization,MEM-DDR5-64G-4800
B12-S7-DISK,B12-S7,B12,B,12,7,disk,HPE,ProLiant DL380 Gen11,virtualization,SSD-NVME-U2-3T84
B12-S7-PSU,B12-S7,B12,B,12,7,psu,HPE,ProLiant DL380 Gen11,virtualization,PSU-HPE-1600W
B12-S7-NIC,B12-S7,B12,B,12,7,nic,HPE,ProLiant DL380 Gen11,virtualization,NIC-OCP3-25G-DP
B12-S7-FAN,B12-S7,B12,B,12,7,fan,HPE,ProLiant DL380 Gen11,virtualization,FAN-HPE-DL380
B12-S8-DIMM,B12-S8,B12,B,12,8,dimm,HPE,ProLiant DL380 Gen11,virtualization,MEM-DDR5-64G-4800
B12-S8-DISK,B12-S8,B12,B,12,8,disk,HPE,ProLiant DL380 Gen11,virtualization,SSD-NVME-U2-3T84
B12-S8-PSU,B12-S8,B12,B,12,8,psu,HPE,ProLiant DL380 Gen11,virtualization,PSU-HPE-1600W
B12-S8-NIC,B12-S8,B12,B,12,8,nic,HPE,ProLiant DL380 Gen11,virtualization,NIC-OCP3-25G-DP
B12-S8-FAN,B12-S8,B12,B,12,8,fan,HPE,ProLiant DL380 Gen11,virtualization,FAN-HPE-DL380
B13-S1-DIMM,B13-S1,B13,B,13,1,dimm,Lenovo,ThinkSystem SR650 V3,virtualization,MEM-DDR5-64G-4800
B13-S1-DISK,B13-S1,B13,B,13,1,disk,Lenovo,ThinkSystem SR650 V3,virtualization,SSD-NVME-U2-3T84
B13-S1-PSU,B13-S1,B13,B,13,1,psu,Lenovo,ThinkSystem SR650 V3,virtualization,PSU-LNV-1100W
B13-S1-NIC,B13-S1,B13,B,13,1,nic,Lenovo,ThinkSystem SR650 V3,virtualization,NIC-OCP3-25G-DP
B13-S1-FAN,B13-S1,B13,B,13,1,fan,Lenovo,ThinkSystem SR650 V3,virtualization,FAN-LNV-SR650
B13-S2-DIMM,B13-S2,B13,B,13,2,dimm,Lenovo,ThinkSystem SR650 V3,virtualization,MEM-DDR5-64G-4800
B13-S2-DISK,B13-S2,B13,B,13,2,disk,Lenovo,ThinkSystem SR650 V3,virtualization,SSD-NVME-U2-3T84
B13-S2-PSU,B13-S2,B13,B,13,2,psu,Lenovo,ThinkSystem SR650 V3,virtualization,PSU-LNV-1100W
B13-S2-NIC,B13-S2,B13,B,13,2,nic,Lenovo,ThinkSystem SR650 V3,virtualization,NIC-OCP3-25G-DP
B13-S2-FAN,B13-S2,B13,B,13,2,fan,Lenovo,ThinkSystem SR650 V3,virtualization,FAN-LNV-SR650
B13-S3-DIMM,B13-S3,B13,B,13,3,dimm,Lenovo,ThinkSystem SR650 V3,virtualization,MEM-DDR5-64G-4800
B13-S3-DISK,B13-S3,B13,B,13,3,disk,Lenovo,ThinkSystem SR650 V3,virtualization,SSD-NVME-U2-3T84
B13-S3-PSU,B13-S3,B13,B,13,3,psu,Lenovo,ThinkSystem SR650 V3,virtualization,PSU-LNV-1100W
B13-S3-NIC,B13-S3,B13,B,13,3,nic,Lenovo,ThinkSystem SR650 V3,virtualization,NIC-OCP3-25G-DP
B13-S3-FAN,B13-S3,B13,B,13,3,fan,Lenovo,ThinkSystem SR650 V3,virtualization,FAN-LNV-SR650
B13-S4-DIMM,B13-S4,B13,B,13,4,dimm,Lenovo,ThinkSystem SR650 V3,virtualization,MEM-DDR5-64G-4800
B13-S4-DISK,B13-S4,B13,B,13,4,disk,Lenovo,ThinkSystem SR650 V3,virtualization,SSD-NVME-U2-3T84
B13-S4-PSU,B13-S4,B13,B,13,4,psu,Lenovo,ThinkSystem SR650 V3,virtualization,PSU-LNV-1100W
B13-S4-NIC,B13-S4,B13,B,13,4,nic,Lenovo,ThinkSystem SR650 V3,virtualization,NIC-OCP3-25G-DP
B13-S4-FAN,B13-S4,B13,B,13,4,fan,Lenovo,ThinkSystem SR650 V3,virtualization,FAN-LNV-SR650
B13-S5-DIMM,B13-S5,B13,B,13,5,dimm,Lenovo,ThinkSystem SR650 V3,virtualization,MEM-DDR5-64G-4800
B13-S5-DISK,B13-S5,B13,B,13,5,disk,Lenovo,ThinkSystem SR650 V3,virtualization,SSD-NVME-U2-3T84
B13-S5-PSU,B13-S5,B13,B,13,5,psu,Lenovo,ThinkSystem SR650 V3,virtualization,PSU-LNV-1100W
B13-S5-NIC,B13-S5,B13,B,13,5,nic,Lenovo,ThinkSystem SR650 V3,virtualization,NIC-OCP3-25G-DP
B13-S5-FAN,B13-S5,B13,B,13,5,fan,Lenovo,ThinkSystem SR650 V3,virtualization,FAN-LNV-SR650
B13-S6-DIMM,B13-S6,B13,B,13,6,dimm,Lenovo,ThinkSystem SR650 V3,virtualization,MEM-DDR5-64G-4800
B13-S6-DISK,B13-S6,B13,B,13,6,disk,Lenovo,ThinkSystem SR650 V3,virtualization,SSD-NVME-U2-3T84
B13-S6-PSU,B13-S6,B13,B,13,6,psu,Lenovo,ThinkSystem SR650 V3,virtualization,PSU-LNV-1100W
B13-S6-NIC,B13-S6,B13,B,13,6,nic,Lenovo,ThinkSystem SR650 V3,virtualization,NIC-OCP3-25G-DP
B13-S6-FAN,B13-S6,B13,B,13,6,fan,Lenovo,ThinkSystem SR650 V3,virtualization,FAN-LNV-SR650
B13-S7-DIMM,B13-S7,B13,B,13,7,dimm,Lenovo,ThinkSystem SR650 V3,virtualization,MEM-DDR5-64G-4800
B13-S7-DISK,B13-S7,B13,B,13,7,disk,Lenovo,ThinkSystem SR650 V3,virtualization,SSD-NVME-U2-3T84
B13-S7-PSU,B13-S7,B13,B,13,7,psu,Lenovo,ThinkSystem SR650 V3,virtualization,PSU-LNV-1100W
B13-S7-NIC,B13-S7,B13,B,13,7,nic,Lenovo,ThinkSystem SR650 V3,virtualization,NIC-OCP3-25G-DP
B13-S7-FAN,B13-S7,B13,B,13,7,fan,Lenovo,ThinkSystem SR650 V3,virtualization,FAN-LNV-SR650
B13-S8-DIMM,B13-S8,B13,B,13,8,dimm,Lenovo,ThinkSystem SR650 V3,virtualization,MEM-DDR5-64G-4800
B13-S8-DISK,B13-S8,B13,B,13,8,disk,Lenovo,ThinkSystem SR650 V3,virtualization,SSD-NVME-U2-3T84
B13-S8-PSU,B13-S8,B13,B,13,8,psu,Lenovo,ThinkSystem SR650 V3,virtualization,PSU-LNV-1100W
B13-S8-NIC,B13-S8,B13,B,13,8,nic,Lenovo,ThinkSystem SR650 V3,virtualization,NIC-OCP3-25G-DP
B13-S8-FAN,B13-S8,B13,B,13,8,fan,Lenovo,ThinkSystem SR650 V3,virtualization,FAN-LNV-SR650
B14-S1-DIMM,B14-S1,B14,B,14,1,dimm,Dell,PowerEdge R760,virtualization,MEM-DDR5-64G-4800
B14-S1-DISK,B14-S1,B14,B,14,1,disk,Dell,PowerEdge R760,virtualization,SSD-NVME-U2-3T84
B14-S1-PSU,B14-S1,B14,B,14,1,psu,Dell,PowerEdge R760,virtualization,PSU-DEL-1400W
B14-S1-NIC,B14-S1,B14,B,14,1,nic,Dell,PowerEdge R760,virtualization,NIC-OCP3-25G-DP
B14-S1-FAN,B14-S1,B14,B,14,1,fan,Dell,PowerEdge R760,virtualization,FAN-DEL-R760
B14-S2-DIMM,B14-S2,B14,B,14,2,dimm,Dell,PowerEdge R760,virtualization,MEM-DDR5-64G-4800
B14-S2-DISK,B14-S2,B14,B,14,2,disk,Dell,PowerEdge R760,virtualization,SSD-NVME-U2-3T84
B14-S2-PSU,B14-S2,B14,B,14,2,psu,Dell,PowerEdge R760,virtualization,PSU-DEL-1400W
B14-S2-NIC,B14-S2,B14,B,14,2,nic,Dell,PowerEdge R760,virtualization,NIC-OCP3-25G-DP
B14-S2-FAN,B14-S2,B14,B,14,2,fan,Dell,PowerEdge R760,virtualization,FAN-DEL-R760
B14-S3-DIMM,B14-S3,B14,B,14,3,dimm,Dell,PowerEdge R760,virtualization,MEM-DDR5-64G-4800
B14-S3-DISK,B14-S3,B14,B,14,3,disk,Dell,PowerEdge R760,virtualization,SSD-NVME-U2-3T84
B14-S3-PSU,B14-S3,B14,B,14,3,psu,Dell,PowerEdge R760,virtualization,PSU-DEL-1400W
B14-S3-NIC,B14-S3,B14,B,14,3,nic,Dell,PowerEdge R760,virtualization,NIC-OCP3-25G-DP
B14-S3-FAN,B14-S3,B14,B,14,3,fan,Dell,PowerEdge R760,virtualization,FAN-DEL-R760
B14-S4-DIMM,B14-S4,B14,B,14,4,dimm,Dell,PowerEdge R760,virtualization,MEM-DDR5-64G-4800
B14-S4-DISK,B14-S4,B14,B,14,4,disk,Dell,PowerEdge R760,virtualization,SSD-NVME-U2-3T84
B14-S4-PSU,B14-S4,B14,B,14,4,psu,Dell,PowerEdge R760,virtualization,PSU-DEL-1400W
B14-S4-NIC,B14-S4,B14,B,14,4,nic,Dell,PowerEdge R760,virtualization,NIC-OCP3-25G-DP
B14-S4-FAN,B14-S4,B14,B,14,4,fan,Dell,PowerEdge R760,virtualization,FAN-DEL-R760
B14-S5-DIMM,B14-S5,B14,B,14,5,dimm,Dell,PowerEdge R760,virtualization,MEM-DDR5-64G-4800
B14-S5-DISK,B14-S5,B14,B,14,5,disk,Dell,PowerEdge R760,virtualization,SSD-NVME-U2-3T84
B14-S5-PSU,B14-S5,B14,B,14,5,psu,Dell,PowerEdge R760,virtualization,PSU-DEL-1400W
B14-S5-NIC,B14-S5,B14,B,14,5,nic,Dell,PowerEdge R760,virtualization,NIC-OCP3-25G-DP
B14-S5-FAN,B14-S5,B14,B,14,5,fan,Dell,PowerEdge R760,virtualization,FAN-DEL-R760
B14-S6-DIMM,B14-S6,B14,B,14,6,dimm,Dell,PowerEdge R760,virtualization,MEM-DDR5-64G-4800
B14-S6-DISK,B14-S6,B14,B,14,6,disk,Dell,PowerEdge R760,virtualization,SSD-NVME-U2-3T84
B14-S6-PSU,B14-S6,B14,B,14,6,psu,Dell,PowerEdge R760,virtualization,PSU-DEL-1400W
B14-S6-NIC,B14-S6,B14,B,14,6,nic,Dell,PowerEdge R760,virtualization,NIC-OCP3-25G-DP
B14-S6-FAN,B14-S6,B14,B,14,6,fan,Dell,PowerEdge R760,virtualization,FAN-DEL-R760
B14-S7-DIMM,B14-S7,B14,B,14,7,dimm,Dell,PowerEdge R760,virtualization,MEM-DDR5-64G-4800
B14-S7-DISK,B14-S7,B14,B,14,7,disk,Dell,PowerEdge R760,virtualization,SSD-NVME-U2-3T84
B14-S7-PSU,B14-S7,B14,B,14,7,psu,Dell,PowerEdge R760,virtualization,PSU-DEL-1400W
B14-S7-NIC,B14-S7,B14,B,14,7,nic,Dell,PowerEdge R760,virtualization,NIC-OCP3-25G-DP
B14-S7-FAN,B14-S7,B14,B,14,7,fan,Dell,PowerEdge R760,virtualization,FAN-DEL-R760
B14-S8-DIMM,B14-S8,B14,B,14,8,dimm,Dell,PowerEdge R760,virtualization,MEM-DDR5-64G-4800
B14-S8-DISK,B14-S8,B14,B,14,8,disk,Dell,PowerEdge R760,virtualization,SSD-NVME-U2-3T84
B14-S8-PSU,B14-S8,B14,B,14,8,psu,Dell,PowerEdge R760,virtualization,PSU-DEL-1400W
B14-S8-NIC,B14-S8,B14,B,14,8,nic,Dell,PowerEdge R760,virtualization,NIC-OCP3-25G-DP
B14-S8-FAN,B14-S8,B14,B,14,8,fan,Dell,PowerEdge R760,virtualization,FAN-DEL-R760
B15-S1-DIMM,B15-S1,B15,B,15,1,dimm,HPE,ProLiant DL380 Gen11,virtualization,MEM-DDR5-64G-4800
B15-S1-DISK,B15-S1,B15,B,15,1,disk,HPE,ProLiant DL380 Gen11,virtualization,SSD-NVME-U2-3T84
B15-S1-PSU,B15-S1,B15,B,15,1,psu,HPE,ProLiant DL380 Gen11,virtualization,PSU-HPE-1600W
B15-S1-NIC,B15-S1,B15,B,15,1,nic,HPE,ProLiant DL380 Gen11,virtualization,NIC-OCP3-25G-DP
B15-S1-FAN,B15-S1,B15,B,15,1,fan,HPE,ProLiant DL380 Gen11,virtualization,FAN-HPE-DL380
B15-S2-DIMM,B15-S2,B15,B,15,2,dimm,HPE,ProLiant DL380 Gen11,virtualization,MEM-DDR5-64G-4800
B15-S2-DISK,B15-S2,B15,B,15,2,disk,HPE,ProLiant DL380 Gen11,virtualization,SSD-NVME-U2-3T84
B15-S2-PSU,B15-S2,B15,B,15,2,psu,HPE,ProLiant DL380 Gen11,virtualization,PSU-HPE-1600W
B15-S2-NIC,B15-S2,B15,B,15,2,nic,HPE,ProLiant DL380 Gen11,virtualization,NIC-OCP3-25G-DP
B15-S2-FAN,B15-S2,B15,B,15,2,fan,HPE,ProLiant DL380 Gen11,virtualization,FAN-HPE-DL380
B15-S3-DIMM,B15-S3,B15,B,15,3,dimm,HPE,ProLiant DL380 Gen11,virtualization,MEM-DDR5-64G-4800
B15-S3-DISK,B15-S3,B15,B,15,3,disk,HPE,ProLiant DL380 Gen11,virtualization,SSD-NVME-U2-3T84
B15-S3-PSU,B15-S3,B15,B,15,3,psu,HPE,ProLiant DL380 Gen11,virtualization,PSU-HPE-1600W
B15-S3-NIC,B15-S3,B15,B,15,3,nic,HPE,ProLiant DL380 Gen11,virtualization,NIC-OCP3-25G-DP
B15-S3-FAN,B15-S3,B15,B,15,3,fan,HPE,ProLiant DL380 Gen11,virtualization,FAN-HPE-DL380
B15-S4-DIMM,B15-S4,B15,B,15,4,dimm,HPE,ProLiant DL380 Gen11,virtualization,MEM-DDR5-64G-4800
B15-S4-DISK,B15-S4,B15,B,15,4,disk,HPE,ProLiant DL380 Gen11,virtualization,SSD-NVME-U2-3T84
B15-S4-PSU,B15-S4,B15,B,15,4,psu,HPE,ProLiant DL380 Gen11,virtualization,PSU-HPE-1600W
B15-S4-NIC,B15-S4,B15,B,15,4,nic,HPE,ProLiant DL380 Gen11,virtualization,NIC-OCP3-25G-DP
B15-S4-FAN,B15-S4,B15,B,15,4,fan,HPE,ProLiant DL380 Gen11,virtualization,FAN-HPE-DL380
B15-S5-DIMM,B15-S5,B15,B,15,5,dimm,HPE,ProLiant DL380 Gen11,virtualization,MEM-DDR5-64G-4800
B15-S5-DISK,B15-S5,B15,B,15,5,disk,HPE,ProLiant DL380 Gen11,virtualization,SSD-NVME-U2-3T84
B15-S5-PSU,B15-S5,B15,B,15,5,psu,HPE,ProLiant DL380 Gen11,virtualization,PSU-HPE-1600W
B15-S5-NIC,B15-S5,B15,B,15,5,nic,HPE,ProLiant DL380 Gen11,virtualization,NIC-OCP3-25G-DP
B15-S5-FAN,B15-S5,B15,B,15,5,fan,HPE,ProLiant DL380 Gen11,virtualization,FAN-HPE-DL380
B15-S6-DIMM,B15-S6,B15,B,15,6,dimm,HPE,ProLiant DL380 Gen11,virtualization,MEM-DDR5-64G-4800
B15-S6-DISK,B15-S6,B15,B,15,6,disk,HPE,ProLiant DL380 Gen11,virtualization,SSD-NVME-U2-3T84
B15-S6-PSU,B15-S6,B15,B,15,6,psu,HPE,ProLiant DL380 Gen11,virtualization,PSU-HPE-1600W
B15-S6-NIC,B15-S6,B15,B,15,6,nic,HPE,ProLiant DL380 Gen11,virtualization,NIC-OCP3-25G-DP
B15-S6-FAN,B15-S6,B15,B,15,6,fan,HPE,ProLiant DL380 Gen11,virtualization,FAN-HPE-DL380
B15-S7-DIMM,B15-S7,B15,B,15,7,dimm,HPE,ProLiant DL380 Gen11,virtualization,MEM-DDR5-64G-4800
B15-S7-DISK,B15-S7,B15,B,15,7,disk,HPE,ProLiant DL380 Gen11,virtualization,SSD-NVME-U2-3T84
B15-S7-PSU,B15-S7,B15,B,15,7,psu,HPE,ProLiant DL380 Gen11,virtualization,PSU-HPE-1600W
B15-S7-NIC,B15-S7,B15,B,15,7,nic,HPE,ProLiant DL380 Gen11,virtualization,NIC-OCP3-25G-DP
B15-S7-FAN,B15-S7,B15,B,15,7,fan,HPE,ProLiant DL380 Gen11,virtualization,FAN-HPE-DL380
B15-S8-DIMM,B15-S8,B15,B,15,8,dimm,HPE,ProLiant DL380 Gen11,virtualization,MEM-DDR5-64G-4800
B15-S8-DISK,B15-S8,B15,B,15,8,disk,HPE,ProLiant DL380 Gen11,virtualization,SSD-NVME-U2-3T84
B15-S8-PSU,B15-S8,B15,B,15,8,psu,HPE,ProLiant DL380 Gen11,virtualization,PSU-HPE-1600W
B15-S8-NIC,B15-S8,B15,B,15,8,nic,HPE,ProLiant DL380 Gen11,virtualization,NIC-OCP3-25G-DP
B15-S8-FAN,B15-S8,B15,B,15,8,fan,HPE,ProLiant DL380 Gen11,virtualization,FAN-HPE-DL380
B16-S1-DIMM,B16-S1,B16,B,16,1,dimm,Lenovo,ThinkSystem SR650 V3,virtualization,MEM-DDR5-64G-4800
B16-S1-DISK,B16-S1,B16,B,16,1,disk,Lenovo,ThinkSystem SR650 V3,virtualization,SSD-NVME-U2-3T84
B16-S1-PSU,B16-S1,B16,B,16,1,psu,Lenovo,ThinkSystem SR650 V3,virtualization,PSU-LNV-1100W
B16-S1-NIC,B16-S1,B16,B,16,1,nic,Lenovo,ThinkSystem SR650 V3,virtualization,NIC-OCP3-25G-DP
B16-S1-FAN,B16-S1,B16,B,16,1,fan,Lenovo,ThinkSystem SR650 V3,virtualization,FAN-LNV-SR650
B16-S2-DIMM,B16-S2,B16,B,16,2,dimm,Lenovo,ThinkSystem SR650 V3,virtualization,MEM-DDR5-64G-4800
B16-S2-DISK,B16-S2,B16,B,16,2,disk,Lenovo,ThinkSystem SR650 V3,virtualization,SSD-NVME-U2-3T84
B16-S2-PSU,B16-S2,B16,B,16,2,psu,Lenovo,ThinkSystem SR650 V3,virtualization,PSU-LNV-1100W
B16-S2-NIC,B16-S2,B16,B,16,2,nic,Lenovo,ThinkSystem SR650 V3,virtualization,NIC-OCP3-25G-DP
B16-S2-FAN,B16-S2,B16,B,16,2,fan,Lenovo,ThinkSystem SR650 V3,virtualization,FAN-LNV-SR650
B16-S3-DIMM,B16-S3,B16,B,16,3,dimm,Lenovo,ThinkSystem SR650 V3,virtualization,MEM-DDR5-64G-4800
B16-S3-DISK,B16-S3,B16,B,16,3,disk,Lenovo,ThinkSystem SR650 V3,virtualization,SSD-NVME-U2-3T84
B16-S3-PSU,B16-S3,B16,B,16,3,psu,Lenovo,ThinkSystem SR650 V3,virtualization,PSU-LNV-1100W
B16-S3-NIC,B16-S3,B16,B,16,3,nic,Lenovo,ThinkSystem SR650 V3,virtualization,NIC-OCP3-25G-DP
B16-S3-FAN,B16-S3,B16,B,16,3,fan,Lenovo,ThinkSystem SR650 V3,virtualization,FAN-LNV-SR650
B16-S4-DIMM,B16-S4,B16,B,16,4,dimm,Lenovo,ThinkSystem SR650 V3,virtualization,MEM-DDR5-64G-4800
B16-S4-DISK,B16-S4,B16,B,16,4,disk,Lenovo,ThinkSystem SR650 V3,virtualization,SSD-NVME-U2-3T84
B16-S4-PSU,B16-S4,B16,B,16,4,psu,Lenovo,ThinkSystem SR650 V3,virtualization,PSU-LNV-1100W
B16-S4-NIC,B16-S4,B16,B,16,4,nic,Lenovo,ThinkSystem SR650 V3,virtualization,NIC-OCP3-25G-DP
B16-S4-FAN,B16-S4,B16,B,16,4,fan,Lenovo,ThinkSystem SR650 V3,virtualization,FAN-LNV-SR650
B16-S5-DIMM,B16-S5,B16,B,16,5,dimm,Lenovo,ThinkSystem SR650 V3,virtualization,MEM-DDR5-64G-4800
B16-S5-DISK,B16-S5,B16,B,16,5,disk,Lenovo,ThinkSystem SR650 V3,virtualization,SSD-NVME-U2-3T84
B16-S5-PSU,B16-S5,B16,B,16,5,psu,Lenovo,ThinkSystem SR650 V3,virtualization,PSU-LNV-1100W
B16-S5-NIC,B16-S5,B16,B,16,5,nic,Lenovo,ThinkSystem SR650 V3,virtualization,NIC-OCP3-25G-DP
B16-S5-FAN,B16-S5,B16,B,16,5,fan,Lenovo,ThinkSystem SR650 V3,virtualization,FAN-LNV-SR650
B16-S6-DIMM,B16-S6,B16,B,16,6,dimm,Lenovo,ThinkSystem SR650 V3,virtualization,MEM-DDR5-64G-4800
B16-S6-DISK,B16-S6,B16,B,16,6,disk,Lenovo,ThinkSystem SR650 V3,virtualization,SSD-NVME-U2-3T84
B16-S6-PSU,B16-S6,B16,B,16,6,psu,Lenovo,ThinkSystem SR650 V3,virtualization,PSU-LNV-1100W
B16-S6-NIC,B16-S6,B16,B,16,6,nic,Lenovo,ThinkSystem SR650 V3,virtualization,NIC-OCP3-25G-DP
B16-S6-FAN,B16-S6,B16,B,16,6,fan,Lenovo,ThinkSystem SR650 V3,virtualization,FAN-LNV-SR650
B16-S7-DIMM,B16-S7,B16,B,16,7,dimm,Lenovo,ThinkSystem SR650 V3,virtualization,MEM-DDR5-64G-4800
B16-S7-DISK,B16-S7,B16,B,16,7,disk,Lenovo,ThinkSystem SR650 V3,virtualization,SSD-NVME-U2-3T84
B16-S7-PSU,B16-S7,B16,B,16,7,psu,Lenovo,ThinkSystem SR650 V3,virtualization,PSU-LNV-1100W
B16-S7-NIC,B16-S7,B16,B,16,7,nic,Lenovo,ThinkSystem SR650 V3,virtualization,NIC-OCP3-25G-DP
B16-S7-FAN,B16-S7,B16,B,16,7,fan,Lenovo,ThinkSystem SR650 V3,virtualization,FAN-LNV-SR650
B16-S8-DIMM,B16-S8,B16,B,16,8,dimm,Lenovo,ThinkSystem SR650 V3,virtualization,MEM-DDR5-64G-4800
B16-S8-DISK,B16-S8,B16,B,16,8,disk,Lenovo,ThinkSystem SR650 V3,virtualization,SSD-NVME-U2-3T84
B16-S8-PSU,B16-S8,B16,B,16,8,psu,Lenovo,ThinkSystem SR650 V3,virtualization,PSU-LNV-1100W
B16-S8-NIC,B16-S8,B16,B,16,8,nic,Lenovo,ThinkSystem SR650 V3,virtualization,NIC-OCP3-25G-DP
B16-S8-FAN,B16-S8,B16,B,16,8,fan,Lenovo,ThinkSystem SR650 V3,virtualization,FAN-LNV-SR650
B17-S1-DIMM,B17-S1,B17,B,17,1,dimm,Dell,PowerEdge R760,virtualization,MEM-DDR5-64G-4800
B17-S1-DISK,B17-S1,B17,B,17,1,disk,Dell,PowerEdge R760,virtualization,SSD-NVME-U2-3T84
B17-S1-PSU,B17-S1,B17,B,17,1,psu,Dell,PowerEdge R760,virtualization,PSU-DEL-1400W
B17-S1-NIC,B17-S1,B17,B,17,1,nic,Dell,PowerEdge R760,virtualization,NIC-OCP3-25G-DP
B17-S1-FAN,B17-S1,B17,B,17,1,fan,Dell,PowerEdge R760,virtualization,FAN-DEL-R760
B17-S2-DIMM,B17-S2,B17,B,17,2,dimm,Dell,PowerEdge R760,virtualization,MEM-DDR5-64G-4800
B17-S2-DISK,B17-S2,B17,B,17,2,disk,Dell,PowerEdge R760,virtualization,SSD-NVME-U2-3T84
B17-S2-PSU,B17-S2,B17,B,17,2,psu,Dell,PowerEdge R760,virtualization,PSU-DEL-1400W
B17-S2-NIC,B17-S2,B17,B,17,2,nic,Dell,PowerEdge R760,virtualization,NIC-OCP3-25G-DP
B17-S2-FAN,B17-S2,B17,B,17,2,fan,Dell,PowerEdge R760,virtualization,FAN-DEL-R760
B17-S3-DIMM,B17-S3,B17,B,17,3,dimm,Dell,PowerEdge R760,virtualization,MEM-DDR5-64G-4800
B17-S3-DISK,B17-S3,B17,B,17,3,disk,Dell,PowerEdge R760,virtualization,SSD-NVME-U2-3T84
B17-S3-PSU,B17-S3,B17,B,17,3,psu,Dell,PowerEdge R760,virtualization,PSU-DEL-1400W
B17-S3-NIC,B17-S3,B17,B,17,3,nic,Dell,PowerEdge R760,virtualization,NIC-OCP3-25G-DP
B17-S3-FAN,B17-S3,B17,B,17,3,fan,Dell,PowerEdge R760,virtualization,FAN-DEL-R760
B17-S4-DIMM,B17-S4,B17,B,17,4,dimm,Dell,PowerEdge R760,virtualization,MEM-DDR5-64G-4800
B17-S4-DISK,B17-S4,B17,B,17,4,disk,Dell,PowerEdge R760,virtualization,SSD-NVME-U2-3T84
B17-S4-PSU,B17-S4,B17,B,17,4,psu,Dell,PowerEdge R760,virtualization,PSU-DEL-1400W
B17-S4-NIC,B17-S4,B17,B,17,4,nic,Dell,PowerEdge R760,virtualization,NIC-OCP3-25G-DP
B17-S4-FAN,B17-S4,B17,B,17,4,fan,Dell,PowerEdge R760,virtualization,FAN-DEL-R760
B17-S5-DIMM,B17-S5,B17,B,17,5,dimm,Dell,PowerEdge R760,virtualization,MEM-DDR5-64G-4800
B17-S5-DISK,B17-S5,B17,B,17,5,disk,Dell,PowerEdge R760,virtualization,SSD-NVME-U2-3T84
B17-S5-PSU,B17-S5,B17,B,17,5,psu,Dell,PowerEdge R760,virtualization,PSU-DEL-1400W
B17-S5-NIC,B17-S5,B17,B,17,5,nic,Dell,PowerEdge R760,virtualization,NIC-OCP3-25G-DP
B17-S5-FAN,B17-S5,B17,B,17,5,fan,Dell,PowerEdge R760,virtualization,FAN-DEL-R760
B17-S6-DIMM,B17-S6,B17,B,17,6,dimm,Dell,PowerEdge R760,virtualization,MEM-DDR5-64G-4800
B17-S6-DISK,B17-S6,B17,B,17,6,disk,Dell,PowerEdge R760,virtualization,SSD-NVME-U2-3T84
B17-S6-PSU,B17-S6,B17,B,17,6,psu,Dell,PowerEdge R760,virtualization,PSU-DEL-1400W
B17-S6-NIC,B17-S6,B17,B,17,6,nic,Dell,PowerEdge R760,virtualization,NIC-OCP3-25G-DP
B17-S6-FAN,B17-S6,B17,B,17,6,fan,Dell,PowerEdge R760,virtualization,FAN-DEL-R760
B17-S7-DIMM,B17-S7,B17,B,17,7,dimm,Dell,PowerEdge R760,virtualization,MEM-DDR5-64G-4800
B17-S7-DISK,B17-S7,B17,B,17,7,disk,Dell,PowerEdge R760,virtualization,SSD-NVME-U2-3T84
B17-S7-PSU,B17-S7,B17,B,17,7,psu,Dell,PowerEdge R760,virtualization,PSU-DEL-1400W
B17-S7-NIC,B17-S7,B17,B,17,7,nic,Dell,PowerEdge R760,virtualization,NIC-OCP3-25G-DP
B17-S7-FAN,B17-S7,B17,B,17,7,fan,Dell,PowerEdge R760,virtualization,FAN-DEL-R760
B17-S8-DIMM,B17-S8,B17,B,17,8,dimm,Dell,PowerEdge R760,virtualization,MEM-DDR5-64G-4800
B17-S8-DISK,B17-S8,B17,B,17,8,disk,Dell,PowerEdge R760,virtualization,SSD-NVME-U2-3T84
B17-S8-PSU,B17-S8,B17,B,17,8,psu,Dell,PowerEdge R760,virtualization,PSU-DEL-1400W
B17-S8-NIC,B17-S8,B17,B,17,8,nic,Dell,PowerEdge R760,virtualization,NIC-OCP3-25G-DP
B17-S8-FAN,B17-S8,B17,B,17,8,fan,Dell,PowerEdge R760,virtualization,FAN-DEL-R760
B18-S1-DIMM,B18-S1,B18,B,18,1,dimm,HPE,ProLiant DL380 Gen11,virtualization,MEM-DDR5-64G-4800
B18-S1-DISK,B18-S1,B18,B,18,1,disk,HPE,ProLiant DL380 Gen11,virtualization,SSD-NVME-U2-3T84
B18-S1-PSU,B18-S1,B18,B,18,1,psu,HPE,ProLiant DL380 Gen11,virtualization,PSU-HPE-1600W
B18-S1-NIC,B18-S1,B18,B,18,1,nic,HPE,ProLiant DL380 Gen11,virtualization,NIC-OCP3-25G-DP
B18-S1-FAN,B18-S1,B18,B,18,1,fan,HPE,ProLiant DL380 Gen11,virtualization,FAN-HPE-DL380
B18-S2-DIMM,B18-S2,B18,B,18,2,dimm,HPE,ProLiant DL380 Gen11,virtualization,MEM-DDR5-64G-4800
B18-S2-DISK,B18-S2,B18,B,18,2,disk,HPE,ProLiant DL380 Gen11,virtualization,SSD-NVME-U2-3T84
B18-S2-PSU,B18-S2,B18,B,18,2,psu,HPE,ProLiant DL380 Gen11,virtualization,PSU-HPE-1600W
B18-S2-NIC,B18-S2,B18,B,18,2,nic,HPE,ProLiant DL380 Gen11,virtualization,NIC-OCP3-25G-DP
B18-S2-FAN,B18-S2,B18,B,18,2,fan,HPE,ProLiant DL380 Gen11,virtualization,FAN-HPE-DL380
B18-S3-DIMM,B18-S3,B18,B,18,3,dimm,HPE,ProLiant DL380 Gen11,virtualization,MEM-DDR5-64G-4800
B18-S3-DISK,B18-S3,B18,B,18,3,disk,HPE,ProLiant DL380 Gen11,virtualization,SSD-NVME-U2-3T84
B18-S3-PSU,B18-S3,B18,B,18,3,psu,HPE,ProLiant DL380 Gen11,virtualization,PSU-HPE-1600W
B18-S3-NIC,B18-S3,B18,B,18,3,nic,HPE,ProLiant DL380 Gen11,virtualization,NIC-OCP3-25G-DP
B18-S3-FAN,B18-S3,B18,B,18,3,fan,HPE,ProLiant DL380 Gen11,virtualization,FAN-HPE-DL380
B18-S4-DIMM,B18-S4,B18,B,18,4,dimm,HPE,ProLiant DL380 Gen11,virtualization,MEM-DDR5-64G-4800
B18-S4-DISK,B18-S4,B18,B,18,4,disk,HPE,ProLiant DL380 Gen11,virtualization,SSD-NVME-U2-3T84
B18-S4-PSU,B18-S4,B18,B,18,4,psu,HPE,ProLiant DL380 Gen11,virtualization,PSU-HPE-1600W
B18-S4-NIC,B18-S4,B18,B,18,4,nic,HPE,ProLiant DL380 Gen11,virtualization,NIC-OCP3-25G-DP
B18-S4-FAN,B18-S4,B18,B,18,4,fan,HPE,ProLiant DL380 Gen11,virtualization,FAN-HPE-DL380
B18-S5-DIMM,B18-S5,B18,B,18,5,dimm,HPE,ProLiant DL380 Gen11,virtualization,MEM-DDR5-64G-4800
B18-S5-DISK,B18-S5,B18,B,18,5,disk,HPE,ProLiant DL380 Gen11,virtualization,SSD-NVME-U2-3T84
B18-S5-PSU,B18-S5,B18,B,18,5,psu,HPE,ProLiant DL380 Gen11,virtualization,PSU-HPE-1600W
B18-S5-NIC,B18-S5,B18,B,18,5,nic,HPE,ProLiant DL380 Gen11,virtualization,NIC-OCP3-25G-DP
B18-S5-FAN,B18-S5,B18,B,18,5,fan,HPE,ProLiant DL380 Gen11,virtualization,FAN-HPE-DL380
B18-S6-DIMM,B18-S6,B18,B,18,6,dimm,HPE,ProLiant DL380 Gen11,virtualization,MEM-DDR5-64G-4800
B18-S6-DISK,B18-S6,B18,B,18,6,disk,HPE,ProLiant DL380 Gen11,virtualization,SSD-NVME-U2-3T84
B18-S6-PSU,B18-S6,B18,B,18,6,psu,HPE,ProLiant DL380 Gen11,virtualization,PSU-HPE-1600W
B18-S6-NIC,B18-S6,B18,B,18,6,nic,HPE,ProLiant DL380 Gen11,virtualization,NIC-OCP3-25G-DP
B18-S6-FAN,B18-S6,B18,B,18,6,fan,HPE,ProLiant DL380 Gen11,virtualization,FAN-HPE-DL380
B18-S7-DIMM,B18-S7,B18,B,18,7,dimm,HPE,ProLiant DL380 Gen11,virtualization,MEM-DDR5-64G-4800
B18-S7-DISK,B18-S7,B18,B,18,7,disk,HPE,ProLiant DL380 Gen11,virtualization,SSD-NVME-U2-3T84
B18-S7-PSU,B18-S7,B18,B,18,7,psu,HPE,ProLiant DL380 Gen11,virtualization,PSU-HPE-1600W
B18-S7-NIC,B18-S7,B18,B,18,7,nic,HPE,ProLiant DL380 Gen11,virtualization,NIC-OCP3-25G-DP
B18-S7-FAN,B18-S7,B18,B,18,7,fan,HPE,ProLiant DL380 Gen11,virtualization,FAN-HPE-DL380
B18-S8-DIMM,B18-S8,B18,B,18,8,dimm,HPE,ProLiant DL380 Gen11,virtualization,MEM-DDR5-64G-4800
B18-S8-DISK,B18-S8,B18,B,18,8,disk,HPE,ProLiant DL380 Gen11,virtualization,SSD-NVME-U2-3T84
B18-S8-PSU,B18-S8,B18,B,18,8,psu,HPE,ProLiant DL380 Gen11,virtualization,PSU-HPE-1600W
B18-S8-NIC,B18-S8,B18,B,18,8,nic,HPE,ProLiant DL380 Gen11,virtualization,NIC-OCP3-25G-DP
B18-S8-FAN,B18-S8,B18,B,18,8,fan,HPE,ProLiant DL380 Gen11,virtualization,FAN-HPE-DL380
B19-S1-DIMM,B19-S1,B19,B,19,1,dimm,Lenovo,ThinkSystem SR650 V3,virtualization,MEM-DDR5-64G-4800
B19-S1-DISK,B19-S1,B19,B,19,1,disk,Lenovo,ThinkSystem SR650 V3,virtualization,SSD-NVME-U2-3T84
B19-S1-PSU,B19-S1,B19,B,19,1,psu,Lenovo,ThinkSystem SR650 V3,virtualization,PSU-LNV-1100W
B19-S1-NIC,B19-S1,B19,B,19,1,nic,Lenovo,ThinkSystem SR650 V3,virtualization,NIC-OCP3-25G-DP
B19-S1-FAN,B19-S1,B19,B,19,1,fan,Lenovo,ThinkSystem SR650 V3,virtualization,FAN-LNV-SR650
B19-S2-DIMM,B19-S2,B19,B,19,2,dimm,Lenovo,ThinkSystem SR650 V3,virtualization,MEM-DDR5-64G-4800
B19-S2-DISK,B19-S2,B19,B,19,2,disk,Lenovo,ThinkSystem SR650 V3,virtualization,SSD-NVME-U2-3T84
B19-S2-PSU,B19-S2,B19,B,19,2,psu,Lenovo,ThinkSystem SR650 V3,virtualization,PSU-LNV-1100W
B19-S2-NIC,B19-S2,B19,B,19,2,nic,Lenovo,ThinkSystem SR650 V3,virtualization,NIC-OCP3-25G-DP
B19-S2-FAN,B19-S2,B19,B,19,2,fan,Lenovo,ThinkSystem SR650 V3,virtualization,FAN-LNV-SR650
B19-S3-DIMM,B19-S3,B19,B,19,3,dimm,Lenovo,ThinkSystem SR650 V3,virtualization,MEM-DDR5-64G-4800
B19-S3-DISK,B19-S3,B19,B,19,3,disk,Lenovo,ThinkSystem SR650 V3,virtualization,SSD-NVME-U2-3T84
B19-S3-PSU,B19-S3,B19,B,19,3,psu,Lenovo,ThinkSystem SR650 V3,virtualization,PSU-LNV-1100W
B19-S3-NIC,B19-S3,B19,B,19,3,nic,Lenovo,ThinkSystem SR650 V3,virtualization,NIC-OCP3-25G-DP
B19-S3-FAN,B19-S3,B19,B,19,3,fan,Lenovo,ThinkSystem SR650 V3,virtualization,FAN-LNV-SR650
B19-S4-DIMM,B19-S4,B19,B,19,4,dimm,Lenovo,ThinkSystem SR650 V3,virtualization,MEM-DDR5-64G-4800
B19-S4-DISK,B19-S4,B19,B,19,4,disk,Lenovo,ThinkSystem SR650 V3,virtualization,SSD-NVME-U2-3T84
B19-S4-PSU,B19-S4,B19,B,19,4,psu,Lenovo,ThinkSystem SR650 V3,virtualization,PSU-LNV-1100W
B19-S4-NIC,B19-S4,B19,B,19,4,nic,Lenovo,ThinkSystem SR650 V3,virtualization,NIC-OCP3-25G-DP
B19-S4-FAN,B19-S4,B19,B,19,4,fan,Lenovo,ThinkSystem SR650 V3,virtualization,FAN-LNV-SR650
B19-S5-DIMM,B19-S5,B19,B,19,5,dimm,Lenovo,ThinkSystem SR650 V3,virtualization,MEM-DDR5-64G-4800
B19-S5-DISK,B19-S5,B19,B,19,5,disk,Lenovo,ThinkSystem SR650 V3,virtualization,SSD-NVME-U2-3T84
B19-S5-PSU,B19-S5,B19,B,19,5,psu,Lenovo,ThinkSystem SR650 V3,virtualization,PSU-LNV-1100W
B19-S5-NIC,B19-S5,B19,B,19,5,nic,Lenovo,ThinkSystem SR650 V3,virtualization,NIC-OCP3-25G-DP
B19-S5-FAN,B19-S5,B19,B,19,5,fan,Lenovo,ThinkSystem SR650 V3,virtualization,FAN-LNV-SR650
B19-S6-DIMM,B19-S6,B19,B,19,6,dimm,Lenovo,ThinkSystem SR650 V3,virtualization,MEM-DDR5-64G-4800
B19-S6-DISK,B19-S6,B19,B,19,6,disk,Lenovo,ThinkSystem SR650 V3,virtualization,SSD-NVME-U2-3T84
B19-S6-PSU,B19-S6,B19,B,19,6,psu,Lenovo,ThinkSystem SR650 V3,virtualization,PSU-LNV-1100W
B19-S6-NIC,B19-S6,B19,B,19,6,nic,Lenovo,ThinkSystem SR650 V3,virtualization,NIC-OCP3-25G-DP
B19-S6-FAN,B19-S6,B19,B,19,6,fan,Lenovo,ThinkSystem SR650 V3,virtualization,FAN-LNV-SR650
B19-S7-DIMM,B19-S7,B19,B,19,7,dimm,Lenovo,ThinkSystem SR650 V3,virtualization,MEM-DDR5-64G-4800
B19-S7-DISK,B19-S7,B19,B,19,7,disk,Lenovo,ThinkSystem SR650 V3,virtualization,SSD-NVME-U2-3T84
B19-S7-PSU,B19-S7,B19,B,19,7,psu,Lenovo,ThinkSystem SR650 V3,virtualization,PSU-LNV-1100W
B19-S7-NIC,B19-S7,B19,B,19,7,nic,Lenovo,ThinkSystem SR650 V3,virtualization,NIC-OCP3-25G-DP
B19-S7-FAN,B19-S7,B19,B,19,7,fan,Lenovo,ThinkSystem SR650 V3,virtualization,FAN-LNV-SR650
B19-S8-DIMM,B19-S8,B19,B,19,8,dimm,Lenovo,ThinkSystem SR650 V3,virtualization,MEM-DDR5-64G-4800
B19-S8-DISK,B19-S8,B19,B,19,8,disk,Lenovo,ThinkSystem SR650 V3,virtualization,SSD-NVME-U2-3T84
B19-S8-PSU,B19-S8,B19,B,19,8,psu,Lenovo,ThinkSystem SR650 V3,virtualization,PSU-LNV-1100W
B19-S8-NIC,B19-S8,B19,B,19,8,nic,Lenovo,ThinkSystem SR650 V3,virtualization,NIC-OCP3-25G-DP
B19-S8-FAN,B19-S8,B19,B,19,8,fan,Lenovo,ThinkSystem SR650 V3,virtualization,FAN-LNV-SR650
B20-S1-DIMM,B20-S1,B20,B,20,1,dimm,Dell,PowerEdge R760,virtualization,MEM-DDR5-64G-4800
B20-S1-DISK,B20-S1,B20,B,20,1,disk,Dell,PowerEdge R760,virtualization,SSD-NVME-U2-3T84
B20-S1-PSU,B20-S1,B20,B,20,1,psu,Dell,PowerEdge R760,virtualization,PSU-DEL-1400W
B20-S1-NIC,B20-S1,B20,B,20,1,nic,Dell,PowerEdge R760,virtualization,NIC-OCP3-25G-DP
B20-S1-FAN,B20-S1,B20,B,20,1,fan,Dell,PowerEdge R760,virtualization,FAN-DEL-R760
B20-S2-DIMM,B20-S2,B20,B,20,2,dimm,Dell,PowerEdge R760,virtualization,MEM-DDR5-64G-4800
B20-S2-DISK,B20-S2,B20,B,20,2,disk,Dell,PowerEdge R760,virtualization,SSD-NVME-U2-3T84
B20-S2-PSU,B20-S2,B20,B,20,2,psu,Dell,PowerEdge R760,virtualization,PSU-DEL-1400W
B20-S2-NIC,B20-S2,B20,B,20,2,nic,Dell,PowerEdge R760,virtualization,NIC-OCP3-25G-DP
B20-S2-FAN,B20-S2,B20,B,20,2,fan,Dell,PowerEdge R760,virtualization,FAN-DEL-R760
B20-S3-DIMM,B20-S3,B20,B,20,3,dimm,Dell,PowerEdge R760,virtualization,MEM-DDR5-64G-4800
B20-S3-DISK,B20-S3,B20,B,20,3,disk,Dell,PowerEdge R760,virtualization,SSD-NVME-U2-3T84
B20-S3-PSU,B20-S3,B20,B,20,3,psu,Dell,PowerEdge R760,virtualization,PSU-DEL-1400W
B20-S3-NIC,B20-S3,B20,B,20,3,nic,Dell,PowerEdge R760,virtualization,NIC-OCP3-25G-DP
B20-S3-FAN,B20-S3,B20,B,20,3,fan,Dell,PowerEdge R760,virtualization,FAN-DEL-R760
B20-S4-DIMM,B20-S4,B20,B,20,4,dimm,Dell,PowerEdge R760,virtualization,MEM-DDR5-64G-4800
B20-S4-DISK,B20-S4,B20,B,20,4,disk,Dell,PowerEdge R760,virtualization,SSD-NVME-U2-3T84
B20-S4-PSU,B20-S4,B20,B,20,4,psu,Dell,PowerEdge R760,virtualization,PSU-DEL-1400W
B20-S4-NIC,B20-S4,B20,B,20,4,nic,Dell,PowerEdge R760,virtualization,NIC-OCP3-25G-DP
B20-S4-FAN,B20-S4,B20,B,20,4,fan,Dell,PowerEdge R760,virtualization,FAN-DEL-R760
B20-S5-DIMM,B20-S5,B20,B,20,5,dimm,Dell,PowerEdge R760,virtualization,MEM-DDR5-64G-4800
B20-S5-DISK,B20-S5,B20,B,20,5,disk,Dell,PowerEdge R760,virtualization,SSD-NVME-U2-3T84
B20-S5-PSU,B20-S5,B20,B,20,5,psu,Dell,PowerEdge R760,virtualization,PSU-DEL-1400W
B20-S5-NIC,B20-S5,B20,B,20,5,nic,Dell,PowerEdge R760,virtualization,NIC-OCP3-25G-DP
B20-S5-FAN,B20-S5,B20,B,20,5,fan,Dell,PowerEdge R760,virtualization,FAN-DEL-R760
B20-S6-DIMM,B20-S6,B20,B,20,6,dimm,Dell,PowerEdge R760,virtualization,MEM-DDR5-64G-4800
B20-S6-DISK,B20-S6,B20,B,20,6,disk,Dell,PowerEdge R760,virtualization,SSD-NVME-U2-3T84
B20-S6-PSU,B20-S6,B20,B,20,6,psu,Dell,PowerEdge R760,virtualization,PSU-DEL-1400W
B20-S6-NIC,B20-S6,B20,B,20,6,nic,Dell,PowerEdge R760,virtualization,NIC-OCP3-25G-DP
B20-S6-FAN,B20-S6,B20,B,20,6,fan,Dell,PowerEdge R760,virtualization,FAN-DEL-R760
B20-S7-DIMM,B20-S7,B20,B,20,7,dimm,Dell,PowerEdge R760,virtualization,MEM-DDR5-64G-4800
B20-S7-DISK,B20-S7,B20,B,20,7,disk,Dell,PowerEdge R760,virtualization,SSD-NVME-U2-3T84
B20-S7-PSU,B20-S7,B20,B,20,7,psu,Dell,PowerEdge R760,virtualization,PSU-DEL-1400W
B20-S7-NIC,B20-S7,B20,B,20,7,nic,Dell,PowerEdge R760,virtualization,NIC-OCP3-25G-DP
B20-S7-FAN,B20-S7,B20,B,20,7,fan,Dell,PowerEdge R760,virtualization,FAN-DEL-R760
B20-S8-DIMM,B20-S8,B20,B,20,8,dimm,Dell,PowerEdge R760,virtualization,MEM-DDR5-64G-4800
B20-S8-DISK,B20-S8,B20,B,20,8,disk,Dell,PowerEdge R760,virtualization,SSD-NVME-U2-3T84
B20-S8-PSU,B20-S8,B20,B,20,8,psu,Dell,PowerEdge R760,virtualization,PSU-DEL-1400W
B20-S8-NIC,B20-S8,B20,B,20,8,nic,Dell,PowerEdge R760,virtualization,NIC-OCP3-25G-DP
B20-S8-FAN,B20-S8,B20,B,20,8,fan,Dell,PowerEdge R760,virtualization,FAN-DEL-R760
C01-S1-DIMM,C01-S1,C01,C,1,1,dimm,Dell,PowerEdge R760,database,MEM-DDR5-64G-4800
C01-S1-DISK,C01-S1,C01,C,1,1,disk,Dell,PowerEdge R760,database,SSD-NVME-U2-3T84
C01-S1-PSU,C01-S1,C01,C,1,1,psu,Dell,PowerEdge R760,database,PSU-DEL-1400W
C01-S1-NIC,C01-S1,C01,C,1,1,nic,Dell,PowerEdge R760,database,NIC-OCP3-25G-DP
C01-S1-FAN,C01-S1,C01,C,1,1,fan,Dell,PowerEdge R760,database,FAN-DEL-R760
C01-S2-DIMM,C01-S2,C01,C,1,2,dimm,Dell,PowerEdge R760,database,MEM-DDR5-64G-4800
C01-S2-DISK,C01-S2,C01,C,1,2,disk,Dell,PowerEdge R760,database,SSD-NVME-U2-3T84
C01-S2-PSU,C01-S2,C01,C,1,2,psu,Dell,PowerEdge R760,database,PSU-DEL-1400W
C01-S2-NIC,C01-S2,C01,C,1,2,nic,Dell,PowerEdge R760,database,NIC-OCP3-25G-DP
C01-S2-FAN,C01-S2,C01,C,1,2,fan,Dell,PowerEdge R760,database,FAN-DEL-R760
C01-S3-DIMM,C01-S3,C01,C,1,3,dimm,Dell,PowerEdge R760,database,MEM-DDR5-64G-4800
C01-S3-DISK,C01-S3,C01,C,1,3,disk,Dell,PowerEdge R760,database,SSD-NVME-U2-3T84
C01-S3-PSU,C01-S3,C01,C,1,3,psu,Dell,PowerEdge R760,database,PSU-DEL-1400W
C01-S3-NIC,C01-S3,C01,C,1,3,nic,Dell,PowerEdge R760,database,NIC-OCP3-25G-DP
C01-S3-FAN,C01-S3,C01,C,1,3,fan,Dell,PowerEdge R760,database,FAN-DEL-R760
C01-S4-DIMM,C01-S4,C01,C,1,4,dimm,Dell,PowerEdge R760,database,MEM-DDR5-64G-4800
C01-S4-DISK,C01-S4,C01,C,1,4,disk,Dell,PowerEdge R760,database,SSD-NVME-U2-3T84
C01-S4-PSU,C01-S4,C01,C,1,4,psu,Dell,PowerEdge R760,database,PSU-DEL-1400W
C01-S4-NIC,C01-S4,C01,C,1,4,nic,Dell,PowerEdge R760,database,NIC-OCP3-25G-DP
C01-S4-FAN,C01-S4,C01,C,1,4,fan,Dell,PowerEdge R760,database,FAN-DEL-R760
C01-S5-DIMM,C01-S5,C01,C,1,5,dimm,Dell,PowerEdge R760,database,MEM-DDR5-64G-4800
C01-S5-DISK,C01-S5,C01,C,1,5,disk,Dell,PowerEdge R760,database,SSD-NVME-U2-3T84
C01-S5-PSU,C01-S5,C01,C,1,5,psu,Dell,PowerEdge R760,database,PSU-DEL-1400W
C01-S5-NIC,C01-S5,C01,C,1,5,nic,Dell,PowerEdge R760,database,NIC-OCP3-25G-DP
C01-S5-FAN,C01-S5,C01,C,1,5,fan,Dell,PowerEdge R760,database,FAN-DEL-R760
C01-S6-DIMM,C01-S6,C01,C,1,6,dimm,Dell,PowerEdge R760,database,MEM-DDR5-64G-4800
C01-S6-DISK,C01-S6,C01,C,1,6,disk,Dell,PowerEdge R760,database,SSD-NVME-U2-3T84
C01-S6-PSU,C01-S6,C01,C,1,6,psu,Dell,PowerEdge R760,database,PSU-DEL-1400W
C01-S6-NIC,C01-S6,C01,C,1,6,nic,Dell,PowerEdge R760,database,NIC-OCP3-25G-DP
C01-S6-FAN,C01-S6,C01,C,1,6,fan,Dell,PowerEdge R760,database,FAN-DEL-R760
C01-S7-DIMM,C01-S7,C01,C,1,7,dimm,Dell,PowerEdge R760,database,MEM-DDR5-64G-4800
C01-S7-DISK,C01-S7,C01,C,1,7,disk,Dell,PowerEdge R760,database,SSD-NVME-U2-3T84
C01-S7-PSU,C01-S7,C01,C,1,7,psu,Dell,PowerEdge R760,database,PSU-DEL-1400W
C01-S7-NIC,C01-S7,C01,C,1,7,nic,Dell,PowerEdge R760,database,NIC-OCP3-25G-DP
C01-S7-FAN,C01-S7,C01,C,1,7,fan,Dell,PowerEdge R760,database,FAN-DEL-R760
C01-S8-DIMM,C01-S8,C01,C,1,8,dimm,Dell,PowerEdge R760,database,MEM-DDR5-64G-4800
C01-S8-DISK,C01-S8,C01,C,1,8,disk,Dell,PowerEdge R760,database,SSD-NVME-U2-3T84
C01-S8-PSU,C01-S8,C01,C,1,8,psu,Dell,PowerEdge R760,database,PSU-DEL-1400W
C01-S8-NIC,C01-S8,C01,C,1,8,nic,Dell,PowerEdge R760,database,NIC-OCP3-25G-DP
C01-S8-FAN,C01-S8,C01,C,1,8,fan,Dell,PowerEdge R760,database,FAN-DEL-R760
C02-S1-DIMM,C02-S1,C02,C,2,1,dimm,HPE,ProLiant DL380 Gen11,database,MEM-DDR5-64G-4800
C02-S1-DISK,C02-S1,C02,C,2,1,disk,HPE,ProLiant DL380 Gen11,database,SSD-NVME-U2-3T84
C02-S1-PSU,C02-S1,C02,C,2,1,psu,HPE,ProLiant DL380 Gen11,database,PSU-HPE-1600W
C02-S1-NIC,C02-S1,C02,C,2,1,nic,HPE,ProLiant DL380 Gen11,database,NIC-OCP3-25G-DP
C02-S1-FAN,C02-S1,C02,C,2,1,fan,HPE,ProLiant DL380 Gen11,database,FAN-HPE-DL380
C02-S2-DIMM,C02-S2,C02,C,2,2,dimm,HPE,ProLiant DL380 Gen11,database,MEM-DDR5-64G-4800
C02-S2-DISK,C02-S2,C02,C,2,2,disk,HPE,ProLiant DL380 Gen11,database,SSD-NVME-U2-3T84
C02-S2-PSU,C02-S2,C02,C,2,2,psu,HPE,ProLiant DL380 Gen11,database,PSU-HPE-1600W
C02-S2-NIC,C02-S2,C02,C,2,2,nic,HPE,ProLiant DL380 Gen11,database,NIC-OCP3-25G-DP
C02-S2-FAN,C02-S2,C02,C,2,2,fan,HPE,ProLiant DL380 Gen11,database,FAN-HPE-DL380
C02-S3-DIMM,C02-S3,C02,C,2,3,dimm,HPE,ProLiant DL380 Gen11,database,MEM-DDR5-64G-4800
C02-S3-DISK,C02-S3,C02,C,2,3,disk,HPE,ProLiant DL380 Gen11,database,SSD-NVME-U2-3T84
C02-S3-PSU,C02-S3,C02,C,2,3,psu,HPE,ProLiant DL380 Gen11,database,PSU-HPE-1600W
C02-S3-NIC,C02-S3,C02,C,2,3,nic,HPE,ProLiant DL380 Gen11,database,NIC-OCP3-25G-DP
C02-S3-FAN,C02-S3,C02,C,2,3,fan,HPE,ProLiant DL380 Gen11,database,FAN-HPE-DL380
C02-S4-DIMM,C02-S4,C02,C,2,4,dimm,HPE,ProLiant DL380 Gen11,database,MEM-DDR5-64G-4800
C02-S4-DISK,C02-S4,C02,C,2,4,disk,HPE,ProLiant DL380 Gen11,database,SSD-NVME-U2-3T84
C02-S4-PSU,C02-S4,C02,C,2,4,psu,HPE,ProLiant DL380 Gen11,database,PSU-HPE-1600W
C02-S4-NIC,C02-S4,C02,C,2,4,nic,HPE,ProLiant DL380 Gen11,database,NIC-OCP3-25G-DP
C02-S4-FAN,C02-S4,C02,C,2,4,fan,HPE,ProLiant DL380 Gen11,database,FAN-HPE-DL380
C02-S5-DIMM,C02-S5,C02,C,2,5,dimm,HPE,ProLiant DL380 Gen11,database,MEM-DDR5-64G-4800
C02-S5-DISK,C02-S5,C02,C,2,5,disk,HPE,ProLiant DL380 Gen11,database,SSD-NVME-U2-3T84
C02-S5-PSU,C02-S5,C02,C,2,5,psu,HPE,ProLiant DL380 Gen11,database,PSU-HPE-1600W
C02-S5-NIC,C02-S5,C02,C,2,5,nic,HPE,ProLiant DL380 Gen11,database,NIC-OCP3-25G-DP
C02-S5-FAN,C02-S5,C02,C,2,5,fan,HPE,ProLiant DL380 Gen11,database,FAN-HPE-DL380
C02-S6-DIMM,C02-S6,C02,C,2,6,dimm,HPE,ProLiant DL380 Gen11,database,MEM-DDR5-64G-4800
C02-S6-DISK,C02-S6,C02,C,2,6,disk,HPE,ProLiant DL380 Gen11,database,SSD-NVME-U2-3T84
C02-S6-PSU,C02-S6,C02,C,2,6,psu,HPE,ProLiant DL380 Gen11,database,PSU-HPE-1600W
C02-S6-NIC,C02-S6,C02,C,2,6,nic,HPE,ProLiant DL380 Gen11,database,NIC-OCP3-25G-DP
C02-S6-FAN,C02-S6,C02,C,2,6,fan,HPE,ProLiant DL380 Gen11,database,FAN-HPE-DL380
C02-S7-DIMM,C02-S7,C02,C,2,7,dimm,HPE,ProLiant DL380 Gen11,database,MEM-DDR5-64G-4800
C02-S7-DISK,C02-S7,C02,C,2,7,disk,HPE,ProLiant DL380 Gen11,database,SSD-NVME-U2-3T84
C02-S7-PSU,C02-S7,C02,C,2,7,psu,HPE,ProLiant DL380 Gen11,database,PSU-HPE-1600W
C02-S7-NIC,C02-S7,C02,C,2,7,nic,HPE,ProLiant DL380 Gen11,database,NIC-OCP3-25G-DP
C02-S7-FAN,C02-S7,C02,C,2,7,fan,HPE,ProLiant DL380 Gen11,database,FAN-HPE-DL380
C02-S8-DIMM,C02-S8,C02,C,2,8,dimm,HPE,ProLiant DL380 Gen11,database,MEM-DDR5-64G-4800
C02-S8-DISK,C02-S8,C02,C,2,8,disk,HPE,ProLiant DL380 Gen11,database,SSD-NVME-U2-3T84
C02-S8-PSU,C02-S8,C02,C,2,8,psu,HPE,ProLiant DL380 Gen11,database,PSU-HPE-1600W
C02-S8-NIC,C02-S8,C02,C,2,8,nic,HPE,ProLiant DL380 Gen11,database,NIC-OCP3-25G-DP
C02-S8-FAN,C02-S8,C02,C,2,8,fan,HPE,ProLiant DL380 Gen11,database,FAN-HPE-DL380
C03-S1-DIMM,C03-S1,C03,C,3,1,dimm,Lenovo,ThinkSystem SR650 V3,database,MEM-DDR5-64G-4800
C03-S1-DISK,C03-S1,C03,C,3,1,disk,Lenovo,ThinkSystem SR650 V3,database,SSD-NVME-U2-3T84
C03-S1-PSU,C03-S1,C03,C,3,1,psu,Lenovo,ThinkSystem SR650 V3,database,PSU-LNV-1100W
C03-S1-NIC,C03-S1,C03,C,3,1,nic,Lenovo,ThinkSystem SR650 V3,database,NIC-OCP3-25G-DP
C03-S1-FAN,C03-S1,C03,C,3,1,fan,Lenovo,ThinkSystem SR650 V3,database,FAN-LNV-SR650
C03-S2-DIMM,C03-S2,C03,C,3,2,dimm,Lenovo,ThinkSystem SR650 V3,database,MEM-DDR5-64G-4800
C03-S2-DISK,C03-S2,C03,C,3,2,disk,Lenovo,ThinkSystem SR650 V3,database,SSD-NVME-U2-3T84
C03-S2-PSU,C03-S2,C03,C,3,2,psu,Lenovo,ThinkSystem SR650 V3,database,PSU-LNV-1100W
C03-S2-NIC,C03-S2,C03,C,3,2,nic,Lenovo,ThinkSystem SR650 V3,database,NIC-OCP3-25G-DP
C03-S2-FAN,C03-S2,C03,C,3,2,fan,Lenovo,ThinkSystem SR650 V3,database,FAN-LNV-SR650
C03-S3-DIMM,C03-S3,C03,C,3,3,dimm,Lenovo,ThinkSystem SR650 V3,database,MEM-DDR5-64G-4800
C03-S3-DISK,C03-S3,C03,C,3,3,disk,Lenovo,ThinkSystem SR650 V3,database,SSD-NVME-U2-3T84
C03-S3-PSU,C03-S3,C03,C,3,3,psu,Lenovo,ThinkSystem SR650 V3,database,PSU-LNV-1100W
C03-S3-NIC,C03-S3,C03,C,3,3,nic,Lenovo,ThinkSystem SR650 V3,database,NIC-OCP3-25G-DP
C03-S3-FAN,C03-S3,C03,C,3,3,fan,Lenovo,ThinkSystem SR650 V3,database,FAN-LNV-SR650
C03-S4-DIMM,C03-S4,C03,C,3,4,dimm,Lenovo,ThinkSystem SR650 V3,database,MEM-DDR5-64G-4800
C03-S4-DISK,C03-S4,C03,C,3,4,disk,Lenovo,ThinkSystem SR650 V3,database,SSD-NVME-U2-3T84
C03-S4-PSU,C03-S4,C03,C,3,4,psu,Lenovo,ThinkSystem SR650 V3,database,PSU-LNV-1100W
C03-S4-NIC,C03-S4,C03,C,3,4,nic,Lenovo,ThinkSystem SR650 V3,database,NIC-OCP3-25G-DP
C03-S4-FAN,C03-S4,C03,C,3,4,fan,Lenovo,ThinkSystem SR650 V3,database,FAN-LNV-SR650
C03-S5-DIMM,C03-S5,C03,C,3,5,dimm,Lenovo,ThinkSystem SR650 V3,database,MEM-DDR5-64G-4800
C03-S5-DISK,C03-S5,C03,C,3,5,disk,Lenovo,ThinkSystem SR650 V3,database,SSD-NVME-U2-3T84
C03-S5-PSU,C03-S5,C03,C,3,5,psu,Lenovo,ThinkSystem SR650 V3,database,PSU-LNV-1100W
C03-S5-NIC,C03-S5,C03,C,3,5,nic,Lenovo,ThinkSystem SR650 V3,database,NIC-OCP3-25G-DP
C03-S5-FAN,C03-S5,C03,C,3,5,fan,Lenovo,ThinkSystem SR650 V3,database,FAN-LNV-SR650
C03-S6-DIMM,C03-S6,C03,C,3,6,dimm,Lenovo,ThinkSystem SR650 V3,database,MEM-DDR5-64G-4800
C03-S6-DISK,C03-S6,C03,C,3,6,disk,Lenovo,ThinkSystem SR650 V3,database,SSD-NVME-U2-3T84
C03-S6-PSU,C03-S6,C03,C,3,6,psu,Lenovo,ThinkSystem SR650 V3,database,PSU-LNV-1100W
C03-S6-NIC,C03-S6,C03,C,3,6,nic,Lenovo,ThinkSystem SR650 V3,database,NIC-OCP3-25G-DP
C03-S6-FAN,C03-S6,C03,C,3,6,fan,Lenovo,ThinkSystem SR650 V3,database,FAN-LNV-SR650
C03-S7-DIMM,C03-S7,C03,C,3,7,dimm,Lenovo,ThinkSystem SR650 V3,database,MEM-DDR5-64G-4800
C03-S7-DISK,C03-S7,C03,C,3,7,disk,Lenovo,ThinkSystem SR650 V3,database,SSD-NVME-U2-3T84
C03-S7-PSU,C03-S7,C03,C,3,7,psu,Lenovo,ThinkSystem SR650 V3,database,PSU-LNV-1100W
C03-S7-NIC,C03-S7,C03,C,3,7,nic,Lenovo,ThinkSystem SR650 V3,database,NIC-OCP3-25G-DP
C03-S7-FAN,C03-S7,C03,C,3,7,fan,Lenovo,ThinkSystem SR650 V3,database,FAN-LNV-SR650
C03-S8-DIMM,C03-S8,C03,C,3,8,dimm,Lenovo,ThinkSystem SR650 V3,database,MEM-DDR5-64G-4800
C03-S8-DISK,C03-S8,C03,C,3,8,disk,Lenovo,ThinkSystem SR650 V3,database,SSD-NVME-U2-3T84
C03-S8-PSU,C03-S8,C03,C,3,8,psu,Lenovo,ThinkSystem SR650 V3,database,PSU-LNV-1100W
C03-S8-NIC,C03-S8,C03,C,3,8,nic,Lenovo,ThinkSystem SR650 V3,database,NIC-OCP3-25G-DP
C03-S8-FAN,C03-S8,C03,C,3,8,fan,Lenovo,ThinkSystem SR650 V3,database,FAN-LNV-SR650
C04-S1-DIMM,C04-S1,C04,C,4,1,dimm,Dell,PowerEdge R760,database,MEM-DDR5-64G-4800
C04-S1-DISK,C04-S1,C04,C,4,1,disk,Dell,PowerEdge R760,database,SSD-NVME-U2-3T84
C04-S1-PSU,C04-S1,C04,C,4,1,psu,Dell,PowerEdge R760,database,PSU-DEL-1400W
C04-S1-NIC,C04-S1,C04,C,4,1,nic,Dell,PowerEdge R760,database,NIC-OCP3-25G-DP
C04-S1-FAN,C04-S1,C04,C,4,1,fan,Dell,PowerEdge R760,database,FAN-DEL-R760
C04-S2-DIMM,C04-S2,C04,C,4,2,dimm,Dell,PowerEdge R760,database,MEM-DDR5-64G-4800
C04-S2-DISK,C04-S2,C04,C,4,2,disk,Dell,PowerEdge R760,database,SSD-NVME-U2-3T84
C04-S2-PSU,C04-S2,C04,C,4,2,psu,Dell,PowerEdge R760,database,PSU-DEL-1400W
C04-S2-NIC,C04-S2,C04,C,4,2,nic,Dell,PowerEdge R760,database,NIC-OCP3-25G-DP
C04-S2-FAN,C04-S2,C04,C,4,2,fan,Dell,PowerEdge R760,database,FAN-DEL-R760
C04-S3-DIMM,C04-S3,C04,C,4,3,dimm,Dell,PowerEdge R760,database,MEM-DDR5-64G-4800
C04-S3-DISK,C04-S3,C04,C,4,3,disk,Dell,PowerEdge R760,database,SSD-NVME-U2-3T84
C04-S3-PSU,C04-S3,C04,C,4,3,psu,Dell,PowerEdge R760,database,PSU-DEL-1400W
C04-S3-NIC,C04-S3,C04,C,4,3,nic,Dell,PowerEdge R760,database,NIC-OCP3-25G-DP
C04-S3-FAN,C04-S3,C04,C,4,3,fan,Dell,PowerEdge R760,database,FAN-DEL-R760
C04-S4-DIMM,C04-S4,C04,C,4,4,dimm,Dell,PowerEdge R760,database,MEM-DDR5-64G-4800
C04-S4-DISK,C04-S4,C04,C,4,4,disk,Dell,PowerEdge R760,database,SSD-NVME-U2-3T84
C04-S4-PSU,C04-S4,C04,C,4,4,psu,Dell,PowerEdge R760,database,PSU-DEL-1400W
C04-S4-NIC,C04-S4,C04,C,4,4,nic,Dell,PowerEdge R760,database,NIC-OCP3-25G-DP
C04-S4-FAN,C04-S4,C04,C,4,4,fan,Dell,PowerEdge R760,database,FAN-DEL-R760
C04-S5-DIMM,C04-S5,C04,C,4,5,dimm,Dell,PowerEdge R760,database,MEM-DDR5-64G-4800
C04-S5-DISK,C04-S5,C04,C,4,5,disk,Dell,PowerEdge R760,database,SSD-NVME-U2-3T84
C04-S5-PSU,C04-S5,C04,C,4,5,psu,Dell,PowerEdge R760,database,PSU-DEL-1400W
C04-S5-NIC,C04-S5,C04,C,4,5,nic,Dell,PowerEdge R760,database,NIC-OCP3-25G-DP
C04-S5-FAN,C04-S5,C04,C,4,5,fan,Dell,PowerEdge R760,database,FAN-DEL-R760
C04-S6-DIMM,C04-S6,C04,C,4,6,dimm,Dell,PowerEdge R760,database,MEM-DDR5-64G-4800
C04-S6-DISK,C04-S6,C04,C,4,6,disk,Dell,PowerEdge R760,database,SSD-NVME-U2-3T84
C04-S6-PSU,C04-S6,C04,C,4,6,psu,Dell,PowerEdge R760,database,PSU-DEL-1400W
C04-S6-NIC,C04-S6,C04,C,4,6,nic,Dell,PowerEdge R760,database,NIC-OCP3-25G-DP
C04-S6-FAN,C04-S6,C04,C,4,6,fan,Dell,PowerEdge R760,database,FAN-DEL-R760
C04-S7-DIMM,C04-S7,C04,C,4,7,dimm,Dell,PowerEdge R760,database,MEM-DDR5-64G-4800
C04-S7-DISK,C04-S7,C04,C,4,7,disk,Dell,PowerEdge R760,database,SSD-NVME-U2-3T84
C04-S7-PSU,C04-S7,C04,C,4,7,psu,Dell,PowerEdge R760,database,PSU-DEL-1400W
C04-S7-NIC,C04-S7,C04,C,4,7,nic,Dell,PowerEdge R760,database,NIC-OCP3-25G-DP
C04-S7-FAN,C04-S7,C04,C,4,7,fan,Dell,PowerEdge R760,database,FAN-DEL-R760
C04-S8-DIMM,C04-S8,C04,C,4,8,dimm,Dell,PowerEdge R760,database,MEM-DDR5-64G-4800
C04-S8-DISK,C04-S8,C04,C,4,8,disk,Dell,PowerEdge R760,database,SSD-NVME-U2-3T84
C04-S8-PSU,C04-S8,C04,C,4,8,psu,Dell,PowerEdge R760,database,PSU-DEL-1400W
C04-S8-NIC,C04-S8,C04,C,4,8,nic,Dell,PowerEdge R760,database,NIC-OCP3-25G-DP
C04-S8-FAN,C04-S8,C04,C,4,8,fan,Dell,PowerEdge R760,database,FAN-DEL-R760
C05-S1-DIMM,C05-S1,C05,C,5,1,dimm,HPE,ProLiant DL380 Gen11,database,MEM-DDR5-64G-4800
C05-S1-DISK,C05-S1,C05,C,5,1,disk,HPE,ProLiant DL380 Gen11,database,SSD-NVME-U2-3T84
C05-S1-PSU,C05-S1,C05,C,5,1,psu,HPE,ProLiant DL380 Gen11,database,PSU-HPE-1600W
C05-S1-NIC,C05-S1,C05,C,5,1,nic,HPE,ProLiant DL380 Gen11,database,NIC-OCP3-25G-DP
C05-S1-FAN,C05-S1,C05,C,5,1,fan,HPE,ProLiant DL380 Gen11,database,FAN-HPE-DL380
C05-S2-DIMM,C05-S2,C05,C,5,2,dimm,HPE,ProLiant DL380 Gen11,database,MEM-DDR5-64G-4800
C05-S2-DISK,C05-S2,C05,C,5,2,disk,HPE,ProLiant DL380 Gen11,database,SSD-NVME-U2-3T84
C05-S2-PSU,C05-S2,C05,C,5,2,psu,HPE,ProLiant DL380 Gen11,database,PSU-HPE-1600W
C05-S2-NIC,C05-S2,C05,C,5,2,nic,HPE,ProLiant DL380 Gen11,database,NIC-OCP3-25G-DP
C05-S2-FAN,C05-S2,C05,C,5,2,fan,HPE,ProLiant DL380 Gen11,database,FAN-HPE-DL380
C05-S3-DIMM,C05-S3,C05,C,5,3,dimm,HPE,ProLiant DL380 Gen11,database,MEM-DDR5-64G-4800
C05-S3-DISK,C05-S3,C05,C,5,3,disk,HPE,ProLiant DL380 Gen11,database,SSD-NVME-U2-3T84
C05-S3-PSU,C05-S3,C05,C,5,3,psu,HPE,ProLiant DL380 Gen11,database,PSU-HPE-1600W
C05-S3-NIC,C05-S3,C05,C,5,3,nic,HPE,ProLiant DL380 Gen11,database,NIC-OCP3-25G-DP
C05-S3-FAN,C05-S3,C05,C,5,3,fan,HPE,ProLiant DL380 Gen11,database,FAN-HPE-DL380
C05-S4-DIMM,C05-S4,C05,C,5,4,dimm,HPE,ProLiant DL380 Gen11,database,MEM-DDR5-64G-4800
C05-S4-DISK,C05-S4,C05,C,5,4,disk,HPE,ProLiant DL380 Gen11,database,SSD-NVME-U2-3T84
C05-S4-PSU,C05-S4,C05,C,5,4,psu,HPE,ProLiant DL380 Gen11,database,PSU-HPE-1600W
C05-S4-NIC,C05-S4,C05,C,5,4,nic,HPE,ProLiant DL380 Gen11,database,NIC-OCP3-25G-DP
C05-S4-FAN,C05-S4,C05,C,5,4,fan,HPE,ProLiant DL380 Gen11,database,FAN-HPE-DL380
C05-S5-DIMM,C05-S5,C05,C,5,5,dimm,HPE,ProLiant DL380 Gen11,database,MEM-DDR5-64G-4800
C05-S5-DISK,C05-S5,C05,C,5,5,disk,HPE,ProLiant DL380 Gen11,database,SSD-NVME-U2-3T84
C05-S5-PSU,C05-S5,C05,C,5,5,psu,HPE,ProLiant DL380 Gen11,database,PSU-HPE-1600W
C05-S5-NIC,C05-S5,C05,C,5,5,nic,HPE,ProLiant DL380 Gen11,database,NIC-OCP3-25G-DP
C05-S5-FAN,C05-S5,C05,C,5,5,fan,HPE,ProLiant DL380 Gen11,database,FAN-HPE-DL380
C05-S6-DIMM,C05-S6,C05,C,5,6,dimm,HPE,ProLiant DL380 Gen11,database,MEM-DDR5-64G-4800
C05-S6-DISK,C05-S6,C05,C,5,6,disk,HPE,ProLiant DL380 Gen11,database,SSD-NVME-U2-3T84
C05-S6-PSU,C05-S6,C05,C,5,6,psu,HPE,ProLiant DL380 Gen11,database,PSU-HPE-1600W
C05-S6-NIC,C05-S6,C05,C,5,6,nic,HPE,ProLiant DL380 Gen11,database,NIC-OCP3-25G-DP
C05-S6-FAN,C05-S6,C05,C,5,6,fan,HPE,ProLiant DL380 Gen11,database,FAN-HPE-DL380
C05-S7-DIMM,C05-S7,C05,C,5,7,dimm,HPE,ProLiant DL380 Gen11,database,MEM-DDR5-64G-4800
C05-S7-DISK,C05-S7,C05,C,5,7,disk,HPE,ProLiant DL380 Gen11,database,SSD-NVME-U2-3T84
C05-S7-PSU,C05-S7,C05,C,5,7,psu,HPE,ProLiant DL380 Gen11,database,PSU-HPE-1600W
C05-S7-NIC,C05-S7,C05,C,5,7,nic,HPE,ProLiant DL380 Gen11,database,NIC-OCP3-25G-DP
C05-S7-FAN,C05-S7,C05,C,5,7,fan,HPE,ProLiant DL380 Gen11,database,FAN-HPE-DL380
C05-S8-DIMM,C05-S8,C05,C,5,8,dimm,HPE,ProLiant DL380 Gen11,database,MEM-DDR5-64G-4800
C05-S8-DISK,C05-S8,C05,C,5,8,disk,HPE,ProLiant DL380 Gen11,database,SSD-NVME-U2-3T84
C05-S8-PSU,C05-S8,C05,C,5,8,psu,HPE,ProLiant DL380 Gen11,database,PSU-HPE-1600W
C05-S8-NIC,C05-S8,C05,C,5,8,nic,HPE,ProLiant DL380 Gen11,database,NIC-OCP3-25G-DP
C05-S8-FAN,C05-S8,C05,C,5,8,fan,HPE,ProLiant DL380 Gen11,database,FAN-HPE-DL380
C06-S1-DIMM,C06-S1,C06,C,6,1,dimm,Lenovo,ThinkSystem SR650 V3,database,MEM-DDR5-64G-4800
C06-S1-DISK,C06-S1,C06,C,6,1,disk,Lenovo,ThinkSystem SR650 V3,database,SSD-NVME-U2-3T84
C06-S1-PSU,C06-S1,C06,C,6,1,psu,Lenovo,ThinkSystem SR650 V3,database,PSU-LNV-1100W
C06-S1-NIC,C06-S1,C06,C,6,1,nic,Lenovo,ThinkSystem SR650 V3,database,NIC-OCP3-25G-DP
C06-S1-FAN,C06-S1,C06,C,6,1,fan,Lenovo,ThinkSystem SR650 V3,database,FAN-LNV-SR650
C06-S2-DIMM,C06-S2,C06,C,6,2,dimm,Lenovo,ThinkSystem SR650 V3,database,MEM-DDR5-64G-4800
C06-S2-DISK,C06-S2,C06,C,6,2,disk,Lenovo,ThinkSystem SR650 V3,database,SSD-NVME-U2-3T84
C06-S2-PSU,C06-S2,C06,C,6,2,psu,Lenovo,ThinkSystem SR650 V3,database,PSU-LNV-1100W
C06-S2-NIC,C06-S2,C06,C,6,2,nic,Lenovo,ThinkSystem SR650 V3,database,NIC-OCP3-25G-DP
C06-S2-FAN,C06-S2,C06,C,6,2,fan,Lenovo,ThinkSystem SR650 V3,database,FAN-LNV-SR650
C06-S3-DIMM,C06-S3,C06,C,6,3,dimm,Lenovo,ThinkSystem SR650 V3,database,MEM-DDR5-64G-4800
C06-S3-DISK,C06-S3,C06,C,6,3,disk,Lenovo,ThinkSystem SR650 V3,database,SSD-NVME-U2-3T84
C06-S3-PSU,C06-S3,C06,C,6,3,psu,Lenovo,ThinkSystem SR650 V3,database,PSU-LNV-1100W
C06-S3-NIC,C06-S3,C06,C,6,3,nic,Lenovo,ThinkSystem SR650 V3,database,NIC-OCP3-25G-DP
C06-S3-FAN,C06-S3,C06,C,6,3,fan,Lenovo,ThinkSystem SR650 V3,database,FAN-LNV-SR650
C06-S4-DIMM,C06-S4,C06,C,6,4,dimm,Lenovo,ThinkSystem SR650 V3,database,MEM-DDR5-64G-4800
C06-S4-DISK,C06-S4,C06,C,6,4,disk,Lenovo,ThinkSystem SR650 V3,database,SSD-NVME-U2-3T84
C06-S4-PSU,C06-S4,C06,C,6,4,psu,Lenovo,ThinkSystem SR650 V3,database,PSU-LNV-1100W
C06-S4-NIC,C06-S4,C06,C,6,4,nic,Lenovo,ThinkSystem SR650 V3,database,NIC-OCP3-25G-DP
C06-S4-FAN,C06-S4,C06,C,6,4,fan,Lenovo,ThinkSystem SR650 V3,database,FAN-LNV-SR650
C06-S5-DIMM,C06-S5,C06,C,6,5,dimm,Lenovo,ThinkSystem SR650 V3,database,MEM-DDR5-64G-4800
C06-S5-DISK,C06-S5,C06,C,6,5,disk,Lenovo,ThinkSystem SR650 V3,database,SSD-NVME-U2-3T84
C06-S5-PSU,C06-S5,C06,C,6,5,psu,Lenovo,ThinkSystem SR650 V3,database,PSU-LNV-1100W
C06-S5-NIC,C06-S5,C06,C,6,5,nic,Lenovo,ThinkSystem SR650 V3,database,NIC-OCP3-25G-DP
C06-S5-FAN,C06-S5,C06,C,6,5,fan,Lenovo,ThinkSystem SR650 V3,database,FAN-LNV-SR650
C06-S6-DIMM,C06-S6,C06,C,6,6,dimm,Lenovo,ThinkSystem SR650 V3,database,MEM-DDR5-64G-4800
C06-S6-DISK,C06-S6,C06,C,6,6,disk,Lenovo,ThinkSystem SR650 V3,database,SSD-NVME-U2-3T84
C06-S6-PSU,C06-S6,C06,C,6,6,psu,Lenovo,ThinkSystem SR650 V3,database,PSU-LNV-1100W
C06-S6-NIC,C06-S6,C06,C,6,6,nic,Lenovo,ThinkSystem SR650 V3,database,NIC-OCP3-25G-DP
C06-S6-FAN,C06-S6,C06,C,6,6,fan,Lenovo,ThinkSystem SR650 V3,database,FAN-LNV-SR650
C06-S7-DIMM,C06-S7,C06,C,6,7,dimm,Lenovo,ThinkSystem SR650 V3,database,MEM-DDR5-64G-4800
C06-S7-DISK,C06-S7,C06,C,6,7,disk,Lenovo,ThinkSystem SR650 V3,database,SSD-NVME-U2-3T84
C06-S7-PSU,C06-S7,C06,C,6,7,psu,Lenovo,ThinkSystem SR650 V3,database,PSU-LNV-1100W
C06-S7-NIC,C06-S7,C06,C,6,7,nic,Lenovo,ThinkSystem SR650 V3,database,NIC-OCP3-25G-DP
C06-S7-FAN,C06-S7,C06,C,6,7,fan,Lenovo,ThinkSystem SR650 V3,database,FAN-LNV-SR650
C06-S8-DIMM,C06-S8,C06,C,6,8,dimm,Lenovo,ThinkSystem SR650 V3,database,MEM-DDR5-64G-4800
C06-S8-DISK,C06-S8,C06,C,6,8,disk,Lenovo,ThinkSystem SR650 V3,database,SSD-NVME-U2-3T84
C06-S8-PSU,C06-S8,C06,C,6,8,psu,Lenovo,ThinkSystem SR650 V3,database,PSU-LNV-1100W
C06-S8-NIC,C06-S8,C06,C,6,8,nic,Lenovo,ThinkSystem SR650 V3,database,NIC-OCP3-25G-DP
C06-S8-FAN,C06-S8,C06,C,6,8,fan,Lenovo,ThinkSystem SR650 V3,database,FAN-LNV-SR650
C07-S1-DIMM,C07-S1,C07,C,7,1,dimm,Dell,PowerEdge R760,database,MEM-DDR5-64G-4800
C07-S1-DISK,C07-S1,C07,C,7,1,disk,Dell,PowerEdge R760,database,SSD-NVME-U2-3T84
C07-S1-PSU,C07-S1,C07,C,7,1,psu,Dell,PowerEdge R760,database,PSU-DEL-1400W
C07-S1-NIC,C07-S1,C07,C,7,1,nic,Dell,PowerEdge R760,database,NIC-OCP3-25G-DP
C07-S1-FAN,C07-S1,C07,C,7,1,fan,Dell,PowerEdge R760,database,FAN-DEL-R760
C07-S2-DIMM,C07-S2,C07,C,7,2,dimm,Dell,PowerEdge R760,database,MEM-DDR5-64G-4800
C07-S2-DISK,C07-S2,C07,C,7,2,disk,Dell,PowerEdge R760,database,SSD-NVME-U2-3T84
C07-S2-PSU,C07-S2,C07,C,7,2,psu,Dell,PowerEdge R760,database,PSU-DEL-1400W
C07-S2-NIC,C07-S2,C07,C,7,2,nic,Dell,PowerEdge R760,database,NIC-OCP3-25G-DP
C07-S2-FAN,C07-S2,C07,C,7,2,fan,Dell,PowerEdge R760,database,FAN-DEL-R760
C07-S3-DIMM,C07-S3,C07,C,7,3,dimm,Dell,PowerEdge R760,database,MEM-DDR5-64G-4800
C07-S3-DISK,C07-S3,C07,C,7,3,disk,Dell,PowerEdge R760,database,SSD-NVME-U2-3T84
C07-S3-PSU,C07-S3,C07,C,7,3,psu,Dell,PowerEdge R760,database,PSU-DEL-1400W
C07-S3-NIC,C07-S3,C07,C,7,3,nic,Dell,PowerEdge R760,database,NIC-OCP3-25G-DP
C07-S3-FAN,C07-S3,C07,C,7,3,fan,Dell,PowerEdge R760,database,FAN-DEL-R760
C07-S4-DIMM,C07-S4,C07,C,7,4,dimm,Dell,PowerEdge R760,database,MEM-DDR5-64G-4800
C07-S4-DISK,C07-S4,C07,C,7,4,disk,Dell,PowerEdge R760,database,SSD-NVME-U2-3T84
C07-S4-PSU,C07-S4,C07,C,7,4,psu,Dell,PowerEdge R760,database,PSU-DEL-1400W
C07-S4-NIC,C07-S4,C07,C,7,4,nic,Dell,PowerEdge R760,database,NIC-OCP3-25G-DP
C07-S4-FAN,C07-S4,C07,C,7,4,fan,Dell,PowerEdge R760,database,FAN-DEL-R760
C07-S5-DIMM,C07-S5,C07,C,7,5,dimm,Dell,PowerEdge R760,database,MEM-DDR5-64G-4800
C07-S5-DISK,C07-S5,C07,C,7,5,disk,Dell,PowerEdge R760,database,SSD-NVME-U2-3T84
C07-S5-PSU,C07-S5,C07,C,7,5,psu,Dell,PowerEdge R760,database,PSU-DEL-1400W
C07-S5-NIC,C07-S5,C07,C,7,5,nic,Dell,PowerEdge R760,database,NIC-OCP3-25G-DP
C07-S5-FAN,C07-S5,C07,C,7,5,fan,Dell,PowerEdge R760,database,FAN-DEL-R760
C07-S6-DIMM,C07-S6,C07,C,7,6,dimm,Dell,PowerEdge R760,database,MEM-DDR5-64G-4800
C07-S6-DISK,C07-S6,C07,C,7,6,disk,Dell,PowerEdge R760,database,SSD-NVME-U2-3T84
C07-S6-PSU,C07-S6,C07,C,7,6,psu,Dell,PowerEdge R760,database,PSU-DEL-1400W
C07-S6-NIC,C07-S6,C07,C,7,6,nic,Dell,PowerEdge R760,database,NIC-OCP3-25G-DP
C07-S6-FAN,C07-S6,C07,C,7,6,fan,Dell,PowerEdge R760,database,FAN-DEL-R760
C07-S7-DIMM,C07-S7,C07,C,7,7,dimm,Dell,PowerEdge R760,database,MEM-DDR5-64G-4800
C07-S7-DISK,C07-S7,C07,C,7,7,disk,Dell,PowerEdge R760,database,SSD-NVME-U2-3T84
C07-S7-PSU,C07-S7,C07,C,7,7,psu,Dell,PowerEdge R760,database,PSU-DEL-1400W
C07-S7-NIC,C07-S7,C07,C,7,7,nic,Dell,PowerEdge R760,database,NIC-OCP3-25G-DP
C07-S7-FAN,C07-S7,C07,C,7,7,fan,Dell,PowerEdge R760,database,FAN-DEL-R760
C07-S8-DIMM,C07-S8,C07,C,7,8,dimm,Dell,PowerEdge R760,database,MEM-DDR5-64G-4800
C07-S8-DISK,C07-S8,C07,C,7,8,disk,Dell,PowerEdge R760,database,SSD-NVME-U2-3T84
C07-S8-PSU,C07-S8,C07,C,7,8,psu,Dell,PowerEdge R760,database,PSU-DEL-1400W
C07-S8-NIC,C07-S8,C07,C,7,8,nic,Dell,PowerEdge R760,database,NIC-OCP3-25G-DP
C07-S8-FAN,C07-S8,C07,C,7,8,fan,Dell,PowerEdge R760,database,FAN-DEL-R760
C08-S1-DIMM,C08-S1,C08,C,8,1,dimm,HPE,ProLiant DL380 Gen11,database,MEM-DDR5-64G-4800
C08-S1-DISK,C08-S1,C08,C,8,1,disk,HPE,ProLiant DL380 Gen11,database,SSD-NVME-U2-3T84
C08-S1-PSU,C08-S1,C08,C,8,1,psu,HPE,ProLiant DL380 Gen11,database,PSU-HPE-1600W
C08-S1-NIC,C08-S1,C08,C,8,1,nic,HPE,ProLiant DL380 Gen11,database,NIC-OCP3-25G-DP
C08-S1-FAN,C08-S1,C08,C,8,1,fan,HPE,ProLiant DL380 Gen11,database,FAN-HPE-DL380
C08-S2-DIMM,C08-S2,C08,C,8,2,dimm,HPE,ProLiant DL380 Gen11,database,MEM-DDR5-64G-4800
C08-S2-DISK,C08-S2,C08,C,8,2,disk,HPE,ProLiant DL380 Gen11,database,SSD-NVME-U2-3T84
C08-S2-PSU,C08-S2,C08,C,8,2,psu,HPE,ProLiant DL380 Gen11,database,PSU-HPE-1600W
C08-S2-NIC,C08-S2,C08,C,8,2,nic,HPE,ProLiant DL380 Gen11,database,NIC-OCP3-25G-DP
C08-S2-FAN,C08-S2,C08,C,8,2,fan,HPE,ProLiant DL380 Gen11,database,FAN-HPE-DL380
C08-S3-DIMM,C08-S3,C08,C,8,3,dimm,HPE,ProLiant DL380 Gen11,database,MEM-DDR5-64G-4800
C08-S3-DISK,C08-S3,C08,C,8,3,disk,HPE,ProLiant DL380 Gen11,database,SSD-NVME-U2-3T84
C08-S3-PSU,C08-S3,C08,C,8,3,psu,HPE,ProLiant DL380 Gen11,database,PSU-HPE-1600W
C08-S3-NIC,C08-S3,C08,C,8,3,nic,HPE,ProLiant DL380 Gen11,database,NIC-OCP3-25G-DP
C08-S3-FAN,C08-S3,C08,C,8,3,fan,HPE,ProLiant DL380 Gen11,database,FAN-HPE-DL380
C08-S4-DIMM,C08-S4,C08,C,8,4,dimm,HPE,ProLiant DL380 Gen11,database,MEM-DDR5-64G-4800
C08-S4-DISK,C08-S4,C08,C,8,4,disk,HPE,ProLiant DL380 Gen11,database,SSD-NVME-U2-3T84
C08-S4-PSU,C08-S4,C08,C,8,4,psu,HPE,ProLiant DL380 Gen11,database,PSU-HPE-1600W
C08-S4-NIC,C08-S4,C08,C,8,4,nic,HPE,ProLiant DL380 Gen11,database,NIC-OCP3-25G-DP
C08-S4-FAN,C08-S4,C08,C,8,4,fan,HPE,ProLiant DL380 Gen11,database,FAN-HPE-DL380
C08-S5-DIMM,C08-S5,C08,C,8,5,dimm,HPE,ProLiant DL380 Gen11,database,MEM-DDR5-64G-4800
C08-S5-DISK,C08-S5,C08,C,8,5,disk,HPE,ProLiant DL380 Gen11,database,SSD-NVME-U2-3T84
C08-S5-PSU,C08-S5,C08,C,8,5,psu,HPE,ProLiant DL380 Gen11,database,PSU-HPE-1600W
C08-S5-NIC,C08-S5,C08,C,8,5,nic,HPE,ProLiant DL380 Gen11,database,NIC-OCP3-25G-DP
C08-S5-FAN,C08-S5,C08,C,8,5,fan,HPE,ProLiant DL380 Gen11,database,FAN-HPE-DL380
C08-S6-DIMM,C08-S6,C08,C,8,6,dimm,HPE,ProLiant DL380 Gen11,database,MEM-DDR5-64G-4800
C08-S6-DISK,C08-S6,C08,C,8,6,disk,HPE,ProLiant DL380 Gen11,database,SSD-NVME-U2-3T84
C08-S6-PSU,C08-S6,C08,C,8,6,psu,HPE,ProLiant DL380 Gen11,database,PSU-HPE-1600W
C08-S6-NIC,C08-S6,C08,C,8,6,nic,HPE,ProLiant DL380 Gen11,database,NIC-OCP3-25G-DP
C08-S6-FAN,C08-S6,C08,C,8,6,fan,HPE,ProLiant DL380 Gen11,database,FAN-HPE-DL380
C08-S7-DIMM,C08-S7,C08,C,8,7,dimm,HPE,ProLiant DL380 Gen11,database,MEM-DDR5-64G-4800
C08-S7-DISK,C08-S7,C08,C,8,7,disk,HPE,ProLiant DL380 Gen11,database,SSD-NVME-U2-3T84
C08-S7-PSU,C08-S7,C08,C,8,7,psu,HPE,ProLiant DL380 Gen11,database,PSU-HPE-1600W
C08-S7-NIC,C08-S7,C08,C,8,7,nic,HPE,ProLiant DL380 Gen11,database,NIC-OCP3-25G-DP
C08-S7-FAN,C08-S7,C08,C,8,7,fan,HPE,ProLiant DL380 Gen11,database,FAN-HPE-DL380
C08-S8-DIMM,C08-S8,C08,C,8,8,dimm,HPE,ProLiant DL380 Gen11,database,MEM-DDR5-64G-4800
C08-S8-DISK,C08-S8,C08,C,8,8,disk,HPE,ProLiant DL380 Gen11,database,SSD-NVME-U2-3T84
C08-S8-PSU,C08-S8,C08,C,8,8,psu,HPE,ProLiant DL380 Gen11,database,PSU-HPE-1600W
C08-S8-NIC,C08-S8,C08,C,8,8,nic,HPE,ProLiant DL380 Gen11,database,NIC-OCP3-25G-DP
C08-S8-FAN,C08-S8,C08,C,8,8,fan,HPE,ProLiant DL380 Gen11,database,FAN-HPE-DL380
C09-S1-DIMM,C09-S1,C09,C,9,1,dimm,Lenovo,ThinkSystem SR650 V3,database,MEM-DDR5-64G-4800
C09-S1-DISK,C09-S1,C09,C,9,1,disk,Lenovo,ThinkSystem SR650 V3,database,SSD-NVME-U2-3T84
C09-S1-PSU,C09-S1,C09,C,9,1,psu,Lenovo,ThinkSystem SR650 V3,database,PSU-LNV-1100W
C09-S1-NIC,C09-S1,C09,C,9,1,nic,Lenovo,ThinkSystem SR650 V3,database,NIC-OCP3-25G-DP
C09-S1-FAN,C09-S1,C09,C,9,1,fan,Lenovo,ThinkSystem SR650 V3,database,FAN-LNV-SR650
C09-S2-DIMM,C09-S2,C09,C,9,2,dimm,Lenovo,ThinkSystem SR650 V3,database,MEM-DDR5-64G-4800
C09-S2-DISK,C09-S2,C09,C,9,2,disk,Lenovo,ThinkSystem SR650 V3,database,SSD-NVME-U2-3T84
C09-S2-PSU,C09-S2,C09,C,9,2,psu,Lenovo,ThinkSystem SR650 V3,database,PSU-LNV-1100W
C09-S2-NIC,C09-S2,C09,C,9,2,nic,Lenovo,ThinkSystem SR650 V3,database,NIC-OCP3-25G-DP
C09-S2-FAN,C09-S2,C09,C,9,2,fan,Lenovo,ThinkSystem SR650 V3,database,FAN-LNV-SR650
C09-S3-DIMM,C09-S3,C09,C,9,3,dimm,Lenovo,ThinkSystem SR650 V3,database,MEM-DDR5-64G-4800
C09-S3-DISK,C09-S3,C09,C,9,3,disk,Lenovo,ThinkSystem SR650 V3,database,SSD-NVME-U2-3T84
C09-S3-PSU,C09-S3,C09,C,9,3,psu,Lenovo,ThinkSystem SR650 V3,database,PSU-LNV-1100W
C09-S3-NIC,C09-S3,C09,C,9,3,nic,Lenovo,ThinkSystem SR650 V3,database,NIC-OCP3-25G-DP
C09-S3-FAN,C09-S3,C09,C,9,3,fan,Lenovo,ThinkSystem SR650 V3,database,FAN-LNV-SR650
C09-S4-DIMM,C09-S4,C09,C,9,4,dimm,Lenovo,ThinkSystem SR650 V3,database,MEM-DDR5-64G-4800
C09-S4-DISK,C09-S4,C09,C,9,4,disk,Lenovo,ThinkSystem SR650 V3,database,SSD-NVME-U2-3T84
C09-S4-PSU,C09-S4,C09,C,9,4,psu,Lenovo,ThinkSystem SR650 V3,database,PSU-LNV-1100W
C09-S4-NIC,C09-S4,C09,C,9,4,nic,Lenovo,ThinkSystem SR650 V3,database,NIC-OCP3-25G-DP
C09-S4-FAN,C09-S4,C09,C,9,4,fan,Lenovo,ThinkSystem SR650 V3,database,FAN-LNV-SR650
C09-S5-DIMM,C09-S5,C09,C,9,5,dimm,Lenovo,ThinkSystem SR650 V3,database,MEM-DDR5-64G-4800
C09-S5-DISK,C09-S5,C09,C,9,5,disk,Lenovo,ThinkSystem SR650 V3,database,SSD-NVME-U2-3T84
C09-S5-PSU,C09-S5,C09,C,9,5,psu,Lenovo,ThinkSystem SR650 V3,database,PSU-LNV-1100W
C09-S5-NIC,C09-S5,C09,C,9,5,nic,Lenovo,ThinkSystem SR650 V3,database,NIC-OCP3-25G-DP
C09-S5-FAN,C09-S5,C09,C,9,5,fan,Lenovo,ThinkSystem SR650 V3,database,FAN-LNV-SR650
C09-S6-DIMM,C09-S6,C09,C,9,6,dimm,Lenovo,ThinkSystem SR650 V3,database,MEM-DDR5-64G-4800
C09-S6-DISK,C09-S6,C09,C,9,6,disk,Lenovo,ThinkSystem SR650 V3,database,SSD-NVME-U2-3T84
C09-S6-PSU,C09-S6,C09,C,9,6,psu,Lenovo,ThinkSystem SR650 V3,database,PSU-LNV-1100W
C09-S6-NIC,C09-S6,C09,C,9,6,nic,Lenovo,ThinkSystem SR650 V3,database,NIC-OCP3-25G-DP
C09-S6-FAN,C09-S6,C09,C,9,6,fan,Lenovo,ThinkSystem SR650 V3,database,FAN-LNV-SR650
C09-S7-DIMM,C09-S7,C09,C,9,7,dimm,Lenovo,ThinkSystem SR650 V3,database,MEM-DDR5-64G-4800
C09-S7-DISK,C09-S7,C09,C,9,7,disk,Lenovo,ThinkSystem SR650 V3,database,SSD-NVME-U2-3T84
C09-S7-PSU,C09-S7,C09,C,9,7,psu,Lenovo,ThinkSystem SR650 V3,database,PSU-LNV-1100W
C09-S7-NIC,C09-S7,C09,C,9,7,nic,Lenovo,ThinkSystem SR650 V3,database,NIC-OCP3-25G-DP
C09-S7-FAN,C09-S7,C09,C,9,7,fan,Lenovo,ThinkSystem SR650 V3,database,FAN-LNV-SR650
C09-S8-DIMM,C09-S8,C09,C,9,8,dimm,Lenovo,ThinkSystem SR650 V3,database,MEM-DDR5-64G-4800
C09-S8-DISK,C09-S8,C09,C,9,8,disk,Lenovo,ThinkSystem SR650 V3,database,SSD-NVME-U2-3T84
C09-S8-PSU,C09-S8,C09,C,9,8,psu,Lenovo,ThinkSystem SR650 V3,database,PSU-LNV-1100W
C09-S8-NIC,C09-S8,C09,C,9,8,nic,Lenovo,ThinkSystem SR650 V3,database,NIC-OCP3-25G-DP
C09-S8-FAN,C09-S8,C09,C,9,8,fan,Lenovo,ThinkSystem SR650 V3,database,FAN-LNV-SR650
C10-S1-DIMM,C10-S1,C10,C,10,1,dimm,Dell,PowerEdge R760,database,MEM-DDR5-64G-4800
C10-S1-DISK,C10-S1,C10,C,10,1,disk,Dell,PowerEdge R760,database,SSD-NVME-U2-3T84
C10-S1-PSU,C10-S1,C10,C,10,1,psu,Dell,PowerEdge R760,database,PSU-DEL-1400W
C10-S1-NIC,C10-S1,C10,C,10,1,nic,Dell,PowerEdge R760,database,NIC-OCP3-25G-DP
C10-S1-FAN,C10-S1,C10,C,10,1,fan,Dell,PowerEdge R760,database,FAN-DEL-R760
C10-S2-DIMM,C10-S2,C10,C,10,2,dimm,Dell,PowerEdge R760,database,MEM-DDR5-64G-4800
C10-S2-DISK,C10-S2,C10,C,10,2,disk,Dell,PowerEdge R760,database,SSD-NVME-U2-3T84
C10-S2-PSU,C10-S2,C10,C,10,2,psu,Dell,PowerEdge R760,database,PSU-DEL-1400W
C10-S2-NIC,C10-S2,C10,C,10,2,nic,Dell,PowerEdge R760,database,NIC-OCP3-25G-DP
C10-S2-FAN,C10-S2,C10,C,10,2,fan,Dell,PowerEdge R760,database,FAN-DEL-R760
C10-S3-DIMM,C10-S3,C10,C,10,3,dimm,Dell,PowerEdge R760,database,MEM-DDR5-64G-4800
C10-S3-DISK,C10-S3,C10,C,10,3,disk,Dell,PowerEdge R760,database,SSD-NVME-U2-3T84
C10-S3-PSU,C10-S3,C10,C,10,3,psu,Dell,PowerEdge R760,database,PSU-DEL-1400W
C10-S3-NIC,C10-S3,C10,C,10,3,nic,Dell,PowerEdge R760,database,NIC-OCP3-25G-DP
C10-S3-FAN,C10-S3,C10,C,10,3,fan,Dell,PowerEdge R760,database,FAN-DEL-R760
C10-S4-DIMM,C10-S4,C10,C,10,4,dimm,Dell,PowerEdge R760,database,MEM-DDR5-64G-4800
C10-S4-DISK,C10-S4,C10,C,10,4,disk,Dell,PowerEdge R760,database,SSD-NVME-U2-3T84
C10-S4-PSU,C10-S4,C10,C,10,4,psu,Dell,PowerEdge R760,database,PSU-DEL-1400W
C10-S4-NIC,C10-S4,C10,C,10,4,nic,Dell,PowerEdge R760,database,NIC-OCP3-25G-DP
C10-S4-FAN,C10-S4,C10,C,10,4,fan,Dell,PowerEdge R760,database,FAN-DEL-R760
C10-S5-DIMM,C10-S5,C10,C,10,5,dimm,Dell,PowerEdge R760,database,MEM-DDR5-64G-4800
C10-S5-DISK,C10-S5,C10,C,10,5,disk,Dell,PowerEdge R760,database,SSD-NVME-U2-3T84
C10-S5-PSU,C10-S5,C10,C,10,5,psu,Dell,PowerEdge R760,database,PSU-DEL-1400W
C10-S5-NIC,C10-S5,C10,C,10,5,nic,Dell,PowerEdge R760,database,NIC-OCP3-25G-DP
C10-S5-FAN,C10-S5,C10,C,10,5,fan,Dell,PowerEdge R760,database,FAN-DEL-R760
C10-S6-DIMM,C10-S6,C10,C,10,6,dimm,Dell,PowerEdge R760,database,MEM-DDR5-64G-4800
C10-S6-DISK,C10-S6,C10,C,10,6,disk,Dell,PowerEdge R760,database,SSD-NVME-U2-3T84
C10-S6-PSU,C10-S6,C10,C,10,6,psu,Dell,PowerEdge R760,database,PSU-DEL-1400W
C10-S6-NIC,C10-S6,C10,C,10,6,nic,Dell,PowerEdge R760,database,NIC-OCP3-25G-DP
C10-S6-FAN,C10-S6,C10,C,10,6,fan,Dell,PowerEdge R760,database,FAN-DEL-R760
C10-S7-DIMM,C10-S7,C10,C,10,7,dimm,Dell,PowerEdge R760,database,MEM-DDR5-64G-4800
C10-S7-DISK,C10-S7,C10,C,10,7,disk,Dell,PowerEdge R760,database,SSD-NVME-U2-3T84
C10-S7-PSU,C10-S7,C10,C,10,7,psu,Dell,PowerEdge R760,database,PSU-DEL-1400W
C10-S7-NIC,C10-S7,C10,C,10,7,nic,Dell,PowerEdge R760,database,NIC-OCP3-25G-DP
C10-S7-FAN,C10-S7,C10,C,10,7,fan,Dell,PowerEdge R760,database,FAN-DEL-R760
C10-S8-DIMM,C10-S8,C10,C,10,8,dimm,Dell,PowerEdge R760,database,MEM-DDR5-64G-4800
C10-S8-DISK,C10-S8,C10,C,10,8,disk,Dell,PowerEdge R760,database,SSD-NVME-U2-3T84
C10-S8-PSU,C10-S8,C10,C,10,8,psu,Dell,PowerEdge R760,database,PSU-DEL-1400W
C10-S8-NIC,C10-S8,C10,C,10,8,nic,Dell,PowerEdge R760,database,NIC-OCP3-25G-DP
C10-S8-FAN,C10-S8,C10,C,10,8,fan,Dell,PowerEdge R760,database,FAN-DEL-R760
C11-S1-DIMM,C11-S1,C11,C,11,1,dimm,HPE,ProLiant DL380 Gen11,database,MEM-DDR5-64G-4800
C11-S1-DISK,C11-S1,C11,C,11,1,disk,HPE,ProLiant DL380 Gen11,database,SSD-NVME-U2-3T84
C11-S1-PSU,C11-S1,C11,C,11,1,psu,HPE,ProLiant DL380 Gen11,database,PSU-HPE-1600W
C11-S1-NIC,C11-S1,C11,C,11,1,nic,HPE,ProLiant DL380 Gen11,database,NIC-OCP3-25G-DP
C11-S1-FAN,C11-S1,C11,C,11,1,fan,HPE,ProLiant DL380 Gen11,database,FAN-HPE-DL380
C11-S2-DIMM,C11-S2,C11,C,11,2,dimm,HPE,ProLiant DL380 Gen11,database,MEM-DDR5-64G-4800
C11-S2-DISK,C11-S2,C11,C,11,2,disk,HPE,ProLiant DL380 Gen11,database,SSD-NVME-U2-3T84
C11-S2-PSU,C11-S2,C11,C,11,2,psu,HPE,ProLiant DL380 Gen11,database,PSU-HPE-1600W
C11-S2-NIC,C11-S2,C11,C,11,2,nic,HPE,ProLiant DL380 Gen11,database,NIC-OCP3-25G-DP
C11-S2-FAN,C11-S2,C11,C,11,2,fan,HPE,ProLiant DL380 Gen11,database,FAN-HPE-DL380
C11-S3-DIMM,C11-S3,C11,C,11,3,dimm,HPE,ProLiant DL380 Gen11,database,MEM-DDR5-64G-4800
C11-S3-DISK,C11-S3,C11,C,11,3,disk,HPE,ProLiant DL380 Gen11,database,SSD-NVME-U2-3T84
C11-S3-PSU,C11-S3,C11,C,11,3,psu,HPE,ProLiant DL380 Gen11,database,PSU-HPE-1600W
C11-S3-NIC,C11-S3,C11,C,11,3,nic,HPE,ProLiant DL380 Gen11,database,NIC-OCP3-25G-DP
C11-S3-FAN,C11-S3,C11,C,11,3,fan,HPE,ProLiant DL380 Gen11,database,FAN-HPE-DL380
C11-S4-DIMM,C11-S4,C11,C,11,4,dimm,HPE,ProLiant DL380 Gen11,database,MEM-DDR5-64G-4800
C11-S4-DISK,C11-S4,C11,C,11,4,disk,HPE,ProLiant DL380 Gen11,database,SSD-NVME-U2-3T84
C11-S4-PSU,C11-S4,C11,C,11,4,psu,HPE,ProLiant DL380 Gen11,database,PSU-HPE-1600W
C11-S4-NIC,C11-S4,C11,C,11,4,nic,HPE,ProLiant DL380 Gen11,database,NIC-OCP3-25G-DP
C11-S4-FAN,C11-S4,C11,C,11,4,fan,HPE,ProLiant DL380 Gen11,database,FAN-HPE-DL380
C11-S5-DIMM,C11-S5,C11,C,11,5,dimm,HPE,ProLiant DL380 Gen11,database,MEM-DDR5-64G-4800
C11-S5-DISK,C11-S5,C11,C,11,5,disk,HPE,ProLiant DL380 Gen11,database,SSD-NVME-U2-3T84
C11-S5-PSU,C11-S5,C11,C,11,5,psu,HPE,ProLiant DL380 Gen11,database,PSU-HPE-1600W
C11-S5-NIC,C11-S5,C11,C,11,5,nic,HPE,ProLiant DL380 Gen11,database,NIC-OCP3-25G-DP
C11-S5-FAN,C11-S5,C11,C,11,5,fan,HPE,ProLiant DL380 Gen11,database,FAN-HPE-DL380
C11-S6-DIMM,C11-S6,C11,C,11,6,dimm,HPE,ProLiant DL380 Gen11,database,MEM-DDR5-64G-4800
C11-S6-DISK,C11-S6,C11,C,11,6,disk,HPE,ProLiant DL380 Gen11,database,SSD-NVME-U2-3T84
C11-S6-PSU,C11-S6,C11,C,11,6,psu,HPE,ProLiant DL380 Gen11,database,PSU-HPE-1600W
C11-S6-NIC,C11-S6,C11,C,11,6,nic,HPE,ProLiant DL380 Gen11,database,NIC-OCP3-25G-DP
C11-S6-FAN,C11-S6,C11,C,11,6,fan,HPE,ProLiant DL380 Gen11,database,FAN-HPE-DL380
C11-S7-DIMM,C11-S7,C11,C,11,7,dimm,HPE,ProLiant DL380 Gen11,database,MEM-DDR5-64G-4800
C11-S7-DISK,C11-S7,C11,C,11,7,disk,HPE,ProLiant DL380 Gen11,database,SSD-NVME-U2-3T84
C11-S7-PSU,C11-S7,C11,C,11,7,psu,HPE,ProLiant DL380 Gen11,database,PSU-HPE-1600W
C11-S7-NIC,C11-S7,C11,C,11,7,nic,HPE,ProLiant DL380 Gen11,database,NIC-OCP3-25G-DP
C11-S7-FAN,C11-S7,C11,C,11,7,fan,HPE,ProLiant DL380 Gen11,database,FAN-HPE-DL380
C11-S8-DIMM,C11-S8,C11,C,11,8,dimm,HPE,ProLiant DL380 Gen11,database,MEM-DDR5-64G-4800
C11-S8-DISK,C11-S8,C11,C,11,8,disk,HPE,ProLiant DL380 Gen11,database,SSD-NVME-U2-3T84
C11-S8-PSU,C11-S8,C11,C,11,8,psu,HPE,ProLiant DL380 Gen11,database,PSU-HPE-1600W
C11-S8-NIC,C11-S8,C11,C,11,8,nic,HPE,ProLiant DL380 Gen11,database,NIC-OCP3-25G-DP
C11-S8-FAN,C11-S8,C11,C,11,8,fan,HPE,ProLiant DL380 Gen11,database,FAN-HPE-DL380
C12-S1-DIMM,C12-S1,C12,C,12,1,dimm,Lenovo,ThinkSystem SR650 V3,database,MEM-DDR5-64G-4800
C12-S1-DISK,C12-S1,C12,C,12,1,disk,Lenovo,ThinkSystem SR650 V3,database,SSD-NVME-U2-3T84
C12-S1-PSU,C12-S1,C12,C,12,1,psu,Lenovo,ThinkSystem SR650 V3,database,PSU-LNV-1100W
C12-S1-NIC,C12-S1,C12,C,12,1,nic,Lenovo,ThinkSystem SR650 V3,database,NIC-OCP3-25G-DP
C12-S1-FAN,C12-S1,C12,C,12,1,fan,Lenovo,ThinkSystem SR650 V3,database,FAN-LNV-SR650
C12-S2-DIMM,C12-S2,C12,C,12,2,dimm,Lenovo,ThinkSystem SR650 V3,database,MEM-DDR5-64G-4800
C12-S2-DISK,C12-S2,C12,C,12,2,disk,Lenovo,ThinkSystem SR650 V3,database,SSD-NVME-U2-3T84
C12-S2-PSU,C12-S2,C12,C,12,2,psu,Lenovo,ThinkSystem SR650 V3,database,PSU-LNV-1100W
C12-S2-NIC,C12-S2,C12,C,12,2,nic,Lenovo,ThinkSystem SR650 V3,database,NIC-OCP3-25G-DP
C12-S2-FAN,C12-S2,C12,C,12,2,fan,Lenovo,ThinkSystem SR650 V3,database,FAN-LNV-SR650
C12-S3-DIMM,C12-S3,C12,C,12,3,dimm,Lenovo,ThinkSystem SR650 V3,database,MEM-DDR5-64G-4800
C12-S3-DISK,C12-S3,C12,C,12,3,disk,Lenovo,ThinkSystem SR650 V3,database,SSD-NVME-U2-3T84
C12-S3-PSU,C12-S3,C12,C,12,3,psu,Lenovo,ThinkSystem SR650 V3,database,PSU-LNV-1100W
C12-S3-NIC,C12-S3,C12,C,12,3,nic,Lenovo,ThinkSystem SR650 V3,database,NIC-OCP3-25G-DP
C12-S3-FAN,C12-S3,C12,C,12,3,fan,Lenovo,ThinkSystem SR650 V3,database,FAN-LNV-SR650
C12-S4-DIMM,C12-S4,C12,C,12,4,dimm,Lenovo,ThinkSystem SR650 V3,database,MEM-DDR5-64G-4800
C12-S4-DISK,C12-S4,C12,C,12,4,disk,Lenovo,ThinkSystem SR650 V3,database,SSD-NVME-U2-3T84
C12-S4-PSU,C12-S4,C12,C,12,4,psu,Lenovo,ThinkSystem SR650 V3,database,PSU-LNV-1100W
C12-S4-NIC,C12-S4,C12,C,12,4,nic,Lenovo,ThinkSystem SR650 V3,database,NIC-OCP3-25G-DP
C12-S4-FAN,C12-S4,C12,C,12,4,fan,Lenovo,ThinkSystem SR650 V3,database,FAN-LNV-SR650
C12-S5-DIMM,C12-S5,C12,C,12,5,dimm,Lenovo,ThinkSystem SR650 V3,database,MEM-DDR5-64G-4800
C12-S5-DISK,C12-S5,C12,C,12,5,disk,Lenovo,ThinkSystem SR650 V3,database,SSD-NVME-U2-3T84
C12-S5-PSU,C12-S5,C12,C,12,5,psu,Lenovo,ThinkSystem SR650 V3,database,PSU-LNV-1100W
C12-S5-NIC,C12-S5,C12,C,12,5,nic,Lenovo,ThinkSystem SR650 V3,database,NIC-OCP3-25G-DP
C12-S5-FAN,C12-S5,C12,C,12,5,fan,Lenovo,ThinkSystem SR650 V3,database,FAN-LNV-SR650
C12-S6-DIMM,C12-S6,C12,C,12,6,dimm,Lenovo,ThinkSystem SR650 V3,database,MEM-DDR5-64G-4800
C12-S6-DISK,C12-S6,C12,C,12,6,disk,Lenovo,ThinkSystem SR650 V3,database,SSD-NVME-U2-3T84
C12-S6-PSU,C12-S6,C12,C,12,6,psu,Lenovo,ThinkSystem SR650 V3,database,PSU-LNV-1100W
C12-S6-NIC,C12-S6,C12,C,12,6,nic,Lenovo,ThinkSystem SR650 V3,database,NIC-OCP3-25G-DP
C12-S6-FAN,C12-S6,C12,C,12,6,fan,Lenovo,ThinkSystem SR650 V3,database,FAN-LNV-SR650
C12-S7-DIMM,C12-S7,C12,C,12,7,dimm,Lenovo,ThinkSystem SR650 V3,database,MEM-DDR5-64G-4800
C12-S7-DISK,C12-S7,C12,C,12,7,disk,Lenovo,ThinkSystem SR650 V3,database,SSD-NVME-U2-3T84
C12-S7-PSU,C12-S7,C12,C,12,7,psu,Lenovo,ThinkSystem SR650 V3,database,PSU-LNV-1100W
C12-S7-NIC,C12-S7,C12,C,12,7,nic,Lenovo,ThinkSystem SR650 V3,database,NIC-OCP3-25G-DP
C12-S7-FAN,C12-S7,C12,C,12,7,fan,Lenovo,ThinkSystem SR650 V3,database,FAN-LNV-SR650
C12-S8-DIMM,C12-S8,C12,C,12,8,dimm,Lenovo,ThinkSystem SR650 V3,database,MEM-DDR5-64G-4800
C12-S8-DISK,C12-S8,C12,C,12,8,disk,Lenovo,ThinkSystem SR650 V3,database,SSD-NVME-U2-3T84
C12-S8-PSU,C12-S8,C12,C,12,8,psu,Lenovo,ThinkSystem SR650 V3,database,PSU-LNV-1100W
C12-S8-NIC,C12-S8,C12,C,12,8,nic,Lenovo,ThinkSystem SR650 V3,database,NIC-OCP3-25G-DP
C12-S8-FAN,C12-S8,C12,C,12,8,fan,Lenovo,ThinkSystem SR650 V3,database,FAN-LNV-SR650
C13-S1-DIMM,C13-S1,C13,C,13,1,dimm,Dell,PowerEdge R760,database,MEM-DDR5-64G-4800
C13-S1-DISK,C13-S1,C13,C,13,1,disk,Dell,PowerEdge R760,database,SSD-NVME-U2-3T84
C13-S1-PSU,C13-S1,C13,C,13,1,psu,Dell,PowerEdge R760,database,PSU-DEL-1400W
C13-S1-NIC,C13-S1,C13,C,13,1,nic,Dell,PowerEdge R760,database,NIC-OCP3-25G-DP
C13-S1-FAN,C13-S1,C13,C,13,1,fan,Dell,PowerEdge R760,database,FAN-DEL-R760
C13-S2-DIMM,C13-S2,C13,C,13,2,dimm,Dell,PowerEdge R760,database,MEM-DDR5-64G-4800
C13-S2-DISK,C13-S2,C13,C,13,2,disk,Dell,PowerEdge R760,database,SSD-NVME-U2-3T84
C13-S2-PSU,C13-S2,C13,C,13,2,psu,Dell,PowerEdge R760,database,PSU-DEL-1400W
C13-S2-NIC,C13-S2,C13,C,13,2,nic,Dell,PowerEdge R760,database,NIC-OCP3-25G-DP
C13-S2-FAN,C13-S2,C13,C,13,2,fan,Dell,PowerEdge R760,database,FAN-DEL-R760
C13-S3-DIMM,C13-S3,C13,C,13,3,dimm,Dell,PowerEdge R760,database,MEM-DDR5-64G-4800
C13-S3-DISK,C13-S3,C13,C,13,3,disk,Dell,PowerEdge R760,database,SSD-NVME-U2-3T84
C13-S3-PSU,C13-S3,C13,C,13,3,psu,Dell,PowerEdge R760,database,PSU-DEL-1400W
C13-S3-NIC,C13-S3,C13,C,13,3,nic,Dell,PowerEdge R760,database,NIC-OCP3-25G-DP
C13-S3-FAN,C13-S3,C13,C,13,3,fan,Dell,PowerEdge R760,database,FAN-DEL-R760
C13-S4-DIMM,C13-S4,C13,C,13,4,dimm,Dell,PowerEdge R760,database,MEM-DDR5-64G-4800
C13-S4-DISK,C13-S4,C13,C,13,4,disk,Dell,PowerEdge R760,database,SSD-NVME-U2-3T84
C13-S4-PSU,C13-S4,C13,C,13,4,psu,Dell,PowerEdge R760,database,PSU-DEL-1400W
C13-S4-NIC,C13-S4,C13,C,13,4,nic,Dell,PowerEdge R760,database,NIC-OCP3-25G-DP
C13-S4-FAN,C13-S4,C13,C,13,4,fan,Dell,PowerEdge R760,database,FAN-DEL-R760
C13-S5-DIMM,C13-S5,C13,C,13,5,dimm,Dell,PowerEdge R760,database,MEM-DDR5-64G-4800
C13-S5-DISK,C13-S5,C13,C,13,5,disk,Dell,PowerEdge R760,database,SSD-NVME-U2-3T84
C13-S5-PSU,C13-S5,C13,C,13,5,psu,Dell,PowerEdge R760,database,PSU-DEL-1400W
C13-S5-NIC,C13-S5,C13,C,13,5,nic,Dell,PowerEdge R760,database,NIC-OCP3-25G-DP
C13-S5-FAN,C13-S5,C13,C,13,5,fan,Dell,PowerEdge R760,database,FAN-DEL-R760
C13-S6-DIMM,C13-S6,C13,C,13,6,dimm,Dell,PowerEdge R760,database,MEM-DDR5-64G-4800
C13-S6-DISK,C13-S6,C13,C,13,6,disk,Dell,PowerEdge R760,database,SSD-NVME-U2-3T84
C13-S6-PSU,C13-S6,C13,C,13,6,psu,Dell,PowerEdge R760,database,PSU-DEL-1400W
C13-S6-NIC,C13-S6,C13,C,13,6,nic,Dell,PowerEdge R760,database,NIC-OCP3-25G-DP
C13-S6-FAN,C13-S6,C13,C,13,6,fan,Dell,PowerEdge R760,database,FAN-DEL-R760
C13-S7-DIMM,C13-S7,C13,C,13,7,dimm,Dell,PowerEdge R760,database,MEM-DDR5-64G-4800
C13-S7-DISK,C13-S7,C13,C,13,7,disk,Dell,PowerEdge R760,database,SSD-NVME-U2-3T84
C13-S7-PSU,C13-S7,C13,C,13,7,psu,Dell,PowerEdge R760,database,PSU-DEL-1400W
C13-S7-NIC,C13-S7,C13,C,13,7,nic,Dell,PowerEdge R760,database,NIC-OCP3-25G-DP
C13-S7-FAN,C13-S7,C13,C,13,7,fan,Dell,PowerEdge R760,database,FAN-DEL-R760
C13-S8-DIMM,C13-S8,C13,C,13,8,dimm,Dell,PowerEdge R760,database,MEM-DDR5-64G-4800
C13-S8-DISK,C13-S8,C13,C,13,8,disk,Dell,PowerEdge R760,database,SSD-NVME-U2-3T84
C13-S8-PSU,C13-S8,C13,C,13,8,psu,Dell,PowerEdge R760,database,PSU-DEL-1400W
C13-S8-NIC,C13-S8,C13,C,13,8,nic,Dell,PowerEdge R760,database,NIC-OCP3-25G-DP
C13-S8-FAN,C13-S8,C13,C,13,8,fan,Dell,PowerEdge R760,database,FAN-DEL-R760
C14-S1-DIMM,C14-S1,C14,C,14,1,dimm,HPE,ProLiant DL380 Gen11,database,MEM-DDR5-64G-4800
C14-S1-DISK,C14-S1,C14,C,14,1,disk,HPE,ProLiant DL380 Gen11,database,SSD-NVME-U2-3T84
C14-S1-PSU,C14-S1,C14,C,14,1,psu,HPE,ProLiant DL380 Gen11,database,PSU-HPE-1600W
C14-S1-NIC,C14-S1,C14,C,14,1,nic,HPE,ProLiant DL380 Gen11,database,NIC-OCP3-25G-DP
C14-S1-FAN,C14-S1,C14,C,14,1,fan,HPE,ProLiant DL380 Gen11,database,FAN-HPE-DL380
C14-S2-DIMM,C14-S2,C14,C,14,2,dimm,HPE,ProLiant DL380 Gen11,database,MEM-DDR5-64G-4800
C14-S2-DISK,C14-S2,C14,C,14,2,disk,HPE,ProLiant DL380 Gen11,database,SSD-NVME-U2-3T84
C14-S2-PSU,C14-S2,C14,C,14,2,psu,HPE,ProLiant DL380 Gen11,database,PSU-HPE-1600W
C14-S2-NIC,C14-S2,C14,C,14,2,nic,HPE,ProLiant DL380 Gen11,database,NIC-OCP3-25G-DP
C14-S2-FAN,C14-S2,C14,C,14,2,fan,HPE,ProLiant DL380 Gen11,database,FAN-HPE-DL380
C14-S3-DIMM,C14-S3,C14,C,14,3,dimm,HPE,ProLiant DL380 Gen11,database,MEM-DDR5-64G-4800
C14-S3-DISK,C14-S3,C14,C,14,3,disk,HPE,ProLiant DL380 Gen11,database,SSD-NVME-U2-3T84
C14-S3-PSU,C14-S3,C14,C,14,3,psu,HPE,ProLiant DL380 Gen11,database,PSU-HPE-1600W
C14-S3-NIC,C14-S3,C14,C,14,3,nic,HPE,ProLiant DL380 Gen11,database,NIC-OCP3-25G-DP
C14-S3-FAN,C14-S3,C14,C,14,3,fan,HPE,ProLiant DL380 Gen11,database,FAN-HPE-DL380
C14-S4-DIMM,C14-S4,C14,C,14,4,dimm,HPE,ProLiant DL380 Gen11,database,MEM-DDR5-64G-4800
C14-S4-DISK,C14-S4,C14,C,14,4,disk,HPE,ProLiant DL380 Gen11,database,SSD-NVME-U2-3T84
C14-S4-PSU,C14-S4,C14,C,14,4,psu,HPE,ProLiant DL380 Gen11,database,PSU-HPE-1600W
C14-S4-NIC,C14-S4,C14,C,14,4,nic,HPE,ProLiant DL380 Gen11,database,NIC-OCP3-25G-DP
C14-S4-FAN,C14-S4,C14,C,14,4,fan,HPE,ProLiant DL380 Gen11,database,FAN-HPE-DL380
C14-S5-DIMM,C14-S5,C14,C,14,5,dimm,HPE,ProLiant DL380 Gen11,database,MEM-DDR5-64G-4800
C14-S5-DISK,C14-S5,C14,C,14,5,disk,HPE,ProLiant DL380 Gen11,database,SSD-NVME-U2-3T84
C14-S5-PSU,C14-S5,C14,C,14,5,psu,HPE,ProLiant DL380 Gen11,database,PSU-HPE-1600W
C14-S5-NIC,C14-S5,C14,C,14,5,nic,HPE,ProLiant DL380 Gen11,database,NIC-OCP3-25G-DP
C14-S5-FAN,C14-S5,C14,C,14,5,fan,HPE,ProLiant DL380 Gen11,database,FAN-HPE-DL380
C14-S6-DIMM,C14-S6,C14,C,14,6,dimm,HPE,ProLiant DL380 Gen11,database,MEM-DDR5-64G-4800
C14-S6-DISK,C14-S6,C14,C,14,6,disk,HPE,ProLiant DL380 Gen11,database,SSD-NVME-U2-3T84
C14-S6-PSU,C14-S6,C14,C,14,6,psu,HPE,ProLiant DL380 Gen11,database,PSU-HPE-1600W
C14-S6-NIC,C14-S6,C14,C,14,6,nic,HPE,ProLiant DL380 Gen11,database,NIC-OCP3-25G-DP
C14-S6-FAN,C14-S6,C14,C,14,6,fan,HPE,ProLiant DL380 Gen11,database,FAN-HPE-DL380
C14-S7-DIMM,C14-S7,C14,C,14,7,dimm,HPE,ProLiant DL380 Gen11,database,MEM-DDR5-64G-4800
C14-S7-DISK,C14-S7,C14,C,14,7,disk,HPE,ProLiant DL380 Gen11,database,SSD-NVME-U2-3T84
C14-S7-PSU,C14-S7,C14,C,14,7,psu,HPE,ProLiant DL380 Gen11,database,PSU-HPE-1600W
C14-S7-NIC,C14-S7,C14,C,14,7,nic,HPE,ProLiant DL380 Gen11,database,NIC-OCP3-25G-DP
C14-S7-FAN,C14-S7,C14,C,14,7,fan,HPE,ProLiant DL380 Gen11,database,FAN-HPE-DL380
C14-S8-DIMM,C14-S8,C14,C,14,8,dimm,HPE,ProLiant DL380 Gen11,database,MEM-DDR5-64G-4800
C14-S8-DISK,C14-S8,C14,C,14,8,disk,HPE,ProLiant DL380 Gen11,database,SSD-NVME-U2-3T84
C14-S8-PSU,C14-S8,C14,C,14,8,psu,HPE,ProLiant DL380 Gen11,database,PSU-HPE-1600W
C14-S8-NIC,C14-S8,C14,C,14,8,nic,HPE,ProLiant DL380 Gen11,database,NIC-OCP3-25G-DP
C14-S8-FAN,C14-S8,C14,C,14,8,fan,HPE,ProLiant DL380 Gen11,database,FAN-HPE-DL380
C15-S1-DIMM,C15-S1,C15,C,15,1,dimm,Lenovo,ThinkSystem SR650 V3,database,MEM-DDR5-64G-4800
C15-S1-DISK,C15-S1,C15,C,15,1,disk,Lenovo,ThinkSystem SR650 V3,database,SSD-NVME-U2-3T84
C15-S1-PSU,C15-S1,C15,C,15,1,psu,Lenovo,ThinkSystem SR650 V3,database,PSU-LNV-1100W
C15-S1-NIC,C15-S1,C15,C,15,1,nic,Lenovo,ThinkSystem SR650 V3,database,NIC-OCP3-25G-DP
C15-S1-FAN,C15-S1,C15,C,15,1,fan,Lenovo,ThinkSystem SR650 V3,database,FAN-LNV-SR650
C15-S2-DIMM,C15-S2,C15,C,15,2,dimm,Lenovo,ThinkSystem SR650 V3,database,MEM-DDR5-64G-4800
C15-S2-DISK,C15-S2,C15,C,15,2,disk,Lenovo,ThinkSystem SR650 V3,database,SSD-NVME-U2-3T84
C15-S2-PSU,C15-S2,C15,C,15,2,psu,Lenovo,ThinkSystem SR650 V3,database,PSU-LNV-1100W
C15-S2-NIC,C15-S2,C15,C,15,2,nic,Lenovo,ThinkSystem SR650 V3,database,NIC-OCP3-25G-DP
C15-S2-FAN,C15-S2,C15,C,15,2,fan,Lenovo,ThinkSystem SR650 V3,database,FAN-LNV-SR650
C15-S3-DIMM,C15-S3,C15,C,15,3,dimm,Lenovo,ThinkSystem SR650 V3,database,MEM-DDR5-64G-4800
C15-S3-DISK,C15-S3,C15,C,15,3,disk,Lenovo,ThinkSystem SR650 V3,database,SSD-NVME-U2-3T84
C15-S3-PSU,C15-S3,C15,C,15,3,psu,Lenovo,ThinkSystem SR650 V3,database,PSU-LNV-1100W
C15-S3-NIC,C15-S3,C15,C,15,3,nic,Lenovo,ThinkSystem SR650 V3,database,NIC-OCP3-25G-DP
C15-S3-FAN,C15-S3,C15,C,15,3,fan,Lenovo,ThinkSystem SR650 V3,database,FAN-LNV-SR650
C15-S4-DIMM,C15-S4,C15,C,15,4,dimm,Lenovo,ThinkSystem SR650 V3,database,MEM-DDR5-64G-4800
C15-S4-DISK,C15-S4,C15,C,15,4,disk,Lenovo,ThinkSystem SR650 V3,database,SSD-NVME-U2-3T84
C15-S4-PSU,C15-S4,C15,C,15,4,psu,Lenovo,ThinkSystem SR650 V3,database,PSU-LNV-1100W
C15-S4-NIC,C15-S4,C15,C,15,4,nic,Lenovo,ThinkSystem SR650 V3,database,NIC-OCP3-25G-DP
C15-S4-FAN,C15-S4,C15,C,15,4,fan,Lenovo,ThinkSystem SR650 V3,database,FAN-LNV-SR650
C15-S5-DIMM,C15-S5,C15,C,15,5,dimm,Lenovo,ThinkSystem SR650 V3,database,MEM-DDR5-64G-4800
C15-S5-DISK,C15-S5,C15,C,15,5,disk,Lenovo,ThinkSystem SR650 V3,database,SSD-NVME-U2-3T84
C15-S5-PSU,C15-S5,C15,C,15,5,psu,Lenovo,ThinkSystem SR650 V3,database,PSU-LNV-1100W
C15-S5-NIC,C15-S5,C15,C,15,5,nic,Lenovo,ThinkSystem SR650 V3,database,NIC-OCP3-25G-DP
C15-S5-FAN,C15-S5,C15,C,15,5,fan,Lenovo,ThinkSystem SR650 V3,database,FAN-LNV-SR650
C15-S6-DIMM,C15-S6,C15,C,15,6,dimm,Lenovo,ThinkSystem SR650 V3,database,MEM-DDR5-64G-4800
C15-S6-DISK,C15-S6,C15,C,15,6,disk,Lenovo,ThinkSystem SR650 V3,database,SSD-NVME-U2-3T84
C15-S6-PSU,C15-S6,C15,C,15,6,psu,Lenovo,ThinkSystem SR650 V3,database,PSU-LNV-1100W
C15-S6-NIC,C15-S6,C15,C,15,6,nic,Lenovo,ThinkSystem SR650 V3,database,NIC-OCP3-25G-DP
C15-S6-FAN,C15-S6,C15,C,15,6,fan,Lenovo,ThinkSystem SR650 V3,database,FAN-LNV-SR650
C15-S7-DIMM,C15-S7,C15,C,15,7,dimm,Lenovo,ThinkSystem SR650 V3,database,MEM-DDR5-64G-4800
C15-S7-DISK,C15-S7,C15,C,15,7,disk,Lenovo,ThinkSystem SR650 V3,database,SSD-NVME-U2-3T84
C15-S7-PSU,C15-S7,C15,C,15,7,psu,Lenovo,ThinkSystem SR650 V3,database,PSU-LNV-1100W
C15-S7-NIC,C15-S7,C15,C,15,7,nic,Lenovo,ThinkSystem SR650 V3,database,NIC-OCP3-25G-DP
C15-S7-FAN,C15-S7,C15,C,15,7,fan,Lenovo,ThinkSystem SR650 V3,database,FAN-LNV-SR650
C15-S8-DIMM,C15-S8,C15,C,15,8,dimm,Lenovo,ThinkSystem SR650 V3,database,MEM-DDR5-64G-4800
C15-S8-DISK,C15-S8,C15,C,15,8,disk,Lenovo,ThinkSystem SR650 V3,database,SSD-NVME-U2-3T84
C15-S8-PSU,C15-S8,C15,C,15,8,psu,Lenovo,ThinkSystem SR650 V3,database,PSU-LNV-1100W
C15-S8-NIC,C15-S8,C15,C,15,8,nic,Lenovo,ThinkSystem SR650 V3,database,NIC-OCP3-25G-DP
C15-S8-FAN,C15-S8,C15,C,15,8,fan,Lenovo,ThinkSystem SR650 V3,database,FAN-LNV-SR650
C16-S1-DIMM,C16-S1,C16,C,16,1,dimm,Dell,PowerEdge R760,database,MEM-DDR5-64G-4800
C16-S1-DISK,C16-S1,C16,C,16,1,disk,Dell,PowerEdge R760,database,SSD-NVME-U2-3T84
C16-S1-PSU,C16-S1,C16,C,16,1,psu,Dell,PowerEdge R760,database,PSU-DEL-1400W
C16-S1-NIC,C16-S1,C16,C,16,1,nic,Dell,PowerEdge R760,database,NIC-OCP3-25G-DP
C16-S1-FAN,C16-S1,C16,C,16,1,fan,Dell,PowerEdge R760,database,FAN-DEL-R760
C16-S2-DIMM,C16-S2,C16,C,16,2,dimm,Dell,PowerEdge R760,database,MEM-DDR5-64G-4800
C16-S2-DISK,C16-S2,C16,C,16,2,disk,Dell,PowerEdge R760,database,SSD-NVME-U2-3T84
C16-S2-PSU,C16-S2,C16,C,16,2,psu,Dell,PowerEdge R760,database,PSU-DEL-1400W
C16-S2-NIC,C16-S2,C16,C,16,2,nic,Dell,PowerEdge R760,database,NIC-OCP3-25G-DP
C16-S2-FAN,C16-S2,C16,C,16,2,fan,Dell,PowerEdge R760,database,FAN-DEL-R760
C16-S3-DIMM,C16-S3,C16,C,16,3,dimm,Dell,PowerEdge R760,database,MEM-DDR5-64G-4800
C16-S3-DISK,C16-S3,C16,C,16,3,disk,Dell,PowerEdge R760,database,SSD-NVME-U2-3T84
C16-S3-PSU,C16-S3,C16,C,16,3,psu,Dell,PowerEdge R760,database,PSU-DEL-1400W
C16-S3-NIC,C16-S3,C16,C,16,3,nic,Dell,PowerEdge R760,database,NIC-OCP3-25G-DP
C16-S3-FAN,C16-S3,C16,C,16,3,fan,Dell,PowerEdge R760,database,FAN-DEL-R760
C16-S4-DIMM,C16-S4,C16,C,16,4,dimm,Dell,PowerEdge R760,database,MEM-DDR5-64G-4800
C16-S4-DISK,C16-S4,C16,C,16,4,disk,Dell,PowerEdge R760,database,SSD-NVME-U2-3T84
C16-S4-PSU,C16-S4,C16,C,16,4,psu,Dell,PowerEdge R760,database,PSU-DEL-1400W
C16-S4-NIC,C16-S4,C16,C,16,4,nic,Dell,PowerEdge R760,database,NIC-OCP3-25G-DP
C16-S4-FAN,C16-S4,C16,C,16,4,fan,Dell,PowerEdge R760,database,FAN-DEL-R760
C16-S5-DIMM,C16-S5,C16,C,16,5,dimm,Dell,PowerEdge R760,database,MEM-DDR5-64G-4800
C16-S5-DISK,C16-S5,C16,C,16,5,disk,Dell,PowerEdge R760,database,SSD-NVME-U2-3T84
C16-S5-PSU,C16-S5,C16,C,16,5,psu,Dell,PowerEdge R760,database,PSU-DEL-1400W
C16-S5-NIC,C16-S5,C16,C,16,5,nic,Dell,PowerEdge R760,database,NIC-OCP3-25G-DP
C16-S5-FAN,C16-S5,C16,C,16,5,fan,Dell,PowerEdge R760,database,FAN-DEL-R760
C16-S6-DIMM,C16-S6,C16,C,16,6,dimm,Dell,PowerEdge R760,database,MEM-DDR5-64G-4800
C16-S6-DISK,C16-S6,C16,C,16,6,disk,Dell,PowerEdge R760,database,SSD-NVME-U2-3T84
C16-S6-PSU,C16-S6,C16,C,16,6,psu,Dell,PowerEdge R760,database,PSU-DEL-1400W
C16-S6-NIC,C16-S6,C16,C,16,6,nic,Dell,PowerEdge R760,database,NIC-OCP3-25G-DP
C16-S6-FAN,C16-S6,C16,C,16,6,fan,Dell,PowerEdge R760,database,FAN-DEL-R760
C16-S7-DIMM,C16-S7,C16,C,16,7,dimm,Dell,PowerEdge R760,database,MEM-DDR5-64G-4800
C16-S7-DISK,C16-S7,C16,C,16,7,disk,Dell,PowerEdge R760,database,SSD-NVME-U2-3T84
C16-S7-PSU,C16-S7,C16,C,16,7,psu,Dell,PowerEdge R760,database,PSU-DEL-1400W
C16-S7-NIC,C16-S7,C16,C,16,7,nic,Dell,PowerEdge R760,database,NIC-OCP3-25G-DP
C16-S7-FAN,C16-S7,C16,C,16,7,fan,Dell,PowerEdge R760,database,FAN-DEL-R760
C16-S8-DIMM,C16-S8,C16,C,16,8,dimm,Dell,PowerEdge R760,database,MEM-DDR5-64G-4800
C16-S8-DISK,C16-S8,C16,C,16,8,disk,Dell,PowerEdge R760,database,SSD-NVME-U2-3T84
C16-S8-PSU,C16-S8,C16,C,16,8,psu,Dell,PowerEdge R760,database,PSU-DEL-1400W
C16-S8-NIC,C16-S8,C16,C,16,8,nic,Dell,PowerEdge R760,database,NIC-OCP3-25G-DP
C16-S8-FAN,C16-S8,C16,C,16,8,fan,Dell,PowerEdge R760,database,FAN-DEL-R760
C17-S1-DIMM,C17-S1,C17,C,17,1,dimm,HPE,ProLiant DL380 Gen11,database,MEM-DDR5-64G-4800
C17-S1-DISK,C17-S1,C17,C,17,1,disk,HPE,ProLiant DL380 Gen11,database,SSD-NVME-U2-3T84
C17-S1-PSU,C17-S1,C17,C,17,1,psu,HPE,ProLiant DL380 Gen11,database,PSU-HPE-1600W
C17-S1-NIC,C17-S1,C17,C,17,1,nic,HPE,ProLiant DL380 Gen11,database,NIC-OCP3-25G-DP
C17-S1-FAN,C17-S1,C17,C,17,1,fan,HPE,ProLiant DL380 Gen11,database,FAN-HPE-DL380
C17-S2-DIMM,C17-S2,C17,C,17,2,dimm,HPE,ProLiant DL380 Gen11,database,MEM-DDR5-64G-4800
C17-S2-DISK,C17-S2,C17,C,17,2,disk,HPE,ProLiant DL380 Gen11,database,SSD-NVME-U2-3T84
C17-S2-PSU,C17-S2,C17,C,17,2,psu,HPE,ProLiant DL380 Gen11,database,PSU-HPE-1600W
C17-S2-NIC,C17-S2,C17,C,17,2,nic,HPE,ProLiant DL380 Gen11,database,NIC-OCP3-25G-DP
C17-S2-FAN,C17-S2,C17,C,17,2,fan,HPE,ProLiant DL380 Gen11,database,FAN-HPE-DL380
C17-S3-DIMM,C17-S3,C17,C,17,3,dimm,HPE,ProLiant DL380 Gen11,database,MEM-DDR5-64G-4800
C17-S3-DISK,C17-S3,C17,C,17,3,disk,HPE,ProLiant DL380 Gen11,database,SSD-NVME-U2-3T84
C17-S3-PSU,C17-S3,C17,C,17,3,psu,HPE,ProLiant DL380 Gen11,database,PSU-HPE-1600W
C17-S3-NIC,C17-S3,C17,C,17,3,nic,HPE,ProLiant DL380 Gen11,database,NIC-OCP3-25G-DP
C17-S3-FAN,C17-S3,C17,C,17,3,fan,HPE,ProLiant DL380 Gen11,database,FAN-HPE-DL380
C17-S4-DIMM,C17-S4,C17,C,17,4,dimm,HPE,ProLiant DL380 Gen11,database,MEM-DDR5-64G-4800
C17-S4-DISK,C17-S4,C17,C,17,4,disk,HPE,ProLiant DL380 Gen11,database,SSD-NVME-U2-3T84
C17-S4-PSU,C17-S4,C17,C,17,4,psu,HPE,ProLiant DL380 Gen11,database,PSU-HPE-1600W
C17-S4-NIC,C17-S4,C17,C,17,4,nic,HPE,ProLiant DL380 Gen11,database,NIC-OCP3-25G-DP
C17-S4-FAN,C17-S4,C17,C,17,4,fan,HPE,ProLiant DL380 Gen11,database,FAN-HPE-DL380
C17-S5-DIMM,C17-S5,C17,C,17,5,dimm,HPE,ProLiant DL380 Gen11,database,MEM-DDR5-64G-4800
C17-S5-DISK,C17-S5,C17,C,17,5,disk,HPE,ProLiant DL380 Gen11,database,SSD-NVME-U2-3T84
C17-S5-PSU,C17-S5,C17,C,17,5,psu,HPE,ProLiant DL380 Gen11,database,PSU-HPE-1600W
C17-S5-NIC,C17-S5,C17,C,17,5,nic,HPE,ProLiant DL380 Gen11,database,NIC-OCP3-25G-DP
C17-S5-FAN,C17-S5,C17,C,17,5,fan,HPE,ProLiant DL380 Gen11,database,FAN-HPE-DL380
C17-S6-DIMM,C17-S6,C17,C,17,6,dimm,HPE,ProLiant DL380 Gen11,database,MEM-DDR5-64G-4800
C17-S6-DISK,C17-S6,C17,C,17,6,disk,HPE,ProLiant DL380 Gen11,database,SSD-NVME-U2-3T84
C17-S6-PSU,C17-S6,C17,C,17,6,psu,HPE,ProLiant DL380 Gen11,database,PSU-HPE-1600W
C17-S6-NIC,C17-S6,C17,C,17,6,nic,HPE,ProLiant DL380 Gen11,database,NIC-OCP3-25G-DP
C17-S6-FAN,C17-S6,C17,C,17,6,fan,HPE,ProLiant DL380 Gen11,database,FAN-HPE-DL380
C17-S7-DIMM,C17-S7,C17,C,17,7,dimm,HPE,ProLiant DL380 Gen11,database,MEM-DDR5-64G-4800
C17-S7-DISK,C17-S7,C17,C,17,7,disk,HPE,ProLiant DL380 Gen11,database,SSD-NVME-U2-3T84
C17-S7-PSU,C17-S7,C17,C,17,7,psu,HPE,ProLiant DL380 Gen11,database,PSU-HPE-1600W
C17-S7-NIC,C17-S7,C17,C,17,7,nic,HPE,ProLiant DL380 Gen11,database,NIC-OCP3-25G-DP
C17-S7-FAN,C17-S7,C17,C,17,7,fan,HPE,ProLiant DL380 Gen11,database,FAN-HPE-DL380
C17-S8-DIMM,C17-S8,C17,C,17,8,dimm,HPE,ProLiant DL380 Gen11,database,MEM-DDR5-64G-4800
C17-S8-DISK,C17-S8,C17,C,17,8,disk,HPE,ProLiant DL380 Gen11,database,SSD-NVME-U2-3T84
C17-S8-PSU,C17-S8,C17,C,17,8,psu,HPE,ProLiant DL380 Gen11,database,PSU-HPE-1600W
C17-S8-NIC,C17-S8,C17,C,17,8,nic,HPE,ProLiant DL380 Gen11,database,NIC-OCP3-25G-DP
C17-S8-FAN,C17-S8,C17,C,17,8,fan,HPE,ProLiant DL380 Gen11,database,FAN-HPE-DL380
C18-S1-DIMM,C18-S1,C18,C,18,1,dimm,Lenovo,ThinkSystem SR650 V3,database,MEM-DDR5-64G-4800
C18-S1-DISK,C18-S1,C18,C,18,1,disk,Lenovo,ThinkSystem SR650 V3,database,SSD-NVME-U2-3T84
C18-S1-PSU,C18-S1,C18,C,18,1,psu,Lenovo,ThinkSystem SR650 V3,database,PSU-LNV-1100W
C18-S1-NIC,C18-S1,C18,C,18,1,nic,Lenovo,ThinkSystem SR650 V3,database,NIC-OCP3-25G-DP
C18-S1-FAN,C18-S1,C18,C,18,1,fan,Lenovo,ThinkSystem SR650 V3,database,FAN-LNV-SR650
C18-S2-DIMM,C18-S2,C18,C,18,2,dimm,Lenovo,ThinkSystem SR650 V3,database,MEM-DDR5-64G-4800
C18-S2-DISK,C18-S2,C18,C,18,2,disk,Lenovo,ThinkSystem SR650 V3,database,SSD-NVME-U2-3T84
C18-S2-PSU,C18-S2,C18,C,18,2,psu,Lenovo,ThinkSystem SR650 V3,database,PSU-LNV-1100W
C18-S2-NIC,C18-S2,C18,C,18,2,nic,Lenovo,ThinkSystem SR650 V3,database,NIC-OCP3-25G-DP
C18-S2-FAN,C18-S2,C18,C,18,2,fan,Lenovo,ThinkSystem SR650 V3,database,FAN-LNV-SR650
C18-S3-DIMM,C18-S3,C18,C,18,3,dimm,Lenovo,ThinkSystem SR650 V3,database,MEM-DDR5-64G-4800
C18-S3-DISK,C18-S3,C18,C,18,3,disk,Lenovo,ThinkSystem SR650 V3,database,SSD-NVME-U2-3T84
C18-S3-PSU,C18-S3,C18,C,18,3,psu,Lenovo,ThinkSystem SR650 V3,database,PSU-LNV-1100W
C18-S3-NIC,C18-S3,C18,C,18,3,nic,Lenovo,ThinkSystem SR650 V3,database,NIC-OCP3-25G-DP
C18-S3-FAN,C18-S3,C18,C,18,3,fan,Lenovo,ThinkSystem SR650 V3,database,FAN-LNV-SR650
C18-S4-DIMM,C18-S4,C18,C,18,4,dimm,Lenovo,ThinkSystem SR650 V3,database,MEM-DDR5-64G-4800
C18-S4-DISK,C18-S4,C18,C,18,4,disk,Lenovo,ThinkSystem SR650 V3,database,SSD-NVME-U2-3T84
C18-S4-PSU,C18-S4,C18,C,18,4,psu,Lenovo,ThinkSystem SR650 V3,database,PSU-LNV-1100W
C18-S4-NIC,C18-S4,C18,C,18,4,nic,Lenovo,ThinkSystem SR650 V3,database,NIC-OCP3-25G-DP
C18-S4-FAN,C18-S4,C18,C,18,4,fan,Lenovo,ThinkSystem SR650 V3,database,FAN-LNV-SR650
C18-S5-DIMM,C18-S5,C18,C,18,5,dimm,Lenovo,ThinkSystem SR650 V3,database,MEM-DDR5-64G-4800
C18-S5-DISK,C18-S5,C18,C,18,5,disk,Lenovo,ThinkSystem SR650 V3,database,SSD-NVME-U2-3T84
C18-S5-PSU,C18-S5,C18,C,18,5,psu,Lenovo,ThinkSystem SR650 V3,database,PSU-LNV-1100W
C18-S5-NIC,C18-S5,C18,C,18,5,nic,Lenovo,ThinkSystem SR650 V3,database,NIC-OCP3-25G-DP
C18-S5-FAN,C18-S5,C18,C,18,5,fan,Lenovo,ThinkSystem SR650 V3,database,FAN-LNV-SR650
C18-S6-DIMM,C18-S6,C18,C,18,6,dimm,Lenovo,ThinkSystem SR650 V3,database,MEM-DDR5-64G-4800
C18-S6-DISK,C18-S6,C18,C,18,6,disk,Lenovo,ThinkSystem SR650 V3,database,SSD-NVME-U2-3T84
C18-S6-PSU,C18-S6,C18,C,18,6,psu,Lenovo,ThinkSystem SR650 V3,database,PSU-LNV-1100W
C18-S6-NIC,C18-S6,C18,C,18,6,nic,Lenovo,ThinkSystem SR650 V3,database,NIC-OCP3-25G-DP
C18-S6-FAN,C18-S6,C18,C,18,6,fan,Lenovo,ThinkSystem SR650 V3,database,FAN-LNV-SR650
C18-S7-DIMM,C18-S7,C18,C,18,7,dimm,Lenovo,ThinkSystem SR650 V3,database,MEM-DDR5-64G-4800
C18-S7-DISK,C18-S7,C18,C,18,7,disk,Lenovo,ThinkSystem SR650 V3,database,SSD-NVME-U2-3T84
C18-S7-PSU,C18-S7,C18,C,18,7,psu,Lenovo,ThinkSystem SR650 V3,database,PSU-LNV-1100W
C18-S7-NIC,C18-S7,C18,C,18,7,nic,Lenovo,ThinkSystem SR650 V3,database,NIC-OCP3-25G-DP
C18-S7-FAN,C18-S7,C18,C,18,7,fan,Lenovo,ThinkSystem SR650 V3,database,FAN-LNV-SR650
C18-S8-DIMM,C18-S8,C18,C,18,8,dimm,Lenovo,ThinkSystem SR650 V3,database,MEM-DDR5-64G-4800
C18-S8-DISK,C18-S8,C18,C,18,8,disk,Lenovo,ThinkSystem SR650 V3,database,SSD-NVME-U2-3T84
C18-S8-PSU,C18-S8,C18,C,18,8,psu,Lenovo,ThinkSystem SR650 V3,database,PSU-LNV-1100W
C18-S8-NIC,C18-S8,C18,C,18,8,nic,Lenovo,ThinkSystem SR650 V3,database,NIC-OCP3-25G-DP
C18-S8-FAN,C18-S8,C18,C,18,8,fan,Lenovo,ThinkSystem SR650 V3,database,FAN-LNV-SR650
C19-S1-DIMM,C19-S1,C19,C,19,1,dimm,Dell,PowerEdge R760,database,MEM-DDR5-64G-4800
C19-S1-DISK,C19-S1,C19,C,19,1,disk,Dell,PowerEdge R760,database,SSD-NVME-U2-3T84
C19-S1-PSU,C19-S1,C19,C,19,1,psu,Dell,PowerEdge R760,database,PSU-DEL-1400W
C19-S1-NIC,C19-S1,C19,C,19,1,nic,Dell,PowerEdge R760,database,NIC-OCP3-25G-DP
C19-S1-FAN,C19-S1,C19,C,19,1,fan,Dell,PowerEdge R760,database,FAN-DEL-R760
C19-S2-DIMM,C19-S2,C19,C,19,2,dimm,Dell,PowerEdge R760,database,MEM-DDR5-64G-4800
C19-S2-DISK,C19-S2,C19,C,19,2,disk,Dell,PowerEdge R760,database,SSD-NVME-U2-3T84
C19-S2-PSU,C19-S2,C19,C,19,2,psu,Dell,PowerEdge R760,database,PSU-DEL-1400W
C19-S2-NIC,C19-S2,C19,C,19,2,nic,Dell,PowerEdge R760,database,NIC-OCP3-25G-DP
C19-S2-FAN,C19-S2,C19,C,19,2,fan,Dell,PowerEdge R760,database,FAN-DEL-R760
C19-S3-DIMM,C19-S3,C19,C,19,3,dimm,Dell,PowerEdge R760,database,MEM-DDR5-64G-4800
C19-S3-DISK,C19-S3,C19,C,19,3,disk,Dell,PowerEdge R760,database,SSD-NVME-U2-3T84
C19-S3-PSU,C19-S3,C19,C,19,3,psu,Dell,PowerEdge R760,database,PSU-DEL-1400W
C19-S3-NIC,C19-S3,C19,C,19,3,nic,Dell,PowerEdge R760,database,NIC-OCP3-25G-DP
C19-S3-FAN,C19-S3,C19,C,19,3,fan,Dell,PowerEdge R760,database,FAN-DEL-R760
C19-S4-DIMM,C19-S4,C19,C,19,4,dimm,Dell,PowerEdge R760,database,MEM-DDR5-64G-4800
C19-S4-DISK,C19-S4,C19,C,19,4,disk,Dell,PowerEdge R760,database,SSD-NVME-U2-3T84
C19-S4-PSU,C19-S4,C19,C,19,4,psu,Dell,PowerEdge R760,database,PSU-DEL-1400W
C19-S4-NIC,C19-S4,C19,C,19,4,nic,Dell,PowerEdge R760,database,NIC-OCP3-25G-DP
C19-S4-FAN,C19-S4,C19,C,19,4,fan,Dell,PowerEdge R760,database,FAN-DEL-R760
C19-S5-DIMM,C19-S5,C19,C,19,5,dimm,Dell,PowerEdge R760,database,MEM-DDR5-64G-4800
C19-S5-DISK,C19-S5,C19,C,19,5,disk,Dell,PowerEdge R760,database,SSD-NVME-U2-3T84
C19-S5-PSU,C19-S5,C19,C,19,5,psu,Dell,PowerEdge R760,database,PSU-DEL-1400W
C19-S5-NIC,C19-S5,C19,C,19,5,nic,Dell,PowerEdge R760,database,NIC-OCP3-25G-DP
C19-S5-FAN,C19-S5,C19,C,19,5,fan,Dell,PowerEdge R760,database,FAN-DEL-R760
C19-S6-DIMM,C19-S6,C19,C,19,6,dimm,Dell,PowerEdge R760,database,MEM-DDR5-64G-4800
C19-S6-DISK,C19-S6,C19,C,19,6,disk,Dell,PowerEdge R760,database,SSD-NVME-U2-3T84
C19-S6-PSU,C19-S6,C19,C,19,6,psu,Dell,PowerEdge R760,database,PSU-DEL-1400W
C19-S6-NIC,C19-S6,C19,C,19,6,nic,Dell,PowerEdge R760,database,NIC-OCP3-25G-DP
C19-S6-FAN,C19-S6,C19,C,19,6,fan,Dell,PowerEdge R760,database,FAN-DEL-R760
C19-S7-DIMM,C19-S7,C19,C,19,7,dimm,Dell,PowerEdge R760,database,MEM-DDR5-64G-4800
C19-S7-DISK,C19-S7,C19,C,19,7,disk,Dell,PowerEdge R760,database,SSD-NVME-U2-3T84
C19-S7-PSU,C19-S7,C19,C,19,7,psu,Dell,PowerEdge R760,database,PSU-DEL-1400W
C19-S7-NIC,C19-S7,C19,C,19,7,nic,Dell,PowerEdge R760,database,NIC-OCP3-25G-DP
C19-S7-FAN,C19-S7,C19,C,19,7,fan,Dell,PowerEdge R760,database,FAN-DEL-R760
C19-S8-DIMM,C19-S8,C19,C,19,8,dimm,Dell,PowerEdge R760,database,MEM-DDR5-64G-4800
C19-S8-DISK,C19-S8,C19,C,19,8,disk,Dell,PowerEdge R760,database,SSD-NVME-U2-3T84
C19-S8-PSU,C19-S8,C19,C,19,8,psu,Dell,PowerEdge R760,database,PSU-DEL-1400W
C19-S8-NIC,C19-S8,C19,C,19,8,nic,Dell,PowerEdge R760,database,NIC-OCP3-25G-DP
C19-S8-FAN,C19-S8,C19,C,19,8,fan,Dell,PowerEdge R760,database,FAN-DEL-R760
C20-S1-DIMM,C20-S1,C20,C,20,1,dimm,HPE,ProLiant DL380 Gen11,database,MEM-DDR5-64G-4800
C20-S1-DISK,C20-S1,C20,C,20,1,disk,HPE,ProLiant DL380 Gen11,database,SSD-NVME-U2-3T84
C20-S1-PSU,C20-S1,C20,C,20,1,psu,HPE,ProLiant DL380 Gen11,database,PSU-HPE-1600W
C20-S1-NIC,C20-S1,C20,C,20,1,nic,HPE,ProLiant DL380 Gen11,database,NIC-OCP3-25G-DP
C20-S1-FAN,C20-S1,C20,C,20,1,fan,HPE,ProLiant DL380 Gen11,database,FAN-HPE-DL380
C20-S2-DIMM,C20-S2,C20,C,20,2,dimm,HPE,ProLiant DL380 Gen11,database,MEM-DDR5-64G-4800
C20-S2-DISK,C20-S2,C20,C,20,2,disk,HPE,ProLiant DL380 Gen11,database,SSD-NVME-U2-3T84
C20-S2-PSU,C20-S2,C20,C,20,2,psu,HPE,ProLiant DL380 Gen11,database,PSU-HPE-1600W
C20-S2-NIC,C20-S2,C20,C,20,2,nic,HPE,ProLiant DL380 Gen11,database,NIC-OCP3-25G-DP
C20-S2-FAN,C20-S2,C20,C,20,2,fan,HPE,ProLiant DL380 Gen11,database,FAN-HPE-DL380
C20-S3-DIMM,C20-S3,C20,C,20,3,dimm,HPE,ProLiant DL380 Gen11,database,MEM-DDR5-64G-4800
C20-S3-DISK,C20-S3,C20,C,20,3,disk,HPE,ProLiant DL380 Gen11,database,SSD-NVME-U2-3T84
C20-S3-PSU,C20-S3,C20,C,20,3,psu,HPE,ProLiant DL380 Gen11,database,PSU-HPE-1600W
C20-S3-NIC,C20-S3,C20,C,20,3,nic,HPE,ProLiant DL380 Gen11,database,NIC-OCP3-25G-DP
C20-S3-FAN,C20-S3,C20,C,20,3,fan,HPE,ProLiant DL380 Gen11,database,FAN-HPE-DL380
C20-S4-DIMM,C20-S4,C20,C,20,4,dimm,HPE,ProLiant DL380 Gen11,database,MEM-DDR5-64G-4800
C20-S4-DISK,C20-S4,C20,C,20,4,disk,HPE,ProLiant DL380 Gen11,database,SSD-NVME-U2-3T84
C20-S4-PSU,C20-S4,C20,C,20,4,psu,HPE,ProLiant DL380 Gen11,database,PSU-HPE-1600W
C20-S4-NIC,C20-S4,C20,C,20,4,nic,HPE,ProLiant DL380 Gen11,database,NIC-OCP3-25G-DP
C20-S4-FAN,C20-S4,C20,C,20,4,fan,HPE,ProLiant DL380 Gen11,database,FAN-HPE-DL380
C20-S5-DIMM,C20-S5,C20,C,20,5,dimm,HPE,ProLiant DL380 Gen11,database,MEM-DDR5-64G-4800
C20-S5-DISK,C20-S5,C20,C,20,5,disk,HPE,ProLiant DL380 Gen11,database,SSD-NVME-U2-3T84
C20-S5-PSU,C20-S5,C20,C,20,5,psu,HPE,ProLiant DL380 Gen11,database,PSU-HPE-1600W
C20-S5-NIC,C20-S5,C20,C,20,5,nic,HPE,ProLiant DL380 Gen11,database,NIC-OCP3-25G-DP
C20-S5-FAN,C20-S5,C20,C,20,5,fan,HPE,ProLiant DL380 Gen11,database,FAN-HPE-DL380
C20-S6-DIMM,C20-S6,C20,C,20,6,dimm,HPE,ProLiant DL380 Gen11,database,MEM-DDR5-64G-4800
C20-S6-DISK,C20-S6,C20,C,20,6,disk,HPE,ProLiant DL380 Gen11,database,SSD-NVME-U2-3T84
C20-S6-PSU,C20-S6,C20,C,20,6,psu,HPE,ProLiant DL380 Gen11,database,PSU-HPE-1600W
C20-S6-NIC,C20-S6,C20,C,20,6,nic,HPE,ProLiant DL380 Gen11,database,NIC-OCP3-25G-DP
C20-S6-FAN,C20-S6,C20,C,20,6,fan,HPE,ProLiant DL380 Gen11,database,FAN-HPE-DL380
C20-S7-DIMM,C20-S7,C20,C,20,7,dimm,HPE,ProLiant DL380 Gen11,database,MEM-DDR5-64G-4800
C20-S7-DISK,C20-S7,C20,C,20,7,disk,HPE,ProLiant DL380 Gen11,database,SSD-NVME-U2-3T84
C20-S7-PSU,C20-S7,C20,C,20,7,psu,HPE,ProLiant DL380 Gen11,database,PSU-HPE-1600W
C20-S7-NIC,C20-S7,C20,C,20,7,nic,HPE,ProLiant DL380 Gen11,database,NIC-OCP3-25G-DP
C20-S7-FAN,C20-S7,C20,C,20,7,fan,HPE,ProLiant DL380 Gen11,database,FAN-HPE-DL380
C20-S8-DIMM,C20-S8,C20,C,20,8,dimm,HPE,ProLiant DL380 Gen11,database,MEM-DDR5-64G-4800
C20-S8-DISK,C20-S8,C20,C,20,8,disk,HPE,ProLiant DL380 Gen11,database,SSD-NVME-U2-3T84
C20-S8-PSU,C20-S8,C20,C,20,8,psu,HPE,ProLiant DL380 Gen11,database,PSU-HPE-1600W
C20-S8-NIC,C20-S8,C20,C,20,8,nic,HPE,ProLiant DL380 Gen11,database,NIC-OCP3-25G-DP
C20-S8-FAN,C20-S8,C20,C,20,8,fan,HPE,ProLiant DL380 Gen11,database,FAN-HPE-DL380
D01-S1-DIMM,D01-S1,D01,D,1,1,dimm,HPE,ProLiant DL380 Gen11,storage,MEM-DDR5-64G-4800
D01-S1-DISK,D01-S1,D01,D,1,1,disk,HPE,ProLiant DL380 Gen11,storage,HDD-SAS-12T
D01-S1-PSU,D01-S1,D01,D,1,1,psu,HPE,ProLiant DL380 Gen11,storage,PSU-HPE-1600W
D01-S1-NIC,D01-S1,D01,D,1,1,nic,HPE,ProLiant DL380 Gen11,storage,NIC-OCP3-25G-DP
D01-S1-FAN,D01-S1,D01,D,1,1,fan,HPE,ProLiant DL380 Gen11,storage,FAN-HPE-DL380
D01-S2-DIMM,D01-S2,D01,D,1,2,dimm,HPE,ProLiant DL380 Gen11,storage,MEM-DDR5-64G-4800
D01-S2-DISK,D01-S2,D01,D,1,2,disk,HPE,ProLiant DL380 Gen11,storage,HDD-SAS-12T
D01-S2-PSU,D01-S2,D01,D,1,2,psu,HPE,ProLiant DL380 Gen11,storage,PSU-HPE-1600W
D01-S2-NIC,D01-S2,D01,D,1,2,nic,HPE,ProLiant DL380 Gen11,storage,NIC-OCP3-25G-DP
D01-S2-FAN,D01-S2,D01,D,1,2,fan,HPE,ProLiant DL380 Gen11,storage,FAN-HPE-DL380
D01-S3-DIMM,D01-S3,D01,D,1,3,dimm,HPE,ProLiant DL380 Gen11,storage,MEM-DDR5-64G-4800
D01-S3-DISK,D01-S3,D01,D,1,3,disk,HPE,ProLiant DL380 Gen11,storage,HDD-SAS-12T
D01-S3-PSU,D01-S3,D01,D,1,3,psu,HPE,ProLiant DL380 Gen11,storage,PSU-HPE-1600W
D01-S3-NIC,D01-S3,D01,D,1,3,nic,HPE,ProLiant DL380 Gen11,storage,NIC-OCP3-25G-DP
D01-S3-FAN,D01-S3,D01,D,1,3,fan,HPE,ProLiant DL380 Gen11,storage,FAN-HPE-DL380
D01-S4-DIMM,D01-S4,D01,D,1,4,dimm,HPE,ProLiant DL380 Gen11,storage,MEM-DDR5-64G-4800
D01-S4-DISK,D01-S4,D01,D,1,4,disk,HPE,ProLiant DL380 Gen11,storage,HDD-SAS-12T
D01-S4-PSU,D01-S4,D01,D,1,4,psu,HPE,ProLiant DL380 Gen11,storage,PSU-HPE-1600W
D01-S4-NIC,D01-S4,D01,D,1,4,nic,HPE,ProLiant DL380 Gen11,storage,NIC-OCP3-25G-DP
D01-S4-FAN,D01-S4,D01,D,1,4,fan,HPE,ProLiant DL380 Gen11,storage,FAN-HPE-DL380
D01-S5-DIMM,D01-S5,D01,D,1,5,dimm,HPE,ProLiant DL380 Gen11,storage,MEM-DDR5-64G-4800
D01-S5-DISK,D01-S5,D01,D,1,5,disk,HPE,ProLiant DL380 Gen11,storage,HDD-SAS-12T
D01-S5-PSU,D01-S5,D01,D,1,5,psu,HPE,ProLiant DL380 Gen11,storage,PSU-HPE-1600W
D01-S5-NIC,D01-S5,D01,D,1,5,nic,HPE,ProLiant DL380 Gen11,storage,NIC-OCP3-25G-DP
D01-S5-FAN,D01-S5,D01,D,1,5,fan,HPE,ProLiant DL380 Gen11,storage,FAN-HPE-DL380
D01-S6-DIMM,D01-S6,D01,D,1,6,dimm,HPE,ProLiant DL380 Gen11,storage,MEM-DDR5-64G-4800
D01-S6-DISK,D01-S6,D01,D,1,6,disk,HPE,ProLiant DL380 Gen11,storage,HDD-SAS-12T
D01-S6-PSU,D01-S6,D01,D,1,6,psu,HPE,ProLiant DL380 Gen11,storage,PSU-HPE-1600W
D01-S6-NIC,D01-S6,D01,D,1,6,nic,HPE,ProLiant DL380 Gen11,storage,NIC-OCP3-25G-DP
D01-S6-FAN,D01-S6,D01,D,1,6,fan,HPE,ProLiant DL380 Gen11,storage,FAN-HPE-DL380
D01-S7-DIMM,D01-S7,D01,D,1,7,dimm,HPE,ProLiant DL380 Gen11,storage,MEM-DDR5-64G-4800
D01-S7-DISK,D01-S7,D01,D,1,7,disk,HPE,ProLiant DL380 Gen11,storage,HDD-SAS-12T
D01-S7-PSU,D01-S7,D01,D,1,7,psu,HPE,ProLiant DL380 Gen11,storage,PSU-HPE-1600W
D01-S7-NIC,D01-S7,D01,D,1,7,nic,HPE,ProLiant DL380 Gen11,storage,NIC-OCP3-25G-DP
D01-S7-FAN,D01-S7,D01,D,1,7,fan,HPE,ProLiant DL380 Gen11,storage,FAN-HPE-DL380
D01-S8-DIMM,D01-S8,D01,D,1,8,dimm,HPE,ProLiant DL380 Gen11,storage,MEM-DDR5-64G-4800
D01-S8-DISK,D01-S8,D01,D,1,8,disk,HPE,ProLiant DL380 Gen11,storage,HDD-SAS-12T
D01-S8-PSU,D01-S8,D01,D,1,8,psu,HPE,ProLiant DL380 Gen11,storage,PSU-HPE-1600W
D01-S8-NIC,D01-S8,D01,D,1,8,nic,HPE,ProLiant DL380 Gen11,storage,NIC-OCP3-25G-DP
D01-S8-FAN,D01-S8,D01,D,1,8,fan,HPE,ProLiant DL380 Gen11,storage,FAN-HPE-DL380
D02-S1-DIMM,D02-S1,D02,D,2,1,dimm,Lenovo,ThinkSystem SR650 V3,storage,MEM-DDR5-64G-4800
D02-S1-DISK,D02-S1,D02,D,2,1,disk,Lenovo,ThinkSystem SR650 V3,storage,HDD-SAS-12T
D02-S1-PSU,D02-S1,D02,D,2,1,psu,Lenovo,ThinkSystem SR650 V3,storage,PSU-LNV-1100W
D02-S1-NIC,D02-S1,D02,D,2,1,nic,Lenovo,ThinkSystem SR650 V3,storage,NIC-OCP3-25G-DP
D02-S1-FAN,D02-S1,D02,D,2,1,fan,Lenovo,ThinkSystem SR650 V3,storage,FAN-LNV-SR650
D02-S2-DIMM,D02-S2,D02,D,2,2,dimm,Lenovo,ThinkSystem SR650 V3,storage,MEM-DDR5-64G-4800
D02-S2-DISK,D02-S2,D02,D,2,2,disk,Lenovo,ThinkSystem SR650 V3,storage,HDD-SAS-12T
D02-S2-PSU,D02-S2,D02,D,2,2,psu,Lenovo,ThinkSystem SR650 V3,storage,PSU-LNV-1100W
D02-S2-NIC,D02-S2,D02,D,2,2,nic,Lenovo,ThinkSystem SR650 V3,storage,NIC-OCP3-25G-DP
D02-S2-FAN,D02-S2,D02,D,2,2,fan,Lenovo,ThinkSystem SR650 V3,storage,FAN-LNV-SR650
D02-S3-DIMM,D02-S3,D02,D,2,3,dimm,Lenovo,ThinkSystem SR650 V3,storage,MEM-DDR5-64G-4800
D02-S3-DISK,D02-S3,D02,D,2,3,disk,Lenovo,ThinkSystem SR650 V3,storage,HDD-SAS-12T
D02-S3-PSU,D02-S3,D02,D,2,3,psu,Lenovo,ThinkSystem SR650 V3,storage,PSU-LNV-1100W
D02-S3-NIC,D02-S3,D02,D,2,3,nic,Lenovo,ThinkSystem SR650 V3,storage,NIC-OCP3-25G-DP
D02-S3-FAN,D02-S3,D02,D,2,3,fan,Lenovo,ThinkSystem SR650 V3,storage,FAN-LNV-SR650
D02-S4-DIMM,D02-S4,D02,D,2,4,dimm,Lenovo,ThinkSystem SR650 V3,storage,MEM-DDR5-64G-4800
D02-S4-DISK,D02-S4,D02,D,2,4,disk,Lenovo,ThinkSystem SR650 V3,storage,HDD-SAS-12T
D02-S4-PSU,D02-S4,D02,D,2,4,psu,Lenovo,ThinkSystem SR650 V3,storage,PSU-LNV-1100W
D02-S4-NIC,D02-S4,D02,D,2,4,nic,Lenovo,ThinkSystem SR650 V3,storage,NIC-OCP3-25G-DP
D02-S4-FAN,D02-S4,D02,D,2,4,fan,Lenovo,ThinkSystem SR650 V3,storage,FAN-LNV-SR650
D02-S5-DIMM,D02-S5,D02,D,2,5,dimm,Lenovo,ThinkSystem SR650 V3,storage,MEM-DDR5-64G-4800
D02-S5-DISK,D02-S5,D02,D,2,5,disk,Lenovo,ThinkSystem SR650 V3,storage,HDD-SAS-12T
D02-S5-PSU,D02-S5,D02,D,2,5,psu,Lenovo,ThinkSystem SR650 V3,storage,PSU-LNV-1100W
D02-S5-NIC,D02-S5,D02,D,2,5,nic,Lenovo,ThinkSystem SR650 V3,storage,NIC-OCP3-25G-DP
D02-S5-FAN,D02-S5,D02,D,2,5,fan,Lenovo,ThinkSystem SR650 V3,storage,FAN-LNV-SR650
D02-S6-DIMM,D02-S6,D02,D,2,6,dimm,Lenovo,ThinkSystem SR650 V3,storage,MEM-DDR5-64G-4800
D02-S6-DISK,D02-S6,D02,D,2,6,disk,Lenovo,ThinkSystem SR650 V3,storage,HDD-SAS-12T
D02-S6-PSU,D02-S6,D02,D,2,6,psu,Lenovo,ThinkSystem SR650 V3,storage,PSU-LNV-1100W
D02-S6-NIC,D02-S6,D02,D,2,6,nic,Lenovo,ThinkSystem SR650 V3,storage,NIC-OCP3-25G-DP
D02-S6-FAN,D02-S6,D02,D,2,6,fan,Lenovo,ThinkSystem SR650 V3,storage,FAN-LNV-SR650
D02-S7-DIMM,D02-S7,D02,D,2,7,dimm,Lenovo,ThinkSystem SR650 V3,storage,MEM-DDR5-64G-4800
D02-S7-DISK,D02-S7,D02,D,2,7,disk,Lenovo,ThinkSystem SR650 V3,storage,HDD-SAS-12T
D02-S7-PSU,D02-S7,D02,D,2,7,psu,Lenovo,ThinkSystem SR650 V3,storage,PSU-LNV-1100W
D02-S7-NIC,D02-S7,D02,D,2,7,nic,Lenovo,ThinkSystem SR650 V3,storage,NIC-OCP3-25G-DP
D02-S7-FAN,D02-S7,D02,D,2,7,fan,Lenovo,ThinkSystem SR650 V3,storage,FAN-LNV-SR650
D02-S8-DIMM,D02-S8,D02,D,2,8,dimm,Lenovo,ThinkSystem SR650 V3,storage,MEM-DDR5-64G-4800
D02-S8-DISK,D02-S8,D02,D,2,8,disk,Lenovo,ThinkSystem SR650 V3,storage,HDD-SAS-12T
D02-S8-PSU,D02-S8,D02,D,2,8,psu,Lenovo,ThinkSystem SR650 V3,storage,PSU-LNV-1100W
D02-S8-NIC,D02-S8,D02,D,2,8,nic,Lenovo,ThinkSystem SR650 V3,storage,NIC-OCP3-25G-DP
D02-S8-FAN,D02-S8,D02,D,2,8,fan,Lenovo,ThinkSystem SR650 V3,storage,FAN-LNV-SR650
D03-S1-DIMM,D03-S1,D03,D,3,1,dimm,Dell,PowerEdge R760,storage,MEM-DDR5-64G-4800
D03-S1-DISK,D03-S1,D03,D,3,1,disk,Dell,PowerEdge R760,storage,HDD-SAS-12T
D03-S1-PSU,D03-S1,D03,D,3,1,psu,Dell,PowerEdge R760,storage,PSU-DEL-1400W
D03-S1-NIC,D03-S1,D03,D,3,1,nic,Dell,PowerEdge R760,storage,NIC-OCP3-25G-DP
D03-S1-FAN,D03-S1,D03,D,3,1,fan,Dell,PowerEdge R760,storage,FAN-DEL-R760
D03-S2-DIMM,D03-S2,D03,D,3,2,dimm,Dell,PowerEdge R760,storage,MEM-DDR5-64G-4800
D03-S2-DISK,D03-S2,D03,D,3,2,disk,Dell,PowerEdge R760,storage,HDD-SAS-12T
D03-S2-PSU,D03-S2,D03,D,3,2,psu,Dell,PowerEdge R760,storage,PSU-DEL-1400W
D03-S2-NIC,D03-S2,D03,D,3,2,nic,Dell,PowerEdge R760,storage,NIC-OCP3-25G-DP
D03-S2-FAN,D03-S2,D03,D,3,2,fan,Dell,PowerEdge R760,storage,FAN-DEL-R760
D03-S3-DIMM,D03-S3,D03,D,3,3,dimm,Dell,PowerEdge R760,storage,MEM-DDR5-64G-4800
D03-S3-DISK,D03-S3,D03,D,3,3,disk,Dell,PowerEdge R760,storage,HDD-SAS-12T
D03-S3-PSU,D03-S3,D03,D,3,3,psu,Dell,PowerEdge R760,storage,PSU-DEL-1400W
D03-S3-NIC,D03-S3,D03,D,3,3,nic,Dell,PowerEdge R760,storage,NIC-OCP3-25G-DP
D03-S3-FAN,D03-S3,D03,D,3,3,fan,Dell,PowerEdge R760,storage,FAN-DEL-R760
D03-S4-DIMM,D03-S4,D03,D,3,4,dimm,Dell,PowerEdge R760,storage,MEM-DDR5-64G-4800
D03-S4-DISK,D03-S4,D03,D,3,4,disk,Dell,PowerEdge R760,storage,HDD-SAS-12T
D03-S4-PSU,D03-S4,D03,D,3,4,psu,Dell,PowerEdge R760,storage,PSU-DEL-1400W
D03-S4-NIC,D03-S4,D03,D,3,4,nic,Dell,PowerEdge R760,storage,NIC-OCP3-25G-DP
D03-S4-FAN,D03-S4,D03,D,3,4,fan,Dell,PowerEdge R760,storage,FAN-DEL-R760
D03-S5-DIMM,D03-S5,D03,D,3,5,dimm,Dell,PowerEdge R760,storage,MEM-DDR5-64G-4800
D03-S5-DISK,D03-S5,D03,D,3,5,disk,Dell,PowerEdge R760,storage,HDD-SAS-12T
D03-S5-PSU,D03-S5,D03,D,3,5,psu,Dell,PowerEdge R760,storage,PSU-DEL-1400W
D03-S5-NIC,D03-S5,D03,D,3,5,nic,Dell,PowerEdge R760,storage,NIC-OCP3-25G-DP
D03-S5-FAN,D03-S5,D03,D,3,5,fan,Dell,PowerEdge R760,storage,FAN-DEL-R760
D03-S6-DIMM,D03-S6,D03,D,3,6,dimm,Dell,PowerEdge R760,storage,MEM-DDR5-64G-4800
D03-S6-DISK,D03-S6,D03,D,3,6,disk,Dell,PowerEdge R760,storage,HDD-SAS-12T
D03-S6-PSU,D03-S6,D03,D,3,6,psu,Dell,PowerEdge R760,storage,PSU-DEL-1400W
D03-S6-NIC,D03-S6,D03,D,3,6,nic,Dell,PowerEdge R760,storage,NIC-OCP3-25G-DP
D03-S6-FAN,D03-S6,D03,D,3,6,fan,Dell,PowerEdge R760,storage,FAN-DEL-R760
D03-S7-DIMM,D03-S7,D03,D,3,7,dimm,Dell,PowerEdge R760,storage,MEM-DDR5-64G-4800
D03-S7-DISK,D03-S7,D03,D,3,7,disk,Dell,PowerEdge R760,storage,HDD-SAS-12T
D03-S7-PSU,D03-S7,D03,D,3,7,psu,Dell,PowerEdge R760,storage,PSU-DEL-1400W
D03-S7-NIC,D03-S7,D03,D,3,7,nic,Dell,PowerEdge R760,storage,NIC-OCP3-25G-DP
D03-S7-FAN,D03-S7,D03,D,3,7,fan,Dell,PowerEdge R760,storage,FAN-DEL-R760
D03-S8-DIMM,D03-S8,D03,D,3,8,dimm,Dell,PowerEdge R760,storage,MEM-DDR5-64G-4800
D03-S8-DISK,D03-S8,D03,D,3,8,disk,Dell,PowerEdge R760,storage,HDD-SAS-12T
D03-S8-PSU,D03-S8,D03,D,3,8,psu,Dell,PowerEdge R760,storage,PSU-DEL-1400W
D03-S8-NIC,D03-S8,D03,D,3,8,nic,Dell,PowerEdge R760,storage,NIC-OCP3-25G-DP
D03-S8-FAN,D03-S8,D03,D,3,8,fan,Dell,PowerEdge R760,storage,FAN-DEL-R760
D04-S1-DIMM,D04-S1,D04,D,4,1,dimm,HPE,ProLiant DL380 Gen11,storage,MEM-DDR5-64G-4800
D04-S1-DISK,D04-S1,D04,D,4,1,disk,HPE,ProLiant DL380 Gen11,storage,HDD-SAS-12T
D04-S1-PSU,D04-S1,D04,D,4,1,psu,HPE,ProLiant DL380 Gen11,storage,PSU-HPE-1600W
D04-S1-NIC,D04-S1,D04,D,4,1,nic,HPE,ProLiant DL380 Gen11,storage,NIC-OCP3-25G-DP
D04-S1-FAN,D04-S1,D04,D,4,1,fan,HPE,ProLiant DL380 Gen11,storage,FAN-HPE-DL380
D04-S2-DIMM,D04-S2,D04,D,4,2,dimm,HPE,ProLiant DL380 Gen11,storage,MEM-DDR5-64G-4800
D04-S2-DISK,D04-S2,D04,D,4,2,disk,HPE,ProLiant DL380 Gen11,storage,HDD-SAS-12T
D04-S2-PSU,D04-S2,D04,D,4,2,psu,HPE,ProLiant DL380 Gen11,storage,PSU-HPE-1600W
D04-S2-NIC,D04-S2,D04,D,4,2,nic,HPE,ProLiant DL380 Gen11,storage,NIC-OCP3-25G-DP
D04-S2-FAN,D04-S2,D04,D,4,2,fan,HPE,ProLiant DL380 Gen11,storage,FAN-HPE-DL380
D04-S3-DIMM,D04-S3,D04,D,4,3,dimm,HPE,ProLiant DL380 Gen11,storage,MEM-DDR5-64G-4800
D04-S3-DISK,D04-S3,D04,D,4,3,disk,HPE,ProLiant DL380 Gen11,storage,HDD-SAS-12T
D04-S3-PSU,D04-S3,D04,D,4,3,psu,HPE,ProLiant DL380 Gen11,storage,PSU-HPE-1600W
D04-S3-NIC,D04-S3,D04,D,4,3,nic,HPE,ProLiant DL380 Gen11,storage,NIC-OCP3-25G-DP
D04-S3-FAN,D04-S3,D04,D,4,3,fan,HPE,ProLiant DL380 Gen11,storage,FAN-HPE-DL380
D04-S4-DIMM,D04-S4,D04,D,4,4,dimm,HPE,ProLiant DL380 Gen11,storage,MEM-DDR5-64G-4800
D04-S4-DISK,D04-S4,D04,D,4,4,disk,HPE,ProLiant DL380 Gen11,storage,HDD-SAS-12T
D04-S4-PSU,D04-S4,D04,D,4,4,psu,HPE,ProLiant DL380 Gen11,storage,PSU-HPE-1600W
D04-S4-NIC,D04-S4,D04,D,4,4,nic,HPE,ProLiant DL380 Gen11,storage,NIC-OCP3-25G-DP
D04-S4-FAN,D04-S4,D04,D,4,4,fan,HPE,ProLiant DL380 Gen11,storage,FAN-HPE-DL380
D04-S5-DIMM,D04-S5,D04,D,4,5,dimm,HPE,ProLiant DL380 Gen11,storage,MEM-DDR5-64G-4800
D04-S5-DISK,D04-S5,D04,D,4,5,disk,HPE,ProLiant DL380 Gen11,storage,HDD-SAS-12T
D04-S5-PSU,D04-S5,D04,D,4,5,psu,HPE,ProLiant DL380 Gen11,storage,PSU-HPE-1600W
D04-S5-NIC,D04-S5,D04,D,4,5,nic,HPE,ProLiant DL380 Gen11,storage,NIC-OCP3-25G-DP
D04-S5-FAN,D04-S5,D04,D,4,5,fan,HPE,ProLiant DL380 Gen11,storage,FAN-HPE-DL380
D04-S6-DIMM,D04-S6,D04,D,4,6,dimm,HPE,ProLiant DL380 Gen11,storage,MEM-DDR5-64G-4800
D04-S6-DISK,D04-S6,D04,D,4,6,disk,HPE,ProLiant DL380 Gen11,storage,HDD-SAS-12T
D04-S6-PSU,D04-S6,D04,D,4,6,psu,HPE,ProLiant DL380 Gen11,storage,PSU-HPE-1600W
D04-S6-NIC,D04-S6,D04,D,4,6,nic,HPE,ProLiant DL380 Gen11,storage,NIC-OCP3-25G-DP
D04-S6-FAN,D04-S6,D04,D,4,6,fan,HPE,ProLiant DL380 Gen11,storage,FAN-HPE-DL380
D04-S7-DIMM,D04-S7,D04,D,4,7,dimm,HPE,ProLiant DL380 Gen11,storage,MEM-DDR5-64G-4800
D04-S7-DISK,D04-S7,D04,D,4,7,disk,HPE,ProLiant DL380 Gen11,storage,HDD-SAS-12T
D04-S7-PSU,D04-S7,D04,D,4,7,psu,HPE,ProLiant DL380 Gen11,storage,PSU-HPE-1600W
D04-S7-NIC,D04-S7,D04,D,4,7,nic,HPE,ProLiant DL380 Gen11,storage,NIC-OCP3-25G-DP
D04-S7-FAN,D04-S7,D04,D,4,7,fan,HPE,ProLiant DL380 Gen11,storage,FAN-HPE-DL380
D04-S8-DIMM,D04-S8,D04,D,4,8,dimm,HPE,ProLiant DL380 Gen11,storage,MEM-DDR5-64G-4800
D04-S8-DISK,D04-S8,D04,D,4,8,disk,HPE,ProLiant DL380 Gen11,storage,HDD-SAS-12T
D04-S8-PSU,D04-S8,D04,D,4,8,psu,HPE,ProLiant DL380 Gen11,storage,PSU-HPE-1600W
D04-S8-NIC,D04-S8,D04,D,4,8,nic,HPE,ProLiant DL380 Gen11,storage,NIC-OCP3-25G-DP
D04-S8-FAN,D04-S8,D04,D,4,8,fan,HPE,ProLiant DL380 Gen11,storage,FAN-HPE-DL380
D05-S1-DIMM,D05-S1,D05,D,5,1,dimm,Lenovo,ThinkSystem SR650 V3,storage,MEM-DDR5-64G-4800
D05-S1-DISK,D05-S1,D05,D,5,1,disk,Lenovo,ThinkSystem SR650 V3,storage,HDD-SAS-12T
D05-S1-PSU,D05-S1,D05,D,5,1,psu,Lenovo,ThinkSystem SR650 V3,storage,PSU-LNV-1100W
D05-S1-NIC,D05-S1,D05,D,5,1,nic,Lenovo,ThinkSystem SR650 V3,storage,NIC-OCP3-25G-DP
D05-S1-FAN,D05-S1,D05,D,5,1,fan,Lenovo,ThinkSystem SR650 V3,storage,FAN-LNV-SR650
D05-S2-DIMM,D05-S2,D05,D,5,2,dimm,Lenovo,ThinkSystem SR650 V3,storage,MEM-DDR5-64G-4800
D05-S2-DISK,D05-S2,D05,D,5,2,disk,Lenovo,ThinkSystem SR650 V3,storage,HDD-SAS-12T
D05-S2-PSU,D05-S2,D05,D,5,2,psu,Lenovo,ThinkSystem SR650 V3,storage,PSU-LNV-1100W
D05-S2-NIC,D05-S2,D05,D,5,2,nic,Lenovo,ThinkSystem SR650 V3,storage,NIC-OCP3-25G-DP
D05-S2-FAN,D05-S2,D05,D,5,2,fan,Lenovo,ThinkSystem SR650 V3,storage,FAN-LNV-SR650
D05-S3-DIMM,D05-S3,D05,D,5,3,dimm,Lenovo,ThinkSystem SR650 V3,storage,MEM-DDR5-64G-4800
D05-S3-DISK,D05-S3,D05,D,5,3,disk,Lenovo,ThinkSystem SR650 V3,storage,HDD-SAS-12T
D05-S3-PSU,D05-S3,D05,D,5,3,psu,Lenovo,ThinkSystem SR650 V3,storage,PSU-LNV-1100W
D05-S3-NIC,D05-S3,D05,D,5,3,nic,Lenovo,ThinkSystem SR650 V3,storage,NIC-OCP3-25G-DP
D05-S3-FAN,D05-S3,D05,D,5,3,fan,Lenovo,ThinkSystem SR650 V3,storage,FAN-LNV-SR650
D05-S4-DIMM,D05-S4,D05,D,5,4,dimm,Lenovo,ThinkSystem SR650 V3,storage,MEM-DDR5-64G-4800
D05-S4-DISK,D05-S4,D05,D,5,4,disk,Lenovo,ThinkSystem SR650 V3,storage,HDD-SAS-12T
D05-S4-PSU,D05-S4,D05,D,5,4,psu,Lenovo,ThinkSystem SR650 V3,storage,PSU-LNV-1100W
D05-S4-NIC,D05-S4,D05,D,5,4,nic,Lenovo,ThinkSystem SR650 V3,storage,NIC-OCP3-25G-DP
D05-S4-FAN,D05-S4,D05,D,5,4,fan,Lenovo,ThinkSystem SR650 V3,storage,FAN-LNV-SR650
D05-S5-DIMM,D05-S5,D05,D,5,5,dimm,Lenovo,ThinkSystem SR650 V3,storage,MEM-DDR5-64G-4800
D05-S5-DISK,D05-S5,D05,D,5,5,disk,Lenovo,ThinkSystem SR650 V3,storage,HDD-SAS-12T
D05-S5-PSU,D05-S5,D05,D,5,5,psu,Lenovo,ThinkSystem SR650 V3,storage,PSU-LNV-1100W
D05-S5-NIC,D05-S5,D05,D,5,5,nic,Lenovo,ThinkSystem SR650 V3,storage,NIC-OCP3-25G-DP
D05-S5-FAN,D05-S5,D05,D,5,5,fan,Lenovo,ThinkSystem SR650 V3,storage,FAN-LNV-SR650
D05-S6-DIMM,D05-S6,D05,D,5,6,dimm,Lenovo,ThinkSystem SR650 V3,storage,MEM-DDR5-64G-4800
D05-S6-DISK,D05-S6,D05,D,5,6,disk,Lenovo,ThinkSystem SR650 V3,storage,HDD-SAS-12T
D05-S6-PSU,D05-S6,D05,D,5,6,psu,Lenovo,ThinkSystem SR650 V3,storage,PSU-LNV-1100W
D05-S6-NIC,D05-S6,D05,D,5,6,nic,Lenovo,ThinkSystem SR650 V3,storage,NIC-OCP3-25G-DP
D05-S6-FAN,D05-S6,D05,D,5,6,fan,Lenovo,ThinkSystem SR650 V3,storage,FAN-LNV-SR650
D05-S7-DIMM,D05-S7,D05,D,5,7,dimm,Lenovo,ThinkSystem SR650 V3,storage,MEM-DDR5-64G-4800
D05-S7-DISK,D05-S7,D05,D,5,7,disk,Lenovo,ThinkSystem SR650 V3,storage,HDD-SAS-12T
D05-S7-PSU,D05-S7,D05,D,5,7,psu,Lenovo,ThinkSystem SR650 V3,storage,PSU-LNV-1100W
D05-S7-NIC,D05-S7,D05,D,5,7,nic,Lenovo,ThinkSystem SR650 V3,storage,NIC-OCP3-25G-DP
D05-S7-FAN,D05-S7,D05,D,5,7,fan,Lenovo,ThinkSystem SR650 V3,storage,FAN-LNV-SR650
D05-S8-DIMM,D05-S8,D05,D,5,8,dimm,Lenovo,ThinkSystem SR650 V3,storage,MEM-DDR5-64G-4800
D05-S8-DISK,D05-S8,D05,D,5,8,disk,Lenovo,ThinkSystem SR650 V3,storage,HDD-SAS-12T
D05-S8-PSU,D05-S8,D05,D,5,8,psu,Lenovo,ThinkSystem SR650 V3,storage,PSU-LNV-1100W
D05-S8-NIC,D05-S8,D05,D,5,8,nic,Lenovo,ThinkSystem SR650 V3,storage,NIC-OCP3-25G-DP
D05-S8-FAN,D05-S8,D05,D,5,8,fan,Lenovo,ThinkSystem SR650 V3,storage,FAN-LNV-SR650
D06-S1-DIMM,D06-S1,D06,D,6,1,dimm,Dell,PowerEdge R760,storage,MEM-DDR5-64G-4800
D06-S1-DISK,D06-S1,D06,D,6,1,disk,Dell,PowerEdge R760,storage,HDD-SAS-12T
D06-S1-PSU,D06-S1,D06,D,6,1,psu,Dell,PowerEdge R760,storage,PSU-DEL-1400W
D06-S1-NIC,D06-S1,D06,D,6,1,nic,Dell,PowerEdge R760,storage,NIC-OCP3-25G-DP
D06-S1-FAN,D06-S1,D06,D,6,1,fan,Dell,PowerEdge R760,storage,FAN-DEL-R760
D06-S2-DIMM,D06-S2,D06,D,6,2,dimm,Dell,PowerEdge R760,storage,MEM-DDR5-64G-4800
D06-S2-DISK,D06-S2,D06,D,6,2,disk,Dell,PowerEdge R760,storage,HDD-SAS-12T
D06-S2-PSU,D06-S2,D06,D,6,2,psu,Dell,PowerEdge R760,storage,PSU-DEL-1400W
D06-S2-NIC,D06-S2,D06,D,6,2,nic,Dell,PowerEdge R760,storage,NIC-OCP3-25G-DP
D06-S2-FAN,D06-S2,D06,D,6,2,fan,Dell,PowerEdge R760,storage,FAN-DEL-R760
D06-S3-DIMM,D06-S3,D06,D,6,3,dimm,Dell,PowerEdge R760,storage,MEM-DDR5-64G-4800
D06-S3-DISK,D06-S3,D06,D,6,3,disk,Dell,PowerEdge R760,storage,HDD-SAS-12T
D06-S3-PSU,D06-S3,D06,D,6,3,psu,Dell,PowerEdge R760,storage,PSU-DEL-1400W
D06-S3-NIC,D06-S3,D06,D,6,3,nic,Dell,PowerEdge R760,storage,NIC-OCP3-25G-DP
D06-S3-FAN,D06-S3,D06,D,6,3,fan,Dell,PowerEdge R760,storage,FAN-DEL-R760
D06-S4-DIMM,D06-S4,D06,D,6,4,dimm,Dell,PowerEdge R760,storage,MEM-DDR5-64G-4800
D06-S4-DISK,D06-S4,D06,D,6,4,disk,Dell,PowerEdge R760,storage,HDD-SAS-12T
D06-S4-PSU,D06-S4,D06,D,6,4,psu,Dell,PowerEdge R760,storage,PSU-DEL-1400W
D06-S4-NIC,D06-S4,D06,D,6,4,nic,Dell,PowerEdge R760,storage,NIC-OCP3-25G-DP
D06-S4-FAN,D06-S4,D06,D,6,4,fan,Dell,PowerEdge R760,storage,FAN-DEL-R760
D06-S5-DIMM,D06-S5,D06,D,6,5,dimm,Dell,PowerEdge R760,storage,MEM-DDR5-64G-4800
D06-S5-DISK,D06-S5,D06,D,6,5,disk,Dell,PowerEdge R760,storage,HDD-SAS-12T
D06-S5-PSU,D06-S5,D06,D,6,5,psu,Dell,PowerEdge R760,storage,PSU-DEL-1400W
D06-S5-NIC,D06-S5,D06,D,6,5,nic,Dell,PowerEdge R760,storage,NIC-OCP3-25G-DP
D06-S5-FAN,D06-S5,D06,D,6,5,fan,Dell,PowerEdge R760,storage,FAN-DEL-R760
D06-S6-DIMM,D06-S6,D06,D,6,6,dimm,Dell,PowerEdge R760,storage,MEM-DDR5-64G-4800
D06-S6-DISK,D06-S6,D06,D,6,6,disk,Dell,PowerEdge R760,storage,HDD-SAS-12T
D06-S6-PSU,D06-S6,D06,D,6,6,psu,Dell,PowerEdge R760,storage,PSU-DEL-1400W
D06-S6-NIC,D06-S6,D06,D,6,6,nic,Dell,PowerEdge R760,storage,NIC-OCP3-25G-DP
D06-S6-FAN,D06-S6,D06,D,6,6,fan,Dell,PowerEdge R760,storage,FAN-DEL-R760
D06-S7-DIMM,D06-S7,D06,D,6,7,dimm,Dell,PowerEdge R760,storage,MEM-DDR5-64G-4800
D06-S7-DISK,D06-S7,D06,D,6,7,disk,Dell,PowerEdge R760,storage,HDD-SAS-12T
D06-S7-PSU,D06-S7,D06,D,6,7,psu,Dell,PowerEdge R760,storage,PSU-DEL-1400W
D06-S7-NIC,D06-S7,D06,D,6,7,nic,Dell,PowerEdge R760,storage,NIC-OCP3-25G-DP
D06-S7-FAN,D06-S7,D06,D,6,7,fan,Dell,PowerEdge R760,storage,FAN-DEL-R760
D06-S8-DIMM,D06-S8,D06,D,6,8,dimm,Dell,PowerEdge R760,storage,MEM-DDR5-64G-4800
D06-S8-DISK,D06-S8,D06,D,6,8,disk,Dell,PowerEdge R760,storage,HDD-SAS-12T
D06-S8-PSU,D06-S8,D06,D,6,8,psu,Dell,PowerEdge R760,storage,PSU-DEL-1400W
D06-S8-NIC,D06-S8,D06,D,6,8,nic,Dell,PowerEdge R760,storage,NIC-OCP3-25G-DP
D06-S8-FAN,D06-S8,D06,D,6,8,fan,Dell,PowerEdge R760,storage,FAN-DEL-R760
D07-S1-DIMM,D07-S1,D07,D,7,1,dimm,HPE,ProLiant DL380 Gen11,storage,MEM-DDR5-64G-4800
D07-S1-DISK,D07-S1,D07,D,7,1,disk,HPE,ProLiant DL380 Gen11,storage,HDD-SAS-12T
D07-S1-PSU,D07-S1,D07,D,7,1,psu,HPE,ProLiant DL380 Gen11,storage,PSU-HPE-1600W
D07-S1-NIC,D07-S1,D07,D,7,1,nic,HPE,ProLiant DL380 Gen11,storage,NIC-OCP3-25G-DP
D07-S1-FAN,D07-S1,D07,D,7,1,fan,HPE,ProLiant DL380 Gen11,storage,FAN-HPE-DL380
D07-S2-DIMM,D07-S2,D07,D,7,2,dimm,HPE,ProLiant DL380 Gen11,storage,MEM-DDR5-64G-4800
D07-S2-DISK,D07-S2,D07,D,7,2,disk,HPE,ProLiant DL380 Gen11,storage,HDD-SAS-12T
D07-S2-PSU,D07-S2,D07,D,7,2,psu,HPE,ProLiant DL380 Gen11,storage,PSU-HPE-1600W
D07-S2-NIC,D07-S2,D07,D,7,2,nic,HPE,ProLiant DL380 Gen11,storage,NIC-OCP3-25G-DP
D07-S2-FAN,D07-S2,D07,D,7,2,fan,HPE,ProLiant DL380 Gen11,storage,FAN-HPE-DL380
D07-S3-DIMM,D07-S3,D07,D,7,3,dimm,HPE,ProLiant DL380 Gen11,storage,MEM-DDR5-64G-4800
D07-S3-DISK,D07-S3,D07,D,7,3,disk,HPE,ProLiant DL380 Gen11,storage,HDD-SAS-12T
D07-S3-PSU,D07-S3,D07,D,7,3,psu,HPE,ProLiant DL380 Gen11,storage,PSU-HPE-1600W
D07-S3-NIC,D07-S3,D07,D,7,3,nic,HPE,ProLiant DL380 Gen11,storage,NIC-OCP3-25G-DP
D07-S3-FAN,D07-S3,D07,D,7,3,fan,HPE,ProLiant DL380 Gen11,storage,FAN-HPE-DL380
D07-S4-DIMM,D07-S4,D07,D,7,4,dimm,HPE,ProLiant DL380 Gen11,storage,MEM-DDR5-64G-4800
D07-S4-DISK,D07-S4,D07,D,7,4,disk,HPE,ProLiant DL380 Gen11,storage,HDD-SAS-12T
D07-S4-PSU,D07-S4,D07,D,7,4,psu,HPE,ProLiant DL380 Gen11,storage,PSU-HPE-1600W
D07-S4-NIC,D07-S4,D07,D,7,4,nic,HPE,ProLiant DL380 Gen11,storage,NIC-OCP3-25G-DP
D07-S4-FAN,D07-S4,D07,D,7,4,fan,HPE,ProLiant DL380 Gen11,storage,FAN-HPE-DL380
D07-S5-DIMM,D07-S5,D07,D,7,5,dimm,HPE,ProLiant DL380 Gen11,storage,MEM-DDR5-64G-4800
D07-S5-DISK,D07-S5,D07,D,7,5,disk,HPE,ProLiant DL380 Gen11,storage,HDD-SAS-12T
D07-S5-PSU,D07-S5,D07,D,7,5,psu,HPE,ProLiant DL380 Gen11,storage,PSU-HPE-1600W
D07-S5-NIC,D07-S5,D07,D,7,5,nic,HPE,ProLiant DL380 Gen11,storage,NIC-OCP3-25G-DP
D07-S5-FAN,D07-S5,D07,D,7,5,fan,HPE,ProLiant DL380 Gen11,storage,FAN-HPE-DL380
D07-S6-DIMM,D07-S6,D07,D,7,6,dimm,HPE,ProLiant DL380 Gen11,storage,MEM-DDR5-64G-4800
D07-S6-DISK,D07-S6,D07,D,7,6,disk,HPE,ProLiant DL380 Gen11,storage,HDD-SAS-12T
D07-S6-PSU,D07-S6,D07,D,7,6,psu,HPE,ProLiant DL380 Gen11,storage,PSU-HPE-1600W
D07-S6-NIC,D07-S6,D07,D,7,6,nic,HPE,ProLiant DL380 Gen11,storage,NIC-OCP3-25G-DP
D07-S6-FAN,D07-S6,D07,D,7,6,fan,HPE,ProLiant DL380 Gen11,storage,FAN-HPE-DL380
D07-S7-DIMM,D07-S7,D07,D,7,7,dimm,HPE,ProLiant DL380 Gen11,storage,MEM-DDR5-64G-4800
D07-S7-DISK,D07-S7,D07,D,7,7,disk,HPE,ProLiant DL380 Gen11,storage,HDD-SAS-12T
D07-S7-PSU,D07-S7,D07,D,7,7,psu,HPE,ProLiant DL380 Gen11,storage,PSU-HPE-1600W
D07-S7-NIC,D07-S7,D07,D,7,7,nic,HPE,ProLiant DL380 Gen11,storage,NIC-OCP3-25G-DP
D07-S7-FAN,D07-S7,D07,D,7,7,fan,HPE,ProLiant DL380 Gen11,storage,FAN-HPE-DL380
D07-S8-DIMM,D07-S8,D07,D,7,8,dimm,HPE,ProLiant DL380 Gen11,storage,MEM-DDR5-64G-4800
D07-S8-DISK,D07-S8,D07,D,7,8,disk,HPE,ProLiant DL380 Gen11,storage,HDD-SAS-12T
D07-S8-PSU,D07-S8,D07,D,7,8,psu,HPE,ProLiant DL380 Gen11,storage,PSU-HPE-1600W
D07-S8-NIC,D07-S8,D07,D,7,8,nic,HPE,ProLiant DL380 Gen11,storage,NIC-OCP3-25G-DP
D07-S8-FAN,D07-S8,D07,D,7,8,fan,HPE,ProLiant DL380 Gen11,storage,FAN-HPE-DL380
D08-S1-DIMM,D08-S1,D08,D,8,1,dimm,Lenovo,ThinkSystem SR650 V3,storage,MEM-DDR5-64G-4800
D08-S1-DISK,D08-S1,D08,D,8,1,disk,Lenovo,ThinkSystem SR650 V3,storage,HDD-SAS-12T
D08-S1-PSU,D08-S1,D08,D,8,1,psu,Lenovo,ThinkSystem SR650 V3,storage,PSU-LNV-1100W
D08-S1-NIC,D08-S1,D08,D,8,1,nic,Lenovo,ThinkSystem SR650 V3,storage,NIC-OCP3-25G-DP
D08-S1-FAN,D08-S1,D08,D,8,1,fan,Lenovo,ThinkSystem SR650 V3,storage,FAN-LNV-SR650
D08-S2-DIMM,D08-S2,D08,D,8,2,dimm,Lenovo,ThinkSystem SR650 V3,storage,MEM-DDR5-64G-4800
D08-S2-DISK,D08-S2,D08,D,8,2,disk,Lenovo,ThinkSystem SR650 V3,storage,HDD-SAS-12T
D08-S2-PSU,D08-S2,D08,D,8,2,psu,Lenovo,ThinkSystem SR650 V3,storage,PSU-LNV-1100W
D08-S2-NIC,D08-S2,D08,D,8,2,nic,Lenovo,ThinkSystem SR650 V3,storage,NIC-OCP3-25G-DP
D08-S2-FAN,D08-S2,D08,D,8,2,fan,Lenovo,ThinkSystem SR650 V3,storage,FAN-LNV-SR650
D08-S3-DIMM,D08-S3,D08,D,8,3,dimm,Lenovo,ThinkSystem SR650 V3,storage,MEM-DDR5-64G-4800
D08-S3-DISK,D08-S3,D08,D,8,3,disk,Lenovo,ThinkSystem SR650 V3,storage,HDD-SAS-12T
D08-S3-PSU,D08-S3,D08,D,8,3,psu,Lenovo,ThinkSystem SR650 V3,storage,PSU-LNV-1100W
D08-S3-NIC,D08-S3,D08,D,8,3,nic,Lenovo,ThinkSystem SR650 V3,storage,NIC-OCP3-25G-DP
D08-S3-FAN,D08-S3,D08,D,8,3,fan,Lenovo,ThinkSystem SR650 V3,storage,FAN-LNV-SR650
D08-S4-DIMM,D08-S4,D08,D,8,4,dimm,Lenovo,ThinkSystem SR650 V3,storage,MEM-DDR5-64G-4800
D08-S4-DISK,D08-S4,D08,D,8,4,disk,Lenovo,ThinkSystem SR650 V3,storage,HDD-SAS-12T
D08-S4-PSU,D08-S4,D08,D,8,4,psu,Lenovo,ThinkSystem SR650 V3,storage,PSU-LNV-1100W
D08-S4-NIC,D08-S4,D08,D,8,4,nic,Lenovo,ThinkSystem SR650 V3,storage,NIC-OCP3-25G-DP
D08-S4-FAN,D08-S4,D08,D,8,4,fan,Lenovo,ThinkSystem SR650 V3,storage,FAN-LNV-SR650
D08-S5-DIMM,D08-S5,D08,D,8,5,dimm,Lenovo,ThinkSystem SR650 V3,storage,MEM-DDR5-64G-4800
D08-S5-DISK,D08-S5,D08,D,8,5,disk,Lenovo,ThinkSystem SR650 V3,storage,HDD-SAS-12T
D08-S5-PSU,D08-S5,D08,D,8,5,psu,Lenovo,ThinkSystem SR650 V3,storage,PSU-LNV-1100W
D08-S5-NIC,D08-S5,D08,D,8,5,nic,Lenovo,ThinkSystem SR650 V3,storage,NIC-OCP3-25G-DP
D08-S5-FAN,D08-S5,D08,D,8,5,fan,Lenovo,ThinkSystem SR650 V3,storage,FAN-LNV-SR650
D08-S6-DIMM,D08-S6,D08,D,8,6,dimm,Lenovo,ThinkSystem SR650 V3,storage,MEM-DDR5-64G-4800
D08-S6-DISK,D08-S6,D08,D,8,6,disk,Lenovo,ThinkSystem SR650 V3,storage,HDD-SAS-12T
D08-S6-PSU,D08-S6,D08,D,8,6,psu,Lenovo,ThinkSystem SR650 V3,storage,PSU-LNV-1100W
D08-S6-NIC,D08-S6,D08,D,8,6,nic,Lenovo,ThinkSystem SR650 V3,storage,NIC-OCP3-25G-DP
D08-S6-FAN,D08-S6,D08,D,8,6,fan,Lenovo,ThinkSystem SR650 V3,storage,FAN-LNV-SR650
D08-S7-DIMM,D08-S7,D08,D,8,7,dimm,Lenovo,ThinkSystem SR650 V3,storage,MEM-DDR5-64G-4800
D08-S7-DISK,D08-S7,D08,D,8,7,disk,Lenovo,ThinkSystem SR650 V3,storage,HDD-SAS-12T
D08-S7-PSU,D08-S7,D08,D,8,7,psu,Lenovo,ThinkSystem SR650 V3,storage,PSU-LNV-1100W
D08-S7-NIC,D08-S7,D08,D,8,7,nic,Lenovo,ThinkSystem SR650 V3,storage,NIC-OCP3-25G-DP
D08-S7-FAN,D08-S7,D08,D,8,7,fan,Lenovo,ThinkSystem SR650 V3,storage,FAN-LNV-SR650
D08-S8-DIMM,D08-S8,D08,D,8,8,dimm,Lenovo,ThinkSystem SR650 V3,storage,MEM-DDR5-64G-4800
D08-S8-DISK,D08-S8,D08,D,8,8,disk,Lenovo,ThinkSystem SR650 V3,storage,HDD-SAS-12T
D08-S8-PSU,D08-S8,D08,D,8,8,psu,Lenovo,ThinkSystem SR650 V3,storage,PSU-LNV-1100W
D08-S8-NIC,D08-S8,D08,D,8,8,nic,Lenovo,ThinkSystem SR650 V3,storage,NIC-OCP3-25G-DP
D08-S8-FAN,D08-S8,D08,D,8,8,fan,Lenovo,ThinkSystem SR650 V3,storage,FAN-LNV-SR650
D09-S1-DIMM,D09-S1,D09,D,9,1,dimm,Dell,PowerEdge R760,storage,MEM-DDR5-64G-4800
D09-S1-DISK,D09-S1,D09,D,9,1,disk,Dell,PowerEdge R760,storage,HDD-SAS-12T
D09-S1-PSU,D09-S1,D09,D,9,1,psu,Dell,PowerEdge R760,storage,PSU-DEL-1400W
D09-S1-NIC,D09-S1,D09,D,9,1,nic,Dell,PowerEdge R760,storage,NIC-OCP3-25G-DP
D09-S1-FAN,D09-S1,D09,D,9,1,fan,Dell,PowerEdge R760,storage,FAN-DEL-R760
D09-S2-DIMM,D09-S2,D09,D,9,2,dimm,Dell,PowerEdge R760,storage,MEM-DDR5-64G-4800
D09-S2-DISK,D09-S2,D09,D,9,2,disk,Dell,PowerEdge R760,storage,HDD-SAS-12T
D09-S2-PSU,D09-S2,D09,D,9,2,psu,Dell,PowerEdge R760,storage,PSU-DEL-1400W
D09-S2-NIC,D09-S2,D09,D,9,2,nic,Dell,PowerEdge R760,storage,NIC-OCP3-25G-DP
D09-S2-FAN,D09-S2,D09,D,9,2,fan,Dell,PowerEdge R760,storage,FAN-DEL-R760
D09-S3-DIMM,D09-S3,D09,D,9,3,dimm,Dell,PowerEdge R760,storage,MEM-DDR5-64G-4800
D09-S3-DISK,D09-S3,D09,D,9,3,disk,Dell,PowerEdge R760,storage,HDD-SAS-12T
D09-S3-PSU,D09-S3,D09,D,9,3,psu,Dell,PowerEdge R760,storage,PSU-DEL-1400W
D09-S3-NIC,D09-S3,D09,D,9,3,nic,Dell,PowerEdge R760,storage,NIC-OCP3-25G-DP
D09-S3-FAN,D09-S3,D09,D,9,3,fan,Dell,PowerEdge R760,storage,FAN-DEL-R760
D09-S4-DIMM,D09-S4,D09,D,9,4,dimm,Dell,PowerEdge R760,storage,MEM-DDR5-64G-4800
D09-S4-DISK,D09-S4,D09,D,9,4,disk,Dell,PowerEdge R760,storage,HDD-SAS-12T
D09-S4-PSU,D09-S4,D09,D,9,4,psu,Dell,PowerEdge R760,storage,PSU-DEL-1400W
D09-S4-NIC,D09-S4,D09,D,9,4,nic,Dell,PowerEdge R760,storage,NIC-OCP3-25G-DP
D09-S4-FAN,D09-S4,D09,D,9,4,fan,Dell,PowerEdge R760,storage,FAN-DEL-R760
D09-S5-DIMM,D09-S5,D09,D,9,5,dimm,Dell,PowerEdge R760,storage,MEM-DDR5-64G-4800
D09-S5-DISK,D09-S5,D09,D,9,5,disk,Dell,PowerEdge R760,storage,HDD-SAS-12T
D09-S5-PSU,D09-S5,D09,D,9,5,psu,Dell,PowerEdge R760,storage,PSU-DEL-1400W
D09-S5-NIC,D09-S5,D09,D,9,5,nic,Dell,PowerEdge R760,storage,NIC-OCP3-25G-DP
D09-S5-FAN,D09-S5,D09,D,9,5,fan,Dell,PowerEdge R760,storage,FAN-DEL-R760
D09-S6-DIMM,D09-S6,D09,D,9,6,dimm,Dell,PowerEdge R760,storage,MEM-DDR5-64G-4800
D09-S6-DISK,D09-S6,D09,D,9,6,disk,Dell,PowerEdge R760,storage,HDD-SAS-12T
D09-S6-PSU,D09-S6,D09,D,9,6,psu,Dell,PowerEdge R760,storage,PSU-DEL-1400W
D09-S6-NIC,D09-S6,D09,D,9,6,nic,Dell,PowerEdge R760,storage,NIC-OCP3-25G-DP
D09-S6-FAN,D09-S6,D09,D,9,6,fan,Dell,PowerEdge R760,storage,FAN-DEL-R760
D09-S7-DIMM,D09-S7,D09,D,9,7,dimm,Dell,PowerEdge R760,storage,MEM-DDR5-64G-4800
D09-S7-DISK,D09-S7,D09,D,9,7,disk,Dell,PowerEdge R760,storage,HDD-SAS-12T
D09-S7-PSU,D09-S7,D09,D,9,7,psu,Dell,PowerEdge R760,storage,PSU-DEL-1400W
D09-S7-NIC,D09-S7,D09,D,9,7,nic,Dell,PowerEdge R760,storage,NIC-OCP3-25G-DP
D09-S7-FAN,D09-S7,D09,D,9,7,fan,Dell,PowerEdge R760,storage,FAN-DEL-R760
D09-S8-DIMM,D09-S8,D09,D,9,8,dimm,Dell,PowerEdge R760,storage,MEM-DDR5-64G-4800
D09-S8-DISK,D09-S8,D09,D,9,8,disk,Dell,PowerEdge R760,storage,HDD-SAS-12T
D09-S8-PSU,D09-S8,D09,D,9,8,psu,Dell,PowerEdge R760,storage,PSU-DEL-1400W
D09-S8-NIC,D09-S8,D09,D,9,8,nic,Dell,PowerEdge R760,storage,NIC-OCP3-25G-DP
D09-S8-FAN,D09-S8,D09,D,9,8,fan,Dell,PowerEdge R760,storage,FAN-DEL-R760
D10-S1-DIMM,D10-S1,D10,D,10,1,dimm,HPE,ProLiant DL380 Gen11,storage,MEM-DDR5-64G-4800
D10-S1-DISK,D10-S1,D10,D,10,1,disk,HPE,ProLiant DL380 Gen11,storage,HDD-SAS-12T
D10-S1-PSU,D10-S1,D10,D,10,1,psu,HPE,ProLiant DL380 Gen11,storage,PSU-HPE-1600W
D10-S1-NIC,D10-S1,D10,D,10,1,nic,HPE,ProLiant DL380 Gen11,storage,NIC-OCP3-25G-DP
D10-S1-FAN,D10-S1,D10,D,10,1,fan,HPE,ProLiant DL380 Gen11,storage,FAN-HPE-DL380
D10-S2-DIMM,D10-S2,D10,D,10,2,dimm,HPE,ProLiant DL380 Gen11,storage,MEM-DDR5-64G-4800
D10-S2-DISK,D10-S2,D10,D,10,2,disk,HPE,ProLiant DL380 Gen11,storage,HDD-SAS-12T
D10-S2-PSU,D10-S2,D10,D,10,2,psu,HPE,ProLiant DL380 Gen11,storage,PSU-HPE-1600W
D10-S2-NIC,D10-S2,D10,D,10,2,nic,HPE,ProLiant DL380 Gen11,storage,NIC-OCP3-25G-DP
D10-S2-FAN,D10-S2,D10,D,10,2,fan,HPE,ProLiant DL380 Gen11,storage,FAN-HPE-DL380
D10-S3-DIMM,D10-S3,D10,D,10,3,dimm,HPE,ProLiant DL380 Gen11,storage,MEM-DDR5-64G-4800
D10-S3-DISK,D10-S3,D10,D,10,3,disk,HPE,ProLiant DL380 Gen11,storage,HDD-SAS-12T
D10-S3-PSU,D10-S3,D10,D,10,3,psu,HPE,ProLiant DL380 Gen11,storage,PSU-HPE-1600W
D10-S3-NIC,D10-S3,D10,D,10,3,nic,HPE,ProLiant DL380 Gen11,storage,NIC-OCP3-25G-DP
D10-S3-FAN,D10-S3,D10,D,10,3,fan,HPE,ProLiant DL380 Gen11,storage,FAN-HPE-DL380
D10-S4-DIMM,D10-S4,D10,D,10,4,dimm,HPE,ProLiant DL380 Gen11,storage,MEM-DDR5-64G-4800
D10-S4-DISK,D10-S4,D10,D,10,4,disk,HPE,ProLiant DL380 Gen11,storage,HDD-SAS-12T
D10-S4-PSU,D10-S4,D10,D,10,4,psu,HPE,ProLiant DL380 Gen11,storage,PSU-HPE-1600W
D10-S4-NIC,D10-S4,D10,D,10,4,nic,HPE,ProLiant DL380 Gen11,storage,NIC-OCP3-25G-DP
D10-S4-FAN,D10-S4,D10,D,10,4,fan,HPE,ProLiant DL380 Gen11,storage,FAN-HPE-DL380
D10-S5-DIMM,D10-S5,D10,D,10,5,dimm,HPE,ProLiant DL380 Gen11,storage,MEM-DDR5-64G-4800
D10-S5-DISK,D10-S5,D10,D,10,5,disk,HPE,ProLiant DL380 Gen11,storage,HDD-SAS-12T
D10-S5-PSU,D10-S5,D10,D,10,5,psu,HPE,ProLiant DL380 Gen11,storage,PSU-HPE-1600W
D10-S5-NIC,D10-S5,D10,D,10,5,nic,HPE,ProLiant DL380 Gen11,storage,NIC-OCP3-25G-DP
D10-S5-FAN,D10-S5,D10,D,10,5,fan,HPE,ProLiant DL380 Gen11,storage,FAN-HPE-DL380
D10-S6-DIMM,D10-S6,D10,D,10,6,dimm,HPE,ProLiant DL380 Gen11,storage,MEM-DDR5-64G-4800
D10-S6-DISK,D10-S6,D10,D,10,6,disk,HPE,ProLiant DL380 Gen11,storage,HDD-SAS-12T
D10-S6-PSU,D10-S6,D10,D,10,6,psu,HPE,ProLiant DL380 Gen11,storage,PSU-HPE-1600W
D10-S6-NIC,D10-S6,D10,D,10,6,nic,HPE,ProLiant DL380 Gen11,storage,NIC-OCP3-25G-DP
D10-S6-FAN,D10-S6,D10,D,10,6,fan,HPE,ProLiant DL380 Gen11,storage,FAN-HPE-DL380
D10-S7-DIMM,D10-S7,D10,D,10,7,dimm,HPE,ProLiant DL380 Gen11,storage,MEM-DDR5-64G-4800
D10-S7-DISK,D10-S7,D10,D,10,7,disk,HPE,ProLiant DL380 Gen11,storage,HDD-SAS-12T
D10-S7-PSU,D10-S7,D10,D,10,7,psu,HPE,ProLiant DL380 Gen11,storage,PSU-HPE-1600W
D10-S7-NIC,D10-S7,D10,D,10,7,nic,HPE,ProLiant DL380 Gen11,storage,NIC-OCP3-25G-DP
D10-S7-FAN,D10-S7,D10,D,10,7,fan,HPE,ProLiant DL380 Gen11,storage,FAN-HPE-DL380
D10-S8-DIMM,D10-S8,D10,D,10,8,dimm,HPE,ProLiant DL380 Gen11,storage,MEM-DDR5-64G-4800
D10-S8-DISK,D10-S8,D10,D,10,8,disk,HPE,ProLiant DL380 Gen11,storage,HDD-SAS-12T
D10-S8-PSU,D10-S8,D10,D,10,8,psu,HPE,ProLiant DL380 Gen11,storage,PSU-HPE-1600W
D10-S8-NIC,D10-S8,D10,D,10,8,nic,HPE,ProLiant DL380 Gen11,storage,NIC-OCP3-25G-DP
D10-S8-FAN,D10-S8,D10,D,10,8,fan,HPE,ProLiant DL380 Gen11,storage,FAN-HPE-DL380
D11-S1-DIMM,D11-S1,D11,D,11,1,dimm,Lenovo,ThinkSystem SR650 V3,storage,MEM-DDR5-64G-4800
D11-S1-DISK,D11-S1,D11,D,11,1,disk,Lenovo,ThinkSystem SR650 V3,storage,HDD-SAS-12T
D11-S1-PSU,D11-S1,D11,D,11,1,psu,Lenovo,ThinkSystem SR650 V3,storage,PSU-LNV-1100W
D11-S1-NIC,D11-S1,D11,D,11,1,nic,Lenovo,ThinkSystem SR650 V3,storage,NIC-OCP3-25G-DP
D11-S1-FAN,D11-S1,D11,D,11,1,fan,Lenovo,ThinkSystem SR650 V3,storage,FAN-LNV-SR650
D11-S2-DIMM,D11-S2,D11,D,11,2,dimm,Lenovo,ThinkSystem SR650 V3,storage,MEM-DDR5-64G-4800
D11-S2-DISK,D11-S2,D11,D,11,2,disk,Lenovo,ThinkSystem SR650 V3,storage,HDD-SAS-12T
D11-S2-PSU,D11-S2,D11,D,11,2,psu,Lenovo,ThinkSystem SR650 V3,storage,PSU-LNV-1100W
D11-S2-NIC,D11-S2,D11,D,11,2,nic,Lenovo,ThinkSystem SR650 V3,storage,NIC-OCP3-25G-DP
D11-S2-FAN,D11-S2,D11,D,11,2,fan,Lenovo,ThinkSystem SR650 V3,storage,FAN-LNV-SR650
D11-S3-DIMM,D11-S3,D11,D,11,3,dimm,Lenovo,ThinkSystem SR650 V3,storage,MEM-DDR5-64G-4800
D11-S3-DISK,D11-S3,D11,D,11,3,disk,Lenovo,ThinkSystem SR650 V3,storage,HDD-SAS-12T
D11-S3-PSU,D11-S3,D11,D,11,3,psu,Lenovo,ThinkSystem SR650 V3,storage,PSU-LNV-1100W
D11-S3-NIC,D11-S3,D11,D,11,3,nic,Lenovo,ThinkSystem SR650 V3,storage,NIC-OCP3-25G-DP
D11-S3-FAN,D11-S3,D11,D,11,3,fan,Lenovo,ThinkSystem SR650 V3,storage,FAN-LNV-SR650
D11-S4-DIMM,D11-S4,D11,D,11,4,dimm,Lenovo,ThinkSystem SR650 V3,storage,MEM-DDR5-64G-4800
D11-S4-DISK,D11-S4,D11,D,11,4,disk,Lenovo,ThinkSystem SR650 V3,storage,HDD-SAS-12T
D11-S4-PSU,D11-S4,D11,D,11,4,psu,Lenovo,ThinkSystem SR650 V3,storage,PSU-LNV-1100W
D11-S4-NIC,D11-S4,D11,D,11,4,nic,Lenovo,ThinkSystem SR650 V3,storage,NIC-OCP3-25G-DP
D11-S4-FAN,D11-S4,D11,D,11,4,fan,Lenovo,ThinkSystem SR650 V3,storage,FAN-LNV-SR650
D11-S5-DIMM,D11-S5,D11,D,11,5,dimm,Lenovo,ThinkSystem SR650 V3,storage,MEM-DDR5-64G-4800
D11-S5-DISK,D11-S5,D11,D,11,5,disk,Lenovo,ThinkSystem SR650 V3,storage,HDD-SAS-12T
D11-S5-PSU,D11-S5,D11,D,11,5,psu,Lenovo,ThinkSystem SR650 V3,storage,PSU-LNV-1100W
D11-S5-NIC,D11-S5,D11,D,11,5,nic,Lenovo,ThinkSystem SR650 V3,storage,NIC-OCP3-25G-DP
D11-S5-FAN,D11-S5,D11,D,11,5,fan,Lenovo,ThinkSystem SR650 V3,storage,FAN-LNV-SR650
D11-S6-DIMM,D11-S6,D11,D,11,6,dimm,Lenovo,ThinkSystem SR650 V3,storage,MEM-DDR5-64G-4800
D11-S6-DISK,D11-S6,D11,D,11,6,disk,Lenovo,ThinkSystem SR650 V3,storage,HDD-SAS-12T
D11-S6-PSU,D11-S6,D11,D,11,6,psu,Lenovo,ThinkSystem SR650 V3,storage,PSU-LNV-1100W
D11-S6-NIC,D11-S6,D11,D,11,6,nic,Lenovo,ThinkSystem SR650 V3,storage,NIC-OCP3-25G-DP
D11-S6-FAN,D11-S6,D11,D,11,6,fan,Lenovo,ThinkSystem SR650 V3,storage,FAN-LNV-SR650
D11-S7-DIMM,D11-S7,D11,D,11,7,dimm,Lenovo,ThinkSystem SR650 V3,storage,MEM-DDR5-64G-4800
D11-S7-DISK,D11-S7,D11,D,11,7,disk,Lenovo,ThinkSystem SR650 V3,storage,HDD-SAS-12T
D11-S7-PSU,D11-S7,D11,D,11,7,psu,Lenovo,ThinkSystem SR650 V3,storage,PSU-LNV-1100W
D11-S7-NIC,D11-S7,D11,D,11,7,nic,Lenovo,ThinkSystem SR650 V3,storage,NIC-OCP3-25G-DP
D11-S7-FAN,D11-S7,D11,D,11,7,fan,Lenovo,ThinkSystem SR650 V3,storage,FAN-LNV-SR650
D11-S8-DIMM,D11-S8,D11,D,11,8,dimm,Lenovo,ThinkSystem SR650 V3,storage,MEM-DDR5-64G-4800
D11-S8-DISK,D11-S8,D11,D,11,8,disk,Lenovo,ThinkSystem SR650 V3,storage,HDD-SAS-12T
D11-S8-PSU,D11-S8,D11,D,11,8,psu,Lenovo,ThinkSystem SR650 V3,storage,PSU-LNV-1100W
D11-S8-NIC,D11-S8,D11,D,11,8,nic,Lenovo,ThinkSystem SR650 V3,storage,NIC-OCP3-25G-DP
D11-S8-FAN,D11-S8,D11,D,11,8,fan,Lenovo,ThinkSystem SR650 V3,storage,FAN-LNV-SR650
D12-S1-DIMM,D12-S1,D12,D,12,1,dimm,Dell,PowerEdge R760,storage,MEM-DDR5-64G-4800
D12-S1-DISK,D12-S1,D12,D,12,1,disk,Dell,PowerEdge R760,storage,HDD-SAS-12T
D12-S1-PSU,D12-S1,D12,D,12,1,psu,Dell,PowerEdge R760,storage,PSU-DEL-1400W
D12-S1-NIC,D12-S1,D12,D,12,1,nic,Dell,PowerEdge R760,storage,NIC-OCP3-25G-DP
D12-S1-FAN,D12-S1,D12,D,12,1,fan,Dell,PowerEdge R760,storage,FAN-DEL-R760
D12-S2-DIMM,D12-S2,D12,D,12,2,dimm,Dell,PowerEdge R760,storage,MEM-DDR5-64G-4800
D12-S2-DISK,D12-S2,D12,D,12,2,disk,Dell,PowerEdge R760,storage,HDD-SAS-12T
D12-S2-PSU,D12-S2,D12,D,12,2,psu,Dell,PowerEdge R760,storage,PSU-DEL-1400W
D12-S2-NIC,D12-S2,D12,D,12,2,nic,Dell,PowerEdge R760,storage,NIC-OCP3-25G-DP
D12-S2-FAN,D12-S2,D12,D,12,2,fan,Dell,PowerEdge R760,storage,FAN-DEL-R760
D12-S3-DIMM,D12-S3,D12,D,12,3,dimm,Dell,PowerEdge R760,storage,MEM-DDR5-64G-4800
D12-S3-DISK,D12-S3,D12,D,12,3,disk,Dell,PowerEdge R760,storage,HDD-SAS-12T
D12-S3-PSU,D12-S3,D12,D,12,3,psu,Dell,PowerEdge R760,storage,PSU-DEL-1400W
D12-S3-NIC,D12-S3,D12,D,12,3,nic,Dell,PowerEdge R760,storage,NIC-OCP3-25G-DP
D12-S3-FAN,D12-S3,D12,D,12,3,fan,Dell,PowerEdge R760,storage,FAN-DEL-R760
D12-S4-DIMM,D12-S4,D12,D,12,4,dimm,Dell,PowerEdge R760,storage,MEM-DDR5-64G-4800
D12-S4-DISK,D12-S4,D12,D,12,4,disk,Dell,PowerEdge R760,storage,HDD-SAS-12T
D12-S4-PSU,D12-S4,D12,D,12,4,psu,Dell,PowerEdge R760,storage,PSU-DEL-1400W
D12-S4-NIC,D12-S4,D12,D,12,4,nic,Dell,PowerEdge R760,storage,NIC-OCP3-25G-DP
D12-S4-FAN,D12-S4,D12,D,12,4,fan,Dell,PowerEdge R760,storage,FAN-DEL-R760
D12-S5-DIMM,D12-S5,D12,D,12,5,dimm,Dell,PowerEdge R760,storage,MEM-DDR5-64G-4800
D12-S5-DISK,D12-S5,D12,D,12,5,disk,Dell,PowerEdge R760,storage,HDD-SAS-12T
D12-S5-PSU,D12-S5,D12,D,12,5,psu,Dell,PowerEdge R760,storage,PSU-DEL-1400W
D12-S5-NIC,D12-S5,D12,D,12,5,nic,Dell,PowerEdge R760,storage,NIC-OCP3-25G-DP
D12-S5-FAN,D12-S5,D12,D,12,5,fan,Dell,PowerEdge R760,storage,FAN-DEL-R760
D12-S6-DIMM,D12-S6,D12,D,12,6,dimm,Dell,PowerEdge R760,storage,MEM-DDR5-64G-4800
D12-S6-DISK,D12-S6,D12,D,12,6,disk,Dell,PowerEdge R760,storage,HDD-SAS-12T
D12-S6-PSU,D12-S6,D12,D,12,6,psu,Dell,PowerEdge R760,storage,PSU-DEL-1400W
D12-S6-NIC,D12-S6,D12,D,12,6,nic,Dell,PowerEdge R760,storage,NIC-OCP3-25G-DP
D12-S6-FAN,D12-S6,D12,D,12,6,fan,Dell,PowerEdge R760,storage,FAN-DEL-R760
D12-S7-DIMM,D12-S7,D12,D,12,7,dimm,Dell,PowerEdge R760,storage,MEM-DDR5-64G-4800
D12-S7-DISK,D12-S7,D12,D,12,7,disk,Dell,PowerEdge R760,storage,HDD-SAS-12T
D12-S7-PSU,D12-S7,D12,D,12,7,psu,Dell,PowerEdge R760,storage,PSU-DEL-1400W
D12-S7-NIC,D12-S7,D12,D,12,7,nic,Dell,PowerEdge R760,storage,NIC-OCP3-25G-DP
D12-S7-FAN,D12-S7,D12,D,12,7,fan,Dell,PowerEdge R760,storage,FAN-DEL-R760
D12-S8-DIMM,D12-S8,D12,D,12,8,dimm,Dell,PowerEdge R760,storage,MEM-DDR5-64G-4800
D12-S8-DISK,D12-S8,D12,D,12,8,disk,Dell,PowerEdge R760,storage,HDD-SAS-12T
D12-S8-PSU,D12-S8,D12,D,12,8,psu,Dell,PowerEdge R760,storage,PSU-DEL-1400W
D12-S8-NIC,D12-S8,D12,D,12,8,nic,Dell,PowerEdge R760,storage,NIC-OCP3-25G-DP
D12-S8-FAN,D12-S8,D12,D,12,8,fan,Dell,PowerEdge R760,storage,FAN-DEL-R760
D13-S1-DIMM,D13-S1,D13,D,13,1,dimm,HPE,ProLiant DL380 Gen11,storage,MEM-DDR5-64G-4800
D13-S1-DISK,D13-S1,D13,D,13,1,disk,HPE,ProLiant DL380 Gen11,storage,HDD-SAS-12T
D13-S1-PSU,D13-S1,D13,D,13,1,psu,HPE,ProLiant DL380 Gen11,storage,PSU-HPE-1600W
D13-S1-NIC,D13-S1,D13,D,13,1,nic,HPE,ProLiant DL380 Gen11,storage,NIC-OCP3-25G-DP
D13-S1-FAN,D13-S1,D13,D,13,1,fan,HPE,ProLiant DL380 Gen11,storage,FAN-HPE-DL380
D13-S2-DIMM,D13-S2,D13,D,13,2,dimm,HPE,ProLiant DL380 Gen11,storage,MEM-DDR5-64G-4800
D13-S2-DISK,D13-S2,D13,D,13,2,disk,HPE,ProLiant DL380 Gen11,storage,HDD-SAS-12T
D13-S2-PSU,D13-S2,D13,D,13,2,psu,HPE,ProLiant DL380 Gen11,storage,PSU-HPE-1600W
D13-S2-NIC,D13-S2,D13,D,13,2,nic,HPE,ProLiant DL380 Gen11,storage,NIC-OCP3-25G-DP
D13-S2-FAN,D13-S2,D13,D,13,2,fan,HPE,ProLiant DL380 Gen11,storage,FAN-HPE-DL380
D13-S3-DIMM,D13-S3,D13,D,13,3,dimm,HPE,ProLiant DL380 Gen11,storage,MEM-DDR5-64G-4800
D13-S3-DISK,D13-S3,D13,D,13,3,disk,HPE,ProLiant DL380 Gen11,storage,HDD-SAS-12T
D13-S3-PSU,D13-S3,D13,D,13,3,psu,HPE,ProLiant DL380 Gen11,storage,PSU-HPE-1600W
D13-S3-NIC,D13-S3,D13,D,13,3,nic,HPE,ProLiant DL380 Gen11,storage,NIC-OCP3-25G-DP
D13-S3-FAN,D13-S3,D13,D,13,3,fan,HPE,ProLiant DL380 Gen11,storage,FAN-HPE-DL380
D13-S4-DIMM,D13-S4,D13,D,13,4,dimm,HPE,ProLiant DL380 Gen11,storage,MEM-DDR5-64G-4800
D13-S4-DISK,D13-S4,D13,D,13,4,disk,HPE,ProLiant DL380 Gen11,storage,HDD-SAS-12T
D13-S4-PSU,D13-S4,D13,D,13,4,psu,HPE,ProLiant DL380 Gen11,storage,PSU-HPE-1600W
D13-S4-NIC,D13-S4,D13,D,13,4,nic,HPE,ProLiant DL380 Gen11,storage,NIC-OCP3-25G-DP
D13-S4-FAN,D13-S4,D13,D,13,4,fan,HPE,ProLiant DL380 Gen11,storage,FAN-HPE-DL380
D13-S5-DIMM,D13-S5,D13,D,13,5,dimm,HPE,ProLiant DL380 Gen11,storage,MEM-DDR5-64G-4800
D13-S5-DISK,D13-S5,D13,D,13,5,disk,HPE,ProLiant DL380 Gen11,storage,HDD-SAS-12T
D13-S5-PSU,D13-S5,D13,D,13,5,psu,HPE,ProLiant DL380 Gen11,storage,PSU-HPE-1600W
D13-S5-NIC,D13-S5,D13,D,13,5,nic,HPE,ProLiant DL380 Gen11,storage,NIC-OCP3-25G-DP
D13-S5-FAN,D13-S5,D13,D,13,5,fan,HPE,ProLiant DL380 Gen11,storage,FAN-HPE-DL380
D13-S6-DIMM,D13-S6,D13,D,13,6,dimm,HPE,ProLiant DL380 Gen11,storage,MEM-DDR5-64G-4800
D13-S6-DISK,D13-S6,D13,D,13,6,disk,HPE,ProLiant DL380 Gen11,storage,HDD-SAS-12T
D13-S6-PSU,D13-S6,D13,D,13,6,psu,HPE,ProLiant DL380 Gen11,storage,PSU-HPE-1600W
D13-S6-NIC,D13-S6,D13,D,13,6,nic,HPE,ProLiant DL380 Gen11,storage,NIC-OCP3-25G-DP
D13-S6-FAN,D13-S6,D13,D,13,6,fan,HPE,ProLiant DL380 Gen11,storage,FAN-HPE-DL380
D13-S7-DIMM,D13-S7,D13,D,13,7,dimm,HPE,ProLiant DL380 Gen11,storage,MEM-DDR5-64G-4800
D13-S7-DISK,D13-S7,D13,D,13,7,disk,HPE,ProLiant DL380 Gen11,storage,HDD-SAS-12T
D13-S7-PSU,D13-S7,D13,D,13,7,psu,HPE,ProLiant DL380 Gen11,storage,PSU-HPE-1600W
D13-S7-NIC,D13-S7,D13,D,13,7,nic,HPE,ProLiant DL380 Gen11,storage,NIC-OCP3-25G-DP
D13-S7-FAN,D13-S7,D13,D,13,7,fan,HPE,ProLiant DL380 Gen11,storage,FAN-HPE-DL380
D13-S8-DIMM,D13-S8,D13,D,13,8,dimm,HPE,ProLiant DL380 Gen11,storage,MEM-DDR5-64G-4800
D13-S8-DISK,D13-S8,D13,D,13,8,disk,HPE,ProLiant DL380 Gen11,storage,HDD-SAS-12T
D13-S8-PSU,D13-S8,D13,D,13,8,psu,HPE,ProLiant DL380 Gen11,storage,PSU-HPE-1600W
D13-S8-NIC,D13-S8,D13,D,13,8,nic,HPE,ProLiant DL380 Gen11,storage,NIC-OCP3-25G-DP
D13-S8-FAN,D13-S8,D13,D,13,8,fan,HPE,ProLiant DL380 Gen11,storage,FAN-HPE-DL380
D14-S1-DIMM,D14-S1,D14,D,14,1,dimm,Lenovo,ThinkSystem SR650 V3,storage,MEM-DDR5-64G-4800
D14-S1-DISK,D14-S1,D14,D,14,1,disk,Lenovo,ThinkSystem SR650 V3,storage,HDD-SAS-12T
D14-S1-PSU,D14-S1,D14,D,14,1,psu,Lenovo,ThinkSystem SR650 V3,storage,PSU-LNV-1100W
D14-S1-NIC,D14-S1,D14,D,14,1,nic,Lenovo,ThinkSystem SR650 V3,storage,NIC-OCP3-25G-DP
D14-S1-FAN,D14-S1,D14,D,14,1,fan,Lenovo,ThinkSystem SR650 V3,storage,FAN-LNV-SR650
D14-S2-DIMM,D14-S2,D14,D,14,2,dimm,Lenovo,ThinkSystem SR650 V3,storage,MEM-DDR5-64G-4800
D14-S2-DISK,D14-S2,D14,D,14,2,disk,Lenovo,ThinkSystem SR650 V3,storage,HDD-SAS-12T
D14-S2-PSU,D14-S2,D14,D,14,2,psu,Lenovo,ThinkSystem SR650 V3,storage,PSU-LNV-1100W
D14-S2-NIC,D14-S2,D14,D,14,2,nic,Lenovo,ThinkSystem SR650 V3,storage,NIC-OCP3-25G-DP
D14-S2-FAN,D14-S2,D14,D,14,2,fan,Lenovo,ThinkSystem SR650 V3,storage,FAN-LNV-SR650
D14-S3-DIMM,D14-S3,D14,D,14,3,dimm,Lenovo,ThinkSystem SR650 V3,storage,MEM-DDR5-64G-4800
D14-S3-DISK,D14-S3,D14,D,14,3,disk,Lenovo,ThinkSystem SR650 V3,storage,HDD-SAS-12T
D14-S3-PSU,D14-S3,D14,D,14,3,psu,Lenovo,ThinkSystem SR650 V3,storage,PSU-LNV-1100W
D14-S3-NIC,D14-S3,D14,D,14,3,nic,Lenovo,ThinkSystem SR650 V3,storage,NIC-OCP3-25G-DP
D14-S3-FAN,D14-S3,D14,D,14,3,fan,Lenovo,ThinkSystem SR650 V3,storage,FAN-LNV-SR650
D14-S4-DIMM,D14-S4,D14,D,14,4,dimm,Lenovo,ThinkSystem SR650 V3,storage,MEM-DDR5-64G-4800
D14-S4-DISK,D14-S4,D14,D,14,4,disk,Lenovo,ThinkSystem SR650 V3,storage,HDD-SAS-12T
D14-S4-PSU,D14-S4,D14,D,14,4,psu,Lenovo,ThinkSystem SR650 V3,storage,PSU-LNV-1100W
D14-S4-NIC,D14-S4,D14,D,14,4,nic,Lenovo,ThinkSystem SR650 V3,storage,NIC-OCP3-25G-DP
D14-S4-FAN,D14-S4,D14,D,14,4,fan,Lenovo,ThinkSystem SR650 V3,storage,FAN-LNV-SR650
D14-S5-DIMM,D14-S5,D14,D,14,5,dimm,Lenovo,ThinkSystem SR650 V3,storage,MEM-DDR5-64G-4800
D14-S5-DISK,D14-S5,D14,D,14,5,disk,Lenovo,ThinkSystem SR650 V3,storage,HDD-SAS-12T
D14-S5-PSU,D14-S5,D14,D,14,5,psu,Lenovo,ThinkSystem SR650 V3,storage,PSU-LNV-1100W
D14-S5-NIC,D14-S5,D14,D,14,5,nic,Lenovo,ThinkSystem SR650 V3,storage,NIC-OCP3-25G-DP
D14-S5-FAN,D14-S5,D14,D,14,5,fan,Lenovo,ThinkSystem SR650 V3,storage,FAN-LNV-SR650
D14-S6-DIMM,D14-S6,D14,D,14,6,dimm,Lenovo,ThinkSystem SR650 V3,storage,MEM-DDR5-64G-4800
D14-S6-DISK,D14-S6,D14,D,14,6,disk,Lenovo,ThinkSystem SR650 V3,storage,HDD-SAS-12T
D14-S6-PSU,D14-S6,D14,D,14,6,psu,Lenovo,ThinkSystem SR650 V3,storage,PSU-LNV-1100W
D14-S6-NIC,D14-S6,D14,D,14,6,nic,Lenovo,ThinkSystem SR650 V3,storage,NIC-OCP3-25G-DP
D14-S6-FAN,D14-S6,D14,D,14,6,fan,Lenovo,ThinkSystem SR650 V3,storage,FAN-LNV-SR650
D14-S7-DIMM,D14-S7,D14,D,14,7,dimm,Lenovo,ThinkSystem SR650 V3,storage,MEM-DDR5-64G-4800
D14-S7-DISK,D14-S7,D14,D,14,7,disk,Lenovo,ThinkSystem SR650 V3,storage,HDD-SAS-12T
D14-S7-PSU,D14-S7,D14,D,14,7,psu,Lenovo,ThinkSystem SR650 V3,storage,PSU-LNV-1100W
D14-S7-NIC,D14-S7,D14,D,14,7,nic,Lenovo,ThinkSystem SR650 V3,storage,NIC-OCP3-25G-DP
D14-S7-FAN,D14-S7,D14,D,14,7,fan,Lenovo,ThinkSystem SR650 V3,storage,FAN-LNV-SR650
D14-S8-DIMM,D14-S8,D14,D,14,8,dimm,Lenovo,ThinkSystem SR650 V3,storage,MEM-DDR5-64G-4800
D14-S8-DISK,D14-S8,D14,D,14,8,disk,Lenovo,ThinkSystem SR650 V3,storage,HDD-SAS-12T
D14-S8-PSU,D14-S8,D14,D,14,8,psu,Lenovo,ThinkSystem SR650 V3,storage,PSU-LNV-1100W
D14-S8-NIC,D14-S8,D14,D,14,8,nic,Lenovo,ThinkSystem SR650 V3,storage,NIC-OCP3-25G-DP
D14-S8-FAN,D14-S8,D14,D,14,8,fan,Lenovo,ThinkSystem SR650 V3,storage,FAN-LNV-SR650
D15-S1-DIMM,D15-S1,D15,D,15,1,dimm,Dell,PowerEdge R760,storage,MEM-DDR5-64G-4800
D15-S1-DISK,D15-S1,D15,D,15,1,disk,Dell,PowerEdge R760,storage,HDD-SAS-12T
D15-S1-PSU,D15-S1,D15,D,15,1,psu,Dell,PowerEdge R760,storage,PSU-DEL-1400W
D15-S1-NIC,D15-S1,D15,D,15,1,nic,Dell,PowerEdge R760,storage,NIC-OCP3-25G-DP
D15-S1-FAN,D15-S1,D15,D,15,1,fan,Dell,PowerEdge R760,storage,FAN-DEL-R760
D15-S2-DIMM,D15-S2,D15,D,15,2,dimm,Dell,PowerEdge R760,storage,MEM-DDR5-64G-4800
D15-S2-DISK,D15-S2,D15,D,15,2,disk,Dell,PowerEdge R760,storage,HDD-SAS-12T
D15-S2-PSU,D15-S2,D15,D,15,2,psu,Dell,PowerEdge R760,storage,PSU-DEL-1400W
D15-S2-NIC,D15-S2,D15,D,15,2,nic,Dell,PowerEdge R760,storage,NIC-OCP3-25G-DP
D15-S2-FAN,D15-S2,D15,D,15,2,fan,Dell,PowerEdge R760,storage,FAN-DEL-R760
D15-S3-DIMM,D15-S3,D15,D,15,3,dimm,Dell,PowerEdge R760,storage,MEM-DDR5-64G-4800
D15-S3-DISK,D15-S3,D15,D,15,3,disk,Dell,PowerEdge R760,storage,HDD-SAS-12T
D15-S3-PSU,D15-S3,D15,D,15,3,psu,Dell,PowerEdge R760,storage,PSU-DEL-1400W
D15-S3-NIC,D15-S3,D15,D,15,3,nic,Dell,PowerEdge R760,storage,NIC-OCP3-25G-DP
D15-S3-FAN,D15-S3,D15,D,15,3,fan,Dell,PowerEdge R760,storage,FAN-DEL-R760
D15-S4-DIMM,D15-S4,D15,D,15,4,dimm,Dell,PowerEdge R760,storage,MEM-DDR5-64G-4800
D15-S4-DISK,D15-S4,D15,D,15,4,disk,Dell,PowerEdge R760,storage,HDD-SAS-12T
D15-S4-PSU,D15-S4,D15,D,15,4,psu,Dell,PowerEdge R760,storage,PSU-DEL-1400W
D15-S4-NIC,D15-S4,D15,D,15,4,nic,Dell,PowerEdge R760,storage,NIC-OCP3-25G-DP
D15-S4-FAN,D15-S4,D15,D,15,4,fan,Dell,PowerEdge R760,storage,FAN-DEL-R760
D15-S5-DIMM,D15-S5,D15,D,15,5,dimm,Dell,PowerEdge R760,storage,MEM-DDR5-64G-4800
D15-S5-DISK,D15-S5,D15,D,15,5,disk,Dell,PowerEdge R760,storage,HDD-SAS-12T
D15-S5-PSU,D15-S5,D15,D,15,5,psu,Dell,PowerEdge R760,storage,PSU-DEL-1400W
D15-S5-NIC,D15-S5,D15,D,15,5,nic,Dell,PowerEdge R760,storage,NIC-OCP3-25G-DP
D15-S5-FAN,D15-S5,D15,D,15,5,fan,Dell,PowerEdge R760,storage,FAN-DEL-R760
D15-S6-DIMM,D15-S6,D15,D,15,6,dimm,Dell,PowerEdge R760,storage,MEM-DDR5-64G-4800
D15-S6-DISK,D15-S6,D15,D,15,6,disk,Dell,PowerEdge R760,storage,HDD-SAS-12T
D15-S6-PSU,D15-S6,D15,D,15,6,psu,Dell,PowerEdge R760,storage,PSU-DEL-1400W
D15-S6-NIC,D15-S6,D15,D,15,6,nic,Dell,PowerEdge R760,storage,NIC-OCP3-25G-DP
D15-S6-FAN,D15-S6,D15,D,15,6,fan,Dell,PowerEdge R760,storage,FAN-DEL-R760
D15-S7-DIMM,D15-S7,D15,D,15,7,dimm,Dell,PowerEdge R760,storage,MEM-DDR5-64G-4800
D15-S7-DISK,D15-S7,D15,D,15,7,disk,Dell,PowerEdge R760,storage,HDD-SAS-12T
D15-S7-PSU,D15-S7,D15,D,15,7,psu,Dell,PowerEdge R760,storage,PSU-DEL-1400W
D15-S7-NIC,D15-S7,D15,D,15,7,nic,Dell,PowerEdge R760,storage,NIC-OCP3-25G-DP
D15-S7-FAN,D15-S7,D15,D,15,7,fan,Dell,PowerEdge R760,storage,FAN-DEL-R760
D15-S8-DIMM,D15-S8,D15,D,15,8,dimm,Dell,PowerEdge R760,storage,MEM-DDR5-64G-4800
D15-S8-DISK,D15-S8,D15,D,15,8,disk,Dell,PowerEdge R760,storage,HDD-SAS-12T
D15-S8-PSU,D15-S8,D15,D,15,8,psu,Dell,PowerEdge R760,storage,PSU-DEL-1400W
D15-S8-NIC,D15-S8,D15,D,15,8,nic,Dell,PowerEdge R760,storage,NIC-OCP3-25G-DP
D15-S8-FAN,D15-S8,D15,D,15,8,fan,Dell,PowerEdge R760,storage,FAN-DEL-R760
D16-S1-DIMM,D16-S1,D16,D,16,1,dimm,HPE,ProLiant DL380 Gen11,storage,MEM-DDR5-64G-4800
D16-S1-DISK,D16-S1,D16,D,16,1,disk,HPE,ProLiant DL380 Gen11,storage,HDD-SAS-12T
D16-S1-PSU,D16-S1,D16,D,16,1,psu,HPE,ProLiant DL380 Gen11,storage,PSU-HPE-1600W
D16-S1-NIC,D16-S1,D16,D,16,1,nic,HPE,ProLiant DL380 Gen11,storage,NIC-OCP3-25G-DP
D16-S1-FAN,D16-S1,D16,D,16,1,fan,HPE,ProLiant DL380 Gen11,storage,FAN-HPE-DL380
D16-S2-DIMM,D16-S2,D16,D,16,2,dimm,HPE,ProLiant DL380 Gen11,storage,MEM-DDR5-64G-4800
D16-S2-DISK,D16-S2,D16,D,16,2,disk,HPE,ProLiant DL380 Gen11,storage,HDD-SAS-12T
D16-S2-PSU,D16-S2,D16,D,16,2,psu,HPE,ProLiant DL380 Gen11,storage,PSU-HPE-1600W
D16-S2-NIC,D16-S2,D16,D,16,2,nic,HPE,ProLiant DL380 Gen11,storage,NIC-OCP3-25G-DP
D16-S2-FAN,D16-S2,D16,D,16,2,fan,HPE,ProLiant DL380 Gen11,storage,FAN-HPE-DL380
D16-S3-DIMM,D16-S3,D16,D,16,3,dimm,HPE,ProLiant DL380 Gen11,storage,MEM-DDR5-64G-4800
D16-S3-DISK,D16-S3,D16,D,16,3,disk,HPE,ProLiant DL380 Gen11,storage,HDD-SAS-12T
D16-S3-PSU,D16-S3,D16,D,16,3,psu,HPE,ProLiant DL380 Gen11,storage,PSU-HPE-1600W
D16-S3-NIC,D16-S3,D16,D,16,3,nic,HPE,ProLiant DL380 Gen11,storage,NIC-OCP3-25G-DP
D16-S3-FAN,D16-S3,D16,D,16,3,fan,HPE,ProLiant DL380 Gen11,storage,FAN-HPE-DL380
D16-S4-DIMM,D16-S4,D16,D,16,4,dimm,HPE,ProLiant DL380 Gen11,storage,MEM-DDR5-64G-4800
D16-S4-DISK,D16-S4,D16,D,16,4,disk,HPE,ProLiant DL380 Gen11,storage,HDD-SAS-12T
D16-S4-PSU,D16-S4,D16,D,16,4,psu,HPE,ProLiant DL380 Gen11,storage,PSU-HPE-1600W
D16-S4-NIC,D16-S4,D16,D,16,4,nic,HPE,ProLiant DL380 Gen11,storage,NIC-OCP3-25G-DP
D16-S4-FAN,D16-S4,D16,D,16,4,fan,HPE,ProLiant DL380 Gen11,storage,FAN-HPE-DL380
D16-S5-DIMM,D16-S5,D16,D,16,5,dimm,HPE,ProLiant DL380 Gen11,storage,MEM-DDR5-64G-4800
D16-S5-DISK,D16-S5,D16,D,16,5,disk,HPE,ProLiant DL380 Gen11,storage,HDD-SAS-12T
D16-S5-PSU,D16-S5,D16,D,16,5,psu,HPE,ProLiant DL380 Gen11,storage,PSU-HPE-1600W
D16-S5-NIC,D16-S5,D16,D,16,5,nic,HPE,ProLiant DL380 Gen11,storage,NIC-OCP3-25G-DP
D16-S5-FAN,D16-S5,D16,D,16,5,fan,HPE,ProLiant DL380 Gen11,storage,FAN-HPE-DL380
D16-S6-DIMM,D16-S6,D16,D,16,6,dimm,HPE,ProLiant DL380 Gen11,storage,MEM-DDR5-64G-4800
D16-S6-DISK,D16-S6,D16,D,16,6,disk,HPE,ProLiant DL380 Gen11,storage,HDD-SAS-12T
D16-S6-PSU,D16-S6,D16,D,16,6,psu,HPE,ProLiant DL380 Gen11,storage,PSU-HPE-1600W
D16-S6-NIC,D16-S6,D16,D,16,6,nic,HPE,ProLiant DL380 Gen11,storage,NIC-OCP3-25G-DP
D16-S6-FAN,D16-S6,D16,D,16,6,fan,HPE,ProLiant DL380 Gen11,storage,FAN-HPE-DL380
D16-S7-DIMM,D16-S7,D16,D,16,7,dimm,HPE,ProLiant DL380 Gen11,storage,MEM-DDR5-64G-4800
D16-S7-DISK,D16-S7,D16,D,16,7,disk,HPE,ProLiant DL380 Gen11,storage,HDD-SAS-12T
D16-S7-PSU,D16-S7,D16,D,16,7,psu,HPE,ProLiant DL380 Gen11,storage,PSU-HPE-1600W
D16-S7-NIC,D16-S7,D16,D,16,7,nic,HPE,ProLiant DL380 Gen11,storage,NIC-OCP3-25G-DP
D16-S7-FAN,D16-S7,D16,D,16,7,fan,HPE,ProLiant DL380 Gen11,storage,FAN-HPE-DL380
D16-S8-DIMM,D16-S8,D16,D,16,8,dimm,HPE,ProLiant DL380 Gen11,storage,MEM-DDR5-64G-4800
D16-S8-DISK,D16-S8,D16,D,16,8,disk,HPE,ProLiant DL380 Gen11,storage,HDD-SAS-12T
D16-S8-PSU,D16-S8,D16,D,16,8,psu,HPE,ProLiant DL380 Gen11,storage,PSU-HPE-1600W
D16-S8-NIC,D16-S8,D16,D,16,8,nic,HPE,ProLiant DL380 Gen11,storage,NIC-OCP3-25G-DP
D16-S8-FAN,D16-S8,D16,D,16,8,fan,HPE,ProLiant DL380 Gen11,storage,FAN-HPE-DL380
D17-S1-DIMM,D17-S1,D17,D,17,1,dimm,Lenovo,ThinkSystem SR650 V3,storage,MEM-DDR5-64G-4800
D17-S1-DISK,D17-S1,D17,D,17,1,disk,Lenovo,ThinkSystem SR650 V3,storage,HDD-SAS-12T
D17-S1-PSU,D17-S1,D17,D,17,1,psu,Lenovo,ThinkSystem SR650 V3,storage,PSU-LNV-1100W
D17-S1-NIC,D17-S1,D17,D,17,1,nic,Lenovo,ThinkSystem SR650 V3,storage,NIC-OCP3-25G-DP
D17-S1-FAN,D17-S1,D17,D,17,1,fan,Lenovo,ThinkSystem SR650 V3,storage,FAN-LNV-SR650
D17-S2-DIMM,D17-S2,D17,D,17,2,dimm,Lenovo,ThinkSystem SR650 V3,storage,MEM-DDR5-64G-4800
D17-S2-DISK,D17-S2,D17,D,17,2,disk,Lenovo,ThinkSystem SR650 V3,storage,HDD-SAS-12T
D17-S2-PSU,D17-S2,D17,D,17,2,psu,Lenovo,ThinkSystem SR650 V3,storage,PSU-LNV-1100W
D17-S2-NIC,D17-S2,D17,D,17,2,nic,Lenovo,ThinkSystem SR650 V3,storage,NIC-OCP3-25G-DP
D17-S2-FAN,D17-S2,D17,D,17,2,fan,Lenovo,ThinkSystem SR650 V3,storage,FAN-LNV-SR650
D17-S3-DIMM,D17-S3,D17,D,17,3,dimm,Lenovo,ThinkSystem SR650 V3,storage,MEM-DDR5-64G-4800
D17-S3-DISK,D17-S3,D17,D,17,3,disk,Lenovo,ThinkSystem SR650 V3,storage,HDD-SAS-12T
D17-S3-PSU,D17-S3,D17,D,17,3,psu,Lenovo,ThinkSystem SR650 V3,storage,PSU-LNV-1100W
D17-S3-NIC,D17-S3,D17,D,17,3,nic,Lenovo,ThinkSystem SR650 V3,storage,NIC-OCP3-25G-DP
D17-S3-FAN,D17-S3,D17,D,17,3,fan,Lenovo,ThinkSystem SR650 V3,storage,FAN-LNV-SR650
D17-S4-DIMM,D17-S4,D17,D,17,4,dimm,Lenovo,ThinkSystem SR650 V3,storage,MEM-DDR5-64G-4800
D17-S4-DISK,D17-S4,D17,D,17,4,disk,Lenovo,ThinkSystem SR650 V3,storage,HDD-SAS-12T
D17-S4-PSU,D17-S4,D17,D,17,4,psu,Lenovo,ThinkSystem SR650 V3,storage,PSU-LNV-1100W
D17-S4-NIC,D17-S4,D17,D,17,4,nic,Lenovo,ThinkSystem SR650 V3,storage,NIC-OCP3-25G-DP
D17-S4-FAN,D17-S4,D17,D,17,4,fan,Lenovo,ThinkSystem SR650 V3,storage,FAN-LNV-SR650
D17-S5-DIMM,D17-S5,D17,D,17,5,dimm,Lenovo,ThinkSystem SR650 V3,storage,MEM-DDR5-64G-4800
D17-S5-DISK,D17-S5,D17,D,17,5,disk,Lenovo,ThinkSystem SR650 V3,storage,HDD-SAS-12T
D17-S5-PSU,D17-S5,D17,D,17,5,psu,Lenovo,ThinkSystem SR650 V3,storage,PSU-LNV-1100W
D17-S5-NIC,D17-S5,D17,D,17,5,nic,Lenovo,ThinkSystem SR650 V3,storage,NIC-OCP3-25G-DP
D17-S5-FAN,D17-S5,D17,D,17,5,fan,Lenovo,ThinkSystem SR650 V3,storage,FAN-LNV-SR650
D17-S6-DIMM,D17-S6,D17,D,17,6,dimm,Lenovo,ThinkSystem SR650 V3,storage,MEM-DDR5-64G-4800
D17-S6-DISK,D17-S6,D17,D,17,6,disk,Lenovo,ThinkSystem SR650 V3,storage,HDD-SAS-12T
D17-S6-PSU,D17-S6,D17,D,17,6,psu,Lenovo,ThinkSystem SR650 V3,storage,PSU-LNV-1100W
D17-S6-NIC,D17-S6,D17,D,17,6,nic,Lenovo,ThinkSystem SR650 V3,storage,NIC-OCP3-25G-DP
D17-S6-FAN,D17-S6,D17,D,17,6,fan,Lenovo,ThinkSystem SR650 V3,storage,FAN-LNV-SR650
D17-S7-DIMM,D17-S7,D17,D,17,7,dimm,Lenovo,ThinkSystem SR650 V3,storage,MEM-DDR5-64G-4800
D17-S7-DISK,D17-S7,D17,D,17,7,disk,Lenovo,ThinkSystem SR650 V3,storage,HDD-SAS-12T
D17-S7-PSU,D17-S7,D17,D,17,7,psu,Lenovo,ThinkSystem SR650 V3,storage,PSU-LNV-1100W
D17-S7-NIC,D17-S7,D17,D,17,7,nic,Lenovo,ThinkSystem SR650 V3,storage,NIC-OCP3-25G-DP
D17-S7-FAN,D17-S7,D17,D,17,7,fan,Lenovo,ThinkSystem SR650 V3,storage,FAN-LNV-SR650
D17-S8-DIMM,D17-S8,D17,D,17,8,dimm,Lenovo,ThinkSystem SR650 V3,storage,MEM-DDR5-64G-4800
D17-S8-DISK,D17-S8,D17,D,17,8,disk,Lenovo,ThinkSystem SR650 V3,storage,HDD-SAS-12T
D17-S8-PSU,D17-S8,D17,D,17,8,psu,Lenovo,ThinkSystem SR650 V3,storage,PSU-LNV-1100W
D17-S8-NIC,D17-S8,D17,D,17,8,nic,Lenovo,ThinkSystem SR650 V3,storage,NIC-OCP3-25G-DP
D17-S8-FAN,D17-S8,D17,D,17,8,fan,Lenovo,ThinkSystem SR650 V3,storage,FAN-LNV-SR650
D18-S1-DIMM,D18-S1,D18,D,18,1,dimm,Dell,PowerEdge R760,storage,MEM-DDR5-64G-4800
D18-S1-DISK,D18-S1,D18,D,18,1,disk,Dell,PowerEdge R760,storage,HDD-SAS-12T
D18-S1-PSU,D18-S1,D18,D,18,1,psu,Dell,PowerEdge R760,storage,PSU-DEL-1400W
D18-S1-NIC,D18-S1,D18,D,18,1,nic,Dell,PowerEdge R760,storage,NIC-OCP3-25G-DP
D18-S1-FAN,D18-S1,D18,D,18,1,fan,Dell,PowerEdge R760,storage,FAN-DEL-R760
D18-S2-DIMM,D18-S2,D18,D,18,2,dimm,Dell,PowerEdge R760,storage,MEM-DDR5-64G-4800
D18-S2-DISK,D18-S2,D18,D,18,2,disk,Dell,PowerEdge R760,storage,HDD-SAS-12T
D18-S2-PSU,D18-S2,D18,D,18,2,psu,Dell,PowerEdge R760,storage,PSU-DEL-1400W
D18-S2-NIC,D18-S2,D18,D,18,2,nic,Dell,PowerEdge R760,storage,NIC-OCP3-25G-DP
D18-S2-FAN,D18-S2,D18,D,18,2,fan,Dell,PowerEdge R760,storage,FAN-DEL-R760
D18-S3-DIMM,D18-S3,D18,D,18,3,dimm,Dell,PowerEdge R760,storage,MEM-DDR5-64G-4800
D18-S3-DISK,D18-S3,D18,D,18,3,disk,Dell,PowerEdge R760,storage,HDD-SAS-12T
D18-S3-PSU,D18-S3,D18,D,18,3,psu,Dell,PowerEdge R760,storage,PSU-DEL-1400W
D18-S3-NIC,D18-S3,D18,D,18,3,nic,Dell,PowerEdge R760,storage,NIC-OCP3-25G-DP
D18-S3-FAN,D18-S3,D18,D,18,3,fan,Dell,PowerEdge R760,storage,FAN-DEL-R760
D18-S4-DIMM,D18-S4,D18,D,18,4,dimm,Dell,PowerEdge R760,storage,MEM-DDR5-64G-4800
D18-S4-DISK,D18-S4,D18,D,18,4,disk,Dell,PowerEdge R760,storage,HDD-SAS-12T
D18-S4-PSU,D18-S4,D18,D,18,4,psu,Dell,PowerEdge R760,storage,PSU-DEL-1400W
D18-S4-NIC,D18-S4,D18,D,18,4,nic,Dell,PowerEdge R760,storage,NIC-OCP3-25G-DP
D18-S4-FAN,D18-S4,D18,D,18,4,fan,Dell,PowerEdge R760,storage,FAN-DEL-R760
D18-S5-DIMM,D18-S5,D18,D,18,5,dimm,Dell,PowerEdge R760,storage,MEM-DDR5-64G-4800
D18-S5-DISK,D18-S5,D18,D,18,5,disk,Dell,PowerEdge R760,storage,HDD-SAS-12T
D18-S5-PSU,D18-S5,D18,D,18,5,psu,Dell,PowerEdge R760,storage,PSU-DEL-1400W
D18-S5-NIC,D18-S5,D18,D,18,5,nic,Dell,PowerEdge R760,storage,NIC-OCP3-25G-DP
D18-S5-FAN,D18-S5,D18,D,18,5,fan,Dell,PowerEdge R760,storage,FAN-DEL-R760
D18-S6-DIMM,D18-S6,D18,D,18,6,dimm,Dell,PowerEdge R760,storage,MEM-DDR5-64G-4800
D18-S6-DISK,D18-S6,D18,D,18,6,disk,Dell,PowerEdge R760,storage,HDD-SAS-12T
D18-S6-PSU,D18-S6,D18,D,18,6,psu,Dell,PowerEdge R760,storage,PSU-DEL-1400W
D18-S6-NIC,D18-S6,D18,D,18,6,nic,Dell,PowerEdge R760,storage,NIC-OCP3-25G-DP
D18-S6-FAN,D18-S6,D18,D,18,6,fan,Dell,PowerEdge R760,storage,FAN-DEL-R760
D18-S7-DIMM,D18-S7,D18,D,18,7,dimm,Dell,PowerEdge R760,storage,MEM-DDR5-64G-4800
D18-S7-DISK,D18-S7,D18,D,18,7,disk,Dell,PowerEdge R760,storage,HDD-SAS-12T
D18-S7-PSU,D18-S7,D18,D,18,7,psu,Dell,PowerEdge R760,storage,PSU-DEL-1400W
D18-S7-NIC,D18-S7,D18,D,18,7,nic,Dell,PowerEdge R760,storage,NIC-OCP3-25G-DP
D18-S7-FAN,D18-S7,D18,D,18,7,fan,Dell,PowerEdge R760,storage,FAN-DEL-R760
D18-S8-DIMM,D18-S8,D18,D,18,8,dimm,Dell,PowerEdge R760,storage,MEM-DDR5-64G-4800
D18-S8-DISK,D18-S8,D18,D,18,8,disk,Dell,PowerEdge R760,storage,HDD-SAS-12T
D18-S8-PSU,D18-S8,D18,D,18,8,psu,Dell,PowerEdge R760,storage,PSU-DEL-1400W
D18-S8-NIC,D18-S8,D18,D,18,8,nic,Dell,PowerEdge R760,storage,NIC-OCP3-25G-DP
D18-S8-FAN,D18-S8,D18,D,18,8,fan,Dell,PowerEdge R760,storage,FAN-DEL-R760
D19-S1-DIMM,D19-S1,D19,D,19,1,dimm,HPE,ProLiant DL380 Gen11,storage,MEM-DDR5-64G-4800
D19-S1-DISK,D19-S1,D19,D,19,1,disk,HPE,ProLiant DL380 Gen11,storage,HDD-SAS-12T
D19-S1-PSU,D19-S1,D19,D,19,1,psu,HPE,ProLiant DL380 Gen11,storage,PSU-HPE-1600W
D19-S1-NIC,D19-S1,D19,D,19,1,nic,HPE,ProLiant DL380 Gen11,storage,NIC-OCP3-25G-DP
D19-S1-FAN,D19-S1,D19,D,19,1,fan,HPE,ProLiant DL380 Gen11,storage,FAN-HPE-DL380
D19-S2-DIMM,D19-S2,D19,D,19,2,dimm,HPE,ProLiant DL380 Gen11,storage,MEM-DDR5-64G-4800
D19-S2-DISK,D19-S2,D19,D,19,2,disk,HPE,ProLiant DL380 Gen11,storage,HDD-SAS-12T
D19-S2-PSU,D19-S2,D19,D,19,2,psu,HPE,ProLiant DL380 Gen11,storage,PSU-HPE-1600W
D19-S2-NIC,D19-S2,D19,D,19,2,nic,HPE,ProLiant DL380 Gen11,storage,NIC-OCP3-25G-DP
D19-S2-FAN,D19-S2,D19,D,19,2,fan,HPE,ProLiant DL380 Gen11,storage,FAN-HPE-DL380
D19-S3-DIMM,D19-S3,D19,D,19,3,dimm,HPE,ProLiant DL380 Gen11,storage,MEM-DDR5-64G-4800
D19-S3-DISK,D19-S3,D19,D,19,3,disk,HPE,ProLiant DL380 Gen11,storage,HDD-SAS-12T
D19-S3-PSU,D19-S3,D19,D,19,3,psu,HPE,ProLiant DL380 Gen11,storage,PSU-HPE-1600W
D19-S3-NIC,D19-S3,D19,D,19,3,nic,HPE,ProLiant DL380 Gen11,storage,NIC-OCP3-25G-DP
D19-S3-FAN,D19-S3,D19,D,19,3,fan,HPE,ProLiant DL380 Gen11,storage,FAN-HPE-DL380
D19-S4-DIMM,D19-S4,D19,D,19,4,dimm,HPE,ProLiant DL380 Gen11,storage,MEM-DDR5-64G-4800
D19-S4-DISK,D19-S4,D19,D,19,4,disk,HPE,ProLiant DL380 Gen11,storage,HDD-SAS-12T
D19-S4-PSU,D19-S4,D19,D,19,4,psu,HPE,ProLiant DL380 Gen11,storage,PSU-HPE-1600W
D19-S4-NIC,D19-S4,D19,D,19,4,nic,HPE,ProLiant DL380 Gen11,storage,NIC-OCP3-25G-DP
D19-S4-FAN,D19-S4,D19,D,19,4,fan,HPE,ProLiant DL380 Gen11,storage,FAN-HPE-DL380
D19-S5-DIMM,D19-S5,D19,D,19,5,dimm,HPE,ProLiant DL380 Gen11,storage,MEM-DDR5-64G-4800
D19-S5-DISK,D19-S5,D19,D,19,5,disk,HPE,ProLiant DL380 Gen11,storage,HDD-SAS-12T
D19-S5-PSU,D19-S5,D19,D,19,5,psu,HPE,ProLiant DL380 Gen11,storage,PSU-HPE-1600W
D19-S5-NIC,D19-S5,D19,D,19,5,nic,HPE,ProLiant DL380 Gen11,storage,NIC-OCP3-25G-DP
D19-S5-FAN,D19-S5,D19,D,19,5,fan,HPE,ProLiant DL380 Gen11,storage,FAN-HPE-DL380
D19-S6-DIMM,D19-S6,D19,D,19,6,dimm,HPE,ProLiant DL380 Gen11,storage,MEM-DDR5-64G-4800
D19-S6-DISK,D19-S6,D19,D,19,6,disk,HPE,ProLiant DL380 Gen11,storage,HDD-SAS-12T
D19-S6-PSU,D19-S6,D19,D,19,6,psu,HPE,ProLiant DL380 Gen11,storage,PSU-HPE-1600W
D19-S6-NIC,D19-S6,D19,D,19,6,nic,HPE,ProLiant DL380 Gen11,storage,NIC-OCP3-25G-DP
D19-S6-FAN,D19-S6,D19,D,19,6,fan,HPE,ProLiant DL380 Gen11,storage,FAN-HPE-DL380
D19-S7-DIMM,D19-S7,D19,D,19,7,dimm,HPE,ProLiant DL380 Gen11,storage,MEM-DDR5-64G-4800
D19-S7-DISK,D19-S7,D19,D,19,7,disk,HPE,ProLiant DL380 Gen11,storage,HDD-SAS-12T
D19-S7-PSU,D19-S7,D19,D,19,7,psu,HPE,ProLiant DL380 Gen11,storage,PSU-HPE-1600W
D19-S7-NIC,D19-S7,D19,D,19,7,nic,HPE,ProLiant DL380 Gen11,storage,NIC-OCP3-25G-DP
D19-S7-FAN,D19-S7,D19,D,19,7,fan,HPE,ProLiant DL380 Gen11,storage,FAN-HPE-DL380
D19-S8-DIMM,D19-S8,D19,D,19,8,dimm,HPE,ProLiant DL380 Gen11,storage,MEM-DDR5-64G-4800
D19-S8-DISK,D19-S8,D19,D,19,8,disk,HPE,ProLiant DL380 Gen11,storage,HDD-SAS-12T
D19-S8-PSU,D19-S8,D19,D,19,8,psu,HPE,ProLiant DL380 Gen11,storage,PSU-HPE-1600W
D19-S8-NIC,D19-S8,D19,D,19,8,nic,HPE,ProLiant DL380 Gen11,storage,NIC-OCP3-25G-DP
D19-S8-FAN,D19-S8,D19,D,19,8,fan,HPE,ProLiant DL380 Gen11,storage,FAN-HPE-DL380
D20-S1-DIMM,D20-S1,D20,D,20,1,dimm,Lenovo,ThinkSystem SR650 V3,storage,MEM-DDR5-64G-4800
D20-S1-DISK,D20-S1,D20,D,20,1,disk,Lenovo,ThinkSystem SR650 V3,storage,HDD-SAS-12T
D20-S1-PSU,D20-S1,D20,D,20,1,psu,Lenovo,ThinkSystem SR650 V3,storage,PSU-LNV-1100W
D20-S1-NIC,D20-S1,D20,D,20,1,nic,Lenovo,ThinkSystem SR650 V3,storage,NIC-OCP3-25G-DP
D20-S1-FAN,D20-S1,D20,D,20,1,fan,Lenovo,ThinkSystem SR650 V3,storage,FAN-LNV-SR650
D20-S2-DIMM,D20-S2,D20,D,20,2,dimm,Lenovo,ThinkSystem SR650 V3,storage,MEM-DDR5-64G-4800
D20-S2-DISK,D20-S2,D20,D,20,2,disk,Lenovo,ThinkSystem SR650 V3,storage,HDD-SAS-12T
D20-S2-PSU,D20-S2,D20,D,20,2,psu,Lenovo,ThinkSystem SR650 V3,storage,PSU-LNV-1100W
D20-S2-NIC,D20-S2,D20,D,20,2,nic,Lenovo,ThinkSystem SR650 V3,storage,NIC-OCP3-25G-DP
D20-S2-FAN,D20-S2,D20,D,20,2,fan,Lenovo,ThinkSystem SR650 V3,storage,FAN-LNV-SR650
D20-S3-DIMM,D20-S3,D20,D,20,3,dimm,Lenovo,ThinkSystem SR650 V3,storage,MEM-DDR5-64G-4800
D20-S3-DISK,D20-S3,D20,D,20,3,disk,Lenovo,ThinkSystem SR650 V3,storage,HDD-SAS-12T
D20-S3-PSU,D20-S3,D20,D,20,3,psu,Lenovo,ThinkSystem SR650 V3,storage,PSU-LNV-1100W
D20-S3-NIC,D20-S3,D20,D,20,3,nic,Lenovo,ThinkSystem SR650 V3,storage,NIC-OCP3-25G-DP
D20-S3-FAN,D20-S3,D20,D,20,3,fan,Lenovo,ThinkSystem SR650 V3,storage,FAN-LNV-SR650
D20-S4-DIMM,D20-S4,D20,D,20,4,dimm,Lenovo,ThinkSystem SR650 V3,storage,MEM-DDR5-64G-4800
D20-S4-DISK,D20-S4,D20,D,20,4,disk,Lenovo,ThinkSystem SR650 V3,storage,HDD-SAS-12T
D20-S4-PSU,D20-S4,D20,D,20,4,psu,Lenovo,ThinkSystem SR650 V3,storage,PSU-LNV-1100W
D20-S4-NIC,D20-S4,D20,D,20,4,nic,Lenovo,ThinkSystem SR650 V3,storage,NIC-OCP3-25G-DP
D20-S4-FAN,D20-S4,D20,D,20,4,fan,Lenovo,ThinkSystem SR650 V3,storage,FAN-LNV-SR650
D20-S5-DIMM,D20-S5,D20,D,20,5,dimm,Lenovo,ThinkSystem SR650 V3,storage,MEM-DDR5-64G-4800
D20-S5-DISK,D20-S5,D20,D,20,5,disk,Lenovo,ThinkSystem SR650 V3,storage,HDD-SAS-12T
D20-S5-PSU,D20-S5,D20,D,20,5,psu,Lenovo,ThinkSystem SR650 V3,storage,PSU-LNV-1100W
D20-S5-NIC,D20-S5,D20,D,20,5,nic,Lenovo,ThinkSystem SR650 V3,storage,NIC-OCP3-25G-DP
D20-S5-FAN,D20-S5,D20,D,20,5,fan,Lenovo,ThinkSystem SR650 V3,storage,FAN-LNV-SR650
D20-S6-DIMM,D20-S6,D20,D,20,6,dimm,Lenovo,ThinkSystem SR650 V3,storage,MEM-DDR5-64G-4800
D20-S6-DISK,D20-S6,D20,D,20,6,disk,Lenovo,ThinkSystem SR650 V3,storage,HDD-SAS-12T
D20-S6-PSU,D20-S6,D20,D,20,6,psu,Lenovo,ThinkSystem SR650 V3,storage,PSU-LNV-1100W
D20-S6-NIC,D20-S6,D20,D,20,6,nic,Lenovo,ThinkSystem SR650 V3,storage,NIC-OCP3-25G-DP
D20-S6-FAN,D20-S6,D20,D,20,6,fan,Lenovo,ThinkSystem SR650 V3,storage,FAN-LNV-SR650
D20-S7-DIMM,D20-S7,D20,D,20,7,dimm,Lenovo,ThinkSystem SR650 V3,storage,MEM-DDR5-64G-4800
D20-S7-DISK,D20-S7,D20,D,20,7,disk,Lenovo,ThinkSystem SR650 V3,storage,HDD-SAS-12T
D20-S7-PSU,D20-S7,D20,D,20,7,psu,Lenovo,ThinkSystem SR650 V3,storage,PSU-LNV-1100W
D20-S7-NIC,D20-S7,D20,D,20,7,nic,Lenovo,ThinkSystem SR650 V3,storage,NIC-OCP3-25G-DP
D20-S7-FAN,D20-S7,D20,D,20,7,fan,Lenovo,ThinkSystem SR650 V3,storage,FAN-LNV-SR650
D20-S8-DIMM,D20-S8,D20,D,20,8,dimm,Lenovo,ThinkSystem SR650 V3,storage,MEM-DDR5-64G-4800
D20-S8-DISK,D20-S8,D20,D,20,8,disk,Lenovo,ThinkSystem SR650 V3,storage,HDD-SAS-12T
D20-S8-PSU,D20-S8,D20,D,20,8,psu,Lenovo,ThinkSystem SR650 V3,storage,PSU-LNV-1100W
D20-S8-NIC,D20-S8,D20,D,20,8,nic,Lenovo,ThinkSystem SR650 V3,storage,NIC-OCP3-25G-DP
D20-S8-FAN,D20-S8,D20,D,20,8,fan,Lenovo,ThinkSystem SR650 V3,storage,FAN-LNV-SR650
E01-S1-DIMM,E01-S1,E01,E,1,1,dimm,Lenovo,ThinkSystem SR675 V3,ai,MEM-DDR5-64G-4800
E01-S1-DISK,E01-S1,E01,E,1,1,disk,Lenovo,ThinkSystem SR675 V3,ai,SSD-NVME-U2-3T84
E01-S1-PSU,E01-S1,E01,E,1,1,psu,Lenovo,ThinkSystem SR675 V3,ai,PSU-GPU-2800W
E01-S1-NIC,E01-S1,E01,E,1,1,nic,Lenovo,ThinkSystem SR675 V3,ai,NIC-CX7-100G-DP
E01-S1-FAN,E01-S1,E01,E,1,1,fan,Lenovo,ThinkSystem SR675 V3,ai,FAN-GPU-HP80
E01-S2-DIMM,E01-S2,E01,E,1,2,dimm,Lenovo,ThinkSystem SR675 V3,ai,MEM-DDR5-64G-4800
E01-S2-DISK,E01-S2,E01,E,1,2,disk,Lenovo,ThinkSystem SR675 V3,ai,SSD-NVME-U2-3T84
E01-S2-PSU,E01-S2,E01,E,1,2,psu,Lenovo,ThinkSystem SR675 V3,ai,PSU-GPU-2800W
E01-S2-NIC,E01-S2,E01,E,1,2,nic,Lenovo,ThinkSystem SR675 V3,ai,NIC-CX7-100G-DP
E01-S2-FAN,E01-S2,E01,E,1,2,fan,Lenovo,ThinkSystem SR675 V3,ai,FAN-GPU-HP80
E01-S3-DIMM,E01-S3,E01,E,1,3,dimm,Lenovo,ThinkSystem SR675 V3,ai,MEM-DDR5-64G-4800
E01-S3-DISK,E01-S3,E01,E,1,3,disk,Lenovo,ThinkSystem SR675 V3,ai,SSD-NVME-U2-3T84
E01-S3-PSU,E01-S3,E01,E,1,3,psu,Lenovo,ThinkSystem SR675 V3,ai,PSU-GPU-2800W
E01-S3-NIC,E01-S3,E01,E,1,3,nic,Lenovo,ThinkSystem SR675 V3,ai,NIC-CX7-100G-DP
E01-S3-FAN,E01-S3,E01,E,1,3,fan,Lenovo,ThinkSystem SR675 V3,ai,FAN-GPU-HP80
E01-S4-DIMM,E01-S4,E01,E,1,4,dimm,Lenovo,ThinkSystem SR675 V3,ai,MEM-DDR5-64G-4800
E01-S4-DISK,E01-S4,E01,E,1,4,disk,Lenovo,ThinkSystem SR675 V3,ai,SSD-NVME-U2-3T84
E01-S4-PSU,E01-S4,E01,E,1,4,psu,Lenovo,ThinkSystem SR675 V3,ai,PSU-GPU-2800W
E01-S4-NIC,E01-S4,E01,E,1,4,nic,Lenovo,ThinkSystem SR675 V3,ai,NIC-CX7-100G-DP
E01-S4-FAN,E01-S4,E01,E,1,4,fan,Lenovo,ThinkSystem SR675 V3,ai,FAN-GPU-HP80
E01-S5-DIMM,E01-S5,E01,E,1,5,dimm,Lenovo,ThinkSystem SR675 V3,ai,MEM-DDR5-64G-4800
E01-S5-DISK,E01-S5,E01,E,1,5,disk,Lenovo,ThinkSystem SR675 V3,ai,SSD-NVME-U2-3T84
E01-S5-PSU,E01-S5,E01,E,1,5,psu,Lenovo,ThinkSystem SR675 V3,ai,PSU-GPU-2800W
E01-S5-NIC,E01-S5,E01,E,1,5,nic,Lenovo,ThinkSystem SR675 V3,ai,NIC-CX7-100G-DP
E01-S5-FAN,E01-S5,E01,E,1,5,fan,Lenovo,ThinkSystem SR675 V3,ai,FAN-GPU-HP80
E01-S6-DIMM,E01-S6,E01,E,1,6,dimm,Lenovo,ThinkSystem SR675 V3,ai,MEM-DDR5-64G-4800
E01-S6-DISK,E01-S6,E01,E,1,6,disk,Lenovo,ThinkSystem SR675 V3,ai,SSD-NVME-U2-3T84
E01-S6-PSU,E01-S6,E01,E,1,6,psu,Lenovo,ThinkSystem SR675 V3,ai,PSU-GPU-2800W
E01-S6-NIC,E01-S6,E01,E,1,6,nic,Lenovo,ThinkSystem SR675 V3,ai,NIC-CX7-100G-DP
E01-S6-FAN,E01-S6,E01,E,1,6,fan,Lenovo,ThinkSystem SR675 V3,ai,FAN-GPU-HP80
E01-S7-DIMM,E01-S7,E01,E,1,7,dimm,Lenovo,ThinkSystem SR675 V3,ai,MEM-DDR5-64G-4800
E01-S7-DISK,E01-S7,E01,E,1,7,disk,Lenovo,ThinkSystem SR675 V3,ai,SSD-NVME-U2-3T84
E01-S7-PSU,E01-S7,E01,E,1,7,psu,Lenovo,ThinkSystem SR675 V3,ai,PSU-GPU-2800W
E01-S7-NIC,E01-S7,E01,E,1,7,nic,Lenovo,ThinkSystem SR675 V3,ai,NIC-CX7-100G-DP
E01-S7-FAN,E01-S7,E01,E,1,7,fan,Lenovo,ThinkSystem SR675 V3,ai,FAN-GPU-HP80
E01-S8-DIMM,E01-S8,E01,E,1,8,dimm,Lenovo,ThinkSystem SR675 V3,ai,MEM-DDR5-64G-4800
E01-S8-DISK,E01-S8,E01,E,1,8,disk,Lenovo,ThinkSystem SR675 V3,ai,SSD-NVME-U2-3T84
E01-S8-PSU,E01-S8,E01,E,1,8,psu,Lenovo,ThinkSystem SR675 V3,ai,PSU-GPU-2800W
E01-S8-NIC,E01-S8,E01,E,1,8,nic,Lenovo,ThinkSystem SR675 V3,ai,NIC-CX7-100G-DP
E01-S8-FAN,E01-S8,E01,E,1,8,fan,Lenovo,ThinkSystem SR675 V3,ai,FAN-GPU-HP80
E02-S1-DIMM,E02-S1,E02,E,2,1,dimm,Dell,PowerEdge XE8640,ai,MEM-DDR5-64G-4800
E02-S1-DISK,E02-S1,E02,E,2,1,disk,Dell,PowerEdge XE8640,ai,SSD-NVME-U2-3T84
E02-S1-PSU,E02-S1,E02,E,2,1,psu,Dell,PowerEdge XE8640,ai,PSU-GPU-2800W
E02-S1-NIC,E02-S1,E02,E,2,1,nic,Dell,PowerEdge XE8640,ai,NIC-CX7-100G-DP
E02-S1-FAN,E02-S1,E02,E,2,1,fan,Dell,PowerEdge XE8640,ai,FAN-GPU-HP80
E02-S2-DIMM,E02-S2,E02,E,2,2,dimm,Dell,PowerEdge XE8640,ai,MEM-DDR5-64G-4800
E02-S2-DISK,E02-S2,E02,E,2,2,disk,Dell,PowerEdge XE8640,ai,SSD-NVME-U2-3T84
E02-S2-PSU,E02-S2,E02,E,2,2,psu,Dell,PowerEdge XE8640,ai,PSU-GPU-2800W
E02-S2-NIC,E02-S2,E02,E,2,2,nic,Dell,PowerEdge XE8640,ai,NIC-CX7-100G-DP
E02-S2-FAN,E02-S2,E02,E,2,2,fan,Dell,PowerEdge XE8640,ai,FAN-GPU-HP80
E02-S3-DIMM,E02-S3,E02,E,2,3,dimm,Dell,PowerEdge XE8640,ai,MEM-DDR5-64G-4800
E02-S3-DISK,E02-S3,E02,E,2,3,disk,Dell,PowerEdge XE8640,ai,SSD-NVME-U2-3T84
E02-S3-PSU,E02-S3,E02,E,2,3,psu,Dell,PowerEdge XE8640,ai,PSU-GPU-2800W
E02-S3-NIC,E02-S3,E02,E,2,3,nic,Dell,PowerEdge XE8640,ai,NIC-CX7-100G-DP
E02-S3-FAN,E02-S3,E02,E,2,3,fan,Dell,PowerEdge XE8640,ai,FAN-GPU-HP80
E02-S4-DIMM,E02-S4,E02,E,2,4,dimm,Dell,PowerEdge XE8640,ai,MEM-DDR5-64G-4800
E02-S4-DISK,E02-S4,E02,E,2,4,disk,Dell,PowerEdge XE8640,ai,SSD-NVME-U2-3T84
E02-S4-PSU,E02-S4,E02,E,2,4,psu,Dell,PowerEdge XE8640,ai,PSU-GPU-2800W
E02-S4-NIC,E02-S4,E02,E,2,4,nic,Dell,PowerEdge XE8640,ai,NIC-CX7-100G-DP
E02-S4-FAN,E02-S4,E02,E,2,4,fan,Dell,PowerEdge XE8640,ai,FAN-GPU-HP80
E02-S5-DIMM,E02-S5,E02,E,2,5,dimm,Dell,PowerEdge XE8640,ai,MEM-DDR5-64G-4800
E02-S5-DISK,E02-S5,E02,E,2,5,disk,Dell,PowerEdge XE8640,ai,SSD-NVME-U2-3T84
E02-S5-PSU,E02-S5,E02,E,2,5,psu,Dell,PowerEdge XE8640,ai,PSU-GPU-2800W
E02-S5-NIC,E02-S5,E02,E,2,5,nic,Dell,PowerEdge XE8640,ai,NIC-CX7-100G-DP
E02-S5-FAN,E02-S5,E02,E,2,5,fan,Dell,PowerEdge XE8640,ai,FAN-GPU-HP80
E02-S6-DIMM,E02-S6,E02,E,2,6,dimm,Dell,PowerEdge XE8640,ai,MEM-DDR5-64G-4800
E02-S6-DISK,E02-S6,E02,E,2,6,disk,Dell,PowerEdge XE8640,ai,SSD-NVME-U2-3T84
E02-S6-PSU,E02-S6,E02,E,2,6,psu,Dell,PowerEdge XE8640,ai,PSU-GPU-2800W
E02-S6-NIC,E02-S6,E02,E,2,6,nic,Dell,PowerEdge XE8640,ai,NIC-CX7-100G-DP
E02-S6-FAN,E02-S6,E02,E,2,6,fan,Dell,PowerEdge XE8640,ai,FAN-GPU-HP80
E02-S7-DIMM,E02-S7,E02,E,2,7,dimm,Dell,PowerEdge XE8640,ai,MEM-DDR5-64G-4800
E02-S7-DISK,E02-S7,E02,E,2,7,disk,Dell,PowerEdge XE8640,ai,SSD-NVME-U2-3T84
E02-S7-PSU,E02-S7,E02,E,2,7,psu,Dell,PowerEdge XE8640,ai,PSU-GPU-2800W
E02-S7-NIC,E02-S7,E02,E,2,7,nic,Dell,PowerEdge XE8640,ai,NIC-CX7-100G-DP
E02-S7-FAN,E02-S7,E02,E,2,7,fan,Dell,PowerEdge XE8640,ai,FAN-GPU-HP80
E02-S8-DIMM,E02-S8,E02,E,2,8,dimm,Dell,PowerEdge XE8640,ai,MEM-DDR5-64G-4800
E02-S8-DISK,E02-S8,E02,E,2,8,disk,Dell,PowerEdge XE8640,ai,SSD-NVME-U2-3T84
E02-S8-PSU,E02-S8,E02,E,2,8,psu,Dell,PowerEdge XE8640,ai,PSU-GPU-2800W
E02-S8-NIC,E02-S8,E02,E,2,8,nic,Dell,PowerEdge XE8640,ai,NIC-CX7-100G-DP
E02-S8-FAN,E02-S8,E02,E,2,8,fan,Dell,PowerEdge XE8640,ai,FAN-GPU-HP80
E03-S1-DIMM,E03-S1,E03,E,3,1,dimm,HPE,ProLiant DL380a Gen11,ai,MEM-DDR5-64G-4800
E03-S1-DISK,E03-S1,E03,E,3,1,disk,HPE,ProLiant DL380a Gen11,ai,SSD-NVME-U2-3T84
E03-S1-PSU,E03-S1,E03,E,3,1,psu,HPE,ProLiant DL380a Gen11,ai,PSU-GPU-2800W
E03-S1-NIC,E03-S1,E03,E,3,1,nic,HPE,ProLiant DL380a Gen11,ai,NIC-CX7-100G-DP
E03-S1-FAN,E03-S1,E03,E,3,1,fan,HPE,ProLiant DL380a Gen11,ai,FAN-GPU-HP80
E03-S2-DIMM,E03-S2,E03,E,3,2,dimm,HPE,ProLiant DL380a Gen11,ai,MEM-DDR5-64G-4800
E03-S2-DISK,E03-S2,E03,E,3,2,disk,HPE,ProLiant DL380a Gen11,ai,SSD-NVME-U2-3T84
E03-S2-PSU,E03-S2,E03,E,3,2,psu,HPE,ProLiant DL380a Gen11,ai,PSU-GPU-2800W
E03-S2-NIC,E03-S2,E03,E,3,2,nic,HPE,ProLiant DL380a Gen11,ai,NIC-CX7-100G-DP
E03-S2-FAN,E03-S2,E03,E,3,2,fan,HPE,ProLiant DL380a Gen11,ai,FAN-GPU-HP80
E03-S3-DIMM,E03-S3,E03,E,3,3,dimm,HPE,ProLiant DL380a Gen11,ai,MEM-DDR5-64G-4800
E03-S3-DISK,E03-S3,E03,E,3,3,disk,HPE,ProLiant DL380a Gen11,ai,SSD-NVME-U2-3T84
E03-S3-PSU,E03-S3,E03,E,3,3,psu,HPE,ProLiant DL380a Gen11,ai,PSU-GPU-2800W
E03-S3-NIC,E03-S3,E03,E,3,3,nic,HPE,ProLiant DL380a Gen11,ai,NIC-CX7-100G-DP
E03-S3-FAN,E03-S3,E03,E,3,3,fan,HPE,ProLiant DL380a Gen11,ai,FAN-GPU-HP80
E03-S4-DIMM,E03-S4,E03,E,3,4,dimm,HPE,ProLiant DL380a Gen11,ai,MEM-DDR5-64G-4800
E03-S4-DISK,E03-S4,E03,E,3,4,disk,HPE,ProLiant DL380a Gen11,ai,SSD-NVME-U2-3T84
E03-S4-PSU,E03-S4,E03,E,3,4,psu,HPE,ProLiant DL380a Gen11,ai,PSU-GPU-2800W
E03-S4-NIC,E03-S4,E03,E,3,4,nic,HPE,ProLiant DL380a Gen11,ai,NIC-CX7-100G-DP
E03-S4-FAN,E03-S4,E03,E,3,4,fan,HPE,ProLiant DL380a Gen11,ai,FAN-GPU-HP80
E03-S5-DIMM,E03-S5,E03,E,3,5,dimm,HPE,ProLiant DL380a Gen11,ai,MEM-DDR5-64G-4800
E03-S5-DISK,E03-S5,E03,E,3,5,disk,HPE,ProLiant DL380a Gen11,ai,SSD-NVME-U2-3T84
E03-S5-PSU,E03-S5,E03,E,3,5,psu,HPE,ProLiant DL380a Gen11,ai,PSU-GPU-2800W
E03-S5-NIC,E03-S5,E03,E,3,5,nic,HPE,ProLiant DL380a Gen11,ai,NIC-CX7-100G-DP
E03-S5-FAN,E03-S5,E03,E,3,5,fan,HPE,ProLiant DL380a Gen11,ai,FAN-GPU-HP80
E03-S6-DIMM,E03-S6,E03,E,3,6,dimm,HPE,ProLiant DL380a Gen11,ai,MEM-DDR5-64G-4800
E03-S6-DISK,E03-S6,E03,E,3,6,disk,HPE,ProLiant DL380a Gen11,ai,SSD-NVME-U2-3T84
E03-S6-PSU,E03-S6,E03,E,3,6,psu,HPE,ProLiant DL380a Gen11,ai,PSU-GPU-2800W
E03-S6-NIC,E03-S6,E03,E,3,6,nic,HPE,ProLiant DL380a Gen11,ai,NIC-CX7-100G-DP
E03-S6-FAN,E03-S6,E03,E,3,6,fan,HPE,ProLiant DL380a Gen11,ai,FAN-GPU-HP80
E03-S7-DIMM,E03-S7,E03,E,3,7,dimm,HPE,ProLiant DL380a Gen11,ai,MEM-DDR5-64G-4800
E03-S7-DISK,E03-S7,E03,E,3,7,disk,HPE,ProLiant DL380a Gen11,ai,SSD-NVME-U2-3T84
E03-S7-PSU,E03-S7,E03,E,3,7,psu,HPE,ProLiant DL380a Gen11,ai,PSU-GPU-2800W
E03-S7-NIC,E03-S7,E03,E,3,7,nic,HPE,ProLiant DL380a Gen11,ai,NIC-CX7-100G-DP
E03-S7-FAN,E03-S7,E03,E,3,7,fan,HPE,ProLiant DL380a Gen11,ai,FAN-GPU-HP80
E03-S8-DIMM,E03-S8,E03,E,3,8,dimm,HPE,ProLiant DL380a Gen11,ai,MEM-DDR5-64G-4800
E03-S8-DISK,E03-S8,E03,E,3,8,disk,HPE,ProLiant DL380a Gen11,ai,SSD-NVME-U2-3T84
E03-S8-PSU,E03-S8,E03,E,3,8,psu,HPE,ProLiant DL380a Gen11,ai,PSU-GPU-2800W
E03-S8-NIC,E03-S8,E03,E,3,8,nic,HPE,ProLiant DL380a Gen11,ai,NIC-CX7-100G-DP
E03-S8-FAN,E03-S8,E03,E,3,8,fan,HPE,ProLiant DL380a Gen11,ai,FAN-GPU-HP80
E04-S1-DIMM,E04-S1,E04,E,4,1,dimm,Lenovo,ThinkSystem SR675 V3,ai,MEM-DDR5-64G-4800
E04-S1-DISK,E04-S1,E04,E,4,1,disk,Lenovo,ThinkSystem SR675 V3,ai,SSD-NVME-U2-3T84
E04-S1-PSU,E04-S1,E04,E,4,1,psu,Lenovo,ThinkSystem SR675 V3,ai,PSU-GPU-2800W
E04-S1-NIC,E04-S1,E04,E,4,1,nic,Lenovo,ThinkSystem SR675 V3,ai,NIC-CX7-100G-DP
E04-S1-FAN,E04-S1,E04,E,4,1,fan,Lenovo,ThinkSystem SR675 V3,ai,FAN-GPU-HP80
E04-S2-DIMM,E04-S2,E04,E,4,2,dimm,Lenovo,ThinkSystem SR675 V3,ai,MEM-DDR5-64G-4800
E04-S2-DISK,E04-S2,E04,E,4,2,disk,Lenovo,ThinkSystem SR675 V3,ai,SSD-NVME-U2-3T84
E04-S2-PSU,E04-S2,E04,E,4,2,psu,Lenovo,ThinkSystem SR675 V3,ai,PSU-GPU-2800W
E04-S2-NIC,E04-S2,E04,E,4,2,nic,Lenovo,ThinkSystem SR675 V3,ai,NIC-CX7-100G-DP
E04-S2-FAN,E04-S2,E04,E,4,2,fan,Lenovo,ThinkSystem SR675 V3,ai,FAN-GPU-HP80
E04-S3-DIMM,E04-S3,E04,E,4,3,dimm,Lenovo,ThinkSystem SR675 V3,ai,MEM-DDR5-64G-4800
E04-S3-DISK,E04-S3,E04,E,4,3,disk,Lenovo,ThinkSystem SR675 V3,ai,SSD-NVME-U2-3T84
E04-S3-PSU,E04-S3,E04,E,4,3,psu,Lenovo,ThinkSystem SR675 V3,ai,PSU-GPU-2800W
E04-S3-NIC,E04-S3,E04,E,4,3,nic,Lenovo,ThinkSystem SR675 V3,ai,NIC-CX7-100G-DP
E04-S3-FAN,E04-S3,E04,E,4,3,fan,Lenovo,ThinkSystem SR675 V3,ai,FAN-GPU-HP80
E04-S4-DIMM,E04-S4,E04,E,4,4,dimm,Lenovo,ThinkSystem SR675 V3,ai,MEM-DDR5-64G-4800
E04-S4-DISK,E04-S4,E04,E,4,4,disk,Lenovo,ThinkSystem SR675 V3,ai,SSD-NVME-U2-3T84
E04-S4-PSU,E04-S4,E04,E,4,4,psu,Lenovo,ThinkSystem SR675 V3,ai,PSU-GPU-2800W
E04-S4-NIC,E04-S4,E04,E,4,4,nic,Lenovo,ThinkSystem SR675 V3,ai,NIC-CX7-100G-DP
E04-S4-FAN,E04-S4,E04,E,4,4,fan,Lenovo,ThinkSystem SR675 V3,ai,FAN-GPU-HP80
E04-S5-DIMM,E04-S5,E04,E,4,5,dimm,Lenovo,ThinkSystem SR675 V3,ai,MEM-DDR5-64G-4800
E04-S5-DISK,E04-S5,E04,E,4,5,disk,Lenovo,ThinkSystem SR675 V3,ai,SSD-NVME-U2-3T84
E04-S5-PSU,E04-S5,E04,E,4,5,psu,Lenovo,ThinkSystem SR675 V3,ai,PSU-GPU-2800W
E04-S5-NIC,E04-S5,E04,E,4,5,nic,Lenovo,ThinkSystem SR675 V3,ai,NIC-CX7-100G-DP
E04-S5-FAN,E04-S5,E04,E,4,5,fan,Lenovo,ThinkSystem SR675 V3,ai,FAN-GPU-HP80
E04-S6-DIMM,E04-S6,E04,E,4,6,dimm,Lenovo,ThinkSystem SR675 V3,ai,MEM-DDR5-64G-4800
E04-S6-DISK,E04-S6,E04,E,4,6,disk,Lenovo,ThinkSystem SR675 V3,ai,SSD-NVME-U2-3T84
E04-S6-PSU,E04-S6,E04,E,4,6,psu,Lenovo,ThinkSystem SR675 V3,ai,PSU-GPU-2800W
E04-S6-NIC,E04-S6,E04,E,4,6,nic,Lenovo,ThinkSystem SR675 V3,ai,NIC-CX7-100G-DP
E04-S6-FAN,E04-S6,E04,E,4,6,fan,Lenovo,ThinkSystem SR675 V3,ai,FAN-GPU-HP80
E04-S7-DIMM,E04-S7,E04,E,4,7,dimm,Lenovo,ThinkSystem SR675 V3,ai,MEM-DDR5-64G-4800
E04-S7-DISK,E04-S7,E04,E,4,7,disk,Lenovo,ThinkSystem SR675 V3,ai,SSD-NVME-U2-3T84
E04-S7-PSU,E04-S7,E04,E,4,7,psu,Lenovo,ThinkSystem SR675 V3,ai,PSU-GPU-2800W
E04-S7-NIC,E04-S7,E04,E,4,7,nic,Lenovo,ThinkSystem SR675 V3,ai,NIC-CX7-100G-DP
E04-S7-FAN,E04-S7,E04,E,4,7,fan,Lenovo,ThinkSystem SR675 V3,ai,FAN-GPU-HP80
E04-S8-DIMM,E04-S8,E04,E,4,8,dimm,Lenovo,ThinkSystem SR675 V3,ai,MEM-DDR5-64G-4800
E04-S8-DISK,E04-S8,E04,E,4,8,disk,Lenovo,ThinkSystem SR675 V3,ai,SSD-NVME-U2-3T84
E04-S8-PSU,E04-S8,E04,E,4,8,psu,Lenovo,ThinkSystem SR675 V3,ai,PSU-GPU-2800W
E04-S8-NIC,E04-S8,E04,E,4,8,nic,Lenovo,ThinkSystem SR675 V3,ai,NIC-CX7-100G-DP
E04-S8-FAN,E04-S8,E04,E,4,8,fan,Lenovo,ThinkSystem SR675 V3,ai,FAN-GPU-HP80
E05-S1-DIMM,E05-S1,E05,E,5,1,dimm,Dell,PowerEdge XE8640,ai,MEM-DDR5-64G-4800
E05-S1-DISK,E05-S1,E05,E,5,1,disk,Dell,PowerEdge XE8640,ai,SSD-NVME-U2-3T84
E05-S1-PSU,E05-S1,E05,E,5,1,psu,Dell,PowerEdge XE8640,ai,PSU-GPU-2800W
E05-S1-NIC,E05-S1,E05,E,5,1,nic,Dell,PowerEdge XE8640,ai,NIC-CX7-100G-DP
E05-S1-FAN,E05-S1,E05,E,5,1,fan,Dell,PowerEdge XE8640,ai,FAN-GPU-HP80
E05-S2-DIMM,E05-S2,E05,E,5,2,dimm,Dell,PowerEdge XE8640,ai,MEM-DDR5-64G-4800
E05-S2-DISK,E05-S2,E05,E,5,2,disk,Dell,PowerEdge XE8640,ai,SSD-NVME-U2-3T84
E05-S2-PSU,E05-S2,E05,E,5,2,psu,Dell,PowerEdge XE8640,ai,PSU-GPU-2800W
E05-S2-NIC,E05-S2,E05,E,5,2,nic,Dell,PowerEdge XE8640,ai,NIC-CX7-100G-DP
E05-S2-FAN,E05-S2,E05,E,5,2,fan,Dell,PowerEdge XE8640,ai,FAN-GPU-HP80
E05-S3-DIMM,E05-S3,E05,E,5,3,dimm,Dell,PowerEdge XE8640,ai,MEM-DDR5-64G-4800
E05-S3-DISK,E05-S3,E05,E,5,3,disk,Dell,PowerEdge XE8640,ai,SSD-NVME-U2-3T84
E05-S3-PSU,E05-S3,E05,E,5,3,psu,Dell,PowerEdge XE8640,ai,PSU-GPU-2800W
E05-S3-NIC,E05-S3,E05,E,5,3,nic,Dell,PowerEdge XE8640,ai,NIC-CX7-100G-DP
E05-S3-FAN,E05-S3,E05,E,5,3,fan,Dell,PowerEdge XE8640,ai,FAN-GPU-HP80
E05-S4-DIMM,E05-S4,E05,E,5,4,dimm,Dell,PowerEdge XE8640,ai,MEM-DDR5-64G-4800
E05-S4-DISK,E05-S4,E05,E,5,4,disk,Dell,PowerEdge XE8640,ai,SSD-NVME-U2-3T84
E05-S4-PSU,E05-S4,E05,E,5,4,psu,Dell,PowerEdge XE8640,ai,PSU-GPU-2800W
E05-S4-NIC,E05-S4,E05,E,5,4,nic,Dell,PowerEdge XE8640,ai,NIC-CX7-100G-DP
E05-S4-FAN,E05-S4,E05,E,5,4,fan,Dell,PowerEdge XE8640,ai,FAN-GPU-HP80
E05-S5-DIMM,E05-S5,E05,E,5,5,dimm,Dell,PowerEdge XE8640,ai,MEM-DDR5-64G-4800
E05-S5-DISK,E05-S5,E05,E,5,5,disk,Dell,PowerEdge XE8640,ai,SSD-NVME-U2-3T84
E05-S5-PSU,E05-S5,E05,E,5,5,psu,Dell,PowerEdge XE8640,ai,PSU-GPU-2800W
E05-S5-NIC,E05-S5,E05,E,5,5,nic,Dell,PowerEdge XE8640,ai,NIC-CX7-100G-DP
E05-S5-FAN,E05-S5,E05,E,5,5,fan,Dell,PowerEdge XE8640,ai,FAN-GPU-HP80
E05-S6-DIMM,E05-S6,E05,E,5,6,dimm,Dell,PowerEdge XE8640,ai,MEM-DDR5-64G-4800
E05-S6-DISK,E05-S6,E05,E,5,6,disk,Dell,PowerEdge XE8640,ai,SSD-NVME-U2-3T84
E05-S6-PSU,E05-S6,E05,E,5,6,psu,Dell,PowerEdge XE8640,ai,PSU-GPU-2800W
E05-S6-NIC,E05-S6,E05,E,5,6,nic,Dell,PowerEdge XE8640,ai,NIC-CX7-100G-DP
E05-S6-FAN,E05-S6,E05,E,5,6,fan,Dell,PowerEdge XE8640,ai,FAN-GPU-HP80
E05-S7-DIMM,E05-S7,E05,E,5,7,dimm,Dell,PowerEdge XE8640,ai,MEM-DDR5-64G-4800
E05-S7-DISK,E05-S7,E05,E,5,7,disk,Dell,PowerEdge XE8640,ai,SSD-NVME-U2-3T84
E05-S7-PSU,E05-S7,E05,E,5,7,psu,Dell,PowerEdge XE8640,ai,PSU-GPU-2800W
E05-S7-NIC,E05-S7,E05,E,5,7,nic,Dell,PowerEdge XE8640,ai,NIC-CX7-100G-DP
E05-S7-FAN,E05-S7,E05,E,5,7,fan,Dell,PowerEdge XE8640,ai,FAN-GPU-HP80
E05-S8-DIMM,E05-S8,E05,E,5,8,dimm,Dell,PowerEdge XE8640,ai,MEM-DDR5-64G-4800
E05-S8-DISK,E05-S8,E05,E,5,8,disk,Dell,PowerEdge XE8640,ai,SSD-NVME-U2-3T84
E05-S8-PSU,E05-S8,E05,E,5,8,psu,Dell,PowerEdge XE8640,ai,PSU-GPU-2800W
E05-S8-NIC,E05-S8,E05,E,5,8,nic,Dell,PowerEdge XE8640,ai,NIC-CX7-100G-DP
E05-S8-FAN,E05-S8,E05,E,5,8,fan,Dell,PowerEdge XE8640,ai,FAN-GPU-HP80
E06-S1-DIMM,E06-S1,E06,E,6,1,dimm,HPE,ProLiant DL380a Gen11,ai,MEM-DDR5-64G-4800
E06-S1-DISK,E06-S1,E06,E,6,1,disk,HPE,ProLiant DL380a Gen11,ai,SSD-NVME-U2-3T84
E06-S1-PSU,E06-S1,E06,E,6,1,psu,HPE,ProLiant DL380a Gen11,ai,PSU-GPU-2800W
E06-S1-NIC,E06-S1,E06,E,6,1,nic,HPE,ProLiant DL380a Gen11,ai,NIC-CX7-100G-DP
E06-S1-FAN,E06-S1,E06,E,6,1,fan,HPE,ProLiant DL380a Gen11,ai,FAN-GPU-HP80
E06-S2-DIMM,E06-S2,E06,E,6,2,dimm,HPE,ProLiant DL380a Gen11,ai,MEM-DDR5-64G-4800
E06-S2-DISK,E06-S2,E06,E,6,2,disk,HPE,ProLiant DL380a Gen11,ai,SSD-NVME-U2-3T84
E06-S2-PSU,E06-S2,E06,E,6,2,psu,HPE,ProLiant DL380a Gen11,ai,PSU-GPU-2800W
E06-S2-NIC,E06-S2,E06,E,6,2,nic,HPE,ProLiant DL380a Gen11,ai,NIC-CX7-100G-DP
E06-S2-FAN,E06-S2,E06,E,6,2,fan,HPE,ProLiant DL380a Gen11,ai,FAN-GPU-HP80
E06-S3-DIMM,E06-S3,E06,E,6,3,dimm,HPE,ProLiant DL380a Gen11,ai,MEM-DDR5-64G-4800
E06-S3-DISK,E06-S3,E06,E,6,3,disk,HPE,ProLiant DL380a Gen11,ai,SSD-NVME-U2-3T84
E06-S3-PSU,E06-S3,E06,E,6,3,psu,HPE,ProLiant DL380a Gen11,ai,PSU-GPU-2800W
E06-S3-NIC,E06-S3,E06,E,6,3,nic,HPE,ProLiant DL380a Gen11,ai,NIC-CX7-100G-DP
E06-S3-FAN,E06-S3,E06,E,6,3,fan,HPE,ProLiant DL380a Gen11,ai,FAN-GPU-HP80
E06-S4-DIMM,E06-S4,E06,E,6,4,dimm,HPE,ProLiant DL380a Gen11,ai,MEM-DDR5-64G-4800
E06-S4-DISK,E06-S4,E06,E,6,4,disk,HPE,ProLiant DL380a Gen11,ai,SSD-NVME-U2-3T84
E06-S4-PSU,E06-S4,E06,E,6,4,psu,HPE,ProLiant DL380a Gen11,ai,PSU-GPU-2800W
E06-S4-NIC,E06-S4,E06,E,6,4,nic,HPE,ProLiant DL380a Gen11,ai,NIC-CX7-100G-DP
E06-S4-FAN,E06-S4,E06,E,6,4,fan,HPE,ProLiant DL380a Gen11,ai,FAN-GPU-HP80
E06-S5-DIMM,E06-S5,E06,E,6,5,dimm,HPE,ProLiant DL380a Gen11,ai,MEM-DDR5-64G-4800
E06-S5-DISK,E06-S5,E06,E,6,5,disk,HPE,ProLiant DL380a Gen11,ai,SSD-NVME-U2-3T84
E06-S5-PSU,E06-S5,E06,E,6,5,psu,HPE,ProLiant DL380a Gen11,ai,PSU-GPU-2800W
E06-S5-NIC,E06-S5,E06,E,6,5,nic,HPE,ProLiant DL380a Gen11,ai,NIC-CX7-100G-DP
E06-S5-FAN,E06-S5,E06,E,6,5,fan,HPE,ProLiant DL380a Gen11,ai,FAN-GPU-HP80
E06-S6-DIMM,E06-S6,E06,E,6,6,dimm,HPE,ProLiant DL380a Gen11,ai,MEM-DDR5-64G-4800
E06-S6-DISK,E06-S6,E06,E,6,6,disk,HPE,ProLiant DL380a Gen11,ai,SSD-NVME-U2-3T84
E06-S6-PSU,E06-S6,E06,E,6,6,psu,HPE,ProLiant DL380a Gen11,ai,PSU-GPU-2800W
E06-S6-NIC,E06-S6,E06,E,6,6,nic,HPE,ProLiant DL380a Gen11,ai,NIC-CX7-100G-DP
E06-S6-FAN,E06-S6,E06,E,6,6,fan,HPE,ProLiant DL380a Gen11,ai,FAN-GPU-HP80
E06-S7-DIMM,E06-S7,E06,E,6,7,dimm,HPE,ProLiant DL380a Gen11,ai,MEM-DDR5-64G-4800
E06-S7-DISK,E06-S7,E06,E,6,7,disk,HPE,ProLiant DL380a Gen11,ai,SSD-NVME-U2-3T84
E06-S7-PSU,E06-S7,E06,E,6,7,psu,HPE,ProLiant DL380a Gen11,ai,PSU-GPU-2800W
E06-S7-NIC,E06-S7,E06,E,6,7,nic,HPE,ProLiant DL380a Gen11,ai,NIC-CX7-100G-DP
E06-S7-FAN,E06-S7,E06,E,6,7,fan,HPE,ProLiant DL380a Gen11,ai,FAN-GPU-HP80
E06-S8-DIMM,E06-S8,E06,E,6,8,dimm,HPE,ProLiant DL380a Gen11,ai,MEM-DDR5-64G-4800
E06-S8-DISK,E06-S8,E06,E,6,8,disk,HPE,ProLiant DL380a Gen11,ai,SSD-NVME-U2-3T84
E06-S8-PSU,E06-S8,E06,E,6,8,psu,HPE,ProLiant DL380a Gen11,ai,PSU-GPU-2800W
E06-S8-NIC,E06-S8,E06,E,6,8,nic,HPE,ProLiant DL380a Gen11,ai,NIC-CX7-100G-DP
E06-S8-FAN,E06-S8,E06,E,6,8,fan,HPE,ProLiant DL380a Gen11,ai,FAN-GPU-HP80
E07-S1-DIMM,E07-S1,E07,E,7,1,dimm,Lenovo,ThinkSystem SR675 V3,ai,MEM-DDR5-64G-4800
E07-S1-DISK,E07-S1,E07,E,7,1,disk,Lenovo,ThinkSystem SR675 V3,ai,SSD-NVME-U2-3T84
E07-S1-PSU,E07-S1,E07,E,7,1,psu,Lenovo,ThinkSystem SR675 V3,ai,PSU-GPU-2800W
E07-S1-NIC,E07-S1,E07,E,7,1,nic,Lenovo,ThinkSystem SR675 V3,ai,NIC-CX7-100G-DP
E07-S1-FAN,E07-S1,E07,E,7,1,fan,Lenovo,ThinkSystem SR675 V3,ai,FAN-GPU-HP80
E07-S2-DIMM,E07-S2,E07,E,7,2,dimm,Lenovo,ThinkSystem SR675 V3,ai,MEM-DDR5-64G-4800
E07-S2-DISK,E07-S2,E07,E,7,2,disk,Lenovo,ThinkSystem SR675 V3,ai,SSD-NVME-U2-3T84
E07-S2-PSU,E07-S2,E07,E,7,2,psu,Lenovo,ThinkSystem SR675 V3,ai,PSU-GPU-2800W
E07-S2-NIC,E07-S2,E07,E,7,2,nic,Lenovo,ThinkSystem SR675 V3,ai,NIC-CX7-100G-DP
E07-S2-FAN,E07-S2,E07,E,7,2,fan,Lenovo,ThinkSystem SR675 V3,ai,FAN-GPU-HP80
E07-S3-DIMM,E07-S3,E07,E,7,3,dimm,Lenovo,ThinkSystem SR675 V3,ai,MEM-DDR5-64G-4800
E07-S3-DISK,E07-S3,E07,E,7,3,disk,Lenovo,ThinkSystem SR675 V3,ai,SSD-NVME-U2-3T84
E07-S3-PSU,E07-S3,E07,E,7,3,psu,Lenovo,ThinkSystem SR675 V3,ai,PSU-GPU-2800W
E07-S3-NIC,E07-S3,E07,E,7,3,nic,Lenovo,ThinkSystem SR675 V3,ai,NIC-CX7-100G-DP
E07-S3-FAN,E07-S3,E07,E,7,3,fan,Lenovo,ThinkSystem SR675 V3,ai,FAN-GPU-HP80
E07-S4-DIMM,E07-S4,E07,E,7,4,dimm,Lenovo,ThinkSystem SR675 V3,ai,MEM-DDR5-64G-4800
E07-S4-DISK,E07-S4,E07,E,7,4,disk,Lenovo,ThinkSystem SR675 V3,ai,SSD-NVME-U2-3T84
E07-S4-PSU,E07-S4,E07,E,7,4,psu,Lenovo,ThinkSystem SR675 V3,ai,PSU-GPU-2800W
E07-S4-NIC,E07-S4,E07,E,7,4,nic,Lenovo,ThinkSystem SR675 V3,ai,NIC-CX7-100G-DP
E07-S4-FAN,E07-S4,E07,E,7,4,fan,Lenovo,ThinkSystem SR675 V3,ai,FAN-GPU-HP80
E07-S5-DIMM,E07-S5,E07,E,7,5,dimm,Lenovo,ThinkSystem SR675 V3,ai,MEM-DDR5-64G-4800
E07-S5-DISK,E07-S5,E07,E,7,5,disk,Lenovo,ThinkSystem SR675 V3,ai,SSD-NVME-U2-3T84
E07-S5-PSU,E07-S5,E07,E,7,5,psu,Lenovo,ThinkSystem SR675 V3,ai,PSU-GPU-2800W
E07-S5-NIC,E07-S5,E07,E,7,5,nic,Lenovo,ThinkSystem SR675 V3,ai,NIC-CX7-100G-DP
E07-S5-FAN,E07-S5,E07,E,7,5,fan,Lenovo,ThinkSystem SR675 V3,ai,FAN-GPU-HP80
E07-S6-DIMM,E07-S6,E07,E,7,6,dimm,Lenovo,ThinkSystem SR675 V3,ai,MEM-DDR5-64G-4800
E07-S6-DISK,E07-S6,E07,E,7,6,disk,Lenovo,ThinkSystem SR675 V3,ai,SSD-NVME-U2-3T84
E07-S6-PSU,E07-S6,E07,E,7,6,psu,Lenovo,ThinkSystem SR675 V3,ai,PSU-GPU-2800W
E07-S6-NIC,E07-S6,E07,E,7,6,nic,Lenovo,ThinkSystem SR675 V3,ai,NIC-CX7-100G-DP
E07-S6-FAN,E07-S6,E07,E,7,6,fan,Lenovo,ThinkSystem SR675 V3,ai,FAN-GPU-HP80
E07-S7-DIMM,E07-S7,E07,E,7,7,dimm,Lenovo,ThinkSystem SR675 V3,ai,MEM-DDR5-64G-4800
E07-S7-DISK,E07-S7,E07,E,7,7,disk,Lenovo,ThinkSystem SR675 V3,ai,SSD-NVME-U2-3T84
E07-S7-PSU,E07-S7,E07,E,7,7,psu,Lenovo,ThinkSystem SR675 V3,ai,PSU-GPU-2800W
E07-S7-NIC,E07-S7,E07,E,7,7,nic,Lenovo,ThinkSystem SR675 V3,ai,NIC-CX7-100G-DP
E07-S7-FAN,E07-S7,E07,E,7,7,fan,Lenovo,ThinkSystem SR675 V3,ai,FAN-GPU-HP80
E07-S8-DIMM,E07-S8,E07,E,7,8,dimm,Lenovo,ThinkSystem SR675 V3,ai,MEM-DDR5-64G-4800
E07-S8-DISK,E07-S8,E07,E,7,8,disk,Lenovo,ThinkSystem SR675 V3,ai,SSD-NVME-U2-3T84
E07-S8-PSU,E07-S8,E07,E,7,8,psu,Lenovo,ThinkSystem SR675 V3,ai,PSU-GPU-2800W
E07-S8-NIC,E07-S8,E07,E,7,8,nic,Lenovo,ThinkSystem SR675 V3,ai,NIC-CX7-100G-DP
E07-S8-FAN,E07-S8,E07,E,7,8,fan,Lenovo,ThinkSystem SR675 V3,ai,FAN-GPU-HP80
E08-S1-DIMM,E08-S1,E08,E,8,1,dimm,Dell,PowerEdge XE8640,ai,MEM-DDR5-64G-4800
E08-S1-DISK,E08-S1,E08,E,8,1,disk,Dell,PowerEdge XE8640,ai,SSD-NVME-U2-3T84
E08-S1-PSU,E08-S1,E08,E,8,1,psu,Dell,PowerEdge XE8640,ai,PSU-GPU-2800W
E08-S1-NIC,E08-S1,E08,E,8,1,nic,Dell,PowerEdge XE8640,ai,NIC-CX7-100G-DP
E08-S1-FAN,E08-S1,E08,E,8,1,fan,Dell,PowerEdge XE8640,ai,FAN-GPU-HP80
E08-S2-DIMM,E08-S2,E08,E,8,2,dimm,Dell,PowerEdge XE8640,ai,MEM-DDR5-64G-4800
E08-S2-DISK,E08-S2,E08,E,8,2,disk,Dell,PowerEdge XE8640,ai,SSD-NVME-U2-3T84
E08-S2-PSU,E08-S2,E08,E,8,2,psu,Dell,PowerEdge XE8640,ai,PSU-GPU-2800W
E08-S2-NIC,E08-S2,E08,E,8,2,nic,Dell,PowerEdge XE8640,ai,NIC-CX7-100G-DP
E08-S2-FAN,E08-S2,E08,E,8,2,fan,Dell,PowerEdge XE8640,ai,FAN-GPU-HP80
E08-S3-DIMM,E08-S3,E08,E,8,3,dimm,Dell,PowerEdge XE8640,ai,MEM-DDR5-64G-4800
E08-S3-DISK,E08-S3,E08,E,8,3,disk,Dell,PowerEdge XE8640,ai,SSD-NVME-U2-3T84
E08-S3-PSU,E08-S3,E08,E,8,3,psu,Dell,PowerEdge XE8640,ai,PSU-GPU-2800W
E08-S3-NIC,E08-S3,E08,E,8,3,nic,Dell,PowerEdge XE8640,ai,NIC-CX7-100G-DP
E08-S3-FAN,E08-S3,E08,E,8,3,fan,Dell,PowerEdge XE8640,ai,FAN-GPU-HP80
E08-S4-DIMM,E08-S4,E08,E,8,4,dimm,Dell,PowerEdge XE8640,ai,MEM-DDR5-64G-4800
E08-S4-DISK,E08-S4,E08,E,8,4,disk,Dell,PowerEdge XE8640,ai,SSD-NVME-U2-3T84
E08-S4-PSU,E08-S4,E08,E,8,4,psu,Dell,PowerEdge XE8640,ai,PSU-GPU-2800W
E08-S4-NIC,E08-S4,E08,E,8,4,nic,Dell,PowerEdge XE8640,ai,NIC-CX7-100G-DP
E08-S4-FAN,E08-S4,E08,E,8,4,fan,Dell,PowerEdge XE8640,ai,FAN-GPU-HP80
E08-S5-DIMM,E08-S5,E08,E,8,5,dimm,Dell,PowerEdge XE8640,ai,MEM-DDR5-64G-4800
E08-S5-DISK,E08-S5,E08,E,8,5,disk,Dell,PowerEdge XE8640,ai,SSD-NVME-U2-3T84
E08-S5-PSU,E08-S5,E08,E,8,5,psu,Dell,PowerEdge XE8640,ai,PSU-GPU-2800W
E08-S5-NIC,E08-S5,E08,E,8,5,nic,Dell,PowerEdge XE8640,ai,NIC-CX7-100G-DP
E08-S5-FAN,E08-S5,E08,E,8,5,fan,Dell,PowerEdge XE8640,ai,FAN-GPU-HP80
E08-S6-DIMM,E08-S6,E08,E,8,6,dimm,Dell,PowerEdge XE8640,ai,MEM-DDR5-64G-4800
E08-S6-DISK,E08-S6,E08,E,8,6,disk,Dell,PowerEdge XE8640,ai,SSD-NVME-U2-3T84
E08-S6-PSU,E08-S6,E08,E,8,6,psu,Dell,PowerEdge XE8640,ai,PSU-GPU-2800W
E08-S6-NIC,E08-S6,E08,E,8,6,nic,Dell,PowerEdge XE8640,ai,NIC-CX7-100G-DP
E08-S6-FAN,E08-S6,E08,E,8,6,fan,Dell,PowerEdge XE8640,ai,FAN-GPU-HP80
E08-S7-DIMM,E08-S7,E08,E,8,7,dimm,Dell,PowerEdge XE8640,ai,MEM-DDR5-64G-4800
E08-S7-DISK,E08-S7,E08,E,8,7,disk,Dell,PowerEdge XE8640,ai,SSD-NVME-U2-3T84
E08-S7-PSU,E08-S7,E08,E,8,7,psu,Dell,PowerEdge XE8640,ai,PSU-GPU-2800W
E08-S7-NIC,E08-S7,E08,E,8,7,nic,Dell,PowerEdge XE8640,ai,NIC-CX7-100G-DP
E08-S7-FAN,E08-S7,E08,E,8,7,fan,Dell,PowerEdge XE8640,ai,FAN-GPU-HP80
E08-S8-DIMM,E08-S8,E08,E,8,8,dimm,Dell,PowerEdge XE8640,ai,MEM-DDR5-64G-4800
E08-S8-DISK,E08-S8,E08,E,8,8,disk,Dell,PowerEdge XE8640,ai,SSD-NVME-U2-3T84
E08-S8-PSU,E08-S8,E08,E,8,8,psu,Dell,PowerEdge XE8640,ai,PSU-GPU-2800W
E08-S8-NIC,E08-S8,E08,E,8,8,nic,Dell,PowerEdge XE8640,ai,NIC-CX7-100G-DP
E08-S8-FAN,E08-S8,E08,E,8,8,fan,Dell,PowerEdge XE8640,ai,FAN-GPU-HP80
E09-S1-DIMM,E09-S1,E09,E,9,1,dimm,HPE,ProLiant DL380a Gen11,ai,MEM-DDR5-64G-4800
E09-S1-DISK,E09-S1,E09,E,9,1,disk,HPE,ProLiant DL380a Gen11,ai,SSD-NVME-U2-3T84
E09-S1-PSU,E09-S1,E09,E,9,1,psu,HPE,ProLiant DL380a Gen11,ai,PSU-GPU-2800W
E09-S1-NIC,E09-S1,E09,E,9,1,nic,HPE,ProLiant DL380a Gen11,ai,NIC-CX7-100G-DP
E09-S1-FAN,E09-S1,E09,E,9,1,fan,HPE,ProLiant DL380a Gen11,ai,FAN-GPU-HP80
E09-S2-DIMM,E09-S2,E09,E,9,2,dimm,HPE,ProLiant DL380a Gen11,ai,MEM-DDR5-64G-4800
E09-S2-DISK,E09-S2,E09,E,9,2,disk,HPE,ProLiant DL380a Gen11,ai,SSD-NVME-U2-3T84
E09-S2-PSU,E09-S2,E09,E,9,2,psu,HPE,ProLiant DL380a Gen11,ai,PSU-GPU-2800W
E09-S2-NIC,E09-S2,E09,E,9,2,nic,HPE,ProLiant DL380a Gen11,ai,NIC-CX7-100G-DP
E09-S2-FAN,E09-S2,E09,E,9,2,fan,HPE,ProLiant DL380a Gen11,ai,FAN-GPU-HP80
E09-S3-DIMM,E09-S3,E09,E,9,3,dimm,HPE,ProLiant DL380a Gen11,ai,MEM-DDR5-64G-4800
E09-S3-DISK,E09-S3,E09,E,9,3,disk,HPE,ProLiant DL380a Gen11,ai,SSD-NVME-U2-3T84
E09-S3-PSU,E09-S3,E09,E,9,3,psu,HPE,ProLiant DL380a Gen11,ai,PSU-GPU-2800W
E09-S3-NIC,E09-S3,E09,E,9,3,nic,HPE,ProLiant DL380a Gen11,ai,NIC-CX7-100G-DP
E09-S3-FAN,E09-S3,E09,E,9,3,fan,HPE,ProLiant DL380a Gen11,ai,FAN-GPU-HP80
E09-S4-DIMM,E09-S4,E09,E,9,4,dimm,HPE,ProLiant DL380a Gen11,ai,MEM-DDR5-64G-4800
E09-S4-DISK,E09-S4,E09,E,9,4,disk,HPE,ProLiant DL380a Gen11,ai,SSD-NVME-U2-3T84
E09-S4-PSU,E09-S4,E09,E,9,4,psu,HPE,ProLiant DL380a Gen11,ai,PSU-GPU-2800W
E09-S4-NIC,E09-S4,E09,E,9,4,nic,HPE,ProLiant DL380a Gen11,ai,NIC-CX7-100G-DP
E09-S4-FAN,E09-S4,E09,E,9,4,fan,HPE,ProLiant DL380a Gen11,ai,FAN-GPU-HP80
E09-S5-DIMM,E09-S5,E09,E,9,5,dimm,HPE,ProLiant DL380a Gen11,ai,MEM-DDR5-64G-4800
E09-S5-DISK,E09-S5,E09,E,9,5,disk,HPE,ProLiant DL380a Gen11,ai,SSD-NVME-U2-3T84
E09-S5-PSU,E09-S5,E09,E,9,5,psu,HPE,ProLiant DL380a Gen11,ai,PSU-GPU-2800W
E09-S5-NIC,E09-S5,E09,E,9,5,nic,HPE,ProLiant DL380a Gen11,ai,NIC-CX7-100G-DP
E09-S5-FAN,E09-S5,E09,E,9,5,fan,HPE,ProLiant DL380a Gen11,ai,FAN-GPU-HP80
E09-S6-DIMM,E09-S6,E09,E,9,6,dimm,HPE,ProLiant DL380a Gen11,ai,MEM-DDR5-64G-4800
E09-S6-DISK,E09-S6,E09,E,9,6,disk,HPE,ProLiant DL380a Gen11,ai,SSD-NVME-U2-3T84
E09-S6-PSU,E09-S6,E09,E,9,6,psu,HPE,ProLiant DL380a Gen11,ai,PSU-GPU-2800W
E09-S6-NIC,E09-S6,E09,E,9,6,nic,HPE,ProLiant DL380a Gen11,ai,NIC-CX7-100G-DP
E09-S6-FAN,E09-S6,E09,E,9,6,fan,HPE,ProLiant DL380a Gen11,ai,FAN-GPU-HP80
E09-S7-DIMM,E09-S7,E09,E,9,7,dimm,HPE,ProLiant DL380a Gen11,ai,MEM-DDR5-64G-4800
E09-S7-DISK,E09-S7,E09,E,9,7,disk,HPE,ProLiant DL380a Gen11,ai,SSD-NVME-U2-3T84
E09-S7-PSU,E09-S7,E09,E,9,7,psu,HPE,ProLiant DL380a Gen11,ai,PSU-GPU-2800W
E09-S7-NIC,E09-S7,E09,E,9,7,nic,HPE,ProLiant DL380a Gen11,ai,NIC-CX7-100G-DP
E09-S7-FAN,E09-S7,E09,E,9,7,fan,HPE,ProLiant DL380a Gen11,ai,FAN-GPU-HP80
E09-S8-DIMM,E09-S8,E09,E,9,8,dimm,HPE,ProLiant DL380a Gen11,ai,MEM-DDR5-64G-4800
E09-S8-DISK,E09-S8,E09,E,9,8,disk,HPE,ProLiant DL380a Gen11,ai,SSD-NVME-U2-3T84
E09-S8-PSU,E09-S8,E09,E,9,8,psu,HPE,ProLiant DL380a Gen11,ai,PSU-GPU-2800W
E09-S8-NIC,E09-S8,E09,E,9,8,nic,HPE,ProLiant DL380a Gen11,ai,NIC-CX7-100G-DP
E09-S8-FAN,E09-S8,E09,E,9,8,fan,HPE,ProLiant DL380a Gen11,ai,FAN-GPU-HP80
E10-S1-DIMM,E10-S1,E10,E,10,1,dimm,Lenovo,ThinkSystem SR675 V3,ai,MEM-DDR5-64G-4800
E10-S1-DISK,E10-S1,E10,E,10,1,disk,Lenovo,ThinkSystem SR675 V3,ai,SSD-NVME-U2-3T84
E10-S1-PSU,E10-S1,E10,E,10,1,psu,Lenovo,ThinkSystem SR675 V3,ai,PSU-GPU-2800W
E10-S1-NIC,E10-S1,E10,E,10,1,nic,Lenovo,ThinkSystem SR675 V3,ai,NIC-CX7-100G-DP
E10-S1-FAN,E10-S1,E10,E,10,1,fan,Lenovo,ThinkSystem SR675 V3,ai,FAN-GPU-HP80
E10-S2-DIMM,E10-S2,E10,E,10,2,dimm,Lenovo,ThinkSystem SR675 V3,ai,MEM-DDR5-64G-4800
E10-S2-DISK,E10-S2,E10,E,10,2,disk,Lenovo,ThinkSystem SR675 V3,ai,SSD-NVME-U2-3T84
E10-S2-PSU,E10-S2,E10,E,10,2,psu,Lenovo,ThinkSystem SR675 V3,ai,PSU-GPU-2800W
E10-S2-NIC,E10-S2,E10,E,10,2,nic,Lenovo,ThinkSystem SR675 V3,ai,NIC-CX7-100G-DP
E10-S2-FAN,E10-S2,E10,E,10,2,fan,Lenovo,ThinkSystem SR675 V3,ai,FAN-GPU-HP80
E10-S3-DIMM,E10-S3,E10,E,10,3,dimm,Lenovo,ThinkSystem SR675 V3,ai,MEM-DDR5-64G-4800
E10-S3-DISK,E10-S3,E10,E,10,3,disk,Lenovo,ThinkSystem SR675 V3,ai,SSD-NVME-U2-3T84
E10-S3-PSU,E10-S3,E10,E,10,3,psu,Lenovo,ThinkSystem SR675 V3,ai,PSU-GPU-2800W
E10-S3-NIC,E10-S3,E10,E,10,3,nic,Lenovo,ThinkSystem SR675 V3,ai,NIC-CX7-100G-DP
E10-S3-FAN,E10-S3,E10,E,10,3,fan,Lenovo,ThinkSystem SR675 V3,ai,FAN-GPU-HP80
E10-S4-DIMM,E10-S4,E10,E,10,4,dimm,Lenovo,ThinkSystem SR675 V3,ai,MEM-DDR5-64G-4800
E10-S4-DISK,E10-S4,E10,E,10,4,disk,Lenovo,ThinkSystem SR675 V3,ai,SSD-NVME-U2-3T84
E10-S4-PSU,E10-S4,E10,E,10,4,psu,Lenovo,ThinkSystem SR675 V3,ai,PSU-GPU-2800W
E10-S4-NIC,E10-S4,E10,E,10,4,nic,Lenovo,ThinkSystem SR675 V3,ai,NIC-CX7-100G-DP
E10-S4-FAN,E10-S4,E10,E,10,4,fan,Lenovo,ThinkSystem SR675 V3,ai,FAN-GPU-HP80
E10-S5-DIMM,E10-S5,E10,E,10,5,dimm,Lenovo,ThinkSystem SR675 V3,ai,MEM-DDR5-64G-4800
E10-S5-DISK,E10-S5,E10,E,10,5,disk,Lenovo,ThinkSystem SR675 V3,ai,SSD-NVME-U2-3T84
E10-S5-PSU,E10-S5,E10,E,10,5,psu,Lenovo,ThinkSystem SR675 V3,ai,PSU-GPU-2800W
E10-S5-NIC,E10-S5,E10,E,10,5,nic,Lenovo,ThinkSystem SR675 V3,ai,NIC-CX7-100G-DP
E10-S5-FAN,E10-S5,E10,E,10,5,fan,Lenovo,ThinkSystem SR675 V3,ai,FAN-GPU-HP80
E10-S6-DIMM,E10-S6,E10,E,10,6,dimm,Lenovo,ThinkSystem SR675 V3,ai,MEM-DDR5-64G-4800
E10-S6-DISK,E10-S6,E10,E,10,6,disk,Lenovo,ThinkSystem SR675 V3,ai,SSD-NVME-U2-3T84
E10-S6-PSU,E10-S6,E10,E,10,6,psu,Lenovo,ThinkSystem SR675 V3,ai,PSU-GPU-2800W
E10-S6-NIC,E10-S6,E10,E,10,6,nic,Lenovo,ThinkSystem SR675 V3,ai,NIC-CX7-100G-DP
E10-S6-FAN,E10-S6,E10,E,10,6,fan,Lenovo,ThinkSystem SR675 V3,ai,FAN-GPU-HP80
E10-S7-DIMM,E10-S7,E10,E,10,7,dimm,Lenovo,ThinkSystem SR675 V3,ai,MEM-DDR5-64G-4800
E10-S7-DISK,E10-S7,E10,E,10,7,disk,Lenovo,ThinkSystem SR675 V3,ai,SSD-NVME-U2-3T84
E10-S7-PSU,E10-S7,E10,E,10,7,psu,Lenovo,ThinkSystem SR675 V3,ai,PSU-GPU-2800W
E10-S7-NIC,E10-S7,E10,E,10,7,nic,Lenovo,ThinkSystem SR675 V3,ai,NIC-CX7-100G-DP
E10-S7-FAN,E10-S7,E10,E,10,7,fan,Lenovo,ThinkSystem SR675 V3,ai,FAN-GPU-HP80
E10-S8-DIMM,E10-S8,E10,E,10,8,dimm,Lenovo,ThinkSystem SR675 V3,ai,MEM-DDR5-64G-4800
E10-S8-DISK,E10-S8,E10,E,10,8,disk,Lenovo,ThinkSystem SR675 V3,ai,SSD-NVME-U2-3T84
E10-S8-PSU,E10-S8,E10,E,10,8,psu,Lenovo,ThinkSystem SR675 V3,ai,PSU-GPU-2800W
E10-S8-NIC,E10-S8,E10,E,10,8,nic,Lenovo,ThinkSystem SR675 V3,ai,NIC-CX7-100G-DP
E10-S8-FAN,E10-S8,E10,E,10,8,fan,Lenovo,ThinkSystem SR675 V3,ai,FAN-GPU-HP80
E11-S1-DIMM,E11-S1,E11,E,11,1,dimm,Dell,PowerEdge XE8640,ai,MEM-DDR5-64G-4800
E11-S1-DISK,E11-S1,E11,E,11,1,disk,Dell,PowerEdge XE8640,ai,SSD-NVME-U2-3T84
E11-S1-PSU,E11-S1,E11,E,11,1,psu,Dell,PowerEdge XE8640,ai,PSU-GPU-2800W
E11-S1-NIC,E11-S1,E11,E,11,1,nic,Dell,PowerEdge XE8640,ai,NIC-CX7-100G-DP
E11-S1-FAN,E11-S1,E11,E,11,1,fan,Dell,PowerEdge XE8640,ai,FAN-GPU-HP80
E11-S2-DIMM,E11-S2,E11,E,11,2,dimm,Dell,PowerEdge XE8640,ai,MEM-DDR5-64G-4800
E11-S2-DISK,E11-S2,E11,E,11,2,disk,Dell,PowerEdge XE8640,ai,SSD-NVME-U2-3T84
E11-S2-PSU,E11-S2,E11,E,11,2,psu,Dell,PowerEdge XE8640,ai,PSU-GPU-2800W
E11-S2-NIC,E11-S2,E11,E,11,2,nic,Dell,PowerEdge XE8640,ai,NIC-CX7-100G-DP
E11-S2-FAN,E11-S2,E11,E,11,2,fan,Dell,PowerEdge XE8640,ai,FAN-GPU-HP80
E11-S3-DIMM,E11-S3,E11,E,11,3,dimm,Dell,PowerEdge XE8640,ai,MEM-DDR5-64G-4800
E11-S3-DISK,E11-S3,E11,E,11,3,disk,Dell,PowerEdge XE8640,ai,SSD-NVME-U2-3T84
E11-S3-PSU,E11-S3,E11,E,11,3,psu,Dell,PowerEdge XE8640,ai,PSU-GPU-2800W
E11-S3-NIC,E11-S3,E11,E,11,3,nic,Dell,PowerEdge XE8640,ai,NIC-CX7-100G-DP
E11-S3-FAN,E11-S3,E11,E,11,3,fan,Dell,PowerEdge XE8640,ai,FAN-GPU-HP80
E11-S4-DIMM,E11-S4,E11,E,11,4,dimm,Dell,PowerEdge XE8640,ai,MEM-DDR5-64G-4800
E11-S4-DISK,E11-S4,E11,E,11,4,disk,Dell,PowerEdge XE8640,ai,SSD-NVME-U2-3T84
E11-S4-PSU,E11-S4,E11,E,11,4,psu,Dell,PowerEdge XE8640,ai,PSU-GPU-2800W
E11-S4-NIC,E11-S4,E11,E,11,4,nic,Dell,PowerEdge XE8640,ai,NIC-CX7-100G-DP
E11-S4-FAN,E11-S4,E11,E,11,4,fan,Dell,PowerEdge XE8640,ai,FAN-GPU-HP80
E11-S5-DIMM,E11-S5,E11,E,11,5,dimm,Dell,PowerEdge XE8640,ai,MEM-DDR5-64G-4800
E11-S5-DISK,E11-S5,E11,E,11,5,disk,Dell,PowerEdge XE8640,ai,SSD-NVME-U2-3T84
E11-S5-PSU,E11-S5,E11,E,11,5,psu,Dell,PowerEdge XE8640,ai,PSU-GPU-2800W
E11-S5-NIC,E11-S5,E11,E,11,5,nic,Dell,PowerEdge XE8640,ai,NIC-CX7-100G-DP
E11-S5-FAN,E11-S5,E11,E,11,5,fan,Dell,PowerEdge XE8640,ai,FAN-GPU-HP80
E11-S6-DIMM,E11-S6,E11,E,11,6,dimm,Dell,PowerEdge XE8640,ai,MEM-DDR5-64G-4800
E11-S6-DISK,E11-S6,E11,E,11,6,disk,Dell,PowerEdge XE8640,ai,SSD-NVME-U2-3T84
E11-S6-PSU,E11-S6,E11,E,11,6,psu,Dell,PowerEdge XE8640,ai,PSU-GPU-2800W
E11-S6-NIC,E11-S6,E11,E,11,6,nic,Dell,PowerEdge XE8640,ai,NIC-CX7-100G-DP
E11-S6-FAN,E11-S6,E11,E,11,6,fan,Dell,PowerEdge XE8640,ai,FAN-GPU-HP80
E11-S7-DIMM,E11-S7,E11,E,11,7,dimm,Dell,PowerEdge XE8640,ai,MEM-DDR5-64G-4800
E11-S7-DISK,E11-S7,E11,E,11,7,disk,Dell,PowerEdge XE8640,ai,SSD-NVME-U2-3T84
E11-S7-PSU,E11-S7,E11,E,11,7,psu,Dell,PowerEdge XE8640,ai,PSU-GPU-2800W
E11-S7-NIC,E11-S7,E11,E,11,7,nic,Dell,PowerEdge XE8640,ai,NIC-CX7-100G-DP
E11-S7-FAN,E11-S7,E11,E,11,7,fan,Dell,PowerEdge XE8640,ai,FAN-GPU-HP80
E11-S8-DIMM,E11-S8,E11,E,11,8,dimm,Dell,PowerEdge XE8640,ai,MEM-DDR5-64G-4800
E11-S8-DISK,E11-S8,E11,E,11,8,disk,Dell,PowerEdge XE8640,ai,SSD-NVME-U2-3T84
E11-S8-PSU,E11-S8,E11,E,11,8,psu,Dell,PowerEdge XE8640,ai,PSU-GPU-2800W
E11-S8-NIC,E11-S8,E11,E,11,8,nic,Dell,PowerEdge XE8640,ai,NIC-CX7-100G-DP
E11-S8-FAN,E11-S8,E11,E,11,8,fan,Dell,PowerEdge XE8640,ai,FAN-GPU-HP80
E12-S1-DIMM,E12-S1,E12,E,12,1,dimm,HPE,ProLiant DL380a Gen11,ai,MEM-DDR5-64G-4800
E12-S1-DISK,E12-S1,E12,E,12,1,disk,HPE,ProLiant DL380a Gen11,ai,SSD-NVME-U2-3T84
E12-S1-PSU,E12-S1,E12,E,12,1,psu,HPE,ProLiant DL380a Gen11,ai,PSU-GPU-2800W
E12-S1-NIC,E12-S1,E12,E,12,1,nic,HPE,ProLiant DL380a Gen11,ai,NIC-CX7-100G-DP
E12-S1-FAN,E12-S1,E12,E,12,1,fan,HPE,ProLiant DL380a Gen11,ai,FAN-GPU-HP80
E12-S2-DIMM,E12-S2,E12,E,12,2,dimm,HPE,ProLiant DL380a Gen11,ai,MEM-DDR5-64G-4800
E12-S2-DISK,E12-S2,E12,E,12,2,disk,HPE,ProLiant DL380a Gen11,ai,SSD-NVME-U2-3T84
E12-S2-PSU,E12-S2,E12,E,12,2,psu,HPE,ProLiant DL380a Gen11,ai,PSU-GPU-2800W
E12-S2-NIC,E12-S2,E12,E,12,2,nic,HPE,ProLiant DL380a Gen11,ai,NIC-CX7-100G-DP
E12-S2-FAN,E12-S2,E12,E,12,2,fan,HPE,ProLiant DL380a Gen11,ai,FAN-GPU-HP80
E12-S3-DIMM,E12-S3,E12,E,12,3,dimm,HPE,ProLiant DL380a Gen11,ai,MEM-DDR5-64G-4800
E12-S3-DISK,E12-S3,E12,E,12,3,disk,HPE,ProLiant DL380a Gen11,ai,SSD-NVME-U2-3T84
E12-S3-PSU,E12-S3,E12,E,12,3,psu,HPE,ProLiant DL380a Gen11,ai,PSU-GPU-2800W
E12-S3-NIC,E12-S3,E12,E,12,3,nic,HPE,ProLiant DL380a Gen11,ai,NIC-CX7-100G-DP
E12-S3-FAN,E12-S3,E12,E,12,3,fan,HPE,ProLiant DL380a Gen11,ai,FAN-GPU-HP80
E12-S4-DIMM,E12-S4,E12,E,12,4,dimm,HPE,ProLiant DL380a Gen11,ai,MEM-DDR5-64G-4800
E12-S4-DISK,E12-S4,E12,E,12,4,disk,HPE,ProLiant DL380a Gen11,ai,SSD-NVME-U2-3T84
E12-S4-PSU,E12-S4,E12,E,12,4,psu,HPE,ProLiant DL380a Gen11,ai,PSU-GPU-2800W
E12-S4-NIC,E12-S4,E12,E,12,4,nic,HPE,ProLiant DL380a Gen11,ai,NIC-CX7-100G-DP
E12-S4-FAN,E12-S4,E12,E,12,4,fan,HPE,ProLiant DL380a Gen11,ai,FAN-GPU-HP80
E12-S5-DIMM,E12-S5,E12,E,12,5,dimm,HPE,ProLiant DL380a Gen11,ai,MEM-DDR5-64G-4800
E12-S5-DISK,E12-S5,E12,E,12,5,disk,HPE,ProLiant DL380a Gen11,ai,SSD-NVME-U2-3T84
E12-S5-PSU,E12-S5,E12,E,12,5,psu,HPE,ProLiant DL380a Gen11,ai,PSU-GPU-2800W
E12-S5-NIC,E12-S5,E12,E,12,5,nic,HPE,ProLiant DL380a Gen11,ai,NIC-CX7-100G-DP
E12-S5-FAN,E12-S5,E12,E,12,5,fan,HPE,ProLiant DL380a Gen11,ai,FAN-GPU-HP80
E12-S6-DIMM,E12-S6,E12,E,12,6,dimm,HPE,ProLiant DL380a Gen11,ai,MEM-DDR5-64G-4800
E12-S6-DISK,E12-S6,E12,E,12,6,disk,HPE,ProLiant DL380a Gen11,ai,SSD-NVME-U2-3T84
E12-S6-PSU,E12-S6,E12,E,12,6,psu,HPE,ProLiant DL380a Gen11,ai,PSU-GPU-2800W
E12-S6-NIC,E12-S6,E12,E,12,6,nic,HPE,ProLiant DL380a Gen11,ai,NIC-CX7-100G-DP
E12-S6-FAN,E12-S6,E12,E,12,6,fan,HPE,ProLiant DL380a Gen11,ai,FAN-GPU-HP80
E12-S7-DIMM,E12-S7,E12,E,12,7,dimm,HPE,ProLiant DL380a Gen11,ai,MEM-DDR5-64G-4800
E12-S7-DISK,E12-S7,E12,E,12,7,disk,HPE,ProLiant DL380a Gen11,ai,SSD-NVME-U2-3T84
E12-S7-PSU,E12-S7,E12,E,12,7,psu,HPE,ProLiant DL380a Gen11,ai,PSU-GPU-2800W
E12-S7-NIC,E12-S7,E12,E,12,7,nic,HPE,ProLiant DL380a Gen11,ai,NIC-CX7-100G-DP
E12-S7-FAN,E12-S7,E12,E,12,7,fan,HPE,ProLiant DL380a Gen11,ai,FAN-GPU-HP80
E12-S8-DIMM,E12-S8,E12,E,12,8,dimm,HPE,ProLiant DL380a Gen11,ai,MEM-DDR5-64G-4800
E12-S8-DISK,E12-S8,E12,E,12,8,disk,HPE,ProLiant DL380a Gen11,ai,SSD-NVME-U2-3T84
E12-S8-PSU,E12-S8,E12,E,12,8,psu,HPE,ProLiant DL380a Gen11,ai,PSU-GPU-2800W
E12-S8-NIC,E12-S8,E12,E,12,8,nic,HPE,ProLiant DL380a Gen11,ai,NIC-CX7-100G-DP
E12-S8-FAN,E12-S8,E12,E,12,8,fan,HPE,ProLiant DL380a Gen11,ai,FAN-GPU-HP80
E13-S1-DIMM,E13-S1,E13,E,13,1,dimm,Lenovo,ThinkSystem SR675 V3,ai,MEM-DDR5-64G-4800
E13-S1-DISK,E13-S1,E13,E,13,1,disk,Lenovo,ThinkSystem SR675 V3,ai,SSD-NVME-U2-3T84
E13-S1-PSU,E13-S1,E13,E,13,1,psu,Lenovo,ThinkSystem SR675 V3,ai,PSU-GPU-2800W
E13-S1-NIC,E13-S1,E13,E,13,1,nic,Lenovo,ThinkSystem SR675 V3,ai,NIC-CX7-100G-DP
E13-S1-FAN,E13-S1,E13,E,13,1,fan,Lenovo,ThinkSystem SR675 V3,ai,FAN-GPU-HP80
E13-S2-DIMM,E13-S2,E13,E,13,2,dimm,Lenovo,ThinkSystem SR675 V3,ai,MEM-DDR5-64G-4800
E13-S2-DISK,E13-S2,E13,E,13,2,disk,Lenovo,ThinkSystem SR675 V3,ai,SSD-NVME-U2-3T84
E13-S2-PSU,E13-S2,E13,E,13,2,psu,Lenovo,ThinkSystem SR675 V3,ai,PSU-GPU-2800W
E13-S2-NIC,E13-S2,E13,E,13,2,nic,Lenovo,ThinkSystem SR675 V3,ai,NIC-CX7-100G-DP
E13-S2-FAN,E13-S2,E13,E,13,2,fan,Lenovo,ThinkSystem SR675 V3,ai,FAN-GPU-HP80
E13-S3-DIMM,E13-S3,E13,E,13,3,dimm,Lenovo,ThinkSystem SR675 V3,ai,MEM-DDR5-64G-4800
E13-S3-DISK,E13-S3,E13,E,13,3,disk,Lenovo,ThinkSystem SR675 V3,ai,SSD-NVME-U2-3T84
E13-S3-PSU,E13-S3,E13,E,13,3,psu,Lenovo,ThinkSystem SR675 V3,ai,PSU-GPU-2800W
E13-S3-NIC,E13-S3,E13,E,13,3,nic,Lenovo,ThinkSystem SR675 V3,ai,NIC-CX7-100G-DP
E13-S3-FAN,E13-S3,E13,E,13,3,fan,Lenovo,ThinkSystem SR675 V3,ai,FAN-GPU-HP80
E13-S4-DIMM,E13-S4,E13,E,13,4,dimm,Lenovo,ThinkSystem SR675 V3,ai,MEM-DDR5-64G-4800
E13-S4-DISK,E13-S4,E13,E,13,4,disk,Lenovo,ThinkSystem SR675 V3,ai,SSD-NVME-U2-3T84
E13-S4-PSU,E13-S4,E13,E,13,4,psu,Lenovo,ThinkSystem SR675 V3,ai,PSU-GPU-2800W
E13-S4-NIC,E13-S4,E13,E,13,4,nic,Lenovo,ThinkSystem SR675 V3,ai,NIC-CX7-100G-DP
E13-S4-FAN,E13-S4,E13,E,13,4,fan,Lenovo,ThinkSystem SR675 V3,ai,FAN-GPU-HP80
E13-S5-DIMM,E13-S5,E13,E,13,5,dimm,Lenovo,ThinkSystem SR675 V3,ai,MEM-DDR5-64G-4800
E13-S5-DISK,E13-S5,E13,E,13,5,disk,Lenovo,ThinkSystem SR675 V3,ai,SSD-NVME-U2-3T84
E13-S5-PSU,E13-S5,E13,E,13,5,psu,Lenovo,ThinkSystem SR675 V3,ai,PSU-GPU-2800W
E13-S5-NIC,E13-S5,E13,E,13,5,nic,Lenovo,ThinkSystem SR675 V3,ai,NIC-CX7-100G-DP
E13-S5-FAN,E13-S5,E13,E,13,5,fan,Lenovo,ThinkSystem SR675 V3,ai,FAN-GPU-HP80
E13-S6-DIMM,E13-S6,E13,E,13,6,dimm,Lenovo,ThinkSystem SR675 V3,ai,MEM-DDR5-64G-4800
E13-S6-DISK,E13-S6,E13,E,13,6,disk,Lenovo,ThinkSystem SR675 V3,ai,SSD-NVME-U2-3T84
E13-S6-PSU,E13-S6,E13,E,13,6,psu,Lenovo,ThinkSystem SR675 V3,ai,PSU-GPU-2800W
E13-S6-NIC,E13-S6,E13,E,13,6,nic,Lenovo,ThinkSystem SR675 V3,ai,NIC-CX7-100G-DP
E13-S6-FAN,E13-S6,E13,E,13,6,fan,Lenovo,ThinkSystem SR675 V3,ai,FAN-GPU-HP80
E13-S7-DIMM,E13-S7,E13,E,13,7,dimm,Lenovo,ThinkSystem SR675 V3,ai,MEM-DDR5-64G-4800
E13-S7-DISK,E13-S7,E13,E,13,7,disk,Lenovo,ThinkSystem SR675 V3,ai,SSD-NVME-U2-3T84
E13-S7-PSU,E13-S7,E13,E,13,7,psu,Lenovo,ThinkSystem SR675 V3,ai,PSU-GPU-2800W
E13-S7-NIC,E13-S7,E13,E,13,7,nic,Lenovo,ThinkSystem SR675 V3,ai,NIC-CX7-100G-DP
E13-S7-FAN,E13-S7,E13,E,13,7,fan,Lenovo,ThinkSystem SR675 V3,ai,FAN-GPU-HP80
E13-S8-DIMM,E13-S8,E13,E,13,8,dimm,Lenovo,ThinkSystem SR675 V3,ai,MEM-DDR5-64G-4800
E13-S8-DISK,E13-S8,E13,E,13,8,disk,Lenovo,ThinkSystem SR675 V3,ai,SSD-NVME-U2-3T84
E13-S8-PSU,E13-S8,E13,E,13,8,psu,Lenovo,ThinkSystem SR675 V3,ai,PSU-GPU-2800W
E13-S8-NIC,E13-S8,E13,E,13,8,nic,Lenovo,ThinkSystem SR675 V3,ai,NIC-CX7-100G-DP
E13-S8-FAN,E13-S8,E13,E,13,8,fan,Lenovo,ThinkSystem SR675 V3,ai,FAN-GPU-HP80
E14-S1-DIMM,E14-S1,E14,E,14,1,dimm,Dell,PowerEdge XE8640,ai,MEM-DDR5-64G-4800
E14-S1-DISK,E14-S1,E14,E,14,1,disk,Dell,PowerEdge XE8640,ai,SSD-NVME-U2-3T84
E14-S1-PSU,E14-S1,E14,E,14,1,psu,Dell,PowerEdge XE8640,ai,PSU-GPU-2800W
E14-S1-NIC,E14-S1,E14,E,14,1,nic,Dell,PowerEdge XE8640,ai,NIC-CX7-100G-DP
E14-S1-FAN,E14-S1,E14,E,14,1,fan,Dell,PowerEdge XE8640,ai,FAN-GPU-HP80
E14-S2-DIMM,E14-S2,E14,E,14,2,dimm,Dell,PowerEdge XE8640,ai,MEM-DDR5-64G-4800
E14-S2-DISK,E14-S2,E14,E,14,2,disk,Dell,PowerEdge XE8640,ai,SSD-NVME-U2-3T84
E14-S2-PSU,E14-S2,E14,E,14,2,psu,Dell,PowerEdge XE8640,ai,PSU-GPU-2800W
E14-S2-NIC,E14-S2,E14,E,14,2,nic,Dell,PowerEdge XE8640,ai,NIC-CX7-100G-DP
E14-S2-FAN,E14-S2,E14,E,14,2,fan,Dell,PowerEdge XE8640,ai,FAN-GPU-HP80
E14-S3-DIMM,E14-S3,E14,E,14,3,dimm,Dell,PowerEdge XE8640,ai,MEM-DDR5-64G-4800
E14-S3-DISK,E14-S3,E14,E,14,3,disk,Dell,PowerEdge XE8640,ai,SSD-NVME-U2-3T84
E14-S3-PSU,E14-S3,E14,E,14,3,psu,Dell,PowerEdge XE8640,ai,PSU-GPU-2800W
E14-S3-NIC,E14-S3,E14,E,14,3,nic,Dell,PowerEdge XE8640,ai,NIC-CX7-100G-DP
E14-S3-FAN,E14-S3,E14,E,14,3,fan,Dell,PowerEdge XE8640,ai,FAN-GPU-HP80
E14-S4-DIMM,E14-S4,E14,E,14,4,dimm,Dell,PowerEdge XE8640,ai,MEM-DDR5-64G-4800
E14-S4-DISK,E14-S4,E14,E,14,4,disk,Dell,PowerEdge XE8640,ai,SSD-NVME-U2-3T84
E14-S4-PSU,E14-S4,E14,E,14,4,psu,Dell,PowerEdge XE8640,ai,PSU-GPU-2800W
E14-S4-NIC,E14-S4,E14,E,14,4,nic,Dell,PowerEdge XE8640,ai,NIC-CX7-100G-DP
E14-S4-FAN,E14-S4,E14,E,14,4,fan,Dell,PowerEdge XE8640,ai,FAN-GPU-HP80
E14-S5-DIMM,E14-S5,E14,E,14,5,dimm,Dell,PowerEdge XE8640,ai,MEM-DDR5-64G-4800
E14-S5-DISK,E14-S5,E14,E,14,5,disk,Dell,PowerEdge XE8640,ai,SSD-NVME-U2-3T84
E14-S5-PSU,E14-S5,E14,E,14,5,psu,Dell,PowerEdge XE8640,ai,PSU-GPU-2800W
E14-S5-NIC,E14-S5,E14,E,14,5,nic,Dell,PowerEdge XE8640,ai,NIC-CX7-100G-DP
E14-S5-FAN,E14-S5,E14,E,14,5,fan,Dell,PowerEdge XE8640,ai,FAN-GPU-HP80
E14-S6-DIMM,E14-S6,E14,E,14,6,dimm,Dell,PowerEdge XE8640,ai,MEM-DDR5-64G-4800
E14-S6-DISK,E14-S6,E14,E,14,6,disk,Dell,PowerEdge XE8640,ai,SSD-NVME-U2-3T84
E14-S6-PSU,E14-S6,E14,E,14,6,psu,Dell,PowerEdge XE8640,ai,PSU-GPU-2800W
E14-S6-NIC,E14-S6,E14,E,14,6,nic,Dell,PowerEdge XE8640,ai,NIC-CX7-100G-DP
E14-S6-FAN,E14-S6,E14,E,14,6,fan,Dell,PowerEdge XE8640,ai,FAN-GPU-HP80
E14-S7-DIMM,E14-S7,E14,E,14,7,dimm,Dell,PowerEdge XE8640,ai,MEM-DDR5-64G-4800
E14-S7-DISK,E14-S7,E14,E,14,7,disk,Dell,PowerEdge XE8640,ai,SSD-NVME-U2-3T84
E14-S7-PSU,E14-S7,E14,E,14,7,psu,Dell,PowerEdge XE8640,ai,PSU-GPU-2800W
E14-S7-NIC,E14-S7,E14,E,14,7,nic,Dell,PowerEdge XE8640,ai,NIC-CX7-100G-DP
E14-S7-FAN,E14-S7,E14,E,14,7,fan,Dell,PowerEdge XE8640,ai,FAN-GPU-HP80
E14-S8-DIMM,E14-S8,E14,E,14,8,dimm,Dell,PowerEdge XE8640,ai,MEM-DDR5-64G-4800
E14-S8-DISK,E14-S8,E14,E,14,8,disk,Dell,PowerEdge XE8640,ai,SSD-NVME-U2-3T84
E14-S8-PSU,E14-S8,E14,E,14,8,psu,Dell,PowerEdge XE8640,ai,PSU-GPU-2800W
E14-S8-NIC,E14-S8,E14,E,14,8,nic,Dell,PowerEdge XE8640,ai,NIC-CX7-100G-DP
E14-S8-FAN,E14-S8,E14,E,14,8,fan,Dell,PowerEdge XE8640,ai,FAN-GPU-HP80
E15-S1-DIMM,E15-S1,E15,E,15,1,dimm,HPE,ProLiant DL380a Gen11,ai,MEM-DDR5-64G-4800
E15-S1-DISK,E15-S1,E15,E,15,1,disk,HPE,ProLiant DL380a Gen11,ai,SSD-NVME-U2-3T84
E15-S1-PSU,E15-S1,E15,E,15,1,psu,HPE,ProLiant DL380a Gen11,ai,PSU-GPU-2800W
E15-S1-NIC,E15-S1,E15,E,15,1,nic,HPE,ProLiant DL380a Gen11,ai,NIC-CX7-100G-DP
E15-S1-FAN,E15-S1,E15,E,15,1,fan,HPE,ProLiant DL380a Gen11,ai,FAN-GPU-HP80
E15-S2-DIMM,E15-S2,E15,E,15,2,dimm,HPE,ProLiant DL380a Gen11,ai,MEM-DDR5-64G-4800
E15-S2-DISK,E15-S2,E15,E,15,2,disk,HPE,ProLiant DL380a Gen11,ai,SSD-NVME-U2-3T84
E15-S2-PSU,E15-S2,E15,E,15,2,psu,HPE,ProLiant DL380a Gen11,ai,PSU-GPU-2800W
E15-S2-NIC,E15-S2,E15,E,15,2,nic,HPE,ProLiant DL380a Gen11,ai,NIC-CX7-100G-DP
E15-S2-FAN,E15-S2,E15,E,15,2,fan,HPE,ProLiant DL380a Gen11,ai,FAN-GPU-HP80
E15-S3-DIMM,E15-S3,E15,E,15,3,dimm,HPE,ProLiant DL380a Gen11,ai,MEM-DDR5-64G-4800
E15-S3-DISK,E15-S3,E15,E,15,3,disk,HPE,ProLiant DL380a Gen11,ai,SSD-NVME-U2-3T84
E15-S3-PSU,E15-S3,E15,E,15,3,psu,HPE,ProLiant DL380a Gen11,ai,PSU-GPU-2800W
E15-S3-NIC,E15-S3,E15,E,15,3,nic,HPE,ProLiant DL380a Gen11,ai,NIC-CX7-100G-DP
E15-S3-FAN,E15-S3,E15,E,15,3,fan,HPE,ProLiant DL380a Gen11,ai,FAN-GPU-HP80
E15-S4-DIMM,E15-S4,E15,E,15,4,dimm,HPE,ProLiant DL380a Gen11,ai,MEM-DDR5-64G-4800
E15-S4-DISK,E15-S4,E15,E,15,4,disk,HPE,ProLiant DL380a Gen11,ai,SSD-NVME-U2-3T84
E15-S4-PSU,E15-S4,E15,E,15,4,psu,HPE,ProLiant DL380a Gen11,ai,PSU-GPU-2800W
E15-S4-NIC,E15-S4,E15,E,15,4,nic,HPE,ProLiant DL380a Gen11,ai,NIC-CX7-100G-DP
E15-S4-FAN,E15-S4,E15,E,15,4,fan,HPE,ProLiant DL380a Gen11,ai,FAN-GPU-HP80
E15-S5-DIMM,E15-S5,E15,E,15,5,dimm,HPE,ProLiant DL380a Gen11,ai,MEM-DDR5-64G-4800
E15-S5-DISK,E15-S5,E15,E,15,5,disk,HPE,ProLiant DL380a Gen11,ai,SSD-NVME-U2-3T84
E15-S5-PSU,E15-S5,E15,E,15,5,psu,HPE,ProLiant DL380a Gen11,ai,PSU-GPU-2800W
E15-S5-NIC,E15-S5,E15,E,15,5,nic,HPE,ProLiant DL380a Gen11,ai,NIC-CX7-100G-DP
E15-S5-FAN,E15-S5,E15,E,15,5,fan,HPE,ProLiant DL380a Gen11,ai,FAN-GPU-HP80
E15-S6-DIMM,E15-S6,E15,E,15,6,dimm,HPE,ProLiant DL380a Gen11,ai,MEM-DDR5-64G-4800
E15-S6-DISK,E15-S6,E15,E,15,6,disk,HPE,ProLiant DL380a Gen11,ai,SSD-NVME-U2-3T84
E15-S6-PSU,E15-S6,E15,E,15,6,psu,HPE,ProLiant DL380a Gen11,ai,PSU-GPU-2800W
E15-S6-NIC,E15-S6,E15,E,15,6,nic,HPE,ProLiant DL380a Gen11,ai,NIC-CX7-100G-DP
E15-S6-FAN,E15-S6,E15,E,15,6,fan,HPE,ProLiant DL380a Gen11,ai,FAN-GPU-HP80
E15-S7-DIMM,E15-S7,E15,E,15,7,dimm,HPE,ProLiant DL380a Gen11,ai,MEM-DDR5-64G-4800
E15-S7-DISK,E15-S7,E15,E,15,7,disk,HPE,ProLiant DL380a Gen11,ai,SSD-NVME-U2-3T84
E15-S7-PSU,E15-S7,E15,E,15,7,psu,HPE,ProLiant DL380a Gen11,ai,PSU-GPU-2800W
E15-S7-NIC,E15-S7,E15,E,15,7,nic,HPE,ProLiant DL380a Gen11,ai,NIC-CX7-100G-DP
E15-S7-FAN,E15-S7,E15,E,15,7,fan,HPE,ProLiant DL380a Gen11,ai,FAN-GPU-HP80
E15-S8-DIMM,E15-S8,E15,E,15,8,dimm,HPE,ProLiant DL380a Gen11,ai,MEM-DDR5-64G-4800
E15-S8-DISK,E15-S8,E15,E,15,8,disk,HPE,ProLiant DL380a Gen11,ai,SSD-NVME-U2-3T84
E15-S8-PSU,E15-S8,E15,E,15,8,psu,HPE,ProLiant DL380a Gen11,ai,PSU-GPU-2800W
E15-S8-NIC,E15-S8,E15,E,15,8,nic,HPE,ProLiant DL380a Gen11,ai,NIC-CX7-100G-DP
E15-S8-FAN,E15-S8,E15,E,15,8,fan,HPE,ProLiant DL380a Gen11,ai,FAN-GPU-HP80
E16-S1-DIMM,E16-S1,E16,E,16,1,dimm,Lenovo,ThinkSystem SR675 V3,ai,MEM-DDR5-64G-4800
E16-S1-DISK,E16-S1,E16,E,16,1,disk,Lenovo,ThinkSystem SR675 V3,ai,SSD-NVME-U2-3T84
E16-S1-PSU,E16-S1,E16,E,16,1,psu,Lenovo,ThinkSystem SR675 V3,ai,PSU-GPU-2800W
E16-S1-NIC,E16-S1,E16,E,16,1,nic,Lenovo,ThinkSystem SR675 V3,ai,NIC-CX7-100G-DP
E16-S1-FAN,E16-S1,E16,E,16,1,fan,Lenovo,ThinkSystem SR675 V3,ai,FAN-GPU-HP80
E16-S2-DIMM,E16-S2,E16,E,16,2,dimm,Lenovo,ThinkSystem SR675 V3,ai,MEM-DDR5-64G-4800
E16-S2-DISK,E16-S2,E16,E,16,2,disk,Lenovo,ThinkSystem SR675 V3,ai,SSD-NVME-U2-3T84
E16-S2-PSU,E16-S2,E16,E,16,2,psu,Lenovo,ThinkSystem SR675 V3,ai,PSU-GPU-2800W
E16-S2-NIC,E16-S2,E16,E,16,2,nic,Lenovo,ThinkSystem SR675 V3,ai,NIC-CX7-100G-DP
E16-S2-FAN,E16-S2,E16,E,16,2,fan,Lenovo,ThinkSystem SR675 V3,ai,FAN-GPU-HP80
E16-S3-DIMM,E16-S3,E16,E,16,3,dimm,Lenovo,ThinkSystem SR675 V3,ai,MEM-DDR5-64G-4800
E16-S3-DISK,E16-S3,E16,E,16,3,disk,Lenovo,ThinkSystem SR675 V3,ai,SSD-NVME-U2-3T84
E16-S3-PSU,E16-S3,E16,E,16,3,psu,Lenovo,ThinkSystem SR675 V3,ai,PSU-GPU-2800W
E16-S3-NIC,E16-S3,E16,E,16,3,nic,Lenovo,ThinkSystem SR675 V3,ai,NIC-CX7-100G-DP
E16-S3-FAN,E16-S3,E16,E,16,3,fan,Lenovo,ThinkSystem SR675 V3,ai,FAN-GPU-HP80
E16-S4-DIMM,E16-S4,E16,E,16,4,dimm,Lenovo,ThinkSystem SR675 V3,ai,MEM-DDR5-64G-4800
E16-S4-DISK,E16-S4,E16,E,16,4,disk,Lenovo,ThinkSystem SR675 V3,ai,SSD-NVME-U2-3T84
E16-S4-PSU,E16-S4,E16,E,16,4,psu,Lenovo,ThinkSystem SR675 V3,ai,PSU-GPU-2800W
E16-S4-NIC,E16-S4,E16,E,16,4,nic,Lenovo,ThinkSystem SR675 V3,ai,NIC-CX7-100G-DP
E16-S4-FAN,E16-S4,E16,E,16,4,fan,Lenovo,ThinkSystem SR675 V3,ai,FAN-GPU-HP80
E16-S5-DIMM,E16-S5,E16,E,16,5,dimm,Lenovo,ThinkSystem SR675 V3,ai,MEM-DDR5-64G-4800
E16-S5-DISK,E16-S5,E16,E,16,5,disk,Lenovo,ThinkSystem SR675 V3,ai,SSD-NVME-U2-3T84
E16-S5-PSU,E16-S5,E16,E,16,5,psu,Lenovo,ThinkSystem SR675 V3,ai,PSU-GPU-2800W
E16-S5-NIC,E16-S5,E16,E,16,5,nic,Lenovo,ThinkSystem SR675 V3,ai,NIC-CX7-100G-DP
E16-S5-FAN,E16-S5,E16,E,16,5,fan,Lenovo,ThinkSystem SR675 V3,ai,FAN-GPU-HP80
E16-S6-DIMM,E16-S6,E16,E,16,6,dimm,Lenovo,ThinkSystem SR675 V3,ai,MEM-DDR5-64G-4800
E16-S6-DISK,E16-S6,E16,E,16,6,disk,Lenovo,ThinkSystem SR675 V3,ai,SSD-NVME-U2-3T84
E16-S6-PSU,E16-S6,E16,E,16,6,psu,Lenovo,ThinkSystem SR675 V3,ai,PSU-GPU-2800W
E16-S6-NIC,E16-S6,E16,E,16,6,nic,Lenovo,ThinkSystem SR675 V3,ai,NIC-CX7-100G-DP
E16-S6-FAN,E16-S6,E16,E,16,6,fan,Lenovo,ThinkSystem SR675 V3,ai,FAN-GPU-HP80
E16-S7-DIMM,E16-S7,E16,E,16,7,dimm,Lenovo,ThinkSystem SR675 V3,ai,MEM-DDR5-64G-4800
E16-S7-DISK,E16-S7,E16,E,16,7,disk,Lenovo,ThinkSystem SR675 V3,ai,SSD-NVME-U2-3T84
E16-S7-PSU,E16-S7,E16,E,16,7,psu,Lenovo,ThinkSystem SR675 V3,ai,PSU-GPU-2800W
E16-S7-NIC,E16-S7,E16,E,16,7,nic,Lenovo,ThinkSystem SR675 V3,ai,NIC-CX7-100G-DP
E16-S7-FAN,E16-S7,E16,E,16,7,fan,Lenovo,ThinkSystem SR675 V3,ai,FAN-GPU-HP80
E16-S8-DIMM,E16-S8,E16,E,16,8,dimm,Lenovo,ThinkSystem SR675 V3,ai,MEM-DDR5-64G-4800
E16-S8-DISK,E16-S8,E16,E,16,8,disk,Lenovo,ThinkSystem SR675 V3,ai,SSD-NVME-U2-3T84
E16-S8-PSU,E16-S8,E16,E,16,8,psu,Lenovo,ThinkSystem SR675 V3,ai,PSU-GPU-2800W
E16-S8-NIC,E16-S8,E16,E,16,8,nic,Lenovo,ThinkSystem SR675 V3,ai,NIC-CX7-100G-DP
E16-S8-FAN,E16-S8,E16,E,16,8,fan,Lenovo,ThinkSystem SR675 V3,ai,FAN-GPU-HP80
E17-S1-DIMM,E17-S1,E17,E,17,1,dimm,Dell,PowerEdge XE8640,ai,MEM-DDR5-64G-4800
E17-S1-DISK,E17-S1,E17,E,17,1,disk,Dell,PowerEdge XE8640,ai,SSD-NVME-U2-3T84
E17-S1-PSU,E17-S1,E17,E,17,1,psu,Dell,PowerEdge XE8640,ai,PSU-GPU-2800W
E17-S1-NIC,E17-S1,E17,E,17,1,nic,Dell,PowerEdge XE8640,ai,NIC-CX7-100G-DP
E17-S1-FAN,E17-S1,E17,E,17,1,fan,Dell,PowerEdge XE8640,ai,FAN-GPU-HP80
E17-S2-DIMM,E17-S2,E17,E,17,2,dimm,Dell,PowerEdge XE8640,ai,MEM-DDR5-64G-4800
E17-S2-DISK,E17-S2,E17,E,17,2,disk,Dell,PowerEdge XE8640,ai,SSD-NVME-U2-3T84
E17-S2-PSU,E17-S2,E17,E,17,2,psu,Dell,PowerEdge XE8640,ai,PSU-GPU-2800W
E17-S2-NIC,E17-S2,E17,E,17,2,nic,Dell,PowerEdge XE8640,ai,NIC-CX7-100G-DP
E17-S2-FAN,E17-S2,E17,E,17,2,fan,Dell,PowerEdge XE8640,ai,FAN-GPU-HP80
E17-S3-DIMM,E17-S3,E17,E,17,3,dimm,Dell,PowerEdge XE8640,ai,MEM-DDR5-64G-4800
E17-S3-DISK,E17-S3,E17,E,17,3,disk,Dell,PowerEdge XE8640,ai,SSD-NVME-U2-3T84
E17-S3-PSU,E17-S3,E17,E,17,3,psu,Dell,PowerEdge XE8640,ai,PSU-GPU-2800W
E17-S3-NIC,E17-S3,E17,E,17,3,nic,Dell,PowerEdge XE8640,ai,NIC-CX7-100G-DP
E17-S3-FAN,E17-S3,E17,E,17,3,fan,Dell,PowerEdge XE8640,ai,FAN-GPU-HP80
E17-S4-DIMM,E17-S4,E17,E,17,4,dimm,Dell,PowerEdge XE8640,ai,MEM-DDR5-64G-4800
E17-S4-DISK,E17-S4,E17,E,17,4,disk,Dell,PowerEdge XE8640,ai,SSD-NVME-U2-3T84
E17-S4-PSU,E17-S4,E17,E,17,4,psu,Dell,PowerEdge XE8640,ai,PSU-GPU-2800W
E17-S4-NIC,E17-S4,E17,E,17,4,nic,Dell,PowerEdge XE8640,ai,NIC-CX7-100G-DP
E17-S4-FAN,E17-S4,E17,E,17,4,fan,Dell,PowerEdge XE8640,ai,FAN-GPU-HP80
E17-S5-DIMM,E17-S5,E17,E,17,5,dimm,Dell,PowerEdge XE8640,ai,MEM-DDR5-64G-4800
E17-S5-DISK,E17-S5,E17,E,17,5,disk,Dell,PowerEdge XE8640,ai,SSD-NVME-U2-3T84
E17-S5-PSU,E17-S5,E17,E,17,5,psu,Dell,PowerEdge XE8640,ai,PSU-GPU-2800W
E17-S5-NIC,E17-S5,E17,E,17,5,nic,Dell,PowerEdge XE8640,ai,NIC-CX7-100G-DP
E17-S5-FAN,E17-S5,E17,E,17,5,fan,Dell,PowerEdge XE8640,ai,FAN-GPU-HP80
E17-S6-DIMM,E17-S6,E17,E,17,6,dimm,Dell,PowerEdge XE8640,ai,MEM-DDR5-64G-4800
E17-S6-DISK,E17-S6,E17,E,17,6,disk,Dell,PowerEdge XE8640,ai,SSD-NVME-U2-3T84
E17-S6-PSU,E17-S6,E17,E,17,6,psu,Dell,PowerEdge XE8640,ai,PSU-GPU-2800W
E17-S6-NIC,E17-S6,E17,E,17,6,nic,Dell,PowerEdge XE8640,ai,NIC-CX7-100G-DP
E17-S6-FAN,E17-S6,E17,E,17,6,fan,Dell,PowerEdge XE8640,ai,FAN-GPU-HP80
E17-S7-DIMM,E17-S7,E17,E,17,7,dimm,Dell,PowerEdge XE8640,ai,MEM-DDR5-64G-4800
E17-S7-DISK,E17-S7,E17,E,17,7,disk,Dell,PowerEdge XE8640,ai,SSD-NVME-U2-3T84
E17-S7-PSU,E17-S7,E17,E,17,7,psu,Dell,PowerEdge XE8640,ai,PSU-GPU-2800W
E17-S7-NIC,E17-S7,E17,E,17,7,nic,Dell,PowerEdge XE8640,ai,NIC-CX7-100G-DP
E17-S7-FAN,E17-S7,E17,E,17,7,fan,Dell,PowerEdge XE8640,ai,FAN-GPU-HP80
E17-S8-DIMM,E17-S8,E17,E,17,8,dimm,Dell,PowerEdge XE8640,ai,MEM-DDR5-64G-4800
E17-S8-DISK,E17-S8,E17,E,17,8,disk,Dell,PowerEdge XE8640,ai,SSD-NVME-U2-3T84
E17-S8-PSU,E17-S8,E17,E,17,8,psu,Dell,PowerEdge XE8640,ai,PSU-GPU-2800W
E17-S8-NIC,E17-S8,E17,E,17,8,nic,Dell,PowerEdge XE8640,ai,NIC-CX7-100G-DP
E17-S8-FAN,E17-S8,E17,E,17,8,fan,Dell,PowerEdge XE8640,ai,FAN-GPU-HP80
E18-S1-DIMM,E18-S1,E18,E,18,1,dimm,HPE,ProLiant DL380a Gen11,ai,MEM-DDR5-64G-4800
E18-S1-DISK,E18-S1,E18,E,18,1,disk,HPE,ProLiant DL380a Gen11,ai,SSD-NVME-U2-3T84
E18-S1-PSU,E18-S1,E18,E,18,1,psu,HPE,ProLiant DL380a Gen11,ai,PSU-GPU-2800W
E18-S1-NIC,E18-S1,E18,E,18,1,nic,HPE,ProLiant DL380a Gen11,ai,NIC-CX7-100G-DP
E18-S1-FAN,E18-S1,E18,E,18,1,fan,HPE,ProLiant DL380a Gen11,ai,FAN-GPU-HP80
E18-S2-DIMM,E18-S2,E18,E,18,2,dimm,HPE,ProLiant DL380a Gen11,ai,MEM-DDR5-64G-4800
E18-S2-DISK,E18-S2,E18,E,18,2,disk,HPE,ProLiant DL380a Gen11,ai,SSD-NVME-U2-3T84
E18-S2-PSU,E18-S2,E18,E,18,2,psu,HPE,ProLiant DL380a Gen11,ai,PSU-GPU-2800W
E18-S2-NIC,E18-S2,E18,E,18,2,nic,HPE,ProLiant DL380a Gen11,ai,NIC-CX7-100G-DP
E18-S2-FAN,E18-S2,E18,E,18,2,fan,HPE,ProLiant DL380a Gen11,ai,FAN-GPU-HP80
E18-S3-DIMM,E18-S3,E18,E,18,3,dimm,HPE,ProLiant DL380a Gen11,ai,MEM-DDR5-64G-4800
E18-S3-DISK,E18-S3,E18,E,18,3,disk,HPE,ProLiant DL380a Gen11,ai,SSD-NVME-U2-3T84
E18-S3-PSU,E18-S3,E18,E,18,3,psu,HPE,ProLiant DL380a Gen11,ai,PSU-GPU-2800W
E18-S3-NIC,E18-S3,E18,E,18,3,nic,HPE,ProLiant DL380a Gen11,ai,NIC-CX7-100G-DP
E18-S3-FAN,E18-S3,E18,E,18,3,fan,HPE,ProLiant DL380a Gen11,ai,FAN-GPU-HP80
E18-S4-DIMM,E18-S4,E18,E,18,4,dimm,HPE,ProLiant DL380a Gen11,ai,MEM-DDR5-64G-4800
E18-S4-DISK,E18-S4,E18,E,18,4,disk,HPE,ProLiant DL380a Gen11,ai,SSD-NVME-U2-3T84
E18-S4-PSU,E18-S4,E18,E,18,4,psu,HPE,ProLiant DL380a Gen11,ai,PSU-GPU-2800W
E18-S4-NIC,E18-S4,E18,E,18,4,nic,HPE,ProLiant DL380a Gen11,ai,NIC-CX7-100G-DP
E18-S4-FAN,E18-S4,E18,E,18,4,fan,HPE,ProLiant DL380a Gen11,ai,FAN-GPU-HP80
E18-S5-DIMM,E18-S5,E18,E,18,5,dimm,HPE,ProLiant DL380a Gen11,ai,MEM-DDR5-64G-4800
E18-S5-DISK,E18-S5,E18,E,18,5,disk,HPE,ProLiant DL380a Gen11,ai,SSD-NVME-U2-3T84
E18-S5-PSU,E18-S5,E18,E,18,5,psu,HPE,ProLiant DL380a Gen11,ai,PSU-GPU-2800W
E18-S5-NIC,E18-S5,E18,E,18,5,nic,HPE,ProLiant DL380a Gen11,ai,NIC-CX7-100G-DP
E18-S5-FAN,E18-S5,E18,E,18,5,fan,HPE,ProLiant DL380a Gen11,ai,FAN-GPU-HP80
E18-S6-DIMM,E18-S6,E18,E,18,6,dimm,HPE,ProLiant DL380a Gen11,ai,MEM-DDR5-64G-4800
E18-S6-DISK,E18-S6,E18,E,18,6,disk,HPE,ProLiant DL380a Gen11,ai,SSD-NVME-U2-3T84
E18-S6-PSU,E18-S6,E18,E,18,6,psu,HPE,ProLiant DL380a Gen11,ai,PSU-GPU-2800W
E18-S6-NIC,E18-S6,E18,E,18,6,nic,HPE,ProLiant DL380a Gen11,ai,NIC-CX7-100G-DP
E18-S6-FAN,E18-S6,E18,E,18,6,fan,HPE,ProLiant DL380a Gen11,ai,FAN-GPU-HP80
E18-S7-DIMM,E18-S7,E18,E,18,7,dimm,HPE,ProLiant DL380a Gen11,ai,MEM-DDR5-64G-4800
E18-S7-DISK,E18-S7,E18,E,18,7,disk,HPE,ProLiant DL380a Gen11,ai,SSD-NVME-U2-3T84
E18-S7-PSU,E18-S7,E18,E,18,7,psu,HPE,ProLiant DL380a Gen11,ai,PSU-GPU-2800W
E18-S7-NIC,E18-S7,E18,E,18,7,nic,HPE,ProLiant DL380a Gen11,ai,NIC-CX7-100G-DP
E18-S7-FAN,E18-S7,E18,E,18,7,fan,HPE,ProLiant DL380a Gen11,ai,FAN-GPU-HP80
E18-S8-DIMM,E18-S8,E18,E,18,8,dimm,HPE,ProLiant DL380a Gen11,ai,MEM-DDR5-64G-4800
E18-S8-DISK,E18-S8,E18,E,18,8,disk,HPE,ProLiant DL380a Gen11,ai,SSD-NVME-U2-3T84
E18-S8-PSU,E18-S8,E18,E,18,8,psu,HPE,ProLiant DL380a Gen11,ai,PSU-GPU-2800W
E18-S8-NIC,E18-S8,E18,E,18,8,nic,HPE,ProLiant DL380a Gen11,ai,NIC-CX7-100G-DP
E18-S8-FAN,E18-S8,E18,E,18,8,fan,HPE,ProLiant DL380a Gen11,ai,FAN-GPU-HP80
E19-S1-DIMM,E19-S1,E19,E,19,1,dimm,Lenovo,ThinkSystem SR675 V3,ai,MEM-DDR5-64G-4800
E19-S1-DISK,E19-S1,E19,E,19,1,disk,Lenovo,ThinkSystem SR675 V3,ai,SSD-NVME-U2-3T84
E19-S1-PSU,E19-S1,E19,E,19,1,psu,Lenovo,ThinkSystem SR675 V3,ai,PSU-GPU-2800W
E19-S1-NIC,E19-S1,E19,E,19,1,nic,Lenovo,ThinkSystem SR675 V3,ai,NIC-CX7-100G-DP
E19-S1-FAN,E19-S1,E19,E,19,1,fan,Lenovo,ThinkSystem SR675 V3,ai,FAN-GPU-HP80
E19-S2-DIMM,E19-S2,E19,E,19,2,dimm,Lenovo,ThinkSystem SR675 V3,ai,MEM-DDR5-64G-4800
E19-S2-DISK,E19-S2,E19,E,19,2,disk,Lenovo,ThinkSystem SR675 V3,ai,SSD-NVME-U2-3T84
E19-S2-PSU,E19-S2,E19,E,19,2,psu,Lenovo,ThinkSystem SR675 V3,ai,PSU-GPU-2800W
E19-S2-NIC,E19-S2,E19,E,19,2,nic,Lenovo,ThinkSystem SR675 V3,ai,NIC-CX7-100G-DP
E19-S2-FAN,E19-S2,E19,E,19,2,fan,Lenovo,ThinkSystem SR675 V3,ai,FAN-GPU-HP80
E19-S3-DIMM,E19-S3,E19,E,19,3,dimm,Lenovo,ThinkSystem SR675 V3,ai,MEM-DDR5-64G-4800
E19-S3-DISK,E19-S3,E19,E,19,3,disk,Lenovo,ThinkSystem SR675 V3,ai,SSD-NVME-U2-3T84
E19-S3-PSU,E19-S3,E19,E,19,3,psu,Lenovo,ThinkSystem SR675 V3,ai,PSU-GPU-2800W
E19-S3-NIC,E19-S3,E19,E,19,3,nic,Lenovo,ThinkSystem SR675 V3,ai,NIC-CX7-100G-DP
E19-S3-FAN,E19-S3,E19,E,19,3,fan,Lenovo,ThinkSystem SR675 V3,ai,FAN-GPU-HP80
E19-S4-DIMM,E19-S4,E19,E,19,4,dimm,Lenovo,ThinkSystem SR675 V3,ai,MEM-DDR5-64G-4800
E19-S4-DISK,E19-S4,E19,E,19,4,disk,Lenovo,ThinkSystem SR675 V3,ai,SSD-NVME-U2-3T84
E19-S4-PSU,E19-S4,E19,E,19,4,psu,Lenovo,ThinkSystem SR675 V3,ai,PSU-GPU-2800W
E19-S4-NIC,E19-S4,E19,E,19,4,nic,Lenovo,ThinkSystem SR675 V3,ai,NIC-CX7-100G-DP
E19-S4-FAN,E19-S4,E19,E,19,4,fan,Lenovo,ThinkSystem SR675 V3,ai,FAN-GPU-HP80
E19-S5-DIMM,E19-S5,E19,E,19,5,dimm,Lenovo,ThinkSystem SR675 V3,ai,MEM-DDR5-64G-4800
E19-S5-DISK,E19-S5,E19,E,19,5,disk,Lenovo,ThinkSystem SR675 V3,ai,SSD-NVME-U2-3T84
E19-S5-PSU,E19-S5,E19,E,19,5,psu,Lenovo,ThinkSystem SR675 V3,ai,PSU-GPU-2800W
E19-S5-NIC,E19-S5,E19,E,19,5,nic,Lenovo,ThinkSystem SR675 V3,ai,NIC-CX7-100G-DP
E19-S5-FAN,E19-S5,E19,E,19,5,fan,Lenovo,ThinkSystem SR675 V3,ai,FAN-GPU-HP80
E19-S6-DIMM,E19-S6,E19,E,19,6,dimm,Lenovo,ThinkSystem SR675 V3,ai,MEM-DDR5-64G-4800
E19-S6-DISK,E19-S6,E19,E,19,6,disk,Lenovo,ThinkSystem SR675 V3,ai,SSD-NVME-U2-3T84
E19-S6-PSU,E19-S6,E19,E,19,6,psu,Lenovo,ThinkSystem SR675 V3,ai,PSU-GPU-2800W
E19-S6-NIC,E19-S6,E19,E,19,6,nic,Lenovo,ThinkSystem SR675 V3,ai,NIC-CX7-100G-DP
E19-S6-FAN,E19-S6,E19,E,19,6,fan,Lenovo,ThinkSystem SR675 V3,ai,FAN-GPU-HP80
E19-S7-DIMM,E19-S7,E19,E,19,7,dimm,Lenovo,ThinkSystem SR675 V3,ai,MEM-DDR5-64G-4800
E19-S7-DISK,E19-S7,E19,E,19,7,disk,Lenovo,ThinkSystem SR675 V3,ai,SSD-NVME-U2-3T84
E19-S7-PSU,E19-S7,E19,E,19,7,psu,Lenovo,ThinkSystem SR675 V3,ai,PSU-GPU-2800W
E19-S7-NIC,E19-S7,E19,E,19,7,nic,Lenovo,ThinkSystem SR675 V3,ai,NIC-CX7-100G-DP
E19-S7-FAN,E19-S7,E19,E,19,7,fan,Lenovo,ThinkSystem SR675 V3,ai,FAN-GPU-HP80
E19-S8-DIMM,E19-S8,E19,E,19,8,dimm,Lenovo,ThinkSystem SR675 V3,ai,MEM-DDR5-64G-4800
E19-S8-DISK,E19-S8,E19,E,19,8,disk,Lenovo,ThinkSystem SR675 V3,ai,SSD-NVME-U2-3T84
E19-S8-PSU,E19-S8,E19,E,19,8,psu,Lenovo,ThinkSystem SR675 V3,ai,PSU-GPU-2800W
E19-S8-NIC,E19-S8,E19,E,19,8,nic,Lenovo,ThinkSystem SR675 V3,ai,NIC-CX7-100G-DP
E19-S8-FAN,E19-S8,E19,E,19,8,fan,Lenovo,ThinkSystem SR675 V3,ai,FAN-GPU-HP80
E20-S1-DIMM,E20-S1,E20,E,20,1,dimm,Dell,PowerEdge XE8640,ai,MEM-DDR5-64G-4800
E20-S1-DISK,E20-S1,E20,E,20,1,disk,Dell,PowerEdge XE8640,ai,SSD-NVME-U2-3T84
E20-S1-PSU,E20-S1,E20,E,20,1,psu,Dell,PowerEdge XE8640,ai,PSU-GPU-2800W
E20-S1-NIC,E20-S1,E20,E,20,1,nic,Dell,PowerEdge XE8640,ai,NIC-CX7-100G-DP
E20-S1-FAN,E20-S1,E20,E,20,1,fan,Dell,PowerEdge XE8640,ai,FAN-GPU-HP80
E20-S2-DIMM,E20-S2,E20,E,20,2,dimm,Dell,PowerEdge XE8640,ai,MEM-DDR5-64G-4800
E20-S2-DISK,E20-S2,E20,E,20,2,disk,Dell,PowerEdge XE8640,ai,SSD-NVME-U2-3T84
E20-S2-PSU,E20-S2,E20,E,20,2,psu,Dell,PowerEdge XE8640,ai,PSU-GPU-2800W
E20-S2-NIC,E20-S2,E20,E,20,2,nic,Dell,PowerEdge XE8640,ai,NIC-CX7-100G-DP
E20-S2-FAN,E20-S2,E20,E,20,2,fan,Dell,PowerEdge XE8640,ai,FAN-GPU-HP80
E20-S3-DIMM,E20-S3,E20,E,20,3,dimm,Dell,PowerEdge XE8640,ai,MEM-DDR5-64G-4800
E20-S3-DISK,E20-S3,E20,E,20,3,disk,Dell,PowerEdge XE8640,ai,SSD-NVME-U2-3T84
E20-S3-PSU,E20-S3,E20,E,20,3,psu,Dell,PowerEdge XE8640,ai,PSU-GPU-2800W
E20-S3-NIC,E20-S3,E20,E,20,3,nic,Dell,PowerEdge XE8640,ai,NIC-CX7-100G-DP
E20-S3-FAN,E20-S3,E20,E,20,3,fan,Dell,PowerEdge XE8640,ai,FAN-GPU-HP80
E20-S4-DIMM,E20-S4,E20,E,20,4,dimm,Dell,PowerEdge XE8640,ai,MEM-DDR5-64G-4800
E20-S4-DISK,E20-S4,E20,E,20,4,disk,Dell,PowerEdge XE8640,ai,SSD-NVME-U2-3T84
E20-S4-PSU,E20-S4,E20,E,20,4,psu,Dell,PowerEdge XE8640,ai,PSU-GPU-2800W
E20-S4-NIC,E20-S4,E20,E,20,4,nic,Dell,PowerEdge XE8640,ai,NIC-CX7-100G-DP
E20-S4-FAN,E20-S4,E20,E,20,4,fan,Dell,PowerEdge XE8640,ai,FAN-GPU-HP80
E20-S5-DIMM,E20-S5,E20,E,20,5,dimm,Dell,PowerEdge XE8640,ai,MEM-DDR5-64G-4800
E20-S5-DISK,E20-S5,E20,E,20,5,disk,Dell,PowerEdge XE8640,ai,SSD-NVME-U2-3T84
E20-S5-PSU,E20-S5,E20,E,20,5,psu,Dell,PowerEdge XE8640,ai,PSU-GPU-2800W
E20-S5-NIC,E20-S5,E20,E,20,5,nic,Dell,PowerEdge XE8640,ai,NIC-CX7-100G-DP
E20-S5-FAN,E20-S5,E20,E,20,5,fan,Dell,PowerEdge XE8640,ai,FAN-GPU-HP80
E20-S6-DIMM,E20-S6,E20,E,20,6,dimm,Dell,PowerEdge XE8640,ai,MEM-DDR5-64G-4800
E20-S6-DISK,E20-S6,E20,E,20,6,disk,Dell,PowerEdge XE8640,ai,SSD-NVME-U2-3T84
E20-S6-PSU,E20-S6,E20,E,20,6,psu,Dell,PowerEdge XE8640,ai,PSU-GPU-2800W
E20-S6-NIC,E20-S6,E20,E,20,6,nic,Dell,PowerEdge XE8640,ai,NIC-CX7-100G-DP
E20-S6-FAN,E20-S6,E20,E,20,6,fan,Dell,PowerEdge XE8640,ai,FAN-GPU-HP80
E20-S7-DIMM,E20-S7,E20,E,20,7,dimm,Dell,PowerEdge XE8640,ai,MEM-DDR5-64G-4800
E20-S7-DISK,E20-S7,E20,E,20,7,disk,Dell,PowerEdge XE8640,ai,SSD-NVME-U2-3T84
E20-S7-PSU,E20-S7,E20,E,20,7,psu,Dell,PowerEdge XE8640,ai,PSU-GPU-2800W
E20-S7-NIC,E20-S7,E20,E,20,7,nic,Dell,PowerEdge XE8640,ai,NIC-CX7-100G-DP
E20-S7-FAN,E20-S7,E20,E,20,7,fan,Dell,PowerEdge XE8640,ai,FAN-GPU-HP80
E20-S8-DIMM,E20-S8,E20,E,20,8,dimm,Dell,PowerEdge XE8640,ai,MEM-DDR5-64G-4800
E20-S8-DISK,E20-S8,E20,E,20,8,disk,Dell,PowerEdge XE8640,ai,SSD-NVME-U2-3T84
E20-S8-PSU,E20-S8,E20,E,20,8,psu,Dell,PowerEdge XE8640,ai,PSU-GPU-2800W
E20-S8-NIC,E20-S8,E20,E,20,8,nic,Dell,PowerEdge XE8640,ai,NIC-CX7-100G-DP
E20-S8-FAN,E20-S8,E20,E,20,8,fan,Dell,PowerEdge XE8640,ai,FAN-GPU-HP80
