ticket_id,opened_at,resolved_at,rack_id,server_id,asset_id,component,vendor,model,workload,template_id,symptom,symptom_tags,root_cause,fix_action,outcome,part_sku,part_qty,mttr_h,downtime_min,priority,technician,op_state,sla_breached
INC0104320,2025-09-26 05:34:00.000000000,2025-09-26 06:16:20.008738715,B12,B12-S7,B12-S7-FAN,fan,HPE,ProLiant DL380 Gen11,virtualization,fan_bmc_curve,all fans in a chassis under-spinning after a BMC update,fan_rpm_drop,"BMC fan curve misconfigured after a firmware update -- fans under-spinning, not failing.",Restore the vendor thermal profile / fan curve in BMC settings; no hardware change.,resolved,,0,0.71,3,P4,R. Singh,normal,False
INC0104318,2025-09-26 20:20:00.000000000,2025-09-26 21:30:18.981549515,C02,C02-S7,C02-S7-PSU,psu,HPE,ProLiant DL380 Gen11,database,psu_capacitor,PSU G5 showed ripple climbing past spec for 4 days,input_voltage_drop|output_ripple_high,"Input sag with rising output ripple on one PSU of a redundant pair -- capacitor degradation, typically 2-3 weeks before a hard trip.","Confirm the partner PSU is healthy, then hot-swap the degrading unit. In a backup window, first verify the remaining PSU can carry the backup job's peak draw.",resolved,PSU-HPE-1600W,1,1.17,5,P2,R. Singh,backup_window,False
INC0104319,2025-09-26 21:30:00.000000000,2025-09-26 22:16:40.870492291,D06,D06-S8,D06-S8-NIC,nic,Dell,PowerEdge R760,storage,nic_sfp,14 link flaps per day with CRC errors rising on one port,link_flap|crc_errors,Link flaps with rising CRC errors isolated to the host side of one port -- degrading SFP transceiver or marginal cable.,"Replace the SFP transceiver and cable together before touching the NIC. If this NIC carries an in-progress migration, fail over to the secondary port first.",resolved,SFP28-25G-SR,1,0.78,5,P2,K. Watanabe,normal,False
INC0104323,2025-09-27 19:58:00.000000000,2025-09-27 20:10:01.781482675,C01,C01-S4,C01-S4-FAN,fan,Dell,PowerEdge R760,database,fan_bearing,fan down to 5310 RPM at the same PWM duty with vibration 3.5 mm/s,fan_rpm_drop|fan_vibration,Fan bearing wear: vibration rising and RPM falling at constant PWM duty -- precedes seizure.,Hot-swap the fan module (N+1 redundant) and verify the remaining fans ramp correctly during the swap.,resolved,FAN-DEL-R760,1,0.2,2,P3,S. Okafor,backup_window,False
INC0104321,2025-09-27 23:06:00.000000000,2025-09-27 23:52:33.446811954,A16,A16-S5,A16-S5-FAN,fan,HPE,ProLiant DL380 Gen11,web,fan_dust,vibration 6.2 mm/s with a dusty intake filter,fan_vibration,Dust accumulation / imbalance causing vibration; fan otherwise healthy.,Clean the fan module and filter; replace only if vibration persists after cleaning.,recurred,,0,0.78,3,P4,T. Novak,normal,False
INC0104332,2025-09-29 01:46:00.000000000,2025-09-29 02:17:38.378486929,C12,C12-S1,C12-S1-NIC,nic,Lenovo,ThinkSystem SR650 V3,database,nic_sfp,port flapping and CRC counters climbing on the host side only,link_flap|crc_errors,Link flaps with rising CRC errors isolated to the host side of one port -- degrading SFP transceiver or marginal cable.,"Replace the SFP transceiver and cable together before touching the NIC. If this NIC carries an in-progress migration, fail over to the secondary port first.",resolved,SFP28-25G-SR,1,0.53,0,P2,L. Moreau,normal,False
INC0104331,2025-09-29 10:29:00.000000000,2025-09-29 12:08:57.891952271,D06,D06-S1,D06-S1-PSU,psu,Dell,PowerEdge R760,storage,psu_pdu_feed,both PSUs on the same feed reported low input voltage (200.9 V),input_voltage_drop,"Voltage sag traced to the upstream PDU outlet/whip, not the PSU (both PSUs on that feed showed it).",Move the PSU cord to a healthy outlet on the correct A/B feed and open a facilities ticket for the PDU circuit -- do not replace the PSU.,resolved,,0,1.67,59,P2,M. Chen,normal,False
INC0104322,2025-09-29 11:49:21.365054078,2025-09-29 12:24:45.767215982,A16,A16-S5,A16-S5-FAN,fan,HPE,ProLiant DL380 Gen11,web,fan_bearing,Recurrence of INC0104321: vibration rising for 7 days while fan speed fell,fan_rpm_drop|fan_vibration,Fan bearing wear: vibration rising and RPM falling at constant PWM duty -- precedes seizure.,Hot-swap the fan module (N+1 redundant) and verify the remaining fans ramp correctly during the swap.,resolved,FAN-HPE-DL380,1,0.59,4,P3,A. Kim,normal,False
INC0104327,2025-09-29 15:09:00.000000000,2025-09-29 15:51:08.166859503,A15,A15-S4,A15-S4-DISK,disk,Dell,PowerEdge R760,web,disk_reseat,drive reseated after link resets; SMART read error rate kept rising,smart_read_error_rate,Drive reseated after link-reset errors; errors resumed within days.,Reseating is not a durable fix when the SMART read error rate keeps rising -- replace the drive.,recurred,,0,0.7,15,P3,L. Moreau,normal,False
INC0104324,2025-09-29 16:27:00.000000000,2025-09-29 18:36:27.924508748,B14,B14-S3,B14-S3-DIMM,dimm,Dell,PowerEdge R760,virtualization,dimm_replace,memory error rate on slot E6 kept increasing over 5 days,ecc_correctable_spike|ecc_uncorrectable,Failing DRAM device on the RDIMM: correctable ECC rate climbed for several days before uncorrectable errors appeared -- classic cell degradation.,"Replace the RDIMM identified by the SEL slot locator. If the host is serving a migration or DR role, live-migrate or fail over workloads first; never hot-remove memory from a running host.",resolved,MEM-DDR5-64G-4800,1,2.16,0,P2,J. Alvarez,normal,False
INC0104329,2025-09-29 18:58:00.000000000,2025-09-29 19:18:57.217855196,D09,D09-S5,D09-S5-PSU,psu,Dell,PowerEdge R760,storage,psu_reseat,PSU reseated after an 'input lost' alarm; the alarm returned,input_voltage_drop,PSU reseated after an input-lost alarm; the alarm recurred.,"Reseating a PSU with repeated input-lost events is not durable -- check the cord and PDU outlet, then replace the PSU if the feed is healthy.",recurred,,0,0.35,6,P3,T. Novak,normal,False
INC0105261,2025-09-29 19:39:00.000000000,2025-09-29 20:54:58.142402280,A01,A01-S2,,thermal,HPE,ProLiant DL380 Gen11,web,thermal_blanking,"inlet 35.2 C on top-of-rack servers, hot-air recirculation through empty U spaces",inlet_overtemp|hot_air_recirculation,Missing blanking panels allowed hot-aisle air to recirculate into server inlets.,Install blanking panels in every empty U position and confirm inlet temperatures drop within the hour.,resolved,,0,1.27,3,P3,K. Watanabe,normal,False
INC0104326,2025-09-29 20:29:00.000000000,2025-09-29 23:24:37.287560971,C12,C12-S5,C12-S5-DIMM,dimm,Lenovo,ThinkSystem SR650 V3,database,dimm_replace,"correctable ECC count climbed from single digits to 76 per day, then uncorrectable errors appeared",ecc_correctable_spike|ecc_uncorrectable,Failing DRAM device on the RDIMM: correctable ECC rate climbed for several days before uncorrectable errors appeared -- classic cell degradation.,"Replace the RDIMM identified by the SEL slot locator. If the host is serving a migration or DR role, live-migrate or fail over workloads first; never hot-remove memory from a running host.",resolved,MEM-DDR5-64G-4800,1,2.93,0,P2,L. Moreau,normal,False
INC0105262,2025-09-29 21:20:00.000000000,2025-09-30 00:19:44.004377568,E18,E18-S3,,thermal,HPE,ProLiant DL380a Gen11,ai,thermal_tiles,high-density racks starved of cold air after new GPU servers were installed,inlet_overtemp|hot_spot,Perforated tile layout not matched to rack load after high-density servers were added.,Rebalance perforated tiles and add high-flow grates in front of high-density racks.,resolved,,0,3.0,1,P3,P. Reyes,normal,False
INC0104325,2025-09-29 23:29:00.000000000,2025-09-30 01:18:14.882254000,D11,D11-S4,D11-S4-DIMM,dimm,Lenovo,ThinkSystem SR650 V3,storage,dimm_replace,"correctable ECC count climbed from single digits to 22 per day, then uncorrectable errors appeared",ecc_correctable_spike|ecc_uncorrectable,Failing DRAM device on the RDIMM: correctable ECC rate climbed for several days before uncorrectable errors appeared -- classic cell degradation.,"Replace the RDIMM identified by the SEL slot locator. If the host is serving a migration or DR role, live-migrate or fail over workloads first; never hot-remove memory from a running host.",resolved,MEM-DDR5-64G-4800,1,1.82,45,P2,P. Reyes,normal,False
INC0104334,2025-09-30 05:54:00.000000000,2025-09-30 07:52:22.300221603,D14,D14-S2,D14-S2-DIMM,dimm,Lenovo,ThinkSystem SR650 V3,storage,dimm_replace,memory error rate on slot C3 kept increasing over 7 days,ecc_correctable_spike|ecc_uncorrectable,Failing DRAM device on the RDIMM: correctable ECC rate climbed for several days before uncorrectable errors appeared -- classic cell degradation.,"Replace the RDIMM identified by the SEL slot locator. If the host is serving a migration or DR role, live-migrate or fail over workloads first; never hot-remove memory from a running host.",recurred,MEM-DDR5-64G-4800,1,1.97,43,P2,E. Johansson,normal,False
INC0104337,2025-09-30 09:14:00.000000000,2025-09-30 09:35:00.045080642,B10,B10-S3,B10-S3-FAN,fan,Lenovo,ThinkSystem SR650 V3,virtualization,fan_current,fan motor current up to 1.43 A to hold speed,fan_current_rise|fan_rpm_drop,Motor current rising to hold RPM -- winding or bearing degradation.,Replace the fan module proactively; the current rise precedes failure by days.,resolved,FAN-LNV-SR650,1,0.35,1,P3,S. Okafor,normal,False
INC0104336,2025-09-30 18:55:00.000000000,2025-09-30 19:54:01.390432440,B16,B16-S5,B16-S5-PSU,psu,Lenovo,ThinkSystem SR650 V3,virtualization,psu_fw_ripple,spurious ripple warnings on several PSUs right after a BMC update,output_ripple_high,PSU firmware reporting spurious ripple warnings after a BMC update.,Update PSU firmware to the version paired with the current BMC and verify with a calibrated meter before replacing hardware.,resolved,,0,0.98,0,P4,L. Moreau,normal,False
INC0104333,2025-09-30 22:41:00.000000000,2025-10-01 00:03:31.244957379,A05,A05-S7,A05-S7-DIMM,dimm,Lenovo,ThinkSystem SR650 V3,web,dimm_ppr,correctable errors confined to a single row address (33/24h),ecc_correctable_spike,Isolated single-row fault on one DRAM device; errors confined to one address range.,Schedule a reboot with Post Package Repair (PPR) enabled in BIOS to remap the faulty row; watch the correctable-error rate for 72 hours and replace the DIMM if it recurs.,resolved,,0,1.38,51,P3,E. Johansson,normal,False
INC0104328,2025-10-01 09:26:36.872669180,2025-10-01 11:29:28.185257783,A15,A15-S4,A15-S4-DISK,disk,Dell,PowerEdge R760,web,disk_media_wear,Recurrence of INC0104327: predictive-failure flag: reallocated and pending sector counts rising for 6 days,reallocated_sectors|pending_sectors|smart_read_error_rate,Drive media degradation: reallocated and pending sector counts rising steadily -- the pattern that preceded hard read failures in prior incidents.,"Drain the replica / rebuild the RAID member onto a healthy drive, then hot-swap the drive. Do not wait for a hard failure if a backup or replication job is currently reading from it.",resolved,SSD-NVME-U2-3T84,1,2.05,1,P2,J. Alvarez,normal,False
INC0104335,2025-10-01 17:12:52.233047485,2025-10-01 19:03:29.252101869,D14,D14-S2,D14-S2-DIMM,dimm,Lenovo,ThinkSystem SR650 V3,storage,dimm_replace,Recurrence of INC0104334: BMC SEL logged a rising correctable memory error rate (69/24h) on one DIMM slot,ecc_correctable_spike|ecc_uncorrectable,Failing DRAM device on the RDIMM: correctable ECC rate climbed for several days before uncorrectable errors appeared -- classic cell degradation.,"Replace the RDIMM identified by the SEL slot locator. If the host is serving a migration or DR role, live-migrate or fail over workloads first; never hot-remove memory from a running host.",resolved,MEM-DDR5-64G-4800,1,1.84,62,P2,T. Novak,normal,True
INC0104338,2025-10-01 23:44:00.000000000,2025-10-02 00:21:40.132693129,B16,B16-S3,B16-S3-DISK,disk,Lenovo,ThinkSystem SR650 V3,virtualization,disk_overtemp,drive temperature 31.9 C and thermal throttling,disk_overtemp|latency_spike,"Drive overheating because a drive-cage fan failed, causing thermal throttling.",Replace the failed drive-cage fan first; drive temperature and latency normalize without replacing the drive.,resolved,FAN-LNV-SR650,1,0.63,5,P3,N. Patel,normal,False
INC0104342,2025-10-02 00:48:00.000000000,2025-10-02 01:07:47.716504853,D13,D13-S5,D13-S5-FAN,fan,HPE,ProLiant DL380 Gen11,storage,fan_dust,vibration 4.9 mm/s with a dusty intake filter,fan_vibration,Dust accumulation / imbalance causing vibration; fan otherwise healthy.,Clean the fan module and filter; replace only if vibration persists after cleaning.,resolved,,0,0.33,4,P4,E. Johansson,normal,False
INC0104339,2025-10-02 07:37:00.000000000,2025-10-02 09:44:26.039876876,D12,D12-S7,D12-S7-DISK,disk,Dell,PowerEdge R760,storage,disk_media_wear,SMART reallocated sectors rose to 73 with pending sectors climbing,reallocated_sectors|pending_sectors|smart_read_error_rate,Drive media degradation: reallocated and pending sector counts rising steadily -- the pattern that preceded hard read failures in prior incidents.,"Drain the replica / rebuild the RAID member onto a healthy drive, then hot-swap the drive. Do not wait for a hard failure if a backup or replication job is currently reading from it.",resolved,HDD-SAS-12T,1,2.12,0,P2,N. Patel,normal,False
INC0104340,2025-10-02 09:39:00.000000000,2025-10-02 09:56:45.262778660,E19,E19-S3,E19-S3-FAN,fan,Lenovo,ThinkSystem SR675 V3,ai,fan_bearing,vibration rising for 8 days while fan speed fell,fan_rpm_drop|fan_vibration,Fan bearing wear: vibration rising and RPM falling at constant PWM duty -- precedes seizure.,Hot-swap the fan module (N+1 redundant) and verify the remaining fans ramp correctly during the swap.,resolved,FAN-GPU-HP80,1,0.3,2,P3,J. Alvarez,normal,False
INC0104341,2025-10-02 10:02:00.000000000,2025-10-02 10:33:29.969967682,E17,E17-S1,E17-S1-FAN,fan,Dell,PowerEdge XE8640,ai,fan_bmc_curve,all fans in a chassis under-spinning after a BMC update,fan_rpm_drop,"BMC fan curve misconfigured after a firmware update -- fans under-spinning, not failing.",Restore the vendor thermal profile / fan curve in BMC settings; no hardware change.,resolved,,0,0.52,0,P4,S. Okafor,normal,False
INC0104346,2025-10-03 12:37:00.000000000,2025-10-03 13:10:56.104368467,D06,D06-S8,D06-S8-FAN,fan,Dell,PowerEdge R760,storage,fan_current,fan motor current up to 1.34 A to hold speed,fan_current_rise|fan_rpm_drop,Motor current rising to hold RPM -- winding or bearing degradation.,Replace the fan module proactively; the current rise precedes failure by days.,resolved,FAN-DEL-R760,1,0.57,2,P3,E. Johansson,normal,False
INC0104343,2025-10-03 14:38:00.000000000,2025-10-03 16:57:11.558721990,A15,A15-S8,A15-S8-DISK,disk,Dell,PowerEdge R760,web,disk_hdd_head,HDD pending sectors at 24 and retry-driven latency of 7.8 ms,pending_sectors|latency_spike,HDD head degradation causing pending sectors and retry-driven latency.,"Mark the HDD failed in the storage array, let the pool rebuild to a hot spare, then replace the drive.",resolved,SSD-NVME-U2-3T84,1,2.32,5,P2,L. Moreau,dr_failover,False
INC0104344,2025-10-03 18:28:00.000000000,2025-10-03 20:24:44.872933476,E18,E18-S6,E18-S6-DISK,disk,HPE,ProLiant DL380a Gen11,ai,disk_media_wear,SMART reallocated sectors rose to 58 with pending sectors climbing,reallocated_sectors|pending_sectors|smart_read_error_rate,Drive media degradation: reallocated and pending sector counts rising steadily -- the pattern that preceded hard read failures in prior incidents.,"Drain the replica / rebuild the RAID member onto a healthy drive, then hot-swap the drive. Do not wait for a hard failure if a backup or replication job is currently reading from it.",resolved,SSD-NVME-U2-3T84,1,1.95,5,P2,M. Chen,normal,False
INC0104347,2025-10-03 20:45:00.000000000,2025-10-03 21:12:03.170016812,A01,A01-S6,A01-S6-FAN,fan,HPE,ProLiant DL380 Gen11,web,fan_bearing,fan down to 6014 RPM at the same PWM duty with vibration 5.6 mm/s,fan_rpm_drop|fan_vibration,Fan bearing wear: vibration rising and RPM falling at constant PWM duty -- precedes seizure.,Hot-swap the fan module (N+1 redundant) and verify the remaining fans ramp correctly during the swap.,resolved,FAN-HPE-DL380,1,0.45,4,P3,A. Kim,normal,False
INC0104345,2025-10-03 21:12:00.000000000,2025-10-03 22:31:33.686075484,A04,A04-S2,A04-S2-DISK,disk,HPE,ProLiant DL380 Gen11,web,disk_early_latency,read error rate creeping up and latency spikes on one drive,smart_read_error_rate|latency_spike,Rising SMART read error rate with I/O latency spikes but no reallocated sectors yet -- an earlier-stage precursor.,"Flag the drive for proactive replacement in the next maintenance window, move latency-sensitive volumes off it, and check the reallocation count daily.",resolved,SSD-NVME-U2-3T84,1,1.33,1,P3,D. Haddad,normal,False
INC0104348,2025-10-04 01:36:00.000000000,2025-10-04 04:04:05.977676598,A10,A10-S1,A10-S1-DISK,disk,HPE,ProLiant DL380 Gen11,web,disk_media_wear,predictive-failure flag: reallocated and pending sector counts rising for 6 days,reallocated_sectors|pending_sectors|smart_read_error_rate,Drive media degradation: reallocated and pending sector counts rising steadily -- the pattern that preceded hard read failures in prior incidents.,"Drain the replica / rebuild the RAID member onto a healthy drive, then hot-swap the drive. Do not wait for a hard failure if a backup or replication job is currently reading from it.",resolved,SSD-NVME-U2-3T84,1,2.47,3,P2,N. Patel,normal,False
INC0105263,2025-10-04 03:23:00.000000000,2025-10-04 04:41:55.110619799,C02,C02-S2,,cabling,HPE,ProLiant DL380 Gen11,database,cable_strain,CRC errors on several ports after a rack reshuffle,crc_errors,Cable bundle strain after a rack reshuffle damaged DAC cables.,Re-dress the cabling and replace the damaged DAC cables.,resolved,CBL-DAC-25G-3M,2,1.32,4,P3,D. Haddad,normal,False
INC0104349,2025-10-04 10:18:00.000000000,2025-10-04 11:19:38.374960979,C12,C12-S1,C12-S1-DISK,disk,Lenovo,ThinkSystem SR650 V3,database,disk_hdd_head,HDD pending sectors at 54 and retry-driven latency of 10.7 ms,pending_sectors|latency_spike,HDD head degradation causing pending sectors and retry-driven latency.,"Mark the HDD failed in the storage array, let the pool rebuild to a hot spare, then replace the drive.",resolved,SSD-NVME-U2-3T84,1,1.03,0,P2,S. Okafor,normal,False
INC0104330,2025-10-04 13:28:11.620287976,2025-10-04 14:37:42.062948542,D09,D09-S5,D09-S5-PSU,psu,Dell,PowerEdge R760,storage,psu_capacitor,Recurrence of INC0104329: input voltage sagging to 199.8 V with output ripple at 52 mV on one PSU,input_voltage_drop|output_ripple_high,"Input sag with rising output ripple on one PSU of a redundant pair -- capacitor degradation, typically 2-3 weeks before a hard trip.","Confirm the partner PSU is healthy, then hot-swap the degrading unit. In a backup window, first verify the remaining PSU can carry the backup job's peak draw.",resolved,PSU-DEL-1400W,1,1.16,3,P2,S. Okafor,normal,False
INC0104351,2025-10-04 14:50:00.000000000,2025-10-04 15:17:37.773176067,C15,C15-S4,C15-S4-FAN,fan,Lenovo,ThinkSystem SR650 V3,database,fan_bearing,fan down to 3991 RPM at the same PWM duty with vibration 5.8 mm/s,fan_rpm_drop|fan_vibration,Fan bearing wear: vibration rising and RPM falling at constant PWM duty -- precedes seizure.,Hot-swap the fan module (N+1 redundant) and verify the remaining fans ramp correctly during the swap.,resolved,FAN-LNV-SR650,1,0.46,4,P3,A. Kim,normal,False
INC0104350,2025-10-04 19:14:00.000000000,2025-10-04 19:51:26.577924418,D07,D07-S8,D07-S8-PSU,psu,HPE,ProLiant DL380 Gen11,storage,psu_efficiency,PSU efficiency down to 89.1% with rising temperature,psu_efficiency_drop|psu_overtemp,PSU efficiency dropping (more heat per watt delivered) -- aging power stage.,Replace the PSU proactively; the efficiency loss adds rack heat load and precedes failure.,resolved,PSU-HPE-1600W,1,0.62,2,P3,M. Chen,normal,False
INC0104352,2025-10-05 07:26:00.000000000,2025-10-05 08:14:55.785766403,E05,E05-S5,E05-S5-DIMM,dimm,Dell,PowerEdge XE8640,ai,dimm_reseat,memory errors began right after the server was racked back in,ecc_correctable_spike,Suspected DIMM seating issue after recent chassis work; reseating reduced correctable errors only temporarily.,"Reseat the DIMM and clear the SEL -- only reasonable if the host had physical service in the last 7 days. If correctable errors resume within 48 hours, escalate straight to replacement.",recurred,,0,0.82,0,P3,D. Haddad,normal,False
INC0104354,2025-10-06 03:24:00.000000000,2025-10-06 06:23:54.693749367,D11,D11-S6,D11-S6-DIMM,dimm,Lenovo,ThinkSystem SR650 V3,storage,dimm_replace,memory error rate on slot D8 kept increasing over 9 days,ecc_correctable_spike|ecc_uncorrectable,Failing DRAM device on the RDIMM: correctable ECC rate climbed for several days before uncorrectable errors appeared -- classic cell degradation.,"Replace the RDIMM identified by the SEL slot locator. If the host is serving a migration or DR role, live-migrate or fail over workloads first; never hot-remove memory from a running host.",resolved,MEM-DDR5-64G-4800,1,3.0,0,P2,T. Novak,normal,False
INC0104356,2025-10-06 06:35:00.000000000,2025-10-06 06:55:56.241272907,D06,D06-S5,D06-S5-NIC,nic,Dell,PowerEdge R760,storage,nic_sfp,port flapping and CRC counters climbing on the host side only,link_flap|crc_errors,Link flaps with rising CRC errors isolated to the host side of one port -- degrading SFP transceiver or marginal cable.,"Replace the SFP transceiver and cable together before touching the NIC. If this NIC carries an in-progress migration, fail over to the secondary port first.",resolved,SFP28-25G-SR,1,0.35,0,P2,A. Kim,normal,False
INC0104357,2025-10-06 14:14:00.000000000,2025-10-06 14:45:10.723595769,C11,C11-S5,C11-S5-FAN,fan,HPE,ProLiant DL380 Gen11,database,fan_bmc_curve,all fans in a chassis under-spinning after a BMC update,fan_rpm_drop,"BMC fan curve misconfigured after a firmware update -- fans under-spinning, not failing.",Restore the vendor thermal profile / fan curve in BMC settings; no hardware change.,resolved,,0,0.52,3,P4,M. Chen,normal,False
INC0104355,2025-10-06 19:43:00.000000000,2025-10-06 21:47:56.341925069,B02,B02-S7,B02-S7-DIMM,dimm,Dell,PowerEdge R760,virtualization,dimm_replace,"correctable ECC count climbed from single digits to 12 per day, then uncorrectable errors appeared",ecc_correctable_spike|ecc_uncorrectable,Failing DRAM device on the RDIMM: correctable ECC rate climbed for several days before uncorrectable errors appeared -- classic cell degradation.,"Replace the RDIMM identified by the SEL slot locator. If the host is serving a migration or DR role, live-migrate or fail over workloads first; never hot-remove memory from a running host.",resolved,MEM-DDR5-64G-4800,1,2.08,0,P2,N. Patel,normal,False
INC0104358,2025-10-07 06:32:00.000000000,2025-10-07 09:27:25.030621661,D05,D05-S8,D05-S8-DIMM,dimm,Lenovo,ThinkSystem SR650 V3,storage,dimm_replace,memory error rate on slot E6 kept increasing over 3 days,ecc_correctable_spike|ecc_uncorrectable,Failing DRAM device on the RDIMM: correctable ECC rate climbed for several days before uncorrectable errors appeared -- classic cell degradation.,"Replace the RDIMM identified by the SEL slot locator. If the host is serving a migration or DR role, live-migrate or fail over workloads first; never hot-remove memory from a running host.",resolved,MEM-DDR5-64G-4800,1,2.92,0,P2,S. Okafor,normal,False
INC0104353,2025-10-07 17:38:40.485572668,2025-10-07 20:02:29.413657331,E05,E05-S5,E05-S5-DIMM,dimm,Dell,PowerEdge XE8640,ai,dimm_replace,Recurrence of INC0104352: BMC SEL logged a rising correctable memory error rate (14/24h) on one DIMM slot,ecc_correctable_spike|ecc_uncorrectable,Failing DRAM device on the RDIMM: correctable ECC rate climbed for several days before uncorrectable errors appeared -- classic cell degradation.,"Replace the RDIMM identified by the SEL slot locator. If the host is serving a migration or DR role, live-migrate or fail over workloads first; never hot-remove memory from a running host.",resolved,MEM-DDR5-64G-4800,1,2.4,110,P2,P. Reyes,normal,True
INC0104361,2025-10-08 00:25:00.000000000,2025-10-08 02:10:37.075034037,B15,B15-S1,B15-S1-DISK,disk,HPE,ProLiant DL380 Gen11,virtualization,disk_fw_stall,periodic 30-second I/O stalls on drives of the same model,latency_spike,Drive firmware bug causing periodic latency stalls (vendor advisory) -- media healthy.,Update drive firmware in a rolling fashion; replacement is unnecessary while SMART media counters stay clean.,resolved,,0,1.76,69,P3,L. Moreau,normal,True
INC0104359,2025-10-08 11:32:00.000000000,2025-10-08 12:28:15.222595059,A03,A03-S3,A03-S3-DIMM,dimm,Dell,PowerEdge R760,web,dimm_ppr,correctable errors confined to a single row address (48/24h),ecc_correctable_spike,Isolated single-row fault on one DRAM device; errors confined to one address range.,Schedule a reboot with Post Package Repair (PPR) enabled in BIOS to remap the faulty row; watch the correctable-error rate for 72 hours and replace the DIMM if it recurs.,resolved,,0,0.94,32,P3,A. Kim,normal,False
INC0104362,2025-10-08 13:27:00.000000000,2025-10-08 14:21:37.192110395,D20,D20-S4,D20-S4-NIC,nic,Lenovo,ThinkSystem SR650 V3,storage,nic_fw_drops,packet drops under high RSS load on one NIC model,packet_loss,NIC firmware bug dropping packets under high RSS load.,Update NIC firmware and driver to the fixed release in a rolling window.,resolved,,0,0.91,25,P3,E. Johansson,normal,False
INC0104360,2025-10-08 20:05:00.000000000,2025-10-08 22:37:08.603513895,C16,C16-S2,C16-S2-DISK,disk,Dell,PowerEdge R760,database,disk_hdd_head,HDD pending sectors at 57 and retry-driven latency of 12.7 ms,pending_sectors|latency_spike,HDD head degradation causing pending sectors and retry-driven latency.,"Mark the HDD failed in the storage array, let the pool rebuild to a hot spare, then replace the drive.",resolved,SSD-NVME-U2-3T84,1,2.54,2,P2,S. Okafor,normal,False
INC0105264,2025-10-09 04:14:00.000000000,2025-10-09 05:44:41.660112932,E12,E12-S8,,thermal,HPE,ProLiant DL380a Gen11,ai,thermal_tiles,high-density racks starved of cold air after new GPU servers were installed,inlet_overtemp|hot_spot,Perforated tile layout not matched to rack load after high-density servers were added.,Rebalance perforated tiles and add high-flow grates in front of high-density racks.,resolved,,0,1.51,2,P3,S. Okafor,normal,False
INC0104364,2025-10-09 05:07:00.000000000,2025-10-09 05:52:26.496339154,D17,D17-S7,D17-S7-DISK,disk,Lenovo,ThinkSystem SR650 V3,storage,disk_overtemp,drive temperature 34.1 C and thermal throttling,disk_overtemp|latency_spike,"Drive overheating because a drive-cage fan failed, causing thermal throttling.",Replace the failed drive-cage fan first; drive temperature and latency normalize without replacing the drive.,resolved,FAN-LNV-SR650,1,0.76,0,P3,K. Watanabe,normal,False
INC0105266,2025-10-09 05:25:00.000000000,2025-10-09 06:20:48.541285187,A18,A18-S1,,cabling,Dell,PowerEdge R760,web,cable_mispatch,VLAN mismatch and flaps after a server was re-patched during migration,link_flap,"Server patched to the wrong ToR port during migration, causing VLAN mismatch and flaps.",Correct the patching per the cable plan and update the DCIM port mapping.,resolved,,0,0.93,4,P3,P. Reyes,normal,False
INC0104366,2025-10-09 07:52:00.000000000,2025-10-09 08:39:10.802712848,A06,A06-S3,A06-S3-PSU,psu,Dell,PowerEdge R760,web,psu_efficiency,PSU efficiency down to 88.4% with rising temperature,psu_efficiency_drop|psu_overtemp,PSU efficiency dropping (more heat per watt delivered) -- aging power stage.,Replace the PSU proactively; the efficiency loss adds rack heat load and precedes failure.,resolved,PSU-DEL-1400W,1,0.79,1,P3,J. Alvarez,normal,False
INC0104365,2025-10-09 10:33:00.000000000,2025-10-09 12:12:10.528868102,A17,A17-S5,A17-S5-DISK,disk,Lenovo,ThinkSystem SR650 V3,web,disk_media_wear,predictive-failure flag: reallocated and pending sector counts rising for 6 days,reallocated_sectors|pending_sectors|smart_read_error_rate,Drive media degradation: reallocated and pending sector counts rising steadily -- the pattern that preceded hard read failures in prior incidents.,"Drain the replica / rebuild the RAID member onto a healthy drive, then hot-swap the drive. Do not wait for a hard failure if a backup or replication job is currently reading from it.",resolved,SSD-NVME-U2-3T84,1,1.65,3,P2,A. Kim,normal,False
INC0104363,2025-10-09 13:30:00.000000000,2025-10-09 15:27:04.105328522,D15,D15-S7,D15-S7-DIMM,dimm,Dell,PowerEdge R760,storage,dimm_replace,"correctable ECC count climbed from single digits to 49 per day, then uncorrectable errors appeared",ecc_correctable_spike|ecc_uncorrectable,Failing DRAM device on the RDIMM: correctable ECC rate climbed for several days before uncorrectable errors appeared -- classic cell degradation.,"Replace the RDIMM identified by the SEL slot locator. If the host is serving a migration or DR role, live-migrate or fail over workloads first; never hot-remove memory from a running host.",resolved,MEM-DDR5-64G-4800,1,1.95,39,P2,E. Johansson,dr_failover,False
INC0105265,2025-10-09 18:05:00.000000000,2025-10-09 18:31:28.198750472,D12,D12-S7,,firmware,Dell,PowerEdge R760,storage,fw_bmc_hang,telemetry gaps: BMC unresponsive to Redfish and IPMI,bmc_unresponsive,BMC firmware memory leak causing an unresponsive management controller (telemetry gaps).,"Reset the BMC (host unaffected), then roll out the fixed BMC firmware in a rolling window.",resolved,,0,0.44,3,P3,L. Moreau,normal,False
INC0104367,2025-10-09 20:14:00.000000000,2025-10-09 20:43:43.449828042,D04,D04-S2,D04-S2-FAN,fan,HPE,ProLiant DL380 Gen11,storage,fan_connector,intermittent tach dropouts on one fan,fan_rpm_drop,Intermittent RPM dropouts traced to a loose fan connector.,Reseat the fan module connector and confirm stable tach readings.,recurred,,0,0.5,3,P2,D. Haddad,dr_failover,False
INC0104370,2025-10-10 00:33:00.000000000,2025-10-10 01:29:40.171819253,E02,E02-S8,E02-S8-NIC,nic,Dell,PowerEdge XE8640,ai,nic_sfp,71 link flaps per day with CRC errors rising on one port,link_flap|crc_errors,Link flaps with rising CRC errors isolated to the host side of one port -- degrading SFP transceiver or marginal cable.,"Replace the SFP transceiver and cable together before touching the NIC. If this NIC carries an in-progress migration, fail over to the secondary port first.",resolved,QSFP28-100G-SR4,1,0.94,4,P2,N. Patel,normal,False
INC0104369,2025-10-10 19:40:00.000000000,2025-10-10 20:53:31.436440172,E16,E16-S4,E16-S4-DIMM,dimm,Lenovo,ThinkSystem SR675 V3,ai,dimm_ppr,ECC errors isolated to one DRAM row on slot B5,ecc_correctable_spike,Isolated single-row fault on one DRAM device; errors confined to one address range.,Schedule a reboot with Post Package Repair (PPR) enabled in BIOS to remap the faulty row; watch the correctable-error rate for 72 hours and replace the DIMM if it recurs.,resolved,,0,1.23,0,P3,M. Chen,normal,False
INC0104372,2025-10-11 08:20:00.000000000,2025-10-11 10:00:46.635330915,D04,D04-S2,D04-S2-DIMM,dimm,HPE,ProLiant DL380 Gen11,storage,dimm_replace,"correctable ECC count climbed from single digits to 25 per day, then uncorrectable errors appeared",ecc_correctable_spike|ecc_uncorrectable,Failing DRAM device on the RDIMM: correctable ECC rate climbed for several days before uncorrectable errors appeared -- classic cell degradation.,"Replace the RDIMM identified by the SEL slot locator. If the host is serving a migration or DR role, live-migrate or fail over workloads first; never hot-remove memory from a running host.",resolved,MEM-DDR5-64G-4800,1,1.68,0,P2,A. Kim,dr_failover,False
INC0104371,2025-10-11 11:18:00.000000000,2025-10-11 13:50:59.771444699,C04,C04-S3,C04-S3-DIMM,dimm,Dell,PowerEdge R760,database,dimm_replace,"correctable ECC count climbed from single digits to 52 per day, then uncorrectable errors appeared",ecc_correctable_spike|ecc_uncorrectable,Failing DRAM device on the RDIMM: correctable ECC rate climbed for several days before uncorrectable errors appeared -- classic cell degradation.,"Replace the RDIMM identified by the SEL slot locator. If the host is serving a migration or DR role, live-migrate or fail over workloads first; never hot-remove memory from a running host.",resolved,MEM-DDR5-64G-4800,1,2.55,0,P2,D. Haddad,normal,False
INC0104373,2025-10-11 12:10:00.000000000,2025-10-11 12:47:34.814446279,E06,E06-S5,E06-S5-DIMM,dimm,HPE,ProLiant DL380a Gen11,ai,dimm_reseat,correctable ECC errors after recent chassis service (18/24h),ecc_correctable_spike,Suspected DIMM seating issue after recent chassis work; reseating reduced correctable errors only temporarily.,"Reseat the DIMM and clear the SEL -- only reasonable if the host had physical service in the last 7 days. If correctable errors resume within 48 hours, escalate straight to replacement.",recurred,,0,0.63,22,P3,J. Alvarez,normal,False
INC0104376,2025-10-11 17:00:00.000000000,2025-10-11 17:36:07.125575379,B11,B11-S7,B11-S7-NIC,nic,Dell,PowerEdge R760,virtualization,nic_switch_port,"flaps visible on both ends, errors counted on the switch side",link_flap,Flaps originated on the switch side -- ToR switch port or optic fault.,"Compare counters on both ends, move to a spare ToR port and open a network ticket; no host hardware change needed.",resolved,,0,0.6,16,P3,N. Patel,normal,False
INC0104375,2025-10-11 19:39:00.000000000,2025-10-11 23:16:40.334761213,A18,A18-S6,A18-S6-DISK,disk,Dell,PowerEdge R760,web,disk_backplane,link-reset errors that followed the bay after the drive was moved,smart_read_error_rate|latency_spike,"Intermittent errors followed the bay, not the drive -- backplane or connector fault.","Move the drive to another bay as a test; if errors follow the bay, have the vendor replace the backplane cable/backplane.",resolved,,0,3.63,131,P2,A. Kim,normal,True
INC0104377,2025-10-11 22:15:00.000000000,2025-10-11 22:47:05.682705694,D10,D10-S5,D10-S5-FAN,fan,HPE,ProLiant DL380 Gen11,storage,fan_current,fan motor current up to 1.55 A to hold speed,fan_current_rise|fan_rpm_drop,Motor current rising to hold RPM -- winding or bearing degradation.,Replace the fan module proactively; the current rise precedes failure by days.,resolved,FAN-HPE-DL380,1,0.53,3,P3,L. Moreau,normal,False
INC0104380,2025-10-12 03:01:00.000000000,2025-10-12 03:31:15.745158422,A02,A02-S7,A02-S7-FAN,fan,Lenovo,ThinkSystem SR650 V3,web,fan_bearing,fan down to 5195 RPM at the same PWM duty with vibration 4.6 mm/s,fan_rpm_drop|fan_vibration,Fan bearing wear: vibration rising and RPM falling at constant PWM duty -- precedes seizure.,Hot-swap the fan module (N+1 redundant) and verify the remaining fans ramp correctly during the swap.,resolved,FAN-LNV-SR650,1,0.5,2,P3,T. Novak,normal,False
INC0104378,2025-10-12 08:13:00.000000000,2025-10-12 09:47:30.331563805,C08,C08-S2,C08-S2-DISK,disk,HPE,ProLiant DL380 Gen11,database,disk_hdd_head,HDD pending sectors at 62 and retry-driven latency of 7.3 ms,pending_sectors|latency_spike,HDD head degradation causing pending sectors and retry-driven latency.,"Mark the HDD failed in the storage array, let the pool rebuild to a hot spare, then replace the drive.",resolved,SSD-NVME-U2-3T84,1,1.58,0,P2,M. Chen,normal,False
INC0104379,2025-10-12 12:57:00.000000000,2025-10-12 15:55:06.409398540,D09,D09-S7,D09-S7-DISK,disk,Dell,PowerEdge R760,storage,disk_hdd_head,HDD pending sectors at 85 and retry-driven latency of 9.1 ms,pending_sectors|latency_spike,HDD head degradation causing pending sectors and retry-driven latency.,"Mark the HDD failed in the storage array, let the pool rebuild to a hot spare, then replace the drive.",resolved,HDD-SAS-12T,1,2.97,2,P2,J. Alvarez,normal,False
INC0104381,2025-10-13 00:55:00.000000000,2025-10-13 01:54:39.765483754,A12,A12-S7,A12-S7-DIMM,dimm,Dell,PowerEdge R760,web,dimm_fw_false_pos,correctable error spikes on many hosts at once after a BMC update,ecc_correctable_spike,BIOS/BMC firmware bug over-reporting correctable errors (vendor advisory) -- no actual DRAM degradation.,Apply the vendor BIOS/BMC update that corrects correctable-error logging; confirm counts normalize before swapping any hardware.,recurred,,0,0.99,0,P4,K. Watanabe,normal,False
INC0104385,2025-10-13 09:54:00.000000000,2025-10-13 10:33:50.401363315,E06,E06-S3,E06-S3-NIC,nic,HPE,ProLiant DL380a Gen11,ai,nic_sfp,80 link flaps per day with CRC errors rising on one port,link_flap|crc_errors,Link flaps with rising CRC errors isolated to the host side of one port -- degrading SFP transceiver or marginal cable.,"Replace the SFP transceiver and cable together before touching the NIC. If this NIC carries an in-progress migration, fail over to the secondary port first.",resolved,QSFP28-100G-SR4,1,0.66,5,P2,T. Novak,maintenance_window,False
INC0104384,2025-10-13 13:12:00.000000000,2025-10-13 13:32:29.487301842,D03,D03-S5,D03-S5-NIC,nic,Dell,PowerEdge R760,storage,nic_dac,CRC errors on a DAC link after a rack re-cable,crc_errors,Damaged DAC cable (bend-radius violation) causing CRC errors.,Replace the DAC cable and re-dress it with the correct bend radius.,resolved,CBL-DAC-25G-3M,1,0.34,3,P3,L. Moreau,normal,False
INC0104386,2025-10-13 17:09:00.000000000,2025-10-13 17:42:04.580931024,A15,A15-S1,A15-S1-NIC,nic,Dell,PowerEdge R760,web,nic_dac,CRC errors on a DAC link after a rack re-cable,crc_errors,Damaged DAC cable (bend-radius violation) causing CRC errors.,Replace the DAC cable and re-dress it with the correct bend radius.,resolved,CBL-DAC-25G-3M,1,0.55,0,P3,D. Haddad,normal,False
INC0104383,2025-10-13 20:16:00.000000000,2025-10-13 21:24:29.484356155,C12,C12-S7,C12-S7-DISK,disk,Lenovo,ThinkSystem SR650 V3,database,disk_hdd_head,HDD pending sectors at 89 and retry-driven latency of 10.5 ms,pending_sectors|latency_spike,HDD head degradation causing pending sectors and retry-driven latency.,"Mark the HDD failed in the storage array, let the pool rebuild to a hot spare, then replace the drive.",resolved,SSD-NVME-U2-3T84,1,1.14,0,P2,P. Reyes,normal,False
INC0104387,2025-10-13 23:16:00.000000000,2025-10-13 23:37:03.047579384,C16,C16-S2,C16-S2-FAN,fan,Dell,PowerEdge R760,database,fan_connector,intermittent tach dropouts on one fan,fan_rpm_drop,Intermittent RPM dropouts traced to a loose fan connector.,Reseat the fan module connector and confirm stable tach readings.,recurred,,0,0.35,1,P2,A. Kim,dr_failover,False
INC0104389,2025-10-14 13:37:00.000000000,2025-10-14 14:11:41.776489757,D02,D02-S5,D02-S5-FAN,fan,Lenovo,ThinkSystem SR650 V3,storage,fan_current,fan motor current up to 1.57 A to hold speed,fan_current_rise|fan_rpm_drop,Motor current rising to hold RPM -- winding or bearing degradation.,Replace the fan module proactively; the current rise precedes failure by days.,resolved,FAN-LNV-SR650,1,0.58,1,P3,A. Kim,normal,False
INC0104368,2025-10-14 19:13:46.800359336,2025-10-14 19:34:59.395890003,D04,D04-S2,D04-S2-FAN,fan,HPE,ProLiant DL380 Gen11,storage,fan_bearing,Recurrence of INC0104367: fan down to 4022 RPM at the same PWM duty with vibration 4.1 mm/s,fan_rpm_drop|fan_vibration,Fan bearing wear: vibration rising and RPM falling at constant PWM duty -- precedes seizure.,Hot-swap the fan module (N+1 redundant) and verify the remaining fans ramp correctly during the swap.,resolved,FAN-HPE-DL380,1,0.35,2,P2,L. Moreau,dr_failover,False
INC0104388,2025-10-15 03:18:07.677070957,2025-10-15 03:39:08.943575016,C16,C16-S2,C16-S2-FAN,fan,Dell,PowerEdge R760,database,fan_bearing,Recurrence of INC0104387: vibration rising for 3 days while fan speed fell,fan_rpm_drop|fan_vibration,Fan bearing wear: vibration rising and RPM falling at constant PWM duty -- precedes seizure.,Hot-swap the fan module (N+1 redundant) and verify the remaining fans ramp correctly during the swap.,resolved,FAN-DEL-R760,1,0.35,5,P2,P. Reyes,dr_failover,False
INC0104382,2025-10-15 08:39:37.092652268,2025-10-15 09:29:06.235366418,A12,A12-S7,A12-S7-DIMM,dimm,Dell,PowerEdge R760,web,dimm_fw_false_pos,Recurrence of INC0104381: fleet-wide jump in reported correctable ECC after firmware rollout,ecc_correctable_spike,BIOS/BMC firmware bug over-reporting correctable errors (vendor advisory) -- no actual DRAM degradation.,Apply the vendor BIOS/BMC update that corrects correctable-error logging; confirm counts normalize before swapping any hardware.,resolved,,0,0.82,30,P4,R. Singh,normal,False
INC0104392,2025-10-15 18:41:00.000000000,2025-10-15 19:03:10.628925910,B06,B06-S7,B06-S7-FAN,fan,HPE,ProLiant DL380 Gen11,virtualization,fan_bmc_curve,all fans in a chassis under-spinning after a BMC update,fan_rpm_drop,"BMC fan curve misconfigured after a firmware update -- fans under-spinning, not failing.",Restore the vendor thermal profile / fan curve in BMC settings; no hardware change.,resolved,,0,0.37,2,P4,E. Johansson,normal,False
INC0104374,2025-10-15 20:32:19.360320941,2025-10-15 22:06:08.412891433,E06,E06-S5,E06-S5-DIMM,dimm,HPE,ProLiant DL380a Gen11,ai,dimm_replace,"Recurrence of INC0104373: correctable ECC count climbed from single digits to 72 per day, then uncorrectable errors appeared",ecc_correctable_spike|ecc_uncorrectable,Failing DRAM device on the RDIMM: correctable ECC rate climbed for several days before uncorrectable errors appeared -- classic cell degradation.,"Replace the RDIMM identified by the SEL slot locator. If the host is serving a migration or DR role, live-migrate or fail over workloads first; never hot-remove memory from a running host.",resolved,MEM-DDR5-64G-4800,1,1.56,0,P2,L. Moreau,normal,False
INC0104390,2025-10-15 22:03:00.000000000,2025-10-16 00:05:41.983502226,B03,B03-S8,B03-S8-DISK,disk,HPE,ProLiant DL380 Gen11,virtualization,disk_hdd_head,HDD pending sectors at 62 and retry-driven latency of 9.9 ms,pending_sectors|latency_spike,HDD head degradation causing pending sectors and retry-driven latency.,"Mark the HDD failed in the storage array, let the pool rebuild to a hot spare, then replace the drive.",resolved,SSD-NVME-U2-3T84,1,2.04,2,P2,N. Patel,dr_failover,False
INC0104391,2025-10-15 22:34:00.000000000,2025-10-15 22:54:24.693972842,A14,A14-S6,A14-S6-NIC,nic,Lenovo,ThinkSystem SR650 V3,web,nic_dac,CRC errors on a DAC link after a rack re-cable,crc_errors,Damaged DAC cable (bend-radius violation) causing CRC errors.,Replace the DAC cable and re-dress it with the correct bend radius.,resolved,CBL-DAC-25G-3M,1,0.34,0,P3,J. Alvarez,normal,False
INC0104396,2025-10-16 02:24:00.000000000,2025-10-16 03:28:27.151096793,D15,D15-S5,D15-S5-PSU,psu,Dell,PowerEdge R760,storage,psu_capacitor,PSU D8 showed ripple climbing past spec for 9 days,input_voltage_drop|output_ripple_high,"Input sag with rising output ripple on one PSU of a redundant pair -- capacitor degradation, typically 2-3 weeks before a hard trip.","Confirm the partner PSU is healthy, then hot-swap the degrading unit. In a backup window, first verify the remaining PSU can carry the backup job's peak draw.",resolved,PSU-DEL-1400W,1,1.07,0,P2,A. Kim,normal,False
INC0104395,2025-10-16 07:17:00.000000000,2025-10-16 09:10:46.634392563,D07,D07-S4,D07-S4-DISK,disk,HPE,ProLiant DL380 Gen11,storage,disk_fw_stall,periodic 30-second I/O stalls on drives of the same model,latency_spike,Drive firmware bug causing periodic latency stalls (vendor advisory) -- media healthy.,Update drive firmware in a rolling fashion; replacement is unnecessary while SMART media counters stay clean.,resolved,,0,1.9,0,P3,L. Moreau,normal,False
INC0104393,2025-10-16 10:30:00.000000000,2025-10-16 11:00:12.398009934,E19,E19-S3,E19-S3-DISK,disk,Lenovo,ThinkSystem SR675 V3,ai,disk_reseat,drive reseated after link resets; SMART read error rate kept rising,smart_read_error_rate,Drive reseated after link-reset errors; errors resumed within days.,Reseating is not a durable fix when the SMART read error rate keeps rising -- replace the drive.,recurred,,0,0.5,0,P2,D. Haddad,migration,False
INC0104397,2025-10-17 01:17:00.000000000,2025-10-17 02:23:04.883863002,C09,C09-S7,C09-S7-DIMM,dimm,Lenovo,ThinkSystem SR650 V3,database,dimm_ppr,ECC errors isolated to one DRAM row on slot C2,ecc_correctable_spike,Isolated single-row fault on one DRAM device; errors confined to one address range.,Schedule a reboot with Post Package Repair (PPR) enabled in BIOS to remap the faulty row; watch the correctable-error rate for 72 hours and replace the DIMM if it recurs.,resolved,,0,1.1,20,P3,M. Chen,normal,False
INC0105267,2025-10-17 02:27:00.000000000,2025-10-17 03:47:09.851444331,B06,B06-S5,,thermal,HPE,ProLiant DL380 Gen11,virtualization,thermal_blanking,"inlet 34.0 C on top-of-rack servers, hot-air recirculation through empty U spaces",inlet_overtemp|hot_air_recirculation,Missing blanking panels allowed hot-aisle air to recirculate into server inlets.,Install blanking panels in every empty U position and confirm inlet temperatures drop within the hour.,resolved,,0,1.34,2,P3,J. Alvarez,normal,False
INC0104399,2025-10-17 04:03:00.000000000,2025-10-17 06:45:52.707146248,D07,D07-S1,D07-S1-DIMM,dimm,HPE,ProLiant DL380 Gen11,storage,dimm_replace,memory error rate on slot B2 kept increasing over 4 days,ecc_correctable_spike|ecc_uncorrectable,Failing DRAM device on the RDIMM: correctable ECC rate climbed for several days before uncorrectable errors appeared -- classic cell degradation.,"Replace the RDIMM identified by the SEL slot locator. If the host is serving a migration or DR role, live-migrate or fail over workloads first; never hot-remove memory from a running host.",resolved,MEM-DDR5-64G-4800,1,2.71,0,P2,S. Okafor,normal,False
INC0104400,2025-10-17 07:05:00.000000000,2025-10-17 07:44:36.135031104,A12,A12-S6,A12-S6-DISK,disk,Dell,PowerEdge R760,web,disk_reseat,drive reseated after link resets; SMART read error rate kept rising,smart_read_error_rate,Drive reseated after link-reset errors; errors resumed within days.,Reseating is not a durable fix when the SMART read error rate keeps rising -- replace the drive.,recurred,,0,0.66,26,P3,N. Patel,normal,False
INC0104398,2025-10-17 18:33:00.000000000,2025-10-17 21:00:00.020641661,E02,E02-S5,E02-S5-DIMM,dimm,Dell,PowerEdge XE8640,ai,dimm_replace,"correctable ECC count climbed from single digits to 64 per day, then uncorrectable errors appeared",ecc_correctable_spike|ecc_uncorrectable,Failing DRAM device on the RDIMM: correctable ECC rate climbed for several days before uncorrectable errors appeared -- classic cell degradation.,"Replace the RDIMM identified by the SEL slot locator. If the host is serving a migration or DR role, live-migrate or fail over workloads first; never hot-remove memory from a running host.",resolved,MEM-DDR5-64G-4800,1,2.45,0,P2,L. Moreau,normal,False
INC0104402,2025-10-18 00:16:00.000000000,2025-10-18 04:12:36.686103192,D09,D09-S6,D09-S6-DIMM,dimm,Dell,PowerEdge R760,storage,dimm_ue_crash,uncorrectable memory error forced a kernel panic,ecc_uncorrectable,Uncorrectable ECC error caused a host crash; module confirmed failed by vendor diagnostics.,"Replace the RDIMM immediately, run vendor memory diagnostics after replacement, and review the crash dump to rule out a CPU memory-controller fault.",resolved,MEM-DDR5-64G-4800,1,3.94,136,P1,J. Alvarez,normal,True
INC0104403,2025-10-18 03:50:00.000000000,2025-10-18 04:17:03.802010726,E14,E14-S2,E14-S2-NIC,nic,Dell,PowerEdge XE8640,ai,nic_dac,CRC errors on a DAC link after a rack re-cable,crc_errors,Damaged DAC cable (bend-radius violation) causing CRC errors.,Replace the DAC cable and re-dress it with the correct bend radius.,resolved,CBL-DAC-25G-3M,1,0.45,5,P3,S. Okafor,normal,False
INC0104394,2025-10-18 12:08:13.191060215,2025-10-18 14:00:59.322014670,E19,E19-S3,E19-S3-DISK,disk,Lenovo,ThinkSystem SR675 V3,ai,disk_media_wear,Recurrence of INC0104393: SMART reallocated sectors rose to 26 with pending sectors climbing,reallocated_sectors|pending_sectors|smart_read_error_rate,Drive media degradation: reallocated and pending sector counts rising steadily -- the pattern that preceded hard read failures in prior incidents.,"Drain the replica / rebuild the RAID member onto a healthy drive, then hot-swap the drive. Do not wait for a hard failure if a backup or replication job is currently reading from it.",resolved,SSD-NVME-U2-3T84,1,1.88,4,P2,K. Watanabe,migration,False
INC0104404,2025-10-19 20:20:00.000000000,2025-10-19 20:38:58.259189979,C14,C14-S1,C14-S1-FAN,fan,HPE,ProLiant DL380 Gen11,database,fan_current,fan motor current up to 1.32 A to hold speed,fan_current_rise|fan_rpm_drop,Motor current rising to hold RPM -- winding or bearing degradation.,Replace the fan module proactively; the current rise precedes failure by days.,resolved,FAN-HPE-DL380,1,0.32,3,P3,A. Kim,normal,False
INC0105268,2025-10-21 14:35:00.000000000,2025-10-21 15:46:12.730802266,A19,A19-S8,,thermal,HPE,ProLiant DL380 Gen11,web,thermal_tiles,high-density racks starved of cold air after new GPU servers were installed,inlet_overtemp|hot_spot,Perforated tile layout not matched to rack load after high-density servers were added.,Rebalance perforated tiles and add high-flow grates in front of high-density racks.,resolved,,0,1.19,5,P2,S. Okafor,dr_failover,False
INC0104405,2025-10-21 21:12:00.000000000,2025-10-21 21:48:27.083905462,E19,E19-S1,E19-S1-DISK,disk,Lenovo,ThinkSystem SR675 V3,ai,disk_reseat,drive reseated after link resets; SMART read error rate kept rising,smart_read_error_rate,Drive reseated after link-reset errors; errors resumed within days.,Reseating is not a durable fix when the SMART read error rate keeps rising -- replace the drive.,resolved,,0,0.61,27,P3,T. Novak,normal,False
INC0104401,2025-10-21 23:58:26.814408248,2025-10-22 01:50:28.648525800,A12,A12-S6,A12-S6-DISK,disk,Dell,PowerEdge R760,web,disk_media_wear,Recurrence of INC0104400: predictive-failure flag: reallocated and pending sector counts rising for 6 days,reallocated_sectors|pending_sectors|smart_read_error_rate,Drive media degradation: reallocated and pending sector counts rising steadily -- the pattern that preceded hard read failures in prior incidents.,"Drain the replica / rebuild the RAID member onto a healthy drive, then hot-swap the drive. Do not wait for a hard failure if a backup or replication job is currently reading from it.",resolved,SSD-NVME-U2-3T84,1,1.87,2,P2,K. Watanabe,normal,False
INC0104407,2025-10-22 02:10:00.000000000,2025-10-22 02:52:46.160638496,C09,C09-S5,C09-S5-NIC,nic,Lenovo,ThinkSystem SR650 V3,database,nic_sfp,port flapping and CRC counters climbing on the host side only,link_flap|crc_errors,Link flaps with rising CRC errors isolated to the host side of one port -- degrading SFP transceiver or marginal cable.,"Replace the SFP transceiver and cable together before touching the NIC. If this NIC carries an in-progress migration, fail over to the secondary port first.",resolved,SFP28-25G-SR,1,0.71,4,P2,K. Watanabe,normal,False
INC0104406,2025-10-22 05:03:00.000000000,2025-10-22 05:39:37.066835599,A07,A07-S6,A07-S6-PSU,psu,HPE,ProLiant DL380 Gen11,web,psu_fan,PSU fan down to 5112 RPM and PSU temperature 32.7 C,psu_fan_rpm_drop|psu_overtemp,Failing PSU fan bearing (not the power stage) raising PSU temperature.,"PSU fans are not field-serviceable on this platform -- replace the PSU proactively in the next maintenance window, before thermal shutdown.",resolved,PSU-HPE-1600W,1,0.61,1,P3,L. Moreau,normal,False
INC0104411,2025-10-23 00:08:00.000000000,2025-10-23 00:32:10.923007691,D07,D07-S6,D07-S6-NIC,nic,HPE,ProLiant DL380 Gen11,storage,nic_dac,CRC errors on a DAC link after a rack re-cable,crc_errors,Damaged DAC cable (bend-radius violation) causing CRC errors.,Replace the DAC cable and re-dress it with the correct bend radius.,resolved,CBL-DAC-25G-3M,1,0.4,5,P3,L. Moreau,normal,False
INC0104408,2025-10-23 05:55:00.000000000,2025-10-23 06:59:45.434685435,A02,A02-S4,A02-S4-DIMM,dimm,Lenovo,ThinkSystem SR650 V3,web,dimm_airflow,memory running hot (34.4 C) after a cable re-dress,dimm_overtemp|ecc_correctable_spike,Missing blanking panel / cable bundle blocking airflow raised DIMM temperature and the soft-error rate.,"Restore airflow (blanking panels, clear the cable obstruction) and re-check DIMM temperature before considering replacement.",resolved,,0,1.08,49,P3,N. Patel,normal,False
INC0104409,2025-10-23 06:12:00.000000000,2025-10-23 07:34:44.697388066,E14,E14-S7,E14-S7-DISK,disk,Dell,PowerEdge XE8640,ai,disk_hdd_head,HDD pending sectors at 48 and retry-driven latency of 4.4 ms,pending_sectors|latency_spike,HDD head degradation causing pending sectors and retry-driven latency.,"Mark the HDD failed in the storage array, let the pool rebuild to a hot spare, then replace the drive.",resolved,SSD-NVME-U2-3T84,1,1.38,4,P2,J. Alvarez,normal,False
INC0105270,2025-10-23 08:03:00.000000000,2025-10-23 08:41:36.929267838,A17,A17-S7,,cabling,Lenovo,ThinkSystem SR650 V3,web,cable_mispatch,VLAN mismatch and flaps after a server was re-patched during migration,link_flap,"Server patched to the wrong ToR port during migration, causing VLAN mismatch and flaps.",Correct the patching per the cable plan and update the DCIM port mapping.,resolved,,0,0.64,5,P3,A. Kim,normal,False
INC0104410,2025-10-23 08:05:00.000000000,2025-10-23 08:42:19.689184088,D10,D10-S8,D10-S8-PSU,psu,HPE,ProLiant DL380 Gen11,storage,psu_pdu_feed,both PSUs on the same feed reported low input voltage (201.8 V),input_voltage_drop,"Voltage sag traced to the upstream PDU outlet/whip, not the PSU (both PSUs on that feed showed it).",Move the PSU cord to a healthy outlet on the correct A/B feed and open a facilities ticket for the PDU circuit -- do not replace the PSU.,resolved,,0,0.62,17,P2,D. Haddad,backup_window,False
INC0104412,2025-10-23 08:49:00.000000000,2025-10-23 09:23:25.425652638,D18,D18-S4,D18-S4-NIC,nic,Dell,PowerEdge R760,storage,nic_driver_reset,link flaps blamed on the driver; flaps returned within a day of a driver reset,link_flap|crc_errors,Flaps attributed to a driver issue; a driver reset was applied but flaps returned within 24 hours (a physical-layer signature).,A driver reset is not sufficient when CRC errors are rising -- treat it as a physical-layer fault and replace the transceiver and cable.,recurred,,0,0.57,21,P3,D. Haddad,normal,False
INC0105269,2025-10-23 10:05:00.000000000,2025-10-23 10:41:03.516205753,B02,B02-S4,,cabling,Dell,PowerEdge R760,virtualization,cable_strain,CRC errors on several ports after a rack reshuffle,crc_errors,Cable bundle strain after a rack reshuffle damaged DAC cables.,Re-dress the cabling and replace the damaged DAC cables.,resolved,CBL-DAC-25G-3M,2,0.6,0,P3,A. Kim,normal,False
INC0104415,2025-10-24 12:16:00.000000000,2025-10-24 12:42:30.454268748,E09,E09-S5,E09-S5-FAN,fan,HPE,ProLiant DL380a Gen11,ai,fan_current,fan motor current up to 1.21 A to hold speed,fan_current_rise|fan_rpm_drop,Motor current rising to hold RPM -- winding or bearing degradation.,Replace the fan module proactively; the current rise precedes failure by days.,resolved,FAN-GPU-HP80,1,0.44,1,P3,N. Patel,maintenance_window,False
INC0104416,2025-10-24 12:57:00.000000000,2025-10-24 13:31:41.421140548,C19,C19-S5,C19-S5-FAN,fan,Dell,PowerEdge R760,database,fan_current,fan motor current up to 1.33 A to hold speed,fan_current_rise|fan_rpm_drop,Motor current rising to hold RPM -- winding or bearing degradation.,Replace the fan module proactively; the current rise precedes failure by days.,resolved,FAN-DEL-R760,1,0.58,1,P3,S. Okafor,normal,False
INC0104414,2025-10-24 17:56:00.000000000,2025-10-24 18:38:51.368682513,D18,D18-S8,D18-S8-PSU,psu,Dell,PowerEdge R760,storage,psu_fan,PSU fan down to 5460 RPM and PSU temperature 34.7 C,psu_fan_rpm_drop|psu_overtemp,Failing PSU fan bearing (not the power stage) raising PSU temperature.,"PSU fans are not field-serviceable on this platform -- replace the PSU proactively in the next maintenance window, before thermal shutdown.",resolved,PSU-DEL-1400W,1,0.71,0,P2,T. Novak,migration,False
INC0104413,2025-10-24 20:01:29.766232935,2025-10-24 20:23:22.560780330,D18,D18-S4,D18-S4-NIC,nic,Dell,PowerEdge R760,storage,nic_sfp,Recurrence of INC0104412: 21 link flaps per day with CRC errors rising on one port,link_flap|crc_errors,Link flaps with rising CRC errors isolated to the host side of one port -- degrading SFP transceiver or marginal cable.,"Replace the SFP transceiver and cable together before touching the NIC. If this NIC carries an in-progress migration, fail over to the secondary port first.",resolved,SFP28-25G-SR,1,0.36,5,P2,M. Chen,normal,False
INC0104417,2025-10-25 19:40:00.000000000,2025-10-25 22:05:49.680993077,D01,D01-S1,D01-S1-DIMM,dimm,HPE,ProLiant DL380 Gen11,storage,dimm_replace,BMC SEL logged a rising correctable memory error rate (63/24h) on one DIMM slot,ecc_correctable_spike|ecc_uncorrectable,Failing DRAM device on the RDIMM: correctable ECC rate climbed for several days before uncorrectable errors appeared -- classic cell degradation.,"Replace the RDIMM identified by the SEL slot locator. If the host is serving a migration or DR role, live-migrate or fail over workloads first; never hot-remove memory from a running host.",resolved,MEM-DDR5-64G-4800,1,2.43,0,P2,K. Watanabe,normal,False
INC0104420,2025-10-26 06:42:00.000000000,2025-10-26 07:49:36.849694191,E17,E17-S7,E17-S7-DISK,disk,Dell,PowerEdge XE8640,ai,disk_hdd_head,HDD pending sectors at 12 and retry-driven latency of 10.3 ms,pending_sectors|latency_spike,HDD head degradation causing pending sectors and retry-driven latency.,"Mark the HDD failed in the storage array, let the pool rebuild to a hot spare, then replace the drive.",resolved,SSD-NVME-U2-3T84,1,1.13,4,P2,E. Johansson,normal,False
INC0105271,2025-10-26 11:18:00.000000000,2025-10-26 12:17:36.844092767,B12,B12-S3,,cabling,HPE,ProLiant DL380 Gen11,virtualization,cable_mispatch,VLAN mismatch and flaps after a server was re-patched during migration,link_flap,"Server patched to the wrong ToR port during migration, causing VLAN mismatch and flaps.",Correct the patching per the cable plan and update the DCIM port mapping.,resolved,,0,0.99,2,P3,T. Novak,normal,False
INC0104418,2025-10-26 13:53:00.000000000,2025-10-26 19:52:43.917126200,D10,D10-S1,D10-S1-DIMM,dimm,HPE,ProLiant DL380 Gen11,storage,dimm_imc,errors followed the slot after the DIMM was swapped to another channel,ecc_uncorrectable|ecc_correctable_spike,"Errors followed the CPU socket, not the DIMM -- integrated memory controller fault.","Move the DIMM to a different channel as a test; if errors follow the slot/socket, escalate to vendor for CPU or motherboard replacement.",recurred,,0,6.0,0,P2,S. Okafor,normal,False
INC0104422,2025-10-27 02:28:00.000000000,2025-10-27 02:51:56.053791130,B05,B05-S2,B05-S2-PSU,psu,Dell,PowerEdge R760,virtualization,psu_reseat,PSU reseated after an 'input lost' alarm; the alarm returned,input_voltage_drop,PSU reseated after an input-lost alarm; the alarm recurred.,"Reseating a PSU with repeated input-lost events is not durable -- check the cord and PDU outlet, then replace the PSU if the feed is healthy.",recurred,,0,0.4,0,P3,D. Haddad,normal,False
INC0104426,2025-10-27 03:01:00.000000000,2025-10-27 03:29:17.511325614,D02,D02-S5,D02-S5-FAN,fan,Lenovo,ThinkSystem SR650 V3,storage,fan_bearing,vibration rising for 4 days while fan speed fell,fan_rpm_drop|fan_vibration,Fan bearing wear: vibration rising and RPM falling at constant PWM duty -- precedes seizure.,Hot-swap the fan module (N+1 redundant) and verify the remaining fans ramp correctly during the swap.,resolved,FAN-LNV-SR650,1,0.47,0,P3,D. Haddad,normal,False
INC0104421,2025-10-27 07:48:00.000000000,2025-10-27 10:45:53.372214471,A11,A11-S7,A11-S7-DIMM,dimm,Lenovo,ThinkSystem SR650 V3,web,dimm_replace,"correctable ECC count climbed from single digits to 40 per day, then uncorrectable errors appeared",ecc_correctable_spike|ecc_uncorrectable,Failing DRAM device on the RDIMM: correctable ECC rate climbed for several days before uncorrectable errors appeared -- classic cell degradation.,"Replace the RDIMM identified by the SEL slot locator. If the host is serving a migration or DR role, live-migrate or fail over workloads first; never hot-remove memory from a running host.",resolved,MEM-DDR5-64G-4800,1,2.96,0,P2,T. Novak,normal,False
INC0104424,2025-10-27 19:37:00.000000000,2025-10-27 20:39:31.873777626,D06,D06-S4,D06-S4-PSU,psu,Dell,PowerEdge R760,storage,psu_pdu_feed,both PSUs on the same feed reported low input voltage (201.7 V),input_voltage_drop,"Voltage sag traced to the upstream PDU outlet/whip, not the PSU (both PSUs on that feed showed it).",Move the PSU cord to a healthy outlet on the correct A/B feed and open a facilities ticket for the PDU circuit -- do not replace the PSU.,resolved,,0,1.04,0,P2,R. Singh,normal,False
INC0104425,2025-10-27 20:49:00.000000000,2025-10-27 21:17:48.592381469,E17,E17-S5,E17-S5-FAN,fan,Dell,PowerEdge XE8640,ai,fan_dust,vibration 6.0 mm/s with a dusty intake filter,fan_vibration,Dust accumulation / imbalance causing vibration; fan otherwise healthy.,Clean the fan module and filter; replace only if vibration persists after cleaning.,resolved,,0,0.48,1,P4,J. Alvarez,normal,False
INC0104429,2025-10-28 05:09:00.000000000,2025-10-28 06:07:08.962372478,C11,C11-S4,C11-S4-FAN,fan,HPE,ProLiant DL380 Gen11,database,fan_double,"two fans in the same chassis degraded, remaining fans at 100%",fan_rpm_drop|fan_current_rise,"Two fans in the same chassis degraded, forcing the rest to maximum and risking thermal shutdown.",Replace both fan modules in the same visit and check chassis inlet temperature on neighbouring servers.,resolved,FAN-HPE-DL380,2,0.97,4,P2,A. Kim,normal,False
INC0104428,2025-10-28 11:23:00.000000000,2025-10-28 12:18:45.892823372,C18,C18-S2,C18-S2-NIC,nic,Lenovo,ThinkSystem SR650 V3,database,nic_sfp,27 link flaps per day with CRC errors rising on one port,link_flap|crc_errors,Link flaps with rising CRC errors isolated to the host side of one port -- degrading SFP transceiver or marginal cable.,"Replace the SFP transceiver and cable together before touching the NIC. If this NIC carries an in-progress migration, fail over to the secondary port first.",resolved,SFP28-25G-SR,1,0.93,5,P2,K. Watanabe,normal,False
INC0104427,2025-10-28 22:08:00.000000000,2025-10-28 23:27:21.767958687,A20,A20-S3,A20-S3-DISK,disk,Lenovo,ThinkSystem SR650 V3,web,disk_fw_stall,periodic 30-second I/O stalls on drives of the same model,latency_spike,Drive firmware bug causing periodic latency stalls (vendor advisory) -- media healthy.,Update drive firmware in a rolling fashion; replacement is unnecessary while SMART media counters stay clean.,resolved,,0,1.32,0,P3,A. Kim,normal,False
INC0104419,2025-10-29 06:21:28.350951625,2025-10-29 11:04:04.970345054,D10,D10-S1,D10-S1-DIMM,dimm,HPE,ProLiant DL380 Gen11,storage,dimm_imc,Recurrence of INC0104418: errors followed the slot after the DIMM was swapped to another channel,ecc_uncorrectable|ecc_correctable_spike,"Errors followed the CPU socket, not the DIMM -- integrated memory controller fault.","Move the DIMM to a different channel as a test; if errors follow the slot/socket, escalate to vendor for CPU or motherboard replacement.",resolved,,0,4.71,0,P2,M. Chen,normal,False
INC0104431,2025-10-29 12:27:00.000000000,2025-10-29 13:35:34.888910961,C19,C19-S7,C19-S7-DISK,disk,Dell,PowerEdge R760,database,disk_hdd_head,HDD pending sectors at 25 and retry-driven latency of 13.4 ms,pending_sectors|latency_spike,HDD head degradation causing pending sectors and retry-driven latency.,"Mark the HDD failed in the storage array, let the pool rebuild to a hot spare, then replace the drive.",resolved,SSD-NVME-U2-3T84,1,1.14,2,P2,J. Alvarez,maintenance_window,False
INC0104430,2025-10-29 16:21:00.000000000,2025-10-29 16:58:03.799167643,A18,A18-S4,A18-S4-DIMM,dimm,Dell,PowerEdge R760,web,dimm_reseat,memory errors began right after the server was racked back in,ecc_correctable_spike,Suspected DIMM seating issue after recent chassis work; reseating reduced correctable errors only temporarily.,"Reseat the DIMM and clear the SEL -- only reasonable if the host had physical service in the last 7 days. If correctable errors resume within 48 hours, escalate straight to replacement.",resolved,,0,0.62,0,P3,S. Okafor,backup_window,False
INC0104433,2025-10-30 08:36:00.000000000,2025-10-30 10:21:20.364495040,D11,D11-S5,D11-S5-DISK,disk,Lenovo,ThinkSystem SR650 V3,storage,disk_media_wear,SMART reallocated sectors rose to 63 with pending sectors climbing,reallocated_sectors|pending_sectors|smart_read_error_rate,Drive media degradation: reallocated and pending sector counts rising steadily -- the pattern that preceded hard read failures in prior incidents.,"Drain the replica / rebuild the RAID member onto a healthy drive, then hot-swap the drive. Do not wait for a hard failure if a backup or replication job is currently reading from it.",resolved,HDD-SAS-12T,1,1.76,2,P2,A. Kim,normal,False
INC0104435,2025-10-30 12:45:00.000000000,2025-10-30 13:31:59.740494689,E11,E11-S3,E11-S3-NIC,nic,Dell,PowerEdge XE8640,ai,nic_dac,CRC errors on a DAC link after a rack re-cable,crc_errors,Damaged DAC cable (bend-radius violation) causing CRC errors.,Replace the DAC cable and re-dress it with the correct bend radius.,resolved,CBL-DAC-25G-3M,1,0.78,2,P3,L. Moreau,normal,False
INC0104436,2025-10-30 15:03:00.000000000,2025-10-30 15:42:00.851408230,E18,E18-S8,E18-S8-FAN,fan,HPE,ProLiant DL380a Gen11,ai,fan_bmc_curve,all fans in a chassis under-spinning after a BMC update,fan_rpm_drop,"BMC fan curve misconfigured after a firmware update -- fans under-spinning, not failing.",Restore the vendor thermal profile / fan curve in BMC settings; no hardware change.,resolved,,0,0.65,2,P4,S. Okafor,normal,False
INC0104432,2025-10-30 21:02:00.000000000,2025-10-30 22:31:33.107914694,D13,D13-S7,D13-S7-DISK,disk,HPE,ProLiant DL380 Gen11,storage,disk_early_latency,"I/O latency spiking to 10.4 ms with rising read error rate, no reallocations yet",smart_read_error_rate|latency_spike,Rising SMART read error rate with I/O latency spikes but no reallocated sectors yet -- an earlier-stage precursor.,"Flag the drive for proactive replacement in the next maintenance window, move latency-sensitive volumes off it, and check the reallocation count daily.",resolved,HDD-SAS-12T,1,1.49,1,P3,K. Watanabe,normal,False
INC0104434,2025-10-30 21:54:00.000000000,2025-10-30 22:31:03.474405571,A18,A18-S2,A18-S2-NIC,nic,Dell,PowerEdge R760,web,nic_sfp,port flapping and CRC counters climbing on the host side only,link_flap|crc_errors,Link flaps with rising CRC errors isolated to the host side of one port -- degrading SFP transceiver or marginal cable.,"Replace the SFP transceiver and cable together before touching the NIC. If this NIC carries an in-progress migration, fail over to the secondary port first.",resolved,SFP28-25G-SR,1,0.62,2,P2,L. Moreau,maintenance_window,False
INC0104437,2025-10-31 09:20:00.000000000,2025-10-31 09:48:20.346102963,A09,A09-S8,A09-S8-NIC,nic,Dell,PowerEdge R760,web,nic_dac,CRC errors on a DAC link after a rack re-cable,crc_errors,Damaged DAC cable (bend-radius violation) causing CRC errors.,Replace the DAC cable and re-dress it with the correct bend radius.,resolved,CBL-DAC-25G-3M,1,0.47,2,P3,K. Watanabe,normal,False
INC0104438,2025-10-31 09:37:00.000000000,2025-10-31 10:10:53.368188495,B07,B07-S4,B07-S4-NIC,nic,Lenovo,ThinkSystem SR650 V3,virtualization,nic_switch_port,"flaps visible on both ends, errors counted on the switch side",link_flap,Flaps originated on the switch side -- ToR switch port or optic fault.,"Compare counters on both ends, move to a spare ToR port and open a network ticket; no host hardware change needed.",resolved,,0,0.56,0,P3,R. Singh,normal,False
INC0104423,2025-10-31 21:28:00.327321757,2025-10-31 22:29:44.471564317,B05,B05-S2,B05-S2-PSU,psu,Dell,PowerEdge R760,virtualization,psu_capacitor,Recurrence of INC0104422: PSU D7 showed ripple climbing past spec for 4 days,input_voltage_drop|output_ripple_high,"Input sag with rising output ripple on one PSU of a redundant pair -- capacitor degradation, typically 2-3 weeks before a hard trip.","Confirm the partner PSU is healthy, then hot-swap the degrading unit. In a backup window, first verify the remaining PSU can carry the backup job's peak draw.",resolved,PSU-DEL-1400W,1,1.03,0,P2,N. Patel,normal,False
INC0104439,2025-11-01 08:06:00.000000000,2025-11-01 08:37:59.290895996,B03,B03-S2,B03-S2-DIMM,dimm,HPE,ProLiant DL380 Gen11,virtualization,dimm_reseat,memory errors began right after the server was racked back in,ecc_correctable_spike,Suspected DIMM seating issue after recent chassis work; reseating reduced correctable errors only temporarily.,"Reseat the DIMM and clear the SEL -- only reasonable if the host had physical service in the last 7 days. If correctable errors resume within 48 hours, escalate straight to replacement.",recurred,,0,0.53,11,P2,E. Johansson,dr_failover,False
INC0104441,2025-11-01 20:42:00.000000000,2025-11-01 23:23:47.137599505,C11,C11-S3,C11-S3-DIMM,dimm,HPE,ProLiant DL380 Gen11,database,dimm_replace,memory error rate on slot E1 kept increasing over 8 days,ecc_correctable_spike|ecc_uncorrectable,Failing DRAM device on the RDIMM: correctable ECC rate climbed for several days before uncorrectable errors appeared -- classic cell degradation.,"Replace the RDIMM identified by the SEL slot locator. If the host is serving a migration or DR role, live-migrate or fail over workloads first; never hot-remove memory from a running host.",resolved,MEM-DDR5-64G-4800,1,2.7,66,P2,D. Haddad,normal,True
INC0105272,2025-11-02 01:25:00.000000000,2025-11-02 02:11:38.671276629,E16,E16-S4,,firmware,Lenovo,ThinkSystem SR675 V3,ai,fw_bmc_hang,telemetry gaps: BMC unresponsive to Redfish and IPMI,bmc_unresponsive,BMC firmware memory leak causing an unresponsive management controller (telemetry gaps).,"Reset the BMC (host unaffected), then roll out the fixed BMC firmware in a rolling window.",resolved,,0,0.78,0,P3,L. Moreau,backup_window,False
INC0104442,2025-11-02 02:07:00.000000000,2025-11-02 02:44:42.425960025,B04,B04-S8,B04-S8-PSU,psu,Lenovo,ThinkSystem SR650 V3,virtualization,psu_efficiency,PSU efficiency down to 86.5% with rising temperature,psu_efficiency_drop|psu_overtemp,PSU efficiency dropping (more heat per watt delivered) -- aging power stage.,Replace the PSU proactively; the efficiency loss adds rack heat load and precedes failure.,resolved,PSU-LNV-1100W,1,0.63,4,P3,L. Moreau,normal,False
INC0104443,2025-11-02 12:15:00.000000000,2025-11-02 12:50:24.166028828,C02,C02-S4,C02-S4-FAN,fan,HPE,ProLiant DL380 Gen11,database,fan_dust,vibration 6.3 mm/s with a dusty intake filter,fan_vibration,Dust accumulation / imbalance causing vibration; fan otherwise healthy.,Clean the fan module and filter; replace only if vibration persists after cleaning.,recurred,,0,0.59,4,P4,S. Okafor,normal,False
INC0104445,2025-11-03 16:15:00.000000000,2025-11-03 17:58:00.087914812,A17,A17-S1,A17-S1-DISK,disk,Lenovo,ThinkSystem SR650 V3,web,disk_fw_stall,periodic 30-second I/O stalls on drives of the same model,latency_spike,Drive firmware bug causing periodic latency stalls (vendor advisory) -- media healthy.,Update drive firmware in a rolling fashion; replacement is unnecessary while SMART media counters stay clean.,resolved,,0,1.72,0,P3,L. Moreau,normal,False
INC0104446,2025-11-03 23:03:00.000000000,2025-11-03 23:29:03.059727560,E04,E04-S7,E04-S7-FAN,fan,Lenovo,ThinkSystem SR675 V3,ai,fan_bearing,fan down to 4672 RPM at the same PWM duty with vibration 6.4 mm/s,fan_rpm_drop|fan_vibration,Fan bearing wear: vibration rising and RPM falling at constant PWM duty -- precedes seizure.,Hot-swap the fan module (N+1 redundant) and verify the remaining fans ramp correctly during the swap.,resolved,FAN-GPU-HP80,1,0.43,0,P3,E. Johansson,normal,False
INC0104447,2025-11-04 09:53:00.000000000,2025-11-04 11:03:31.890852595,B09,B09-S1,B09-S1-DIMM,dimm,HPE,ProLiant DL380 Gen11,virtualization,dimm_ppr,ECC errors isolated to one DRAM row on slot A1,ecc_correctable_spike,Isolated single-row fault on one DRAM device; errors confined to one address range.,Schedule a reboot with Post Package Repair (PPR) enabled in BIOS to remap the faulty row; watch the correctable-error rate for 72 hours and replace the DIMM if it recurs.,resolved,,0,1.18,0,P3,E. Johansson,normal,False
INC0104440,2025-11-04 11:04:16.798656815,2025-11-04 12:54:09.764348193,B03,B03-S2,B03-S2-DIMM,dimm,HPE,ProLiant DL380 Gen11,virtualization,dimm_replace,Recurrence of INC0104439: memory error rate on slot E8 kept increasing over 7 days,ecc_correctable_spike|ecc_uncorrectable,Failing DRAM device on the RDIMM: correctable ECC rate climbed for several days before uncorrectable errors appeared -- classic cell degradation.,"Replace the RDIMM identified by the SEL slot locator. If the host is serving a migration or DR role, live-migrate or fail over workloads first; never hot-remove memory from a running host.",resolved,MEM-DDR5-64G-4800,1,1.83,62,P2,J. Alvarez,dr_failover,True
INC0104444,2025-11-04 14:23:01.209235913,2025-11-04 14:47:58.632203607,C02,C02-S4,C02-S4-FAN,fan,HPE,ProLiant DL380 Gen11,database,fan_bearing,Recurrence of INC0104443: fan down to 4882 RPM at the same PWM duty with vibration 4.5 mm/s,fan_rpm_drop|fan_vibration,Fan bearing wear: vibration rising and RPM falling at constant PWM duty -- precedes seizure.,Hot-swap the fan module (N+1 redundant) and verify the remaining fans ramp correctly during the swap.,resolved,FAN-HPE-DL380,1,0.42,1,P3,K. Watanabe,normal,False
INC0104449,2025-11-04 19:04:00.000000000,2025-11-04 19:20:30.148709853,B13,B13-S1,B13-S1-FAN,fan,Lenovo,ThinkSystem SR650 V3,virtualization,fan_bearing,fan down to 5462 RPM at the same PWM duty with vibration 4.6 mm/s,fan_rpm_drop|fan_vibration,Fan bearing wear: vibration rising and RPM falling at constant PWM duty -- precedes seizure.,Hot-swap the fan module (N+1 redundant) and verify the remaining fans ramp correctly during the swap.,resolved,FAN-LNV-SR650,1,0.28,0,P3,M. Chen,maintenance_window,False
INC0104448,2025-11-04 23:02:00.000000000,2025-11-04 23:59:20.080457643,D01,D01-S7,D01-S7-NIC,nic,HPE,ProLiant DL380 Gen11,storage,nic_switch_port,"flaps visible on both ends, errors counted on the switch side",link_flap,Flaps originated on the switch side -- ToR switch port or optic fault.,"Compare counters on both ends, move to a spare ToR port and open a network ticket; no host hardware change needed.",resolved,,0,0.96,0,P3,N. Patel,normal,False
INC0104450,2025-11-05 10:35:00.000000000,2025-11-05 11:31:49.413480977,A01,A01-S8,A01-S8-PSU,psu,HPE,ProLiant DL380 Gen11,web,psu_efficiency,PSU efficiency down to 88.4% with rising temperature,psu_efficiency_drop|psu_overtemp,PSU efficiency dropping (more heat per watt delivered) -- aging power stage.,Replace the PSU proactively; the efficiency loss adds rack heat load and precedes failure.,resolved,PSU-HPE-1600W,1,0.95,0,P3,E. Johansson,normal,False
INC0104451,2025-11-05 11:07:00.000000000,2025-11-05 11:37:42.807741558,A02,A02-S4,A02-S4-FAN,fan,Lenovo,ThinkSystem SR650 V3,web,fan_bmc_curve,all fans in a chassis under-spinning after a BMC update,fan_rpm_drop,"BMC fan curve misconfigured after a firmware update -- fans under-spinning, not failing.",Restore the vendor thermal profile / fan curve in BMC settings; no hardware change.,resolved,,0,0.51,2,P4,J. Alvarez,normal,False
INC0105273,2025-11-05 13:46:00.000000000,2025-11-05 18:18:07.257983128,C18,C18-S7,,thermal,Lenovo,ThinkSystem SR650 V3,database,thermal_crac,inlet temperatures up to 29.4 C across 4 adjacent racks in one cooling zone,inlet_overtemp|hot_spot,CRAC unit compressor degradation reduced cooling capacity for its zone; inlet temperatures rose across adjacent racks.,"Open a facilities work order for the CRAC unit, temporarily raise neighbouring CRAC output, and add perforated tiles in the affected cold aisle.",resolved,,0,4.54,3,P2,D. Haddad,migration,False
INC0104452,2025-11-06 07:02:00.000000000,2025-11-06 08:54:33.520376882,A08,A08-S1,A08-S1-PSU,psu,Lenovo,ThinkSystem SR650 V3,web,psu_pdu_feed,both PSUs on the same feed reported low input voltage (200.9 V),input_voltage_drop,"Voltage sag traced to the upstream PDU outlet/whip, not the PSU (both PSUs on that feed showed it).",Move the PSU cord to a healthy outlet on the correct A/B feed and open a facilities ticket for the PDU circuit -- do not replace the PSU.,resolved,,0,1.88,44,P2,J. Alvarez,normal,False
INC0104453,2025-11-06 15:09:00.000000000,2025-11-06 15:49:44.128578730,D08,D08-S6,D08-S6-PSU,psu,Lenovo,ThinkSystem SR650 V3,storage,psu_fan,PSU fan down to 3883 RPM and PSU temperature 35.7 C,psu_fan_rpm_drop|psu_overtemp,Failing PSU fan bearing (not the power stage) raising PSU temperature.,"PSU fans are not field-serviceable on this platform -- replace the PSU proactively in the next maintenance window, before thermal shutdown.",resolved,PSU-LNV-1100W,1,0.68,0,P3,K. Watanabe,normal,False
INC0105274,2025-11-06 17:52:00.000000000,2025-11-06 19:25:17.862117864,D10,D10-S1,,firmware,HPE,ProLiant DL380 Gen11,storage,sec_brute_force,77 failed BMC logins in 24 hours from one internal address,auth_failures,Repeated failed BMC logins from an internal scanner misconfigured with stale credentials.,"Block the source on the management-VLAN ACL, rotate BMC credentials, and correct the scanner configuration.",resolved,,0,1.55,1,P2,P. Reyes,normal,False
INC0104454,2025-11-07 00:06:00.000000000,2025-11-07 02:28:19.548452046,A09,A09-S7,A09-S7-DIMM,dimm,Dell,PowerEdge R760,web,dimm_replace,memory error rate on slot B2 kept increasing over 9 days,ecc_correctable_spike|ecc_uncorrectable,Failing DRAM device on the RDIMM: correctable ECC rate climbed for several days before uncorrectable errors appeared -- classic cell degradation.,"Replace the RDIMM identified by the SEL slot locator. If the host is serving a migration or DR role, live-migrate or fail over workloads first; never hot-remove memory from a running host.",resolved,MEM-DDR5-64G-4800,1,2.37,0,P2,T. Novak,normal,False
INC0104456,2025-11-08 00:09:00.000000000,2025-11-08 01:25:52.248716853,E03,E03-S4,E03-S4-NIC,nic,HPE,ProLiant DL380a Gen11,ai,nic_switch_port,"flaps visible on both ends, errors counted on the switch side",link_flap,Flaps originated on the switch side -- ToR switch port or optic fault.,"Compare counters on both ends, move to a spare ToR port and open a network ticket; no host hardware change needed.",resolved,,0,1.28,0,P2,J. Alvarez,migration,False
INC0104457,2025-11-08 02:28:00.000000000,2025-11-08 02:46:13.307262017,D15,D15-S4,D15-S4-NIC,nic,Dell,PowerEdge R760,storage,nic_sfp,port flapping and CRC counters climbing on the host side only,link_flap|crc_errors,Link flaps with rising CRC errors isolated to the host side of one port -- degrading SFP transceiver or marginal cable.,"Replace the SFP transceiver and cable together before touching the NIC. If this NIC carries an in-progress migration, fail over to the secondary port first.",resolved,SFP28-25G-SR,1,0.3,1,P2,K. Watanabe,normal,False
INC0104455,2025-11-08 03:08:00.000000000,2025-11-08 04:10:12.048158611,E09,E09-S1,E09-S1-DISK,disk,HPE,ProLiant DL380a Gen11,ai,disk_media_wear,predictive-failure flag: reallocated and pending sector counts rising for 3 days,reallocated_sectors|pending_sectors|smart_read_error_rate,Drive media degradation: reallocated and pending sector counts rising steadily -- the pattern that preceded hard read failures in prior incidents.,"Drain the replica / rebuild the RAID member onto a healthy drive, then hot-swap the drive. Do not wait for a hard failure if a backup or replication job is currently reading from it.",resolved,SSD-NVME-U2-3T84,1,1.04,3,P2,R. Singh,normal,False
INC0104459,2025-11-08 08:51:00.000000000,2025-11-08 09:14:24.215393282,A01,A01-S1,A01-S1-FAN,fan,HPE,ProLiant DL380 Gen11,web,fan_bmc_curve,all fans in a chassis under-spinning after a BMC update,fan_rpm_drop,"BMC fan curve misconfigured after a firmware update -- fans under-spinning, not failing.",Restore the vendor thermal profile / fan curve in BMC settings; no hardware change.,resolved,,0,0.39,3,P4,P. Reyes,normal,False
INC0104458,2025-11-08 13:35:00.000000000,2025-11-08 14:54:53.857233113,A05,A05-S5,A05-S5-NIC,nic,Lenovo,ThinkSystem SR650 V3,web,nic_fw_drops,packet drops under high RSS load on one NIC model,packet_loss,NIC firmware bug dropping packets under high RSS load.,Update NIC firmware and driver to the fixed release in a rolling window.,resolved,,0,1.33,56,P3,K. Watanabe,backup_window,False
INC0104460,2025-11-09 05:15:00.000000000,2025-11-09 08:11:30.367490784,E08,E08-S6,E08-S6-DIMM,dimm,Dell,PowerEdge XE8640,ai,dimm_replace,"correctable ECC count climbed from single digits to 35 per day, then uncorrectable errors appeared",ecc_correctable_spike|ecc_uncorrectable,Failing DRAM device on the RDIMM: correctable ECC rate climbed for several days before uncorrectable errors appeared -- classic cell degradation.,"Replace the RDIMM identified by the SEL slot locator. If the host is serving a migration or DR role, live-migrate or fail over workloads first; never hot-remove memory from a running host.",resolved,MEM-DDR5-64G-4800,1,2.94,124,P2,R. Singh,normal,True
INC0104462,2025-11-09 21:36:00.000000000,2025-11-09 22:13:08.869184119,C15,C15-S2,C15-S2-NIC,nic,Lenovo,ThinkSystem SR650 V3,database,nic_airflow,NIC temperature 35.7 C behind a dense cable bundle,nic_overtemp|packet_loss,NIC overheating because airflow is blocked behind a rear cable bundle.,Re-dress rear cabling to clear the NIC airflow path and verify the temperature drops.,resolved,,0,0.62,20,P3,N. Patel,maintenance_window,False
INC0104461,2025-11-09 21:50:00.000000000,2025-11-09 23:31:01.870282415,C02,C02-S4,C02-S4-PSU,psu,HPE,ProLiant DL380 Gen11,database,psu_pdu_feed,both PSUs on the same feed reported low input voltage (202.3 V),input_voltage_drop,"Voltage sag traced to the upstream PDU outlet/whip, not the PSU (both PSUs on that feed showed it).",Move the PSU cord to a healthy outlet on the correct A/B feed and open a facilities ticket for the PDU circuit -- do not replace the PSU.,resolved,,0,1.68,0,P2,S. Okafor,normal,False
INC0104464,2025-11-10 02:23:00.000000000,2025-11-10 03:19:16.025522699,B17,B17-S3,B17-S3-NIC,nic,Dell,PowerEdge R760,virtualization,nic_switch_port,"flaps visible on both ends, errors counted on the switch side",link_flap,Flaps originated on the switch side -- ToR switch port or optic fault.,"Compare counters on both ends, move to a spare ToR port and open a network ticket; no host hardware change needed.",resolved,,0,0.94,0,P3,J. Alvarez,normal,False
INC0104463,2025-11-10 17:51:00.000000000,2025-11-10 18:48:09.917512268,A14,A14-S7,A14-S7-DIMM,dimm,Lenovo,ThinkSystem SR650 V3,web,dimm_fw_false_pos,fleet-wide jump in reported correctable ECC after firmware rollout,ecc_correctable_spike,BIOS/BMC firmware bug over-reporting correctable errors (vendor advisory) -- no actual DRAM degradation.,Apply the vendor BIOS/BMC update that corrects correctable-error logging; confirm counts normalize before swapping any hardware.,resolved,,0,0.95,0,P4,M. Chen,normal,False
INC0104467,2025-11-11 00:26:00.000000000,2025-11-11 01:09:02.165430553,B18,B18-S8,B18-S8-PSU,psu,HPE,ProLiant DL380 Gen11,virtualization,psu_fw_ripple,spurious ripple warnings on several PSUs right after a BMC update,output_ripple_high,PSU firmware reporting spurious ripple warnings after a BMC update.,Update PSU firmware to the version paired with the current BMC and verify with a calibrated meter before replacing hardware.,resolved,,0,0.72,25,P4,T. Novak,normal,False
INC0105275,2025-11-11 01:23:00.000000000,2025-11-11 08:48:28.593490875,D20,D20-S7,,thermal,Lenovo,ThinkSystem SR650 V3,storage,thermal_crac,inlet temperatures up to 34.9 C across 3 adjacent racks in one cooling zone,inlet_overtemp|hot_spot,CRAC unit compressor degradation reduced cooling capacity for its zone; inlet temperatures rose across adjacent racks.,"Open a facilities work order for the CRAC unit, temporarily raise neighbouring CRAC output, and add perforated tiles in the affected cold aisle.",resolved,,0,7.42,1,P2,M. Chen,backup_window,False
INC0104466,2025-11-11 06:32:00.000000000,2025-11-11 08:29:46.806192989,C11,C11-S1,C11-S1-DISK,disk,HPE,ProLiant DL380 Gen11,database,disk_media_wear,SMART reallocated sectors rose to 79 with pending sectors climbing,reallocated_sectors|pending_sectors|smart_read_error_rate,Drive media degradation: reallocated and pending sector counts rising steadily -- the pattern that preceded hard read failures in prior incidents.,"Drain the replica / rebuild the RAID member onto a healthy drive, then hot-swap the drive. Do not wait for a hard failure if a backup or replication job is currently reading from it.",resolved,SSD-NVME-U2-3T84,1,1.96,4,P2,A. Kim,normal,False
INC0104465,2025-11-11 18:53:00.000000000,2025-11-11 20:22:37.805559699,C02,C02-S3,C02-S3-DISK,disk,HPE,ProLiant DL380 Gen11,database,disk_fw_stall,periodic 30-second I/O stalls on drives of the same model,latency_spike,Drive firmware bug causing periodic latency stalls (vendor advisory) -- media healthy.,Update drive firmware in a rolling fashion; replacement is unnecessary while SMART media counters stay clean.,resolved,,0,1.49,42,P3,J. Alvarez,normal,False
INC0104468,2025-11-12 00:41:00.000000000,2025-11-12 02:26:18.046039911,B12,B12-S2,B12-S2-DIMM,dimm,HPE,ProLiant DL380 Gen11,virtualization,dimm_replace,BMC SEL logged a rising correctable memory error rate (50/24h) on one DIMM slot,ecc_correctable_spike|ecc_uncorrectable,Failing DRAM device on the RDIMM: correctable ECC rate climbed for several days before uncorrectable errors appeared -- classic cell degradation.,"Replace the RDIMM identified by the SEL slot locator. If the host is serving a migration or DR role, live-migrate or fail over workloads first; never hot-remove memory from a running host.",resolved,MEM-DDR5-64G-4800,1,1.76,62,P2,D. Haddad,normal,True
INC0104469,2025-11-12 01:54:00.000000000,2025-11-12 03:54:55.644096365,A08,A08-S2,A08-S2-DISK,disk,Lenovo,ThinkSystem SR650 V3,web,disk_media_wear,predictive-failure flag: reallocated and pending sector counts rising for 4 days,reallocated_sectors|pending_sectors|smart_read_error_rate,Drive media degradation: reallocated and pending sector counts rising steadily -- the pattern that preceded hard read failures in prior incidents.,"Drain the replica / rebuild the RAID member onto a healthy drive, then hot-swap the drive. Do not wait for a hard failure if a backup or replication job is currently reading from it.",resolved,SSD-NVME-U2-3T84,1,2.02,5,P2,A. Kim,normal,False
INC0104470,2025-11-12 05:07:00.000000000,2025-11-12 05:28:27.291511615,D03,D03-S3,D03-S3-PSU,psu,Dell,PowerEdge R760,storage,psu_reseat,PSU reseated after an 'input lost' alarm; the alarm returned,input_voltage_drop,PSU reseated after an input-lost alarm; the alarm recurred.,"Reseating a PSU with repeated input-lost events is not durable -- check the cord and PDU outlet, then replace the PSU if the feed is healthy.",resolved,,0,0.36,0,P3,K. Watanabe,normal,False
INC0104471,2025-11-12 12:05:00.000000000,2025-11-12 13:00:57.994062438,B09,B09-S4,B09-S4-NIC,nic,HPE,ProLiant DL380 Gen11,virtualization,nic_sfp,port flapping and CRC counters climbing on the host side only,link_flap|crc_errors,Link flaps with rising CRC errors isolated to the host side of one port -- degrading SFP transceiver or marginal cable.,"Replace the SFP transceiver and cable together before touching the NIC. If this NIC carries an in-progress migration, fail over to the secondary port first.",resolved,SFP28-25G-SR,1,0.93,4,P2,L. Moreau,normal,False
INC0104472,2025-11-13 03:47:00.000000000,2025-11-13 06:15:09.775503838,C17,C17-S1,C17-S1-NIC,nic,HPE,ProLiant DL380 Gen11,database,nic_card,packet loss of 1.0% persisted after the transceiver and cable were replaced,packet_loss|crc_errors|nic_overtemp,NIC ASIC degradation: packet loss persisted after transceiver and cable replacement; NIC temperature elevated.,Replace the NIC card in a maintenance window after failing workloads over to the redundant NIC.,resolved,NIC-OCP3-25G-DP,1,2.47,0,P2,E. Johansson,maintenance_window,False
INC0104473,2025-11-13 22:49:00.000000000,2025-11-13 23:23:13.750804142,E11,E11-S7,E11-S7-FAN,fan,Dell,PowerEdge XE8640,ai,fan_bearing,vibration rising for 6 days while fan speed fell,fan_rpm_drop|fan_vibration,Fan bearing wear: vibration rising and RPM falling at constant PWM duty -- precedes seizure.,Hot-swap the fan module (N+1 redundant) and verify the remaining fans ramp correctly during the swap.,resolved,FAN-GPU-HP80,1,0.57,4,P3,R. Singh,normal,False
INC0104476,2025-11-14 00:00:00.000000000,2025-11-14 00:23:35.580937160,A04,A04-S2,A04-S2-PSU,psu,HPE,ProLiant DL380 Gen11,web,psu_reseat,PSU reseated after an 'input lost' alarm; the alarm returned,input_voltage_drop,PSU reseated after an input-lost alarm; the alarm recurred.,"Reseating a PSU with repeated input-lost events is not durable -- check the cord and PDU outlet, then replace the PSU if the feed is healthy.",resolved,,0,0.39,11,P3,D. Haddad,normal,False
INC0104475,2025-11-14 01:30:00.000000000,2025-11-14 03:07:36.402730420,D05,D05-S5,D05-S5-DISK,disk,Lenovo,ThinkSystem SR650 V3,storage,disk_media_wear,predictive-failure flag: reallocated and pending sector counts rising for 8 days,reallocated_sectors|pending_sectors|smart_read_error_rate,Drive media degradation: reallocated and pending sector counts rising steadily -- the pattern that preceded hard read failures in prior incidents.,"Drain the replica / rebuild the RAID member onto a healthy drive, then hot-swap the drive. Do not wait for a hard failure if a backup or replication job is currently reading from it.",resolved,HDD-SAS-12T,1,1.63,1,P2,M. Chen,normal,False
INC0104477,2025-11-14 07:42:00.000000000,2025-11-14 08:48:26.329532565,E05,E05-S7,E05-S7-NIC,nic,Dell,PowerEdge XE8640,ai,nic_card,packet loss of 0.89% persisted after the transceiver and cable were replaced,packet_loss|crc_errors|nic_overtemp,NIC ASIC degradation: packet loss persisted after transceiver and cable replacement; NIC temperature elevated.,Replace the NIC card in a maintenance window after failing workloads over to the redundant NIC.,resolved,NIC-CX7-100G-DP,1,1.11,0,P2,L. Moreau,maintenance_window,False
INC0105276,2025-11-14 09:45:00.000000000,2025-11-14 10:18:57.134880731,E13,E13-S7,,firmware,Lenovo,ThinkSystem SR675 V3,ai,fw_bmc_hang,telemetry gaps: BMC unresponsive to Redfish and IPMI,bmc_unresponsive,BMC firmware memory leak causing an unresponsive management controller (telemetry gaps).,"Reset the BMC (host unaffected), then roll out the fixed BMC firmware in a rolling window.",recurred,,0,0.57,3,P3,S. Okafor,normal,False
INC0104474,2025-11-14 16:07:00.000000000,2025-11-14 18:46:50.588816495,D20,D20-S2,D20-S2-DIMM,dimm,Lenovo,ThinkSystem SR650 V3,storage,dimm_replace,BMC SEL logged a rising correctable memory error rate (60/24h) on one DIMM slot,ecc_correctable_spike|ecc_uncorrectable,Failing DRAM device on the RDIMM: correctable ECC rate climbed for several days before uncorrectable errors appeared -- classic cell degradation.,"Replace the RDIMM identified by the SEL slot locator. If the host is serving a migration or DR role, live-migrate or fail over workloads first; never hot-remove memory from a running host.",resolved,MEM-DDR5-64G-4800,1,2.66,68,P2,N. Patel,normal,True
INC0104478,2025-11-15 21:50:00.000000000,2025-11-16 00:42:29.227192715,D17,D17-S5,D17-S5-DIMM,dimm,Lenovo,ThinkSystem SR650 V3,storage,dimm_ue_crash,host crashed with a machine-check exception after an uncorrectable ECC error,ecc_uncorrectable,Uncorrectable ECC error caused a host crash; module confirmed failed by vendor diagnostics.,"Replace the RDIMM immediately, run vendor memory diagnostics after replacement, and review the crash dump to rule out a CPU memory-controller fault.",resolved,MEM-DDR5-64G-4800,1,2.87,62,P1,M. Chen,normal,True
INC0104479,2025-11-15 22:11:00.000000000,2025-11-15 23:07:05.273572590,D01,D01-S8,D01-S8-NIC,nic,HPE,ProLiant DL380 Gen11,storage,nic_airflow,NIC temperature 31.2 C behind a dense cable bundle,nic_overtemp|packet_loss,NIC overheating because airflow is blocked behind a rear cable bundle.,Re-dress rear cabling to clear the NIC airflow path and verify the temperature drops.,resolved,,0,0.93,35,P3,P. Reyes,normal,False
INC0104485,2025-11-16 03:51:00.000000000,2025-11-16 04:06:29.722065465,C18,C18-S2,C18-S2-FAN,fan,Lenovo,ThinkSystem SR650 V3,database,fan_connector,intermittent tach dropouts on one fan,fan_rpm_drop,Intermittent RPM dropouts traced to a loose fan connector.,Reseat the fan module connector and confirm stable tach readings.,recurred,,0,0.26,3,P4,A. Kim,normal,False
INC0104480,2025-11-16 04:56:00.000000000,2025-11-16 08:15:39.722183150,B06,B06-S1,B06-S1-DIMM,dimm,HPE,ProLiant DL380 Gen11,virtualization,dimm_imc,errors followed the slot after the DIMM was swapped to another channel,ecc_uncorrectable|ecc_correctable_spike,"Errors followed the CPU socket, not the DIMM -- integrated memory controller fault.","Move the DIMM to a different channel as a test; if errors follow the slot/socket, escalate to vendor for CPU or motherboard replacement.",recurred,,0,3.33,68,P2,S. Okafor,normal,True
INC0104484,2025-11-16 06:29:00.000000000,2025-11-16 07:26:05.607850377,A20,A20-S4,A20-S4-NIC,nic,Lenovo,ThinkSystem SR650 V3,web,nic_sfp,port flapping and CRC counters climbing on the host side only,link_flap|crc_errors,Link flaps with rising CRC errors isolated to the host side of one port -- degrading SFP transceiver or marginal cable.,"Replace the SFP transceiver and cable together before touching the NIC. If this NIC carries an in-progress migration, fail over to the secondary port first.",resolved,SFP28-25G-SR,1,0.95,5,P2,J. Alvarez,normal,False
INC0105277,2025-11-16 09:54:11.481706107,2025-11-16 10:19:36.149178928,E13,E13-S7,,firmware,Lenovo,ThinkSystem SR675 V3,ai,fw_bmc_hang,Recurrence of INC0105276: telemetry gaps: BMC unresponsive to Redfish and IPMI,bmc_unresponsive,BMC firmware memory leak causing an unresponsive management controller (telemetry gaps).,"Reset the BMC (host unaffected), then roll out the fixed BMC firmware in a rolling window.",resolved,,0,0.42,2,P3,S. Okafor,normal,False
INC0104487,2025-11-16 15:00:00.000000000,2025-11-16 15:12:26.285725144,C09,C09-S5,C09-S5-FAN,fan,Lenovo,ThinkSystem SR650 V3,database,fan_current,fan motor current up to 1.34 A to hold speed,fan_current_rise|fan_rpm_drop,Motor current rising to hold RPM -- winding or bearing degradation.,Replace the fan module proactively; the current rise precedes failure by days.,resolved,FAN-LNV-SR650,1,0.21,0,P3,E. Johansson,normal,False
INC0104482,2025-11-16 20:15:00.000000000,2025-11-16 20:46:05.315376172,C16,C16-S1,C16-S1-PSU,psu,Dell,PowerEdge R760,database,psu_fan,PSU fan down to 3580 RPM and PSU temperature 35.2 C,psu_fan_rpm_drop|psu_overtemp,Failing PSU fan bearing (not the power stage) raising PSU temperature.,"PSU fans are not field-serviceable on this platform -- replace the PSU proactively in the next maintenance window, before thermal shutdown.",resolved,PSU-DEL-1400W,1,0.52,1,P3,K. Watanabe,normal,False
INC0104483,2025-11-16 21:03:00.000000000,2025-11-16 21:22:05.454973797,B07,B07-S5,B07-S5-NIC,nic,Lenovo,ThinkSystem SR650 V3,virtualization,nic_sfp,port flapping and CRC counters climbing on the host side only,link_flap|crc_errors,Link flaps with rising CRC errors isolated to the host side of one port -- degrading SFP transceiver or marginal cable.,"Replace the SFP transceiver and cable together before touching the NIC. If this NIC carries an in-progress migration, fail over to the secondary port first.",resolved,SFP28-25G-SR,1,0.32,5,P2,L. Moreau,normal,False
INC0104488,2025-11-17 04:35:00.000000000,2025-11-17 06:15:26.524737031,A09,A09-S2,A09-S2-DISK,disk,Dell,PowerEdge R760,web,disk_media_wear,SMART reallocated sectors rose to 86 with pending sectors climbing,reallocated_sectors|pending_sectors|smart_read_error_rate,Drive media degradation: reallocated and pending sector counts rising steadily -- the pattern that preceded hard read failures in prior incidents.,"Drain the replica / rebuild the RAID member onto a healthy drive, then hot-swap the drive. Do not wait for a hard failure if a backup or replication job is currently reading from it.",resolved,SSD-NVME-U2-3T84,1,1.67,1,P2,P. Reyes,normal,False
INC0104481,2025-11-17 09:28:38.473842483,2025-11-17 13:53:50.484780044,B06,B06-S1,B06-S1-DIMM,dimm,HPE,ProLiant DL380 Gen11,virtualization,dimm_imc,Recurrence of INC0104480: errors followed the slot after the DIMM was swapped to another channel,ecc_uncorrectable|ecc_correctable_spike,"Errors followed the CPU socket, not the DIMM -- integrated memory controller fault.","Move the DIMM to a different channel as a test; if errors follow the slot/socket, escalate to vendor for CPU or motherboard replacement.",resolved,,0,4.42,0,P2,J. Alvarez,normal,False
INC0104489,2025-11-17 12:28:00.000000000,2025-11-17 12:48:23.326903785,B19,B19-S3,B19-S3-DISK,disk,Lenovo,ThinkSystem SR650 V3,virtualization,disk_reseat,drive reseated after link resets; SMART read error rate kept rising,smart_read_error_rate,Drive reseated after link-reset errors; errors resumed within days.,Reseating is not a durable fix when the SMART read error rate keeps rising -- replace the drive.,recurred,,0,0.34,0,P3,A. Kim,maintenance_window,False
INC0105278,2025-11-17 18:14:00.000000000,2025-11-17 18:56:06.297569108,C07,C07-S2,,firmware,Dell,PowerEdge R760,database,fw_baseline,hosts drifted from the approved BIOS baseline,config_drift,"Hosts drifted from the approved BIOS baseline, causing inconsistent power/performance settings.",Re-apply the golden BIOS profile from the management server.,resolved,,0,0.7,2,P4,T. Novak,normal,False
INC0104486,2025-11-17 22:33:53.616787190,2025-11-17 23:09:01.980406553,C18,C18-S2,C18-S2-FAN,fan,Lenovo,ThinkSystem SR650 V3,database,fan_bearing,Recurrence of INC0104485: vibration rising for 7 days while fan speed fell,fan_rpm_drop|fan_vibration,Fan bearing wear: vibration rising and RPM falling at constant PWM duty -- precedes seizure.,Hot-swap the fan module (N+1 redundant) and verify the remaining fans ramp correctly during the swap.,resolved,FAN-LNV-SR650,1,0.59,5,P3,E. Johansson,normal,False
INC0105279,2025-11-18 02:54:00.000000000,2025-11-18 03:36:26.705331538,C16,C16-S3,,thermal,Dell,PowerEdge R760,database,thermal_blanking,"inlet 33.5 C on top-of-rack servers, hot-air recirculation through empty U spaces",inlet_overtemp|hot_air_recirculation,Missing blanking panels allowed hot-aisle air to recirculate into server inlets.,Install blanking panels in every empty U position and confirm inlet temperatures drop within the hour.,resolved,,0,0.71,0,P3,A. Kim,maintenance_window,False
INC0104492,2025-11-18 03:39:00.000000000,2025-11-18 04:29:24.879243712,C19,C19-S6,C19-S6-PSU,psu,Dell,PowerEdge R760,database,psu_fan,PSU fan down to 3599 RPM and PSU temperature 29.5 C,psu_fan_rpm_drop|psu_overtemp,Failing PSU fan bearing (not the power stage) raising PSU temperature.,"PSU fans are not field-serviceable on this platform -- replace the PSU proactively in the next maintenance window, before thermal shutdown.",recurred,PSU-DEL-1400W,1,0.84,0,P3,L. Moreau,normal,False
INC0104491,2025-11-18 18:23:00.000000000,2025-11-18 19:20:31.677589394,B11,B11-S7,B11-S7-PSU,psu,Dell,PowerEdge R760,virtualization,psu_fw_ripple,spurious ripple warnings on several PSUs right after a BMC update,output_ripple_high,PSU firmware reporting spurious ripple warnings after a BMC update.,Update PSU firmware to the version paired with the current BMC and verify with a calibrated meter before replacing hardware.,resolved,,0,0.96,0,P4,P. Reyes,normal,False
INC0104494,2025-11-18 21:02:00.000000000,2025-11-18 21:29:20.663799198,D19,D19-S3,D19-S3-NIC,nic,HPE,ProLiant DL380 Gen11,storage,nic_sfp,30 link flaps per day with CRC errors rising on one port,link_flap|crc_errors,Link flaps with rising CRC errors isolated to the host side of one port -- degrading SFP transceiver or marginal cable.,"Replace the SFP transceiver and cable together before touching the NIC. If this NIC carries an in-progress migration, fail over to the secondary port first.",resolved,SFP28-25G-SR,1,0.46,1,P2,S. Okafor,normal,False
INC0104495,2025-11-19 03:27:00.000000000,2025-11-19 06:22:10.081284734,C14,C14-S8,C14-S8-DIMM,dimm,HPE,ProLiant DL380 Gen11,database,dimm_replace,"correctable ECC count climbed from single digits to 88 per day, then uncorrectable errors appeared",ecc_correctable_spike|ecc_uncorrectable,Failing DRAM device on the RDIMM: correctable ECC rate climbed for several days before uncorrectable errors appeared -- classic cell degradation.,"Replace the RDIMM identified by the SEL slot locator. If the host is serving a migration or DR role, live-migrate or fail over workloads first; never hot-remove memory from a running host.",resolved,MEM-DDR5-64G-4800,1,2.92,69,P2,M. Chen,normal,True
INC0104499,2025-11-19 06:43:00.000000000,2025-11-19 07:32:46.008293115,A20,A20-S5,A20-S5-NIC,nic,Lenovo,ThinkSystem SR650 V3,web,nic_sfp,58 link flaps per day with CRC errors rising on one port,link_flap|crc_errors,Link flaps with rising CRC errors isolated to the host side of one port -- degrading SFP transceiver or marginal cable.,"Replace the SFP transceiver and cable together before touching the NIC. If this NIC carries an in-progress migration, fail over to the secondary port first.",resolved,SFP28-25G-SR,1,0.83,4,P2,D. Haddad,normal,False
INC0104500,2025-11-19 18:38:00.000000000,2025-11-19 18:53:35.873855237,C02,C02-S7,C02-S7-FAN,fan,HPE,ProLiant DL380 Gen11,database,fan_current,fan motor current up to 1.58 A to hold speed,fan_current_rise|fan_rpm_drop,Motor current rising to hold RPM -- winding or bearing degradation.,Replace the fan module proactively; the current rise precedes failure by days.,resolved,FAN-HPE-DL380,1,0.26,5,P3,R. Singh,normal,False
INC0104496,2025-11-19 19:37:00.000000000,2025-11-19 20:59:37.135717755,B18,B18-S7,B18-S7-DISK,disk,HPE,ProLiant DL380 Gen11,virtualization,disk_early_latency,"I/O latency spiking to 11.1 ms with rising read error rate, no reallocations yet",smart_read_error_rate|latency_spike,Rising SMART read error rate with I/O latency spikes but no reallocated sectors yet -- an earlier-stage precursor.,"Flag the drive for proactive replacement in the next maintenance window, move latency-sensitive volumes off it, and check the reallocation count daily.",resolved,SSD-NVME-U2-3T84,1,1.38,1,P3,S. Okafor,normal,False
INC0104497,2025-11-19 22:23:00.000000000,2025-11-19 23:28:55.240353782,E06,E06-S5,E06-S5-PSU,psu,HPE,ProLiant DL380a Gen11,ai,psu_capacitor,PSU H3 showed ripple climbing past spec for 6 days,input_voltage_drop|output_ripple_high,"Input sag with rising output ripple on one PSU of a redundant pair -- capacitor degradation, typically 2-3 weeks before a hard trip.","Confirm the partner PSU is healthy, then hot-swap the degrading unit. In a backup window, first verify the remaining PSU can carry the backup job's peak draw.",recurred,PSU-GPU-2800W,1,1.1,4,P2,T. Novak,normal,False
INC0105282,2025-11-20 09:22:00.000000000,2025-11-20 10:28:15.405400791,E12,E12-S4,,cabling,HPE,ProLiant DL380a Gen11,ai,cable_strain,CRC errors on several ports after a rack reshuffle,crc_errors,Cable bundle strain after a rack reshuffle damaged DAC cables.,Re-dress the cabling and replace the damaged DAC cables.,resolved,CBL-DAC-25G-3M,2,1.1,0,P3,M. Chen,backup_window,False
INC0104501,2025-11-20 09:59:00.000000000,2025-11-20 10:34:54.619188051,C07,C07-S5,C07-S5-FAN,fan,Dell,PowerEdge R760,database,fan_current,fan motor current up to 1.49 A to hold speed,fan_current_rise|fan_rpm_drop,Motor current rising to hold RPM -- winding or bearing degradation.,Replace the fan module proactively; the current rise precedes failure by days.,resolved,FAN-DEL-R760,1,0.6,4,P3,A. Kim,normal,False
INC0104493,2025-11-20 15:09:03.632756102,2025-11-20 15:45:28.235860108,C19,C19-S6,C19-S6-PSU,psu,Dell,PowerEdge R760,database,psu_fan,Recurrence of INC0104492: PSU fan down to 3534 RPM and PSU temperature 29.2 C,psu_fan_rpm_drop|psu_overtemp,Failing PSU fan bearing (not the power stage) raising PSU temperature.,"PSU fans are not field-serviceable on this platform -- replace the PSU proactively in the next maintenance window, before thermal shutdown.",resolved,PSU-DEL-1400W,1,0.61,2,P3,M. Chen,normal,False
INC0105280,2025-11-20 17:56:00.000000000,2025-11-20 18:41:08.401873871,B15,B15-S6,,thermal,HPE,ProLiant DL380 Gen11,virtualization,thermal_blanking,"inlet 31.4 C on top-of-rack servers, hot-air recirculation through empty U spaces",inlet_overtemp|hot_air_recirculation,Missing blanking panels allowed hot-aisle air to recirculate into server inlets.,Install blanking panels in every empty U position and confirm inlet temperatures drop within the hour.,recurred,,0,0.75,3,P3,M. Chen,normal,False
INC0104490,2025-11-20 19:17:29.327428593,2025-11-20 20:54:40.344975552,B19,B19-S3,B19-S3-DISK,disk,Lenovo,ThinkSystem SR650 V3,virtualization,disk_media_wear,Recurrence of INC0104489: predictive-failure flag: reallocated and pending sector counts rising for 4 days,reallocated_sectors|pending_sectors|smart_read_error_rate,Drive media degradation: reallocated and pending sector counts rising steadily -- the pattern that preceded hard read failures in prior incidents.,"Drain the replica / rebuild the RAID member onto a healthy drive, then hot-swap the drive. Do not wait for a hard failure if a backup or replication job is currently reading from it.",resolved,SSD-NVME-U2-3T84,1,1.62,1,P2,M. Chen,maintenance_window,False
INC0104509,2025-11-21 09:00:00.000000000,2025-11-21 09:23:16.007315746,C04,C04-S3,C04-S3-FAN,fan,Dell,PowerEdge R760,database,fan_current,fan motor current up to 1.31 A to hold speed,fan_current_rise|fan_rpm_drop,Motor current rising to hold RPM -- winding or bearing degradation.,Replace the fan module proactively; the current rise precedes failure by days.,resolved,FAN-DEL-R760,1,0.39,3,P3,P. Reyes,normal,False
INC0104502,2025-11-21 09:08:00.000000000,2025-11-21 09:52:17.360654689,C10,C10-S8,C10-S8-DIMM,dimm,Dell,PowerEdge R760,database,dimm_reseat,correctable ECC errors after recent chassis service (48/24h),ecc_correctable_spike,Suspected DIMM seating issue after recent chassis work; reseating reduced correctable errors only temporarily.,"Reseat the DIMM and clear the SEL -- only reasonable if the host had physical service in the last 7 days. If correctable errors resume within 48 hours, escalate straight to replacement.",recurred,,0,0.74,0,P3,L. Moreau,normal,False
INC0104504,2025-11-21 10:19:00.000000000,2025-11-21 12:10:56.456657022,C02,C02-S1,C02-S1-DISK,disk,HPE,ProLiant DL380 Gen11,database,disk_fw_stall,periodic 30-second I/O stalls on drives of the same model,latency_spike,Drive firmware bug causing periodic latency stalls (vendor advisory) -- media healthy.,Update drive firmware in a rolling fashion; replacement is unnecessary while SMART media counters stay clean.,resolved,,0,1.87,37,P3,D. Haddad,normal,False
INC0104506,2025-11-21 11:25:00.000000000,2025-11-21 12:17:25.550525723,E09,E09-S4,E09-S4-PSU,psu,HPE,ProLiant DL380a Gen11,ai,psu_efficiency,PSU efficiency down to 89.6% with rising temperature,psu_efficiency_drop|psu_overtemp,PSU efficiency dropping (more heat per watt delivered) -- aging power stage.,Replace the PSU proactively; the efficiency loss adds rack heat load and precedes failure.,resolved,PSU-GPU-2800W,1,0.87,4,P3,J. Alvarez,normal,False
INC0104508,2025-11-21 12:46:00.000000000,2025-11-21 13:20:59.462212495,D10,D10-S2,D10-S2-FAN,fan,HPE,ProLiant DL380 Gen11,storage,fan_current,fan motor current up to 1.55 A to hold speed,fan_current_rise|fan_rpm_drop,Motor current rising to hold RPM -- winding or bearing degradation.,Replace the fan module proactively; the current rise precedes failure by days.,resolved,FAN-HPE-DL380,1,0.58,4,P3,K. Watanabe,normal,False
INC0104505,2025-11-21 15:26:00.000000000,2025-11-21 16:00:42.891530180,D06,D06-S1,D06-S1-PSU,psu,Dell,PowerEdge R760,storage,psu_pdu_feed,both PSUs on the same feed reported low input voltage (199.4 V),input_voltage_drop,"Voltage sag traced to the upstream PDU outlet/whip, not the PSU (both PSUs on that feed showed it).",Move the PSU cord to a healthy outlet on the correct A/B feed and open a facilities ticket for the PDU circuit -- do not replace the PSU.,resolved,,0,0.58,0,P2,R. Singh,normal,False
INC0104507,2025-11-21 23:20:00.000000000,2025-11-22 00:18:41.669341323,A05,A05-S4,A05-S4-NIC,nic,Lenovo,ThinkSystem SR650 V3,web,nic_airflow,NIC temperature 35.1 C behind a dense cable bundle,nic_overtemp|packet_loss,NIC overheating because airflow is blocked behind a rear cable bundle.,Re-dress rear cabling to clear the NIC airflow path and verify the temperature drops.,resolved,,0,0.98,35,P3,J. Alvarez,normal,False
INC0104510,2025-11-22 01:50:00.000000000,2025-11-22 03:09:10.935414347,C10,C10-S1,C10-S1-NIC,nic,Dell,PowerEdge R760,database,nic_switch_port,"flaps visible on both ends, errors counted on the switch side",link_flap,Flaps originated on the switch side -- ToR switch port or optic fault.,"Compare counters on both ends, move to a spare ToR port and open a network ticket; no host hardware change needed.",resolved,,0,1.32,0,P3,J. Alvarez,normal,False
INC0104511,2025-11-22 08:05:00.000000000,2025-11-22 09:48:48.970578166,E01,E01-S3,E01-S3-NIC,nic,Lenovo,ThinkSystem SR675 V3,ai,nic_card,packet loss of 0.81% persisted after the transceiver and cable were replaced,packet_loss|crc_errors|nic_overtemp,NIC ASIC degradation: packet loss persisted after transceiver and cable replacement; NIC temperature elevated.,Replace the NIC card in a maintenance window after failing workloads over to the redundant NIC.,resolved,NIC-CX7-100G-DP,1,1.73,0,P2,J. Alvarez,normal,False
INC0105281,2025-11-22 11:33:11.152564301,2025-11-22 12:54:11.859360229,B15,B15-S6,,thermal,HPE,ProLiant DL380 Gen11,virtualization,thermal_blanking,"Recurrence of INC0105280: inlet 35.0 C on top-of-rack servers, hot-air recirculation through empty U spaces",inlet_overtemp|hot_air_recirculation,Missing blanking panels allowed hot-aisle air to recirculate into server inlets.,Install blanking panels in every empty U position and confirm inlet temperatures drop within the hour.,resolved,,0,1.35,0,P3,L. Moreau,normal,False
INC0104513,2025-11-23 05:51:00.000000000,2025-11-23 06:21:36.371659887,D08,D08-S8,D08-S8-FAN,fan,Lenovo,ThinkSystem SR650 V3,storage,fan_bearing,vibration rising for 2 days while fan speed fell,fan_rpm_drop|fan_vibration,Fan bearing wear: vibration rising and RPM falling at constant PWM duty -- precedes seizure.,Hot-swap the fan module (N+1 redundant) and verify the remaining fans ramp correctly during the swap.,resolved,FAN-LNV-SR650,1,0.51,3,P3,J. Alvarez,normal,False
INC0104512,2025-11-23 22:48:00.000000000,2025-11-24 00:13:45.245754855,B11,B11-S1,B11-S1-DIMM,dimm,Dell,PowerEdge R760,virtualization,dimm_ppr,ECC errors isolated to one DRAM row on slot A2,ecc_correctable_spike,Isolated single-row fault on one DRAM device; errors confined to one address range.,Schedule a reboot with Post Package Repair (PPR) enabled in BIOS to remap the faulty row; watch the correctable-error rate for 72 hours and replace the DIMM if it recurs.,resolved,,0,1.43,0,P3,R. Singh,normal,False
INC0104514,2025-11-24 01:52:00.000000000,2025-11-24 05:45:32.461882601,B13,B13-S1,B13-S1-DIMM,dimm,Lenovo,ThinkSystem SR650 V3,virtualization,dimm_ue_crash,host crashed with a machine-check exception after an uncorrectable ECC error,ecc_uncorrectable,Uncorrectable ECC error caused a host crash; module confirmed failed by vendor diagnostics.,"Replace the RDIMM immediately, run vendor memory diagnostics after replacement, and review the crash dump to rule out a CPU memory-controller fault.",resolved,MEM-DDR5-64G-4800,1,3.89,170,P1,A. Kim,normal,True
INC0104515,2025-11-24 10:53:00.000000000,2025-11-24 11:36:38.904981106,A02,A02-S7,A02-S7-FAN,fan,Lenovo,ThinkSystem SR650 V3,web,fan_dust,vibration 6.0 mm/s with a dusty intake filter,fan_vibration,Dust accumulation / imbalance causing vibration; fan otherwise healthy.,Clean the fan module and filter; replace only if vibration persists after cleaning.,recurred,,0,0.73,2,P4,D. Haddad,normal,False
INC0104498,2025-11-24 10:57:23.365278541,2025-11-24 11:31:15.477538753,E06,E06-S5,E06-S5-PSU,psu,HPE,ProLiant DL380a Gen11,ai,psu_capacitor,Recurrence of INC0104497: PSU E7 showed ripple climbing past spec for 4 days,input_voltage_drop|output_ripple_high,"Input sag with rising output ripple on one PSU of a redundant pair -- capacitor degradation, typically 2-3 weeks before a hard trip.","Confirm the partner PSU is healthy, then hot-swap the degrading unit. In a backup window, first verify the remaining PSU can carry the backup job's peak draw.",resolved,PSU-GPU-2800W,1,0.56,2,P2,D. Haddad,normal,False
INC0105283,2025-11-24 16:08:00.000000000,2025-11-24 17:31:16.726937581,A02,A02-S8,,power,Lenovo,ThinkSystem SR650 V3,web,power_phase,phase imbalance alarm on a rack PDU after server moves,input_voltage_drop,Phase imbalance on the rack PDU after server moves.,Rebalance loads across phases and update the rack power plan in DCIM.,resolved,,0,1.39,50,P3,P. Reyes,normal,False
INC0104518,2025-11-25 02:04:00.000000000,2025-11-25 02:56:12.542271099,B09,B09-S6,B09-S6-DISK,disk,HPE,ProLiant DL380 Gen11,virtualization,disk_early_latency,"I/O latency spiking to 11.8 ms with rising read error rate, no reallocations yet",smart_read_error_rate|latency_spike,Rising SMART read error rate with I/O latency spikes but no reallocated sectors yet -- an earlier-stage precursor.,"Flag the drive for proactive replacement in the next maintenance window, move latency-sensitive volumes off it, and check the reallocation count daily.",resolved,SSD-NVME-U2-3T84,1,0.87,1,P3,K. Watanabe,normal,False
INC0104519,2025-11-25 07:39:00.000000000,2025-11-25 09:23:58.997032524,C07,C07-S8,C07-S8-DISK,disk,Dell,PowerEdge R760,database,disk_media_wear,predictive-failure flag: reallocated and pending sector counts rising for 6 days,reallocated_sectors|pending_sectors|smart_read_error_rate,Drive media degradation: reallocated and pending sector counts rising steadily -- the pattern that preceded hard read failures in prior incidents.,"Drain the replica / rebuild the RAID member onto a healthy drive, then hot-swap the drive. Do not wait for a hard failure if a backup or replication job is currently reading from it.",resolved,SSD-NVME-U2-3T84,1,1.75,1,P2,E. Johansson,backup_window,False
INC0104523,2025-11-25 09:44:00.000000000,2025-11-25 10:26:55.102474893,B10,B10-S8,B10-S8-NIC,nic,Lenovo,ThinkSystem SR650 V3,virtualization,nic_sfp,49 link flaps per day with CRC errors rising on one port,link_flap|crc_errors,Link flaps with rising CRC errors isolated to the host side of one port -- degrading SFP transceiver or marginal cable.,"Replace the SFP transceiver and cable together before touching the NIC. If this NIC carries an in-progress migration, fail over to the secondary port first.",resolved,SFP28-25G-SR,1,0.72,5,P2,N. Patel,normal,False
INC0104517,2025-11-25 11:21:00.000000000,2025-11-25 14:58:03.446157231,A07,A07-S1,A07-S1-DISK,disk,HPE,ProLiant DL380 Gen11,web,disk_backplane,link-reset errors that followed the bay after the drive was moved,smart_read_error_rate|latency_spike,"Intermittent errors followed the bay, not the drive -- backplane or connector fault.","Move the drive to another bay as a test; if errors follow the bay, have the vendor replace the backplane cable/backplane.",resolved,,0,3.62,161,P2,S. Okafor,normal,True
INC0104503,2025-11-25 11:29:54.498421297,2025-11-25 13:03:46.124968100,C10,C10-S8,C10-S8-DIMM,dimm,Dell,PowerEdge R760,database,dimm_replace,Recurrence of INC0104502: BMC SEL logged a rising correctable memory error rate (72/24h) on one DIMM slot,ecc_correctable_spike|ecc_uncorrectable,Failing DRAM device on the RDIMM: correctable ECC rate climbed for several days before uncorrectable errors appeared -- classic cell degradation.,"Replace the RDIMM identified by the SEL slot locator. If the host is serving a migration or DR role, live-migrate or fail over workloads first; never hot-remove memory from a running host.",resolved,MEM-DDR5-64G-4800,1,1.56,0,P2,L. Moreau,normal,False
INC0104521,2025-11-25 22:07:00.000000000,2025-11-25 22:38:03.121541847,E11,E11-S6,E11-S6-PSU,psu,Dell,PowerEdge XE8640,ai,psu_reseat,PSU reseated after an 'input lost' alarm; the alarm returned,input_voltage_drop,PSU reseated after an input-lost alarm; the alarm recurred.,"Reseating a PSU with repeated input-lost events is not durable -- check the cord and PDU outlet, then replace the PSU if the feed is healthy.",recurred,,0,0.52,0,P2,D. Haddad,dr_failover,False
INC0104520,2025-11-25 22:35:00.000000000,2025-11-25 23:43:34.351333902,C07,C07-S6,C07-S6-PSU,psu,Dell,PowerEdge R760,database,psu_capacitor,PSU E7 showed ripple climbing past spec for 3 days,input_voltage_drop|output_ripple_high,"Input sag with rising output ripple on one PSU of a redundant pair -- capacitor degradation, typically 2-3 weeks before a hard trip.","Confirm the partner PSU is healthy, then hot-swap the degrading unit. In a backup window, first verify the remaining PSU can carry the backup job's peak draw.",resolved,PSU-DEL-1400W,1,1.14,5,P2,D. Haddad,normal,False
INC0104527,2025-11-26 11:50:00.000000000,2025-11-26 14:12:22.490811078,D18,D18-S4,D18-S4-NIC,nic,Dell,PowerEdge R760,storage,nic_card,packet loss of 0.56% persisted after the transceiver and cable were replaced,packet_loss|crc_errors|nic_overtemp,NIC ASIC degradation: packet loss persisted after transceiver and cable replacement; NIC temperature elevated.,Replace the NIC card in a maintenance window after failing workloads over to the redundant NIC.,resolved,NIC-OCP3-25G-DP,1,2.37,0,P2,P. Reyes,normal,False
INC0104526,2025-11-26 12:18:00.000000000,2025-11-26 14:40:36.780966406,B18,B18-S3,B18-S3-NIC,nic,HPE,ProLiant DL380 Gen11,virtualization,nic_card,packet loss of 0.88% persisted after the transceiver and cable were replaced,packet_loss|crc_errors|nic_overtemp,NIC ASIC degradation: packet loss persisted after transceiver and cable replacement; NIC temperature elevated.,Replace the NIC card in a maintenance window after failing workloads over to the redundant NIC.,resolved,NIC-OCP3-25G-DP,1,2.38,0,P2,N. Patel,normal,False
INC0104525,2025-11-26 18:20:00.000000000,2025-11-26 19:30:40.145956911,B07,B07-S3,B07-S3-NIC,nic,Lenovo,ThinkSystem SR650 V3,virtualization,nic_card,packet loss of 1.54% persisted after the transceiver and cable were replaced,packet_loss|crc_errors|nic_overtemp,NIC ASIC degradation: packet loss persisted after transceiver and cable replacement; NIC temperature elevated.,Replace the NIC card in a maintenance window after failing workloads over to the redundant NIC.,resolved,NIC-OCP3-25G-DP,1,1.18,41,P2,J. Alvarez,normal,False
INC0104524,2025-11-26 22:43:00.000000000,2025-11-27 00:08:00.894268532,A09,A09-S4,A09-S4-DIMM,dimm,Dell,PowerEdge R760,web,dimm_ppr,ECC errors isolated to one DRAM row on slot B3,ecc_correctable_spike,Isolated single-row fault on one DRAM device; errors confined to one address range.,Schedule a reboot with Post Package Repair (PPR) enabled in BIOS to remap the faulty row; watch the correctable-error rate for 72 hours and replace the DIMM if it recurs.,resolved,,0,1.42,0,P3,L. Moreau,normal,False
INC0104528,2025-11-27 12:58:00.000000000,2025-11-27 13:36:24.363643605,E06,E06-S6,E06-S6-DIMM,dimm,HPE,ProLiant DL380a Gen11,ai,dimm_reseat,memory errors began right after the server was racked back in,ecc_correctable_spike,Suspected DIMM seating issue after recent chassis work; reseating reduced correctable errors only temporarily.,"Reseat the DIMM and clear the SEL -- only reasonable if the host had physical service in the last 7 days. If correctable errors resume within 48 hours, escalate straight to replacement.",recurred,,0,0.64,0,P3,J. Alvarez,normal,False
INC0104516,2025-11-27 14:53:57.553049731,2025-11-27 15:28:16.872999513,A02,A02-S7,A02-S7-FAN,fan,Lenovo,ThinkSystem SR650 V3,web,fan_bearing,Recurrence of INC0104515: fan down to 4967 RPM at the same PWM duty with vibration 6.3 mm/s,fan_rpm_drop|fan_vibration,Fan bearing wear: vibration rising and RPM falling at constant PWM duty -- precedes seizure.,Hot-swap the fan module (N+1 redundant) and verify the remaining fans ramp correctly during the swap.,resolved,FAN-LNV-SR650,1,0.57,5,P3,P. Reyes,normal,False
INC0104530,2025-11-27 15:30:00.000000000,2025-11-27 16:32:04.757641596,D04,D04-S6,D04-S6-DIMM,dimm,HPE,ProLiant DL380 Gen11,storage,dimm_ppr,ECC errors isolated to one DRAM row on slot F1,ecc_correctable_spike,Isolated single-row fault on one DRAM device; errors confined to one address range.,Schedule a reboot with Post Package Repair (PPR) enabled in BIOS to remap the faulty row; watch the correctable-error rate for 72 hours and replace the DIMM if it recurs.,recurred,,0,1.03,0,P3,D. Haddad,normal,False
INC0104533,2025-11-27 16:34:00.000000000,2025-11-27 18:43:35.863608588,C10,C10-S3,C10-S3-NIC,nic,Dell,PowerEdge R760,database,nic_card,packet loss of 1.1% persisted after the transceiver and cable were replaced,packet_loss|crc_errors|nic_overtemp,NIC ASIC degradation: packet loss persisted after transceiver and cable replacement; NIC temperature elevated.,Replace the NIC card in a maintenance window after failing workloads over to the redundant NIC.,resolved,NIC-OCP3-25G-DP,1,2.16,64,P2,M. Chen,normal,True
INC0104532,2025-11-27 21:32:00.000000000,2025-11-27 22:31:57.335285296,B20,B20-S5,B20-S5-PSU,psu,Dell,PowerEdge R760,virtualization,psu_fw_ripple,spurious ripple warnings on several PSUs right after a BMC update,output_ripple_high,PSU firmware reporting spurious ripple warnings after a BMC update.,Update PSU firmware to the version paired with the current BMC and verify with a calibrated meter before replacing hardware.,resolved,,0,1.0,23,P4,L. Moreau,normal,False
INC0104536,2025-11-28 03:00:00.000000000,2025-11-28 03:36:03.232131855,D07,D07-S7,D07-S7-PSU,psu,HPE,ProLiant DL380 Gen11,storage,psu_efficiency,PSU efficiency down to 88.1% with rising temperature,psu_efficiency_drop|psu_overtemp,PSU efficiency dropping (more heat per watt delivered) -- aging power stage.,Replace the PSU proactively; the efficiency loss adds rack heat load and precedes failure.,resolved,PSU-HPE-1600W,1,0.6,3,P3,T. Novak,normal,False
INC0104535,2025-11-28 05:43:00.000000000,2025-11-28 06:47:01.841522286,A17,A17-S5,A17-S5-DIMM,dimm,Lenovo,ThinkSystem SR650 V3,web,dimm_airflow,memory running hot (35.4 C) after a cable re-dress,dimm_overtemp|ecc_correctable_spike,Missing blanking panel / cable bundle blocking airflow raised DIMM temperature and the soft-error rate.,"Restore airflow (blanking panels, clear the cable obstruction) and re-check DIMM temperature before considering replacement.",resolved,,0,1.07,0,P3,P. Reyes,normal,False
INC0104534,2025-11-28 09:41:00.000000000,2025-11-28 10:11:26.776636674,C08,C08-S7,C08-S7-DIMM,dimm,HPE,ProLiant DL380 Gen11,database,dimm_reseat,correctable ECC errors after recent chassis service (56/24h),ecc_correctable_spike,Suspected DIMM seating issue after recent chassis work; reseating reduced correctable errors only temporarily.,"Reseat the DIMM and clear the SEL -- only reasonable if the host had physical service in the last 7 days. If correctable errors resume within 48 hours, escalate straight to replacement.",resolved,,0,0.51,0,P3,T. Novak,normal,False
INC0105284,2025-11-28 21:49:00.000000000,2025-11-29 03:56:34.211057583,D06,D06-S2,,thermal,Dell,PowerEdge R760,storage,thermal_crac,inlet temperatures up to 35.9 C across 3 adjacent racks in one cooling zone,inlet_overtemp|hot_spot,CRAC unit compressor degradation reduced cooling capacity for its zone; inlet temperatures rose across adjacent racks.,"Open a facilities work order for the CRAC unit, temporarily raise neighbouring CRAC output, and add perforated tiles in the affected cold aisle.",resolved,,0,6.13,1,P2,S. Okafor,normal,False
INC0105285,2025-11-29 05:40:00.000000000,2025-11-29 06:05:13.374019463,A06,A06-S2,,cabling,Dell,PowerEdge R760,web,cable_mispatch,VLAN mismatch and flaps after a server was re-patched during migration,link_flap,"Server patched to the wrong ToR port during migration, causing VLAN mismatch and flaps.",Correct the patching per the cable plan and update the DCIM port mapping.,resolved,,0,0.42,1,P3,A. Kim,normal,False
INC0104539,2025-11-29 13:38:00.000000000,2025-11-29 13:58:51.265517334,B05,B05-S3,B05-S3-FAN,fan,Dell,PowerEdge R760,virtualization,fan_bearing,fan down to 4448 RPM at the same PWM duty with vibration 4.6 mm/s,fan_rpm_drop|fan_vibration,Fan bearing wear: vibration rising and RPM falling at constant PWM duty -- precedes seizure.,Hot-swap the fan module (N+1 redundant) and verify the remaining fans ramp correctly during the swap.,resolved,FAN-DEL-R760,1,0.35,1,P3,A. Kim,normal,False
INC0104531,2025-11-29 13:42:25.583616088,2025-11-29 15:18:53.615669973,D04,D04-S6,D04-S6-DIMM,dimm,HPE,ProLiant DL380 Gen11,storage,dimm_replace,Recurrence of INC0104530: memory error rate on slot B3 kept increasing over 6 days,ecc_correctable_spike|ecc_uncorrectable,Failing DRAM device on the RDIMM: correctable ECC rate climbed for several days before uncorrectable errors appeared -- classic cell degradation.,"Replace the RDIMM identified by the SEL slot locator. If the host is serving a migration or DR role, live-migrate or fail over workloads first; never hot-remove memory from a running host.",resolved,MEM-DDR5-64G-4800,1,1.61,44,P2,S. Okafor,normal,False
INC0104538,2025-11-29 16:19:00.000000000,2025-11-29 16:46:20.825126332,B01,B01-S3,B01-S3-FAN,fan,Lenovo,ThinkSystem SR650 V3,virtualization,fan_current,fan motor current up to 1.48 A to hold speed,fan_current_rise|fan_rpm_drop,Motor current rising to hold RPM -- winding or bearing degradation.,Replace the fan module proactively; the current rise precedes failure by days.,resolved,FAN-LNV-SR650,1,0.46,4,P3,K. Watanabe,normal,False
INC0104522,2025-11-29 17:33:05.310772115,2025-11-29 18:36:06.529614983,E11,E11-S6,E11-S6-PSU,psu,Dell,PowerEdge XE8640,ai,psu_capacitor,Recurrence of INC0104521: PSU A5 showed ripple climbing past spec for 4 days,input_voltage_drop|output_ripple_high,"Input sag with rising output ripple on one PSU of a redundant pair -- capacitor degradation, typically 2-3 weeks before a hard trip.","Confirm the partner PSU is healthy, then hot-swap the degrading unit. In a backup window, first verify the remaining PSU can carry the backup job's peak draw.",resolved,PSU-GPU-2800W,1,1.05,2,P2,T. Novak,dr_failover,False
INC0104537,2025-11-29 22:30:00.000000000,2025-11-29 23:27:46.862847001,B07,B07-S4,B07-S4-PSU,psu,Lenovo,ThinkSystem SR650 V3,virtualization,psu_capacitor,input voltage sagging to 202.4 V with output ripple at 63 mV on one PSU,input_voltage_drop|output_ripple_high,"Input sag with rising output ripple on one PSU of a redundant pair -- capacitor degradation, typically 2-3 weeks before a hard trip.","Confirm the partner PSU is healthy, then hot-swap the degrading unit. In a backup window, first verify the remaining PSU can carry the backup job's peak draw.",resolved,PSU-LNV-1100W,1,0.96,3,P2,D. Haddad,normal,False
INC0104542,2025-11-30 07:02:00.000000000,2025-11-30 08:27:27.225884189,A11,A11-S4,A11-S4-PSU,psu,Lenovo,ThinkSystem SR650 V3,web,psu_pdu_feed,both PSUs on the same feed reported low input voltage (202.1 V),input_voltage_drop,"Voltage sag traced to the upstream PDU outlet/whip, not the PSU (both PSUs on that feed showed it).",Move the PSU cord to a healthy outlet on the correct A/B feed and open a facilities ticket for the PDU circuit -- do not replace the PSU.,resolved,,0,1.42,60,P2,R. Singh,backup_window,False
INC0104540,2025-11-30 15:27:00.000000000,2025-11-30 17:00:31.314616322,A20,A20-S3,A20-S3-DISK,disk,Lenovo,ThinkSystem SR650 V3,web,disk_media_wear,SMART reallocated sectors rose to 25 with pending sectors climbing,reallocated_sectors|pending_sectors|smart_read_error_rate,Drive media degradation: reallocated and pending sector counts rising steadily -- the pattern that preceded hard read failures in prior incidents.,"Drain the replica / rebuild the RAID member onto a healthy drive, then hot-swap the drive. Do not wait for a hard failure if a backup or replication job is currently reading from it.",resolved,SSD-NVME-U2-3T84,1,1.56,3,P2,E. Johansson,dr_failover,False
INC0104541,2025-11-30 20:10:00.000000000,2025-11-30 21:36:37.272210739,A06,A06-S7,A06-S7-DISK,disk,Dell,PowerEdge R760,web,disk_early_latency,"I/O latency spiking to 4.5 ms with rising read error rate, no reallocations yet",smart_read_error_rate|latency_spike,Rising SMART read error rate with I/O latency spikes but no reallocated sectors yet -- an earlier-stage precursor.,"Flag the drive for proactive replacement in the next maintenance window, move latency-sensitive volumes off it, and check the reallocation count daily.",resolved,SSD-NVME-U2-3T84,1,1.44,5,P3,K. Watanabe,normal,False
INC0105286,2025-12-01 02:22:00.000000000,2025-12-01 04:46:03.372575009,A06,A06-S5,,thermal,Dell,PowerEdge R760,web,thermal_tiles,high-density racks starved of cold air after new GPU servers were installed,inlet_overtemp|hot_spot,Perforated tile layout not matched to rack load after high-density servers were added.,Rebalance perforated tiles and add high-flow grates in front of high-density racks.,recurred,,0,2.4,4,P3,M. Chen,normal,False
INC0104544,2025-12-01 06:43:00.000000000,2025-12-01 07:19:36.116978152,A02,A02-S2,A02-S2-PSU,psu,Lenovo,ThinkSystem SR650 V3,web,psu_capacitor,input voltage sagging to 202.0 V with output ripple at 49 mV on one PSU,input_voltage_drop|output_ripple_high,"Input sag with rising output ripple on one PSU of a redundant pair -- capacitor degradation, typically 2-3 weeks before a hard trip.","Confirm the partner PSU is healthy, then hot-swap the degrading unit. In a backup window, first verify the remaining PSU can carry the backup job's peak draw.",resolved,PSU-LNV-1100W,1,0.61,3,P2,R. Singh,normal,False
INC0104543,2025-12-01 09:48:00.000000000,2025-12-01 10:46:00.814453799,E02,E02-S3,E02-S3-DIMM,dimm,Dell,PowerEdge XE8640,ai,dimm_airflow,DIMM temperature 32.8 C with rising correctable errors,dimm_overtemp|ecc_correctable_spike,Missing blanking panel / cable bundle blocking airflow raised DIMM temperature and the soft-error rate.,"Restore airflow (blanking panels, clear the cable obstruction) and re-check DIMM temperature before considering replacement.",resolved,,0,0.97,20,P3,N. Patel,normal,False
INC0104545,2025-12-01 13:44:00.000000000,2025-12-01 15:10:19.307633497,D11,D11-S4,D11-S4-NIC,nic,Lenovo,ThinkSystem SR650 V3,storage,nic_fw_drops,packet drops under high RSS load on one NIC model,packet_loss,NIC firmware bug dropping packets under high RSS load.,Update NIC firmware and driver to the fixed release in a rolling window.,recurred,,0,1.44,0,P2,L. Moreau,dr_failover,False
INC0104548,2025-12-02 02:07:00.000000000,2025-12-02 02:57:54.781726623,E12,E12-S5,E12-S5-PSU,psu,HPE,ProLiant DL380a Gen11,ai,psu_fw_ripple,spurious ripple warnings on several PSUs right after a BMC update,output_ripple_high,PSU firmware reporting spurious ripple warnings after a BMC update.,Update PSU firmware to the version paired with the current BMC and verify with a calibrated meter before replacing hardware.,resolved,,0,0.85,20,P4,E. Johansson,normal,False
INC0104529,2025-12-02 04:03:11.982906605,2025-12-02 06:57:59.292543304,E06,E06-S6,E06-S6-DIMM,dimm,HPE,ProLiant DL380a Gen11,ai,dimm_replace,Recurrence of INC0104528: memory error rate on slot B1 kept increasing over 2 days,ecc_correctable_spike|ecc_uncorrectable,Failing DRAM device on the RDIMM: correctable ECC rate climbed for several days before uncorrectable errors appeared -- classic cell degradation.,"Replace the RDIMM identified by the SEL slot locator. If the host is serving a migration or DR role, live-migrate or fail over workloads first; never hot-remove memory from a running host.",resolved,MEM-DDR5-64G-4800,1,2.91,0,P2,P. Reyes,normal,False
INC0104549,2025-12-02 09:14:00.000000000,2025-12-02 09:33:22.899035201,D10,D10-S1,D10-S1-FAN,fan,HPE,ProLiant DL380 Gen11,storage,fan_bearing,vibration rising for 6 days while fan speed fell,fan_rpm_drop|fan_vibration,Fan bearing wear: vibration rising and RPM falling at constant PWM duty -- precedes seizure.,Hot-swap the fan module (N+1 redundant) and verify the remaining fans ramp correctly during the swap.,resolved,FAN-HPE-DL380,1,0.32,3,P3,L. Moreau,normal,False
INC0104547,2025-12-02 10:32:00.000000000,2025-12-02 11:02:34.593367195,E18,E18-S3,E18-S3-DIMM,dimm,HPE,ProLiant DL380a Gen11,ai,dimm_fw_false_pos,correctable error spikes on many hosts at once after a BMC update,ecc_correctable_spike,BIOS/BMC firmware bug over-reporting correctable errors (vendor advisory) -- no actual DRAM degradation.,Apply the vendor BIOS/BMC update that corrects correctable-error logging; confirm counts normalize before swapping any hardware.,resolved,,0,0.51,0,P4,E. Johansson,normal,False
INC0104553,2025-12-03 03:21:00.000000000,2025-12-03 06:59:07.217622026,A06,A06-S8,A06-S8-DIMM,dimm,Dell,PowerEdge R760,web,dimm_imc,errors followed the slot after the DIMM was swapped to another channel,ecc_uncorrectable|ecc_correctable_spike,"Errors followed the CPU socket, not the DIMM -- integrated memory controller fault.","Move the DIMM to a different channel as a test; if errors follow the slot/socket, escalate to vendor for CPU or motherboard replacement.",recurred,,0,3.64,98,P2,T. Novak,normal,True
INC0104555,2025-12-03 11:09:00.000000000,2025-12-03 11:32:13.266405575,C18,C18-S4,C18-S4-FAN,fan,Lenovo,ThinkSystem SR650 V3,database,fan_current,fan motor current up to 1.42 A to hold speed,fan_current_rise|fan_rpm_drop,Motor current rising to hold RPM -- winding or bearing degradation.,Replace the fan module proactively; the current rise precedes failure by days.,resolved,FAN-LNV-SR650,1,0.39,4,P3,J. Alvarez,normal,False
INC0104552,2025-12-03 14:32:00.000000000,2025-12-03 16:33:43.412046536,A17,A17-S4,A17-S4-DIMM,dimm,Lenovo,ThinkSystem SR650 V3,web,dimm_ue_crash,uncorrectable memory error forced a kernel panic,ecc_uncorrectable,Uncorrectable ECC error caused a host crash; module confirmed failed by vendor diagnostics.,"Replace the RDIMM immediately, run vendor memory diagnostics after replacement, and review the crash dump to rule out a CPU memory-controller fault.",resolved,MEM-DDR5-64G-4800,1,2.03,49,P1,S. Okafor,normal,False
INC0104550,2025-12-03 15:42:00.000000000,2025-12-03 16:19:06.074473876,D07,D07-S1,D07-S1-DIMM,dimm,HPE,ProLiant DL380 Gen11,storage,dimm_reseat,correctable ECC errors after recent chassis service (48/24h),ecc_correctable_spike,Suspected DIMM seating issue after recent chassis work; reseating reduced correctable errors only temporarily.,"Reseat the DIMM and clear the SEL -- only reasonable if the host had physical service in the last 7 days. If correctable errors resume within 48 hours, escalate straight to replacement.",recurred,,0,0.62,17,P3,S. Okafor,backup_window,False
INC0105287,2025-12-04 00:06:51.947375075,2025-12-04 02:49:49.485441017,A06,A06-S5,,thermal,Dell,PowerEdge R760,web,thermal_tiles,Recurrence of INC0105286: high-density racks starved of cold air after new GPU servers were installed,inlet_overtemp|hot_spot,Perforated tile layout not matched to rack load after high-density servers were added.,Rebalance perforated tiles and add high-flow grates in front of high-density racks.,resolved,,0,2.72,1,P3,K. Watanabe,normal,False
INC0105288,2025-12-04 01:04:00.000000000,2025-12-04 01:41:42.650604933,D18,D18-S3,,cabling,Dell,PowerEdge R760,storage,cable_mispatch,VLAN mismatch and flaps after a server was re-patched during migration,link_flap,"Server patched to the wrong ToR port during migration, causing VLAN mismatch and flaps.",Correct the patching per the cable plan and update the DCIM port mapping.,resolved,,0,0.63,4,P3,S. Okafor,normal,False
INC0104560,2025-12-04 02:43:00.000000000,2025-12-04 03:10:49.533849488,B08,B08-S1,B08-S1-FAN,fan,Dell,PowerEdge R760,virtualization,fan_current,fan motor current up to 1.49 A to hold speed,fan_current_rise|fan_rpm_drop,Motor current rising to hold RPM -- winding or bearing degradation.,Replace the fan module proactively; the current rise precedes failure by days.,resolved,FAN-DEL-R760,1,0.46,4,P3,E. Johansson,normal,False
INC0104559,2025-12-04 03:25:00.000000000,2025-12-04 03:47:26.251262754,A04,A04-S4,A04-S4-FAN,fan,HPE,ProLiant DL380 Gen11,web,fan_connector,intermittent tach dropouts on one fan,fan_rpm_drop,Intermittent RPM dropouts traced to a loose fan connector.,Reseat the fan module connector and confirm stable tach readings.,resolved,,0,0.37,3,P4,R. Singh,normal,False
INC0104556,2025-12-04 06:21:00.000000000,2025-12-04 07:45:25.699217686,B09,B09-S4,B09-S4-DISK,disk,HPE,ProLiant DL380 Gen11,virtualization,disk_early_latency,read error rate creeping up and latency spikes on one drive,smart_read_error_rate|latency_spike,Rising SMART read error rate with I/O latency spikes but no reallocated sectors yet -- an earlier-stage precursor.,"Flag the drive for proactive replacement in the next maintenance window, move latency-sensitive volumes off it, and check the reallocation count daily.",resolved,SSD-NVME-U2-3T84,1,1.41,2,P3,A. Kim,maintenance_window,False
INC0104557,2025-12-04 08:53:00.000000000,2025-12-04 09:39:43.233345510,A02,A02-S6,A02-S6-DISK,disk,Lenovo,ThinkSystem SR650 V3,web,disk_overtemp,drive temperature 34.4 C and thermal throttling,disk_overtemp|latency_spike,"Drive overheating because a drive-cage fan failed, causing thermal throttling.",Replace the failed drive-cage fan first; drive temperature and latency normalize without replacing the drive.,resolved,FAN-LNV-SR650,1,0.78,4,P3,J. Alvarez,normal,False
INC0104546,2025-12-04 13:59:46.707731970,2025-12-04 15:08:08.305608980,D11,D11-S4,D11-S4-NIC,nic,Lenovo,ThinkSystem SR650 V3,storage,nic_fw_drops,Recurrence of INC0104545: packet drops under high RSS load on one NIC model,packet_loss,NIC firmware bug dropping packets under high RSS load.,Update NIC firmware and driver to the fixed release in a rolling window.,resolved,,0,1.14,0,P2,N. Patel,dr_failover,False
INC0104558,2025-12-04 22:02:00.000000000,2025-12-04 22:35:38.159855654,D06,D06-S1,D06-S1-PSU,psu,Dell,PowerEdge R760,storage,psu_reseat,PSU reseated after an 'input lost' alarm; the alarm returned,input_voltage_drop,PSU reseated after an input-lost alarm; the alarm recurred.,"Reseating a PSU with repeated input-lost events is not durable -- check the cord and PDU outlet, then replace the PSU if the feed is healthy.",resolved,,0,0.56,20,P2,T. Novak,migration,False
INC0104563,2025-12-05 00:22:00.000000000,2025-12-05 01:26:06.192095868,E14,E14-S8,E14-S8-DISK,disk,Dell,PowerEdge XE8640,ai,disk_media_wear,SMART reallocated sectors rose to 82 with pending sectors climbing,reallocated_sectors|pending_sectors|smart_read_error_rate,Drive media degradation: reallocated and pending sector counts rising steadily -- the pattern that preceded hard read failures in prior incidents.,"Drain the replica / rebuild the RAID member onto a healthy drive, then hot-swap the drive. Do not wait for a hard failure if a backup or replication job is currently reading from it.",resolved,SSD-NVME-U2-3T84,1,1.07,0,P2,L. Moreau,normal,False
INC0104562,2025-12-05 02:44:00.000000000,2025-12-05 03:33:39.285762134,B16,B16-S2,B16-S2-DISK,disk,Lenovo,ThinkSystem SR650 V3,virtualization,disk_overtemp,drive temperature 31.9 C and thermal throttling,disk_overtemp|latency_spike,"Drive overheating because a drive-cage fan failed, causing thermal throttling.",Replace the failed drive-cage fan first; drive temperature and latency normalize without replacing the drive.,resolved,FAN-LNV-SR650,1,0.83,3,P3,T. Novak,normal,False
INC0104568,2025-12-05 02:51:00.000000000,2025-12-05 03:42:40.062516613,D04,D04-S5,D04-S5-NIC,nic,HPE,ProLiant DL380 Gen11,storage,nic_sfp,63 link flaps per day with CRC errors rising on one port,link_flap|crc_errors,Link flaps with rising CRC errors isolated to the host side of one port -- degrading SFP transceiver or marginal cable.,"Replace the SFP transceiver and cable together before touching the NIC. If this NIC carries an in-progress migration, fail over to the secondary port first.",resolved,SFP28-25G-SR,1,0.86,2,P2,M. Chen,normal,False
INC0104569,2025-12-05 03:01:00.000000000,2025-12-05 03:27:13.294083953,D05,D05-S2,D05-S2-FAN,fan,Lenovo,ThinkSystem SR650 V3,storage,fan_bearing,fan down to 4417 RPM at the same PWM duty with vibration 6.5 mm/s,fan_rpm_drop|fan_vibration,Fan bearing wear: vibration rising and RPM falling at constant PWM duty -- precedes seizure.,Hot-swap the fan module (N+1 redundant) and verify the remaining fans ramp correctly during the swap.,resolved,FAN-LNV-SR650,1,0.44,0,P2,N. Patel,migration,False
INC0104565,2025-12-05 08:07:00.000000000,2025-12-05 08:43:44.206884644,E12,E12-S2,E12-S2-PSU,psu,HPE,ProLiant DL380a Gen11,ai,psu_capacitor,input voltage sagging to 202.7 V with output ripple at 55 mV on one PSU,input_voltage_drop|output_ripple_high,"Input sag with rising output ripple on one PSU of a redundant pair -- capacitor degradation, typically 2-3 weeks before a hard trip.","Confirm the partner PSU is healthy, then hot-swap the degrading unit. In a backup window, first verify the remaining PSU can carry the backup job's peak draw.",resolved,PSU-GPU-2800W,1,0.61,2,P2,E. Johansson,backup_window,False
INC0104566,2025-12-05 09:10:00.000000000,2025-12-05 09:32:45.750605330,C04,C04-S3,C04-S3-NIC,nic,Dell,PowerEdge R760,database,nic_sfp,71 link flaps per day with CRC errors rising on one port,link_flap|crc_errors,Link flaps with rising CRC errors isolated to the host side of one port -- degrading SFP transceiver or marginal cable.,"Replace the SFP transceiver and cable together before touching the NIC. If this NIC carries an in-progress migration, fail over to the secondary port first.",resolved,SFP28-25G-SR,1,0.38,0,P2,D. Haddad,normal,False
INC0104561,2025-12-05 12:08:00.000000000,2025-12-05 14:30:06.822837707,C07,C07-S5,C07-S5-DIMM,dimm,Dell,PowerEdge R760,database,dimm_replace,memory error rate on slot A4 kept increasing over 8 days,ecc_correctable_spike|ecc_uncorrectable,Failing DRAM device on the RDIMM: correctable ECC rate climbed for several days before uncorrectable errors appeared -- classic cell degradation.,"Replace the RDIMM identified by the SEL slot locator. If the host is serving a migration or DR role, live-migrate or fail over workloads first; never hot-remove memory from a running host.",resolved,MEM-DDR5-64G-4800,1,2.37,0,P2,J. Alvarez,backup_window,False
INC0104567,2025-12-05 13:22:00.000000000,2025-12-05 14:07:06.057584655,C01,C01-S7,C01-S7-NIC,nic,Dell,PowerEdge R760,database,nic_dac,CRC errors on a DAC link after a rack re-cable,crc_errors,Damaged DAC cable (bend-radius violation) causing CRC errors.,Replace the DAC cable and re-dress it with the correct bend radius.,resolved,CBL-DAC-25G-3M,1,0.75,5,P3,J. Alvarez,maintenance_window,False
INC0104551,2025-12-05 13:46:46.451555817,2025-12-05 15:45:54.905335079,D07,D07-S1,D07-S1-DIMM,dimm,HPE,ProLiant DL380 Gen11,storage,dimm_replace,Recurrence of INC0104550: memory error rate on slot C7 kept increasing over 5 days,ecc_correctable_spike|ecc_uncorrectable,Failing DRAM device on the RDIMM: correctable ECC rate climbed for several days before uncorrectable errors appeared -- classic cell degradation.,"Replace the RDIMM identified by the SEL slot locator. If the host is serving a migration or DR role, live-migrate or fail over workloads first; never hot-remove memory from a running host.",resolved,MEM-DDR5-64G-4800,1,1.99,0,P2,K. Watanabe,backup_window,False
INC0104564,2025-12-05 23:48:00.000000000,2025-12-06 01:29:00.293140520,A13,A13-S6,A13-S6-DISK,disk,HPE,ProLiant DL380 Gen11,web,disk_hdd_head,HDD pending sectors at 38 and retry-driven latency of 13.4 ms,pending_sectors|latency_spike,HDD head degradation causing pending sectors and retry-driven latency.,"Mark the HDD failed in the storage array, let the pool rebuild to a hot spare, then replace the drive.",resolved,SSD-NVME-U2-3T84,1,1.68,5,P2,S. Okafor,normal,False
INC0104554,2025-12-06 17:07:48.744962825,2025-12-06 20:36:28.224798137,A06,A06-S8,A06-S8-DIMM,dimm,Dell,PowerEdge R760,web,dimm_imc,Recurrence of INC0104553: errors followed the slot after the DIMM was swapped to another channel,ecc_uncorrectable|ecc_correctable_spike,"Errors followed the CPU socket, not the DIMM -- integrated memory controller fault.","Move the DIMM to a different channel as a test; if errors follow the slot/socket, escalate to vendor for CPU or motherboard replacement.",resolved,,0,3.48,153,P2,S. Okafor,normal,True
INC0104570,2025-12-06 17:36:00.000000000,2025-12-06 20:03:04.094898737,D10,D10-S1,D10-S1-NIC,nic,HPE,ProLiant DL380 Gen11,storage,nic_card,packet loss of 0.6% persisted after the transceiver and cable were replaced,packet_loss|crc_errors|nic_overtemp,NIC ASIC degradation: packet loss persisted after transceiver and cable replacement; NIC temperature elevated.,Replace the NIC card in a maintenance window after failing workloads over to the redundant NIC.,resolved,NIC-OCP3-25G-DP,1,2.45,0,P2,T. Novak,normal,False
INC0104571,2025-12-06 19:45:00.000000000,2025-12-06 20:04:46.616003075,D19,D19-S3,D19-S3-FAN,fan,HPE,ProLiant DL380 Gen11,storage,fan_bearing,vibration rising for 6 days while fan speed fell,fan_rpm_drop|fan_vibration,Fan bearing wear: vibration rising and RPM falling at constant PWM duty -- precedes seizure.,Hot-swap the fan module (N+1 redundant) and verify the remaining fans ramp correctly during the swap.,resolved,FAN-HPE-DL380,1,0.33,5,P3,D. Haddad,normal,False
INC0104573,2025-12-07 05:33:00.000000000,2025-12-07 07:51:08.325221917,A09,A09-S6,A09-S6-DISK,disk,Dell,PowerEdge R760,web,disk_backplane,link-reset errors that followed the bay after the drive was moved,smart_read_error_rate|latency_spike,"Intermittent errors followed the bay, not the drive -- backplane or connector fault.","Move the drive to another bay as a test; if errors follow the bay, have the vendor replace the backplane cable/backplane.",resolved,,0,2.3,89,P2,N. Patel,normal,True
INC0105289,2025-12-07 08:24:00.000000000,2025-12-07 09:10:07.346471740,E15,E15-S1,,firmware,HPE,ProLiant DL380a Gen11,ai,fw_bmc_hang,telemetry gaps: BMC unresponsive to Redfish and IPMI,bmc_unresponsive,BMC firmware memory leak causing an unresponsive management controller (telemetry gaps).,"Reset the BMC (host unaffected), then roll out the fixed BMC firmware in a rolling window.",resolved,,0,0.77,1,P3,A. Kim,normal,False
INC0104572,2025-12-07 15:40:00.000000000,2025-12-07 16:32:40.420799002,E09,E09-S1,E09-S1-DIMM,dimm,HPE,ProLiant DL380a Gen11,ai,dimm_ppr,correctable errors confined to a single row address (19/24h),ecc_correctable_spike,Isolated single-row fault on one DRAM device; errors confined to one address range.,Schedule a reboot with Post Package Repair (PPR) enabled in BIOS to remap the faulty row; watch the correctable-error rate for 72 hours and replace the DIMM if it recurs.,resolved,,0,0.88,39,P3,D. Haddad,normal,False
INC0104575,2025-12-07 21:30:00.000000000,2025-12-07 22:02:43.303888212,C03,C03-S3,C03-S3-FAN,fan,Lenovo,ThinkSystem SR650 V3,database,fan_bmc_curve,all fans in a chassis under-spinning after a BMC update,fan_rpm_drop,"BMC fan curve misconfigured after a firmware update -- fans under-spinning, not failing.",Restore the vendor thermal profile / fan curve in BMC settings; no hardware change.,resolved,,0,0.55,2,P4,J. Alvarez,normal,False
INC0104574,2025-12-07 21:55:00.000000000,2025-12-07 22:16:29.253598119,E02,E02-S7,E02-S7-FAN,fan,Dell,PowerEdge XE8640,ai,fan_current,fan motor current up to 1.38 A to hold speed,fan_current_rise|fan_rpm_drop,Motor current rising to hold RPM -- winding or bearing degradation.,Replace the fan module proactively; the current rise precedes failure by days.,resolved,FAN-GPU-HP80,1,0.36,2,P3,E. Johansson,normal,False
INC0104576,2025-12-08 01:54:00.000000000,2025-12-08 03:02:11.122701782,E04,E04-S1,E04-S1-PSU,psu,Lenovo,ThinkSystem SR675 V3,ai,psu_capacitor,PSU G6 showed ripple climbing past spec for 4 days,input_voltage_drop|output_ripple_high,"Input sag with rising output ripple on one PSU of a redundant pair -- capacitor degradation, typically 2-3 weeks before a hard trip.","Confirm the partner PSU is healthy, then hot-swap the degrading unit. In a backup window, first verify the remaining PSU can carry the backup job's peak draw.",resolved,PSU-GPU-2800W,1,1.14,0,P2,A. Kim,normal,False
INC0105290,2025-12-08 16:57:00.000000000,2025-12-08 18:32:37.576370917,D02,D02-S8,,power,Lenovo,ThinkSystem SR650 V3,storage,power_breaker,A-feed lost for half the rack after a branch breaker trip,input_voltage_drop|power_loss,PDU branch breaker tripped under the combined load of newly added servers.,"Rebalance servers across PDU branches, reset the breaker after a load review, and keep every branch under 80% of rating.",resolved,,0,1.59,55,P1,A. Kim,dr_failover,False
INC0104577,2025-12-08 23:52:00.000000000,2025-12-09 00:47:38.106813679,A12,A12-S6,A12-S6-FAN,fan,Dell,PowerEdge R760,web,fan_double,"two fans in the same chassis degraded, remaining fans at 100%",fan_rpm_drop|fan_current_rise,"Two fans in the same chassis degraded, forcing the rest to maximum and risking thermal shutdown.",Replace both fan modules in the same visit and check chassis inlet temperature on neighbouring servers.,resolved,FAN-DEL-R760,2,0.93,4,P2,M. Chen,normal,False
INC0104578,2025-12-09 04:54:00.000000000,2025-12-09 07:25:11.778814107,A14,A14-S6,A14-S6-DIMM,dimm,Lenovo,ThinkSystem SR650 V3,web,dimm_replace,"correctable ECC count climbed from single digits to 38 per day, then uncorrectable errors appeared",ecc_correctable_spike|ecc_uncorrectable,Failing DRAM device on the RDIMM: correctable ECC rate climbed for several days before uncorrectable errors appeared -- classic cell degradation.,"Replace the RDIMM identified by the SEL slot locator. If the host is serving a migration or DR role, live-migrate or fail over workloads first; never hot-remove memory from a running host.",resolved,MEM-DDR5-64G-4800,1,2.52,0,P2,L. Moreau,normal,False
INC0104579,2025-12-09 10:15:00.000000000,2025-12-09 11:47:45.758336049,B06,B06-S5,B06-S5-DISK,disk,HPE,ProLiant DL380 Gen11,virtualization,disk_hdd_head,HDD pending sectors at 40 and retry-driven latency of 10.2 ms,pending_sectors|latency_spike,HDD head degradation causing pending sectors and retry-driven latency.,"Mark the HDD failed in the storage array, let the pool rebuild to a hot spare, then replace the drive.",resolved,SSD-NVME-U2-3T84,1,1.55,3,P2,R. Singh,normal,False
INC0104581,2025-12-09 12:05:00.000000000,2025-12-09 12:18:39.521167193,D16,D16-S6,D16-S6-FAN,fan,HPE,ProLiant DL380 Gen11,storage,fan_connector,intermittent tach dropouts on one fan,fan_rpm_drop,Intermittent RPM dropouts traced to a loose fan connector.,Reseat the fan module connector and confirm stable tach readings.,resolved,,0,0.23,5,P4,R. Singh,normal,False
INC0104580,2025-12-09 13:57:00.000000000,2025-12-09 14:58:18.460707344,A20,A20-S7,A20-S7-PSU,psu,Lenovo,ThinkSystem SR650 V3,web,psu_capacitor,PSU D3 showed ripple climbing past spec for 4 days,input_voltage_drop|output_ripple_high,"Input sag with rising output ripple on one PSU of a redundant pair -- capacitor degradation, typically 2-3 weeks before a hard trip.","Confirm the partner PSU is healthy, then hot-swap the degrading unit. In a backup window, first verify the remaining PSU can carry the backup job's peak draw.",resolved,PSU-LNV-1100W,1,1.02,3,P2,A. Kim,normal,False
INC0104582,2025-12-11 05:07:00.000000000,2025-12-11 06:46:46.432594028,B06,B06-S3,B06-S3-DISK,disk,HPE,ProLiant DL380 Gen11,virtualization,disk_media_wear,SMART reallocated sectors rose to 30 with pending sectors climbing,reallocated_sectors|pending_sectors|smart_read_error_rate,Drive media degradation: reallocated and pending sector counts rising steadily -- the pattern that preceded hard read failures in prior incidents.,"Drain the replica / rebuild the RAID member onto a healthy drive, then hot-swap the drive. Do not wait for a hard failure if a backup or replication job is currently reading from it.",resolved,SSD-NVME-U2-3T84,1,1.66,5,P2,T. Novak,normal,False
INC0104583,2025-12-11 14:56:00.000000000,2025-12-11 16:05:28.767576345,B15,B15-S2,B15-S2-PSU,psu,HPE,ProLiant DL380 Gen11,virtualization,psu_capacitor,input voltage sagging to 201.7 V with output ripple at 49 mV on one PSU,input_voltage_drop|output_ripple_high,"Input sag with rising output ripple on one PSU of a redundant pair -- capacitor degradation, typically 2-3 weeks before a hard trip.","Confirm the partner PSU is healthy, then hot-swap the degrading unit. In a backup window, first verify the remaining PSU can carry the backup job's peak draw.",resolved,PSU-HPE-1600W,1,1.16,3,P2,D. Haddad,normal,False
INC0104586,2025-12-12 12:39:00.000000000,2025-12-12 13:09:49.541783334,B14,B14-S8,B14-S8-FAN,fan,Dell,PowerEdge R760,virtualization,fan_bearing,fan down to 6023 RPM at the same PWM duty with vibration 4.4 mm/s,fan_rpm_drop|fan_vibration,Fan bearing wear: vibration rising and RPM falling at constant PWM duty -- precedes seizure.,Hot-swap the fan module (N+1 redundant) and verify the remaining fans ramp correctly during the swap.,resolved,FAN-DEL-R760,1,0.51,0,P3,D. Haddad,normal,False
INC0104585,2025-12-12 16:53:00.000000000,2025-12-12 18:07:08.035723721,E11,E11-S2,E11-S2-NIC,nic,Dell,PowerEdge XE8640,ai,nic_switch_port,"flaps visible on both ends, errors counted on the switch side",link_flap,Flaps originated on the switch side -- ToR switch port or optic fault.,"Compare counters on both ends, move to a spare ToR port and open a network ticket; no host hardware change needed.",resolved,,0,1.24,32,P3,L. Moreau,normal,False
INC0104584,2025-12-12 19:43:00.000000000,2025-12-12 21:58:35.589741301,E12,E12-S2,E12-S2-NIC,nic,HPE,ProLiant DL380a Gen11,ai,nic_card,packet loss of 0.95% persisted after the transceiver and cable were replaced,packet_loss|crc_errors|nic_overtemp,NIC ASIC degradation: packet loss persisted after transceiver and cable replacement; NIC temperature elevated.,Replace the NIC card in a maintenance window after failing workloads over to the redundant NIC.,resolved,NIC-CX7-100G-DP,1,2.26,0,P2,R. Singh,normal,False
INC0105291,2025-12-12 20:37:00.000000000,2025-12-12 21:59:22.058809456,A19,A19-S3,,power,HPE,ProLiant DL380 Gen11,web,power_cap,CPU throttling across a rack during the nightly backup window,cpu_throttle,Rack power capping triggered CPU throttling during the backup window.,Adjust the power-cap policy and stagger backup jobs across racks.,recurred,,0,1.37,0,P3,P. Reyes,normal,False
INC0104588,2025-12-13 05:44:00.000000000,2025-12-13 06:27:41.549703948,A09,A09-S3,A09-S3-FAN,fan,Dell,PowerEdge R760,web,fan_dust,vibration 5.9 mm/s with a dusty intake filter,fan_vibration,Dust accumulation / imbalance causing vibration; fan otherwise healthy.,Clean the fan module and filter; replace only if vibration persists after cleaning.,recurred,,0,0.73,0,P4,A. Kim,normal,False
INC0104587,2025-12-13 21:47:00.000000000,2025-12-13 22:19:43.711948638,D12,D12-S1,D12-S1-FAN,fan,Dell,PowerEdge R760,storage,fan_current,fan motor current up to 1.53 A to hold speed,fan_current_rise|fan_rpm_drop,Motor current rising to hold RPM -- winding or bearing degradation.,Replace the fan module proactively; the current rise precedes failure by days.,resolved,FAN-DEL-R760,1,0.55,0,P3,S. Okafor,normal,False
INC0104590,2025-12-14 00:53:00.000000000,2025-12-14 01:27:28.816408162,A01,A01-S3,A01-S3-DIMM,dimm,HPE,ProLiant DL380 Gen11,web,dimm_airflow,memory running hot (29.3 C) after a cable re-dress,dimm_overtemp|ecc_correctable_spike,Missing blanking panel / cable bundle blocking airflow raised DIMM temperature and the soft-error rate.,"Restore airflow (blanking panels, clear the cable obstruction) and re-check DIMM temperature before considering replacement.",resolved,,0,0.57,22,P3,L. Moreau,normal,False
INC0104596,2025-12-14 03:29:00.000000000,2025-12-14 03:41:25.888592516,D03,D03-S5,D03-S5-FAN,fan,Dell,PowerEdge R760,storage,fan_bearing,vibration rising for 2 days while fan speed fell,fan_rpm_drop|fan_vibration,Fan bearing wear: vibration rising and RPM falling at constant PWM duty -- precedes seizure.,Hot-swap the fan module (N+1 redundant) and verify the remaining fans ramp correctly during the swap.,resolved,FAN-DEL-R760,1,0.21,1,P2,T. Novak,dr_failover,False
INC0104593,2025-12-14 04:33:00.000000000,2025-12-14 05:33:55.285971362,E20,E20-S6,E20-S6-PSU,psu,Dell,PowerEdge XE8640,ai,psu_capacitor,PSU E2 showed ripple climbing past spec for 6 days,input_voltage_drop|output_ripple_high,"Input sag with rising output ripple on one PSU of a redundant pair -- capacitor degradation, typically 2-3 weeks before a hard trip.","Confirm the partner PSU is healthy, then hot-swap the degrading unit. In a backup window, first verify the remaining PSU can carry the backup job's peak draw.",resolved,PSU-GPU-2800W,1,1.02,5,P2,T. Novak,normal,False
INC0104594,2025-12-14 07:53:00.000000000,2025-12-14 08:38:07.677793316,B13,B13-S6,B13-S6-NIC,nic,Lenovo,ThinkSystem SR650 V3,virtualization,nic_driver_reset,link flaps blamed on the driver; flaps returned within a day of a driver reset,link_flap|crc_errors,Flaps attributed to a driver issue; a driver reset was applied but flaps returned within 24 hours (a physical-layer signature).,A driver reset is not sufficient when CRC errors are rising -- treat it as a physical-layer fault and replace the transceiver and cable.,recurred,,0,0.75,0,P3,T. Novak,normal,False
INC0105292,2025-12-14 13:21:24.962575079,2025-12-14 14:21:58.443592161,A19,A19-S3,,power,HPE,ProLiant DL380 Gen11,web,power_cap,Recurrence of INC0105291: CPU throttling across a rack during the nightly backup window,cpu_throttle,Rack power capping triggered CPU throttling during the backup window.,Adjust the power-cap policy and stagger backup jobs across racks.,resolved,,0,1.01,44,P3,K. Watanabe,normal,False
INC0104598,2025-12-14 14:27:00.000000000,2025-12-14 14:52:42.274833490,C10,C10-S5,C10-S5-FAN,fan,Dell,PowerEdge R760,database,fan_dust,vibration 4.0 mm/s with a dusty intake filter,fan_vibration,Dust accumulation / imbalance causing vibration; fan otherwise healthy.,Clean the fan module and filter; replace only if vibration persists after cleaning.,recurred,,0,0.43,0,P4,L. Moreau,normal,False
INC0104591,2025-12-14 18:23:00.000000000,2025-12-14 19:14:19.118295180,A08,A08-S8,A08-S8-DIMM,dimm,Lenovo,ThinkSystem SR650 V3,web,dimm_reseat,correctable ECC errors after recent chassis service (58/24h),ecc_correctable_spike,Suspected DIMM seating issue after recent chassis work; reseating reduced correctable errors only temporarily.,"Reseat the DIMM and clear the SEL -- only reasonable if the host had physical service in the last 7 days. If correctable errors resume within 48 hours, escalate straight to replacement.",recurred,,0,0.86,20,P3,M. Chen,normal,False
INC0104597,2025-12-14 18:48:00.000000000,2025-12-14 19:30:00.427927700,A09,A09-S5,A09-S5-FAN,fan,Dell,PowerEdge R760,web,fan_dust,vibration 6.5 mm/s with a dusty intake filter,fan_vibration,Dust accumulation / imbalance causing vibration; fan otherwise healthy.,Clean the fan module and filter; replace only if vibration persists after cleaning.,resolved,,0,0.7,2,P4,E. Johansson,normal,False
INC0105293,2025-12-15 11:28:00.000000000,2025-12-15 11:54:57.652889492,B18,B18-S4,,firmware,HPE,ProLiant DL380 Gen11,virtualization,fw_baseline,hosts drifted from the approved BIOS baseline,config_drift,"Hosts drifted from the approved BIOS baseline, causing inconsistent power/performance settings.",Re-apply the golden BIOS profile from the management server.,resolved,,0,0.45,1,P4,P. Reyes,normal,False
INC0104589,2025-12-15 17:49:25.852562286,2025-12-15 18:17:35.498134408,A09,A09-S3,A09-S3-FAN,fan,Dell,PowerEdge R760,web,fan_bearing,Recurrence of INC0104588: fan down to 4111 RPM at the same PWM duty with vibration 5.1 mm/s,fan_rpm_drop|fan_vibration,Fan bearing wear: vibration rising and RPM falling at constant PWM duty -- precedes seizure.,Hot-swap the fan module (N+1 redundant) and verify the remaining fans ramp correctly during the swap.,resolved,FAN-DEL-R760,1,0.47,2,P3,L. Moreau,normal,False
INC0104595,2025-12-15 18:50:43.918684708,2025-12-15 19:14:12.959244703,B13,B13-S6,B13-S6-NIC,nic,Lenovo,ThinkSystem SR650 V3,virtualization,nic_sfp,Recurrence of INC0104594: port flapping and CRC counters climbing on the host side only,link_flap|crc_errors,Link flaps with rising CRC errors isolated to the host side of one port -- degrading SFP transceiver or marginal cable.,"Replace the SFP transceiver and cable together before touching the NIC. If this NIC carries an in-progress migration, fail over to the secondary port first.",resolved,SFP28-25G-SR,1,0.39,0,P2,A. Kim,normal,False
INC0104600,2025-12-15 23:42:00.000000000,2025-12-16 00:05:06.921408009,B17,B17-S5,B17-S5-FAN,fan,Dell,PowerEdge R760,virtualization,fan_current,fan motor current up to 1.53 A to hold speed,fan_current_rise|fan_rpm_drop,Motor current rising to hold RPM -- winding or bearing degradation.,Replace the fan module proactively; the current rise precedes failure by days.,resolved,FAN-DEL-R760,1,0.39,0,P3,T. Novak,normal,False
INC0104592,2025-12-16 05:53:38.242813731,2025-12-16 08:39:50.169899700,A08,A08-S8,A08-S8-DIMM,dimm,Lenovo,ThinkSystem SR650 V3,web,dimm_replace,"Recurrence of INC0104591: correctable ECC count climbed from single digits to 51 per day, then uncorrectable errors appeared",ecc_correctable_spike|ecc_uncorrectable,Failing DRAM device on the RDIMM: correctable ECC rate climbed for several days before uncorrectable errors appeared -- classic cell degradation.,"Replace the RDIMM identified by the SEL slot locator. If the host is serving a migration or DR role, live-migrate or fail over workloads first; never hot-remove memory from a running host.",resolved,MEM-DDR5-64G-4800,1,2.77,116,P2,J. Alvarez,normal,True
INC0104603,2025-12-16 14:31:00.000000000,2025-12-16 17:27:40.288653486,D04,D04-S4,D04-S4-DIMM,dimm,HPE,ProLiant DL380 Gen11,storage,dimm_replace,memory error rate on slot H6 kept increasing over 8 days,ecc_correctable_spike|ecc_uncorrectable,Failing DRAM device on the RDIMM: correctable ECC rate climbed for several days before uncorrectable errors appeared -- classic cell degradation.,"Replace the RDIMM identified by the SEL slot locator. If the host is serving a migration or DR role, live-migrate or fail over workloads first; never hot-remove memory from a running host.",resolved,MEM-DDR5-64G-4800,1,2.94,0,P2,D. Haddad,normal,False
INC0104602,2025-12-16 17:30:00.000000000,2025-12-16 20:02:24.479359811,D02,D02-S2,D02-S2-DIMM,dimm,Lenovo,ThinkSystem SR650 V3,storage,dimm_replace,"correctable ECC count climbed from single digits to 83 per day, then uncorrectable errors appeared",ecc_correctable_spike|ecc_uncorrectable,Failing DRAM device on the RDIMM: correctable ECC rate climbed for several days before uncorrectable errors appeared -- classic cell degradation.,"Replace the RDIMM identified by the SEL slot locator. If the host is serving a migration or DR role, live-migrate or fail over workloads first; never hot-remove memory from a running host.",resolved,MEM-DDR5-64G-4800,1,2.54,0,P2,P. Reyes,normal,False
INC0104601,2025-12-16 17:39:00.000000000,2025-12-16 20:26:11.285642791,D04,D04-S3,D04-S3-DIMM,dimm,HPE,ProLiant DL380 Gen11,storage,dimm_replace,memory error rate on slot B5 kept increasing over 6 days,ecc_correctable_spike|ecc_uncorrectable,Failing DRAM device on the RDIMM: correctable ECC rate climbed for several days before uncorrectable errors appeared -- classic cell degradation.,"Replace the RDIMM identified by the SEL slot locator. If the host is serving a migration or DR role, live-migrate or fail over workloads first; never hot-remove memory from a running host.",resolved,MEM-DDR5-64G-4800,1,2.79,93,P2,D. Haddad,normal,True
INC0104599,2025-12-16 18:54:46.603611479,2025-12-16 19:22:41.778146736,C10,C10-S5,C10-S5-FAN,fan,Dell,PowerEdge R760,database,fan_bearing,Recurrence of INC0104598: fan down to 6083 RPM at the same PWM duty with vibration 6.2 mm/s,fan_rpm_drop|fan_vibration,Fan bearing wear: vibration rising and RPM falling at constant PWM duty -- precedes seizure.,Hot-swap the fan module (N+1 redundant) and verify the remaining fans ramp correctly during the swap.,resolved,FAN-DEL-R760,1,0.47,5,P3,J. Alvarez,normal,False
INC0104604,2025-12-16 22:04:00.000000000,2025-12-16 22:18:20.964207625,E20,E20-S3,E20-S3-FAN,fan,Dell,PowerEdge XE8640,ai,fan_bearing,vibration rising for 6 days while fan speed fell,fan_rpm_drop|fan_vibration,Fan bearing wear: vibration rising and RPM falling at constant PWM duty -- precedes seizure.,Hot-swap the fan module (N+1 redundant) and verify the remaining fans ramp correctly during the swap.,resolved,FAN-GPU-HP80,1,0.24,5,P3,L. Moreau,normal,False
INC0104605,2025-12-17 21:56:00.000000000,2025-12-17 22:37:53.350286222,A05,A05-S4,A05-S4-DISK,disk,Lenovo,ThinkSystem SR650 V3,web,disk_reseat,drive reseated after link resets; SMART read error rate kept rising,smart_read_error_rate,Drive reseated after link-reset errors; errors resumed within days.,Reseating is not a durable fix when the SMART read error rate keeps rising -- replace the drive.,recurred,,0,0.7,21,P3,E. Johansson,normal,False
INC0104608,2025-12-18 00:49:00.000000000,2025-12-18 03:47:48.525008983,C18,C18-S7,C18-S7-DISK,disk,Lenovo,ThinkSystem SR650 V3,database,disk_hdd_head,HDD pending sectors at 30 and retry-driven latency of 9.8 ms,pending_sectors|latency_spike,HDD head degradation causing pending sectors and retry-driven latency.,"Mark the HDD failed in the storage array, let the pool rebuild to a hot spare, then replace the drive.",resolved,SSD-NVME-U2-3T84,1,2.98,5,P2,L. Moreau,normal,False
INC0104607,2025-12-18 07:19:00.000000000,2025-12-18 10:35:06.375518232,B01,B01-S2,B01-S2-DISK,disk,Lenovo,ThinkSystem SR650 V3,virtualization,disk_backplane,link-reset errors that followed the bay after the drive was moved,smart_read_error_rate|latency_spike,"Intermittent errors followed the bay, not the drive -- backplane or connector fault.","Move the drive to another bay as a test; if errors follow the bay, have the vendor replace the backplane cable/backplane.",resolved,,0,3.27,114,P2,D. Haddad,normal,True
INC0104609,2025-12-18 08:17:00.000000000,2025-12-18 08:52:57.586102726,D10,D10-S4,D10-S4-PSU,psu,HPE,ProLiant DL380 Gen11,storage,psu_capacitor,PSU G8 showed ripple climbing past spec for 4 days,input_voltage_drop|output_ripple_high,"Input sag with rising output ripple on one PSU of a redundant pair -- capacitor degradation, typically 2-3 weeks before a hard trip.","Confirm the partner PSU is healthy, then hot-swap the degrading unit. In a backup window, first verify the remaining PSU can carry the backup job's peak draw.",resolved,PSU-HPE-1600W,1,0.6,2,P2,R. Singh,normal,False
INC0104610,2025-12-18 15:40:00.000000000,2025-12-18 16:22:16.123505913,D19,D19-S5,D19-S5-NIC,nic,HPE,ProLiant DL380 Gen11,storage,nic_driver_reset,link flaps blamed on the driver; flaps returned within a day of a driver reset,link_flap|crc_errors,Flaps attributed to a driver issue; a driver reset was applied but flaps returned within 24 hours (a physical-layer signature).,A driver reset is not sufficient when CRC errors are rising -- treat it as a physical-layer fault and replace the transceiver and cable.,resolved,,0,0.7,0,P3,J. Alvarez,normal,False
INC0105294,2025-12-18 21:55:00.000000000,2025-12-18 23:24:55.570837750,B01,B01-S2,,firmware,Lenovo,ThinkSystem SR650 V3,virtualization,sec_brute_force,22 failed BMC logins in 24 hours from one internal address,auth_failures,Repeated failed BMC logins from an internal scanner misconfigured with stale credentials.,"Block the source on the management-VLAN ACL, rotate BMC credentials, and correct the scanner configuration.",recurred,,0,1.5,4,P2,N. Patel,migration,False
INC0105296,2025-12-19 05:30:00.000000000,2025-12-19 13:20:45.809868983,B12,B12-S8,,thermal,HPE,ProLiant DL380 Gen11,virtualization,thermal_crac,inlet temperatures up to 34.8 C across 3 adjacent racks in one cooling zone,inlet_overtemp|hot_spot,CRAC unit compressor degradation reduced cooling capacity for its zone; inlet temperatures rose across adjacent racks.,"Open a facilities work order for the CRAC unit, temporarily raise neighbouring CRAC output, and add perforated tiles in the affected cold aisle.",resolved,,0,7.85,4,P2,L. Moreau,normal,False
INC0104612,2025-12-19 11:58:00.000000000,2025-12-19 12:32:33.412333291,D10,D10-S6,D10-S6-PSU,psu,HPE,ProLiant DL380 Gen11,storage,psu_reseat,PSU reseated after an 'input lost' alarm; the alarm returned,input_voltage_drop,PSU reseated after an input-lost alarm; the alarm recurred.,"Reseating a PSU with repeated input-lost events is not durable -- check the cord and PDU outlet, then replace the PSU if the feed is healthy.",resolved,,0,0.58,18,P3,S. Okafor,maintenance_window,False
INC0104611,2025-12-19 20:07:00.000000000,2025-12-19 22:33:05.606648004,A09,A09-S3,A09-S3-DISK,disk,Dell,PowerEdge R760,web,disk_media_wear,SMART reallocated sectors rose to 74 with pending sectors climbing,reallocated_sectors|pending_sectors|smart_read_error_rate,Drive media degradation: reallocated and pending sector counts rising steadily -- the pattern that preceded hard read failures in prior incidents.,"Drain the replica / rebuild the RAID member onto a healthy drive, then hot-swap the drive. Do not wait for a hard failure if a backup or replication job is currently reading from it.",resolved,SSD-NVME-U2-3T84,1,2.43,3,P2,M. Chen,normal,False
INC0104613,2025-12-19 23:39:00.000000000,2025-12-20 00:26:25.889320955,B14,B14-S1,B14-S1-FAN,fan,Dell,PowerEdge R760,virtualization,fan_double,"two fans in the same chassis degraded, remaining fans at 100%",fan_rpm_drop|fan_current_rise,"Two fans in the same chassis degraded, forcing the rest to maximum and risking thermal shutdown.",Replace both fan modules in the same visit and check chassis inlet temperature on neighbouring servers.,resolved,FAN-DEL-R760,2,0.79,0,P2,K. Watanabe,normal,False
INC0105295,2025-12-21 05:45:33.694429159,2025-12-21 06:57:57.771200370,B01,B01-S2,,firmware,Lenovo,ThinkSystem SR650 V3,virtualization,sec_brute_force,Recurrence of INC0105294: 22 failed BMC logins in 24 hours from one internal address,auth_failures,Repeated failed BMC logins from an internal scanner misconfigured with stale credentials.,"Block the source on the management-VLAN ACL, rotate BMC credentials, and correct the scanner configuration.",resolved,,0,1.21,0,P2,K. Watanabe,migration,False
INC0104606,2025-12-21 10:31:50.642640884,2025-12-21 11:50:32.669686834,A05,A05-S4,A05-S4-DISK,disk,Lenovo,ThinkSystem SR650 V3,web,disk_media_wear,Recurrence of INC0104605: SMART reallocated sectors rose to 85 with pending sectors climbing,reallocated_sectors|pending_sectors|smart_read_error_rate,Drive media degradation: reallocated and pending sector counts rising steadily -- the pattern that preceded hard read failures in prior incidents.,"Drain the replica / rebuild the RAID member onto a healthy drive, then hot-swap the drive. Do not wait for a hard failure if a backup or replication job is currently reading from it.",resolved,SSD-NVME-U2-3T84,1,1.31,4,P2,D. Haddad,normal,False
INC0104616,2025-12-21 11:42:00.000000000,2025-12-21 12:34:36.860081676,B08,B08-S6,B08-S6-NIC,nic,Dell,PowerEdge R760,virtualization,nic_sfp,port flapping and CRC counters climbing on the host side only,link_flap|crc_errors,Link flaps with rising CRC errors isolated to the host side of one port -- degrading SFP transceiver or marginal cable.,"Replace the SFP transceiver and cable together before touching the NIC. If this NIC carries an in-progress migration, fail over to the secondary port first.",resolved,SFP28-25G-SR,1,0.88,0,P2,L. Moreau,normal,False
INC0104615,2025-12-21 14:11:00.000000000,2025-12-21 14:43:44.415196308,D07,D07-S3,D07-S3-DISK,disk,HPE,ProLiant DL380 Gen11,storage,disk_reseat,drive reseated after link resets; SMART read error rate kept rising,smart_read_error_rate,Drive reseated after link-reset errors; errors resumed within days.,Reseating is not a durable fix when the SMART read error rate keeps rising -- replace the drive.,resolved,,0,0.55,0,P3,E. Johansson,normal,False
INC0104614,2025-12-21 22:24:00.000000000,2025-12-22 01:05:31.368383403,C03,C03-S8,C03-S8-DIMM,dimm,Lenovo,ThinkSystem SR650 V3,database,dimm_ue_crash,uncorrectable memory error forced a kernel panic,ecc_uncorrectable,Uncorrectable ECC error caused a host crash; module confirmed failed by vendor diagnostics.,"Replace the RDIMM immediately, run vendor memory diagnostics after replacement, and review the crash dump to rule out a CPU memory-controller fault.",resolved,MEM-DDR5-64G-4800,1,2.69,0,P1,L. Moreau,normal,False
INC0104620,2025-12-22 05:24:00.000000000,2025-12-22 05:52:22.464974314,C12,C12-S6,C12-S6-PSU,psu,Lenovo,ThinkSystem SR650 V3,database,psu_reseat,PSU reseated after an 'input lost' alarm; the alarm returned,input_voltage_drop,PSU reseated after an input-lost alarm; the alarm recurred.,"Reseating a PSU with repeated input-lost events is not durable -- check the cord and PDU outlet, then replace the PSU if the feed is healthy.",recurred,,0,0.47,0,P3,T. Novak,normal,False
INC0104618,2025-12-22 05:50:00.000000000,2025-12-22 07:14:26.608958985,B08,B08-S5,B08-S5-DIMM,dimm,Dell,PowerEdge R760,virtualization,dimm_ppr,ECC errors isolated to one DRAM row on slot E6,ecc_correctable_spike,Isolated single-row fault on one DRAM device; errors confined to one address range.,Schedule a reboot with Post Package Repair (PPR) enabled in BIOS to remap the faulty row; watch the correctable-error rate for 72 hours and replace the DIMM if it recurs.,resolved,,0,1.41,0,P3,E. Johansson,normal,False
INC0104622,2025-12-22 07:04:00.000000000,2025-12-22 08:23:22.967315393,B11,B11-S6,B11-S6-NIC,nic,Dell,PowerEdge R760,virtualization,nic_fw_drops,packet drops under high RSS load on one NIC model,packet_loss,NIC firmware bug dropping packets under high RSS load.,Update NIC firmware and driver to the fixed release in a rolling window.,resolved,,0,1.32,49,P3,N. Patel,normal,False
INC0104619,2025-12-22 08:33:00.000000000,2025-12-22 09:26:17.874089821,A07,A07-S6,A07-S6-PSU,psu,HPE,ProLiant DL380 Gen11,web,psu_fan,PSU fan down to 3787 RPM and PSU temperature 35.4 C,psu_fan_rpm_drop|psu_overtemp,Failing PSU fan bearing (not the power stage) raising PSU temperature.,"PSU fans are not field-serviceable on this platform -- replace the PSU proactively in the next maintenance window, before thermal shutdown.",resolved,PSU-HPE-1600W,1,0.89,4,P3,D. Haddad,normal,False
INC0104623,2025-12-22 15:18:00.000000000,2025-12-22 15:45:56.254742343,D09,D09-S1,D09-S1-NIC,nic,Dell,PowerEdge R760,storage,nic_driver_reset,link flaps blamed on the driver; flaps returned within a day of a driver reset,link_flap|crc_errors,Flaps attributed to a driver issue; a driver reset was applied but flaps returned within 24 hours (a physical-layer signature).,A driver reset is not sufficient when CRC errors are rising -- treat it as a physical-layer fault and replace the transceiver and cable.,recurred,,0,0.47,0,P3,D. Haddad,normal,False
INC0104625,2025-12-22 15:52:00.000000000,2025-12-22 16:05:22.741920760,A20,A20-S6,A20-S6-FAN,fan,Lenovo,ThinkSystem SR650 V3,web,fan_bearing,fan down to 3646 RPM at the same PWM duty with vibration 4.1 mm/s,fan_rpm_drop|fan_vibration,Fan bearing wear: vibration rising and RPM falling at constant PWM duty -- precedes seizure.,Hot-swap the fan module (N+1 redundant) and verify the remaining fans ramp correctly during the swap.,resolved,FAN-LNV-SR650,1,0.22,0,P3,N. Patel,normal,False
INC0104617,2025-12-22 20:36:00.000000000,2025-12-22 21:30:04.467819959,E04,E04-S6,E04-S6-DIMM,dimm,Lenovo,ThinkSystem SR675 V3,ai,dimm_ppr,ECC errors isolated to one DRAM row on slot E8,ecc_correctable_spike,Isolated single-row fault on one DRAM device; errors confined to one address range.,Schedule a reboot with Post Package Repair (PPR) enabled in BIOS to remap the faulty row; watch the correctable-error rate for 72 hours and replace the DIMM if it recurs.,resolved,,0,0.9,0,P3,R. Singh,normal,False
INC0104626,2025-12-23 03:01:00.000000000,2025-12-23 03:47:02.524730312,C10,C10-S8,C10-S8-DIMM,dimm,Dell,PowerEdge R760,database,dimm_reseat,memory errors began right after the server was racked back in,ecc_correctable_spike,Suspected DIMM seating issue after recent chassis work; reseating reduced correctable errors only temporarily.,"Reseat the DIMM and clear the SEL -- only reasonable if the host had physical service in the last 7 days. If correctable errors resume within 48 hours, escalate straight to replacement.",recurred,,0,0.77,26,P2,L. Moreau,dr_failover,False
INC0104632,2025-12-24 02:00:00.000000000,2025-12-24 02:40:44.819432323,B07,B07-S8,B07-S8-PSU,psu,Lenovo,ThinkSystem SR650 V3,virtualization,psu_fan,PSU fan down to 5592 RPM and PSU temperature 35.8 C,psu_fan_rpm_drop|psu_overtemp,Failing PSU fan bearing (not the power stage) raising PSU temperature.,"PSU fans are not field-serviceable on this platform -- replace the PSU proactively in the next maintenance window, before thermal shutdown.",resolved,PSU-LNV-1100W,1,0.68,1,P3,J. Alvarez,normal,False
INC0104630,2025-12-24 12:07:00.000000000,2025-12-24 13:27:47.112277320,B11,B11-S3,B11-S3-DISK,disk,Dell,PowerEdge R760,virtualization,disk_media_wear,SMART reallocated sectors rose to 47 with pending sectors climbing,reallocated_sectors|pending_sectors|smart_read_error_rate,Drive media degradation: reallocated and pending sector counts rising steadily -- the pattern that preceded hard read failures in prior incidents.,"Drain the replica / rebuild the RAID member onto a healthy drive, then hot-swap the drive. Do not wait for a hard failure if a backup or replication job is currently reading from it.",resolved,SSD-NVME-U2-3T84,1,1.35,4,P2,N. Patel,normal,False
INC0104628,2025-12-24 12:45:00.000000000,2025-12-24 14:40:23.397688362,D09,D09-S1,D09-S1-DIMM,dimm,Dell,PowerEdge R760,storage,dimm_replace,memory error rate on slot D7 kept increasing over 7 days,ecc_correctable_spike|ecc_uncorrectable,Failing DRAM device on the RDIMM: correctable ECC rate climbed for several days before uncorrectable errors appeared -- classic cell degradation.,"Replace the RDIMM identified by the SEL slot locator. If the host is serving a migration or DR role, live-migrate or fail over workloads first; never hot-remove memory from a running host.",resolved,MEM-DDR5-64G-4800,1,1.92,0,P2,D. Haddad,normal,False
INC0104631,2025-12-24 18:10:00.000000000,2025-12-24 18:59:37.692536889,B18,B18-S1,B18-S1-PSU,psu,HPE,ProLiant DL380 Gen11,virtualization,psu_efficiency,PSU efficiency down to 89.5% with rising temperature,psu_efficiency_drop|psu_overtemp,PSU efficiency dropping (more heat per watt delivered) -- aging power stage.,Replace the PSU proactively; the efficiency loss adds rack heat load and precedes failure.,resolved,PSU-HPE-1600W,1,0.83,1,P3,M. Chen,backup_window,False
INC0104627,2025-12-24 20:46:32.923388801,2025-12-24 23:34:42.531480809,C10,C10-S8,C10-S8-DIMM,dimm,Dell,PowerEdge R760,database,dimm_replace,"Recurrence of INC0104626: correctable ECC count climbed from single digits to 65 per day, then uncorrectable errors appeared",ecc_correctable_spike|ecc_uncorrectable,Failing DRAM device on the RDIMM: correctable ECC rate climbed for several days before uncorrectable errors appeared -- classic cell degradation.,"Replace the RDIMM identified by the SEL slot locator. If the host is serving a migration or DR role, live-migrate or fail over workloads first; never hot-remove memory from a running host.",resolved,MEM-DDR5-64G-4800,1,2.8,0,P2,S. Okafor,dr_failover,False
INC0104633,2025-12-24 21:23:00.000000000,2025-12-24 21:54:59.272400023,A15,A15-S8,A15-S8-FAN,fan,Dell,PowerEdge R760,web,fan_current,fan motor current up to 1.44 A to hold speed,fan_current_rise|fan_rpm_drop,Motor current rising to hold RPM -- winding or bearing degradation.,Replace the fan module proactively; the current rise precedes failure by days.,resolved,FAN-DEL-R760,1,0.53,4,P3,J. Alvarez,backup_window,False
INC0104629,2025-12-24 21:55:00.000000000,2025-12-24 23:24:10.298746422,E04,E04-S5,E04-S5-DISK,disk,Lenovo,ThinkSystem SR675 V3,ai,disk_media_wear,predictive-failure flag: reallocated and pending sector counts rising for 7 days,reallocated_sectors|pending_sectors|smart_read_error_rate,Drive media degradation: reallocated and pending sector counts rising steadily -- the pattern that preceded hard read failures in prior incidents.,"Drain the replica / rebuild the RAID member onto a healthy drive, then hot-swap the drive. Do not wait for a hard failure if a backup or replication job is currently reading from it.",resolved,SSD-NVME-U2-3T84,1,1.49,5,P2,S. Okafor,normal,False
INC0104624,2025-12-25 00:25:13.311789956,2025-12-25 01:06:51.695720795,D09,D09-S1,D09-S1-NIC,nic,Dell,PowerEdge R760,storage,nic_sfp,Recurrence of INC0104623: 61 link flaps per day with CRC errors rising on one port,link_flap|crc_errors,Link flaps with rising CRC errors isolated to the host side of one port -- degrading SFP transceiver or marginal cable.,"Replace the SFP transceiver and cable together before touching the NIC. If this NIC carries an in-progress migration, fail over to the secondary port first.",resolved,SFP28-25G-SR,1,0.69,0,P2,A. Kim,normal,False
INC0104634,2025-12-25 12:07:00.000000000,2025-12-25 12:55:38.768238254,B02,B02-S4,B02-S4-PSU,psu,Dell,PowerEdge R760,virtualization,psu_efficiency,PSU efficiency down to 87.6% with rising temperature,psu_efficiency_drop|psu_overtemp,PSU efficiency dropping (more heat per watt delivered) -- aging power stage.,Replace the PSU proactively; the efficiency loss adds rack heat load and precedes failure.,resolved,PSU-DEL-1400W,1,0.81,2,P3,K. Watanabe,normal,False
INC0104621,2025-12-25 19:48:54.563829871,2025-12-25 20:58:00.222523216,C12,C12-S6,C12-S6-PSU,psu,Lenovo,ThinkSystem SR650 V3,database,psu_capacitor,Recurrence of INC0104620: PSU E2 showed ripple climbing past spec for 7 days,input_voltage_drop|output_ripple_high,"Input sag with rising output ripple on one PSU of a redundant pair -- capacitor degradation, typically 2-3 weeks before a hard trip.","Confirm the partner PSU is healthy, then hot-swap the degrading unit. In a backup window, first verify the remaining PSU can carry the backup job's peak draw.",resolved,PSU-LNV-1100W,1,1.15,1,P2,R. Singh,normal,False
INC0104636,2025-12-26 09:10:00.000000000,2025-12-26 09:59:36.439581864,D09,D09-S3,D09-S3-NIC,nic,Dell,PowerEdge R760,storage,nic_fw_drops,packet drops under high RSS load on one NIC model,packet_loss,NIC firmware bug dropping packets under high RSS load.,Update NIC firmware and driver to the fixed release in a rolling window.,resolved,,0,0.83,0,P3,S. Okafor,normal,False
INC0104635,2025-12-26 10:13:00.000000000,2025-12-26 11:36:20.289844249,D10,D10-S3,D10-S3-NIC,nic,HPE,ProLiant DL380 Gen11,storage,nic_fw_drops,packet drops under high RSS load on one NIC model,packet_loss,NIC firmware bug dropping packets under high RSS load.,Update NIC firmware and driver to the fixed release in a rolling window.,resolved,,0,1.39,33,P3,J. Alvarez,normal,False
INC0104637,2025-12-26 13:26:00.000000000,2025-12-26 15:08:19.632353719,D01,D01-S7,D01-S7-NIC,nic,HPE,ProLiant DL380 Gen11,storage,nic_card,packet loss of 1.47% persisted after the transceiver and cable were replaced,packet_loss|crc_errors|nic_overtemp,NIC ASIC degradation: packet loss persisted after transceiver and cable replacement; NIC temperature elevated.,Replace the NIC card in a maintenance window after failing workloads over to the redundant NIC.,resolved,NIC-OCP3-25G-DP,1,1.71,74,P2,K. Watanabe,normal,True
INC0105297,2025-12-26 17:57:00.000000000,2025-12-26 19:12:32.430663367,A01,A01-S1,,power,HPE,ProLiant DL380 Gen11,web,power_cap,CPU throttling across a rack during the nightly backup window,cpu_throttle,Rack power capping triggered CPU throttling during the backup window.,Adjust the power-cap policy and stagger backup jobs across racks.,resolved,,0,1.26,60,P3,D. Haddad,normal,False
INC0104639,2025-12-27 13:37:00.000000000,2025-12-27 14:43:27.389146379,E13,E13-S1,E13-S1-PSU,psu,Lenovo,ThinkSystem SR675 V3,ai,psu_capacitor,PSU H3 showed ripple climbing past spec for 9 days,input_voltage_drop|output_ripple_high,"Input sag with rising output ripple on one PSU of a redundant pair -- capacitor degradation, typically 2-3 weeks before a hard trip.","Confirm the partner PSU is healthy, then hot-swap the degrading unit. In a backup window, first verify the remaining PSU can carry the backup job's peak draw.",resolved,PSU-GPU-2800W,1,1.11,1,P2,L. Moreau,normal,False
INC0104640,2025-12-27 15:40:00.000000000,2025-12-27 16:12:01.398104885,A11,A11-S7,A11-S7-FAN,fan,Lenovo,ThinkSystem SR650 V3,web,fan_bearing,fan down to 5100 RPM at the same PWM duty with vibration 5.4 mm/s,fan_rpm_drop|fan_vibration,Fan bearing wear: vibration rising and RPM falling at constant PWM duty -- precedes seizure.,Hot-swap the fan module (N+1 redundant) and verify the remaining fans ramp correctly during the swap.,resolved,FAN-LNV-SR650,1,0.53,4,P3,K. Watanabe,normal,False
INC0104638,2025-12-27 22:48:00.000000000,2025-12-27 23:21:10.440848282,E17,E17-S3,E17-S3-PSU,psu,Dell,PowerEdge XE8640,ai,psu_capacitor,PSU C6 showed ripple climbing past spec for 6 days,input_voltage_drop|output_ripple_high,"Input sag with rising output ripple on one PSU of a redundant pair -- capacitor degradation, typically 2-3 weeks before a hard trip.","Confirm the partner PSU is healthy, then hot-swap the degrading unit. In a backup window, first verify the remaining PSU can carry the backup job's peak draw.",resolved,PSU-GPU-2800W,1,0.55,3,P2,D. Haddad,backup_window,False
INC0104642,2025-12-28 07:54:00.000000000,2025-12-28 10:17:16.774024116,C18,C18-S6,C18-S6-NIC,nic,Lenovo,ThinkSystem SR650 V3,database,nic_card,packet loss of 1.06% persisted after the transceiver and cable were replaced,packet_loss|crc_errors|nic_overtemp,NIC ASIC degradation: packet loss persisted after transceiver and cable replacement; NIC temperature elevated.,Replace the NIC card in a maintenance window after failing workloads over to the redundant NIC.,resolved,NIC-OCP3-25G-DP,1,2.39,58,P2,D. Haddad,normal,False
INC0105298,2025-12-28 13:50:00.000000000,2025-12-28 16:11:05.431364695,B13,B13-S3,,power,Lenovo,ThinkSystem SR650 V3,virtualization,power_breaker,A-feed lost for half the rack after a branch breaker trip,input_voltage_drop|power_loss,PDU branch breaker tripped under the combined load of newly added servers.,"Rebalance servers across PDU branches, reset the breaker after a load review, and keep every branch under 80% of rating.",recurred,,0,2.35,168,P1,E. Johansson,normal,True
INC0104641,2025-12-28 15:23:00.000000000,2025-12-28 15:43:05.440730678,B16,B16-S6,B16-S6-DISK,disk,Lenovo,ThinkSystem SR650 V3,virtualization,disk_reseat,drive reseated after link resets; SMART read error rate kept rising,smart_read_error_rate,Drive reseated after link-reset errors; errors resumed within days.,Reseating is not a durable fix when the SMART read error rate keeps rising -- replace the drive.,resolved,,0,0.33,14,P3,R. Singh,normal,False
INC0104645,2025-12-29 01:55:00.000000000,2025-12-29 03:53:50.581803593,A20,A20-S2,A20-S2-DISK,disk,Lenovo,ThinkSystem SR650 V3,web,disk_hdd_head,HDD pending sectors at 64 and retry-driven latency of 4.5 ms,pending_sectors|latency_spike,HDD head degradation causing pending sectors and retry-driven latency.,"Mark the HDD failed in the storage array, let the pool rebuild to a hot spare, then replace the drive.",resolved,SSD-NVME-U2-3T84,1,1.98,5,P2,M. Chen,normal,False
INC0104643,2025-12-29 19:51:00.000000000,2025-12-29 21:12:35.812894138,D16,D16-S5,D16-S5-DIMM,dimm,HPE,ProLiant DL380 Gen11,storage,dimm_ppr,ECC errors isolated to one DRAM row on slot C7,ecc_correctable_spike,Isolated single-row fault on one DRAM device; errors confined to one address range.,Schedule a reboot with Post Package Repair (PPR) enabled in BIOS to remap the faulty row; watch the correctable-error rate for 72 hours and replace the DIMM if it recurs.,recurred,,0,1.36,0,P3,A. Kim,normal,False
INC0104646,2025-12-29 23:00:00.000000000,2025-12-29 23:38:29.530591976,B07,B07-S1,B07-S1-FAN,fan,Lenovo,ThinkSystem SR650 V3,virtualization,fan_bmc_curve,all fans in a chassis under-spinning after a BMC update,fan_rpm_drop,"BMC fan curve misconfigured after a firmware update -- fans under-spinning, not failing.",Restore the vendor thermal profile / fan curve in BMC settings; no hardware change.,resolved,,0,0.64,2,P4,D. Haddad,normal,False
INC0104650,2025-12-30 03:22:00.000000000,2025-12-30 03:48:14.082289538,B17,B17-S5,B17-S5-FAN,fan,Dell,PowerEdge R760,virtualization,fan_bearing,fan down to 4594 RPM at the same PWM duty with vibration 5.1 mm/s,fan_rpm_drop|fan_vibration,Fan bearing wear: vibration rising and RPM falling at constant PWM duty -- precedes seizure.,Hot-swap the fan module (N+1 redundant) and verify the remaining fans ramp correctly during the swap.,resolved,FAN-DEL-R760,1,0.44,0,P3,J. Alvarez,normal,False
INC0104647,2025-12-30 05:15:00.000000000,2025-12-30 07:15:49.298680076,E07,E07-S3,E07-S3-DISK,disk,Lenovo,ThinkSystem SR675 V3,ai,disk_media_wear,predictive-failure flag: reallocated and pending sector counts rising for 2 days,reallocated_sectors|pending_sectors|smart_read_error_rate,Drive media degradation: reallocated and pending sector counts rising steadily -- the pattern that preceded hard read failures in prior incidents.,"Drain the replica / rebuild the RAID member onto a healthy drive, then hot-swap the drive. Do not wait for a hard failure if a backup or replication job is currently reading from it.",resolved,SSD-NVME-U2-3T84,1,2.01,3,P2,P. Reyes,normal,False
INC0104649,2025-12-30 11:24:00.000000000,2025-12-30 12:21:37.232394634,C16,C16-S2,C16-S2-NIC,nic,Dell,PowerEdge R760,database,nic_fw_drops,packet drops under high RSS load on one NIC model,packet_loss,NIC firmware bug dropping packets under high RSS load.,Update NIC firmware and driver to the fixed release in a rolling window.,resolved,,0,0.96,27,P3,T. Novak,normal,False
INC0104648,2025-12-30 19:10:00.000000000,2025-12-30 21:37:42.947176657,B05,B05-S3,B05-S3-NIC,nic,Dell,PowerEdge R760,virtualization,nic_card,packet loss of 0.54% persisted after the transceiver and cable were replaced,packet_loss|crc_errors|nic_overtemp,NIC ASIC degradation: packet loss persisted after transceiver and cable replacement; NIC temperature elevated.,Replace the NIC card in a maintenance window after failing workloads over to the redundant NIC.,resolved,NIC-OCP3-25G-DP,1,2.46,107,P2,N. Patel,normal,True
INC0105300,2025-12-31 00:05:00.000000000,2025-12-31 01:34:46.996101253,E19,E19-S7,,firmware,Lenovo,ThinkSystem SR675 V3,ai,sec_brute_force,72 failed BMC logins in 24 hours from one internal address,auth_failures,Repeated failed BMC logins from an internal scanner misconfigured with stale credentials.,"Block the source on the management-VLAN ACL, rotate BMC credentials, and correct the scanner configuration.",resolved,,0,1.5,1,P2,K. Watanabe,normal,False
INC0104655,2025-12-31 05:58:00.000000000,2025-12-31 06:25:32.360710330,C18,C18-S7,C18-S7-FAN,fan,Lenovo,ThinkSystem SR650 V3,database,fan_current,fan motor current up to 1.44 A to hold speed,fan_current_rise|fan_rpm_drop,Motor current rising to hold RPM -- winding or bearing degradation.,Replace the fan module proactively; the current rise precedes failure by days.,resolved,FAN-LNV-SR650,1,0.46,4,P3,J. Alvarez,normal,False
INC0104652,2025-12-31 06:13:00.000000000,2025-12-31 08:01:11.489343705,B13,B13-S3,B13-S3-DISK,disk,Lenovo,ThinkSystem SR650 V3,virtualization,disk_fw_stall,periodic 30-second I/O stalls on drives of the same model,latency_spike,Drive firmware bug causing periodic latency stalls (vendor advisory) -- media healthy.,Update drive firmware in a rolling fashion; replacement is unnecessary while SMART media counters stay clean.,resolved,,0,1.8,78,P3,A. Kim,normal,True
INC0105299,2025-12-31 11:17:05.608761271,2025-12-31 13:31:11.211427329,B13,B13-S3,,power,Lenovo,ThinkSystem SR650 V3,virtualization,power_breaker,Recurrence of INC0105298: A-feed lost for half the rack after a branch breaker trip,input_voltage_drop|power_loss,PDU branch breaker tripped under the combined load of newly added servers.,"Rebalance servers across PDU branches, reset the breaker after a load review, and keep every branch under 80% of rating.",resolved,,0,2.23,95,P1,R. Singh,normal,True
INC0104653,2025-12-31 16:08:00.000000000,2025-12-31 16:42:31.631250418,D03,D03-S4,D03-S4-PSU,psu,Dell,PowerEdge R760,storage,psu_capacitor,input voltage sagging to 200.0 V with output ripple at 54 mV on one PSU,input_voltage_drop|output_ripple_high,"Input sag with rising output ripple on one PSU of a redundant pair -- capacitor degradation, typically 2-3 weeks before a hard trip.","Confirm the partner PSU is healthy, then hot-swap the degrading unit. In a backup window, first verify the remaining PSU can carry the backup job's peak draw.",resolved,PSU-DEL-1400W,1,0.58,0,P2,J. Alvarez,normal,False
INC0104654,2025-12-31 17:47:00.000000000,2025-12-31 18:18:23.819019157,E02,E02-S6,E02-S6-PSU,psu,Dell,PowerEdge XE8640,ai,psu_capacitor,input voltage sagging to 201.7 V with output ripple at 54 mV on one PSU,input_voltage_drop|output_ripple_high,"Input sag with rising output ripple on one PSU of a redundant pair -- capacitor degradation, typically 2-3 weeks before a hard trip.","Confirm the partner PSU is healthy, then hot-swap the degrading unit. In a backup window, first verify the remaining PSU can carry the backup job's peak draw.",resolved,PSU-GPU-2800W,1,0.52,2,P2,K. Watanabe,normal,False
INC0104651,2025-12-31 21:34:00.000000000,2025-12-31 22:42:08.938389888,D09,D09-S8,D09-S8-DIMM,dimm,Dell,PowerEdge R760,storage,dimm_ppr,ECC errors isolated to one DRAM row on slot F2,ecc_correctable_spike,Isolated single-row fault on one DRAM device; errors confined to one address range.,Schedule a reboot with Post Package Repair (PPR) enabled in BIOS to remap the faulty row; watch the correctable-error rate for 72 hours and replace the DIMM if it recurs.,resolved,,0,1.14,38,P3,L. Moreau,normal,False
INC0104657,2026-01-01 02:15:00.000000000,2026-01-01 02:50:41.338271010,E08,E08-S6,E08-S6-PSU,psu,Dell,PowerEdge XE8640,ai,psu_efficiency,PSU efficiency down to 89.0% with rising temperature,psu_efficiency_drop|psu_overtemp,PSU efficiency dropping (more heat per watt delivered) -- aging power stage.,Replace the PSU proactively; the efficiency loss adds rack heat load and precedes failure.,resolved,PSU-GPU-2800W,1,0.59,4,P3,R. Singh,normal,False
INC0104658,2026-01-01 02:31:00.000000000,2026-01-01 03:17:58.235087942,B01,B01-S5,B01-S5-NIC,nic,Lenovo,ThinkSystem SR650 V3,virtualization,nic_sfp,port flapping and CRC counters climbing on the host side only,link_flap|crc_errors,Link flaps with rising CRC errors isolated to the host side of one port -- degrading SFP transceiver or marginal cable.,"Replace the SFP transceiver and cable together before touching the NIC. If this NIC carries an in-progress migration, fail over to the secondary port first.",resolved,SFP28-25G-SR,1,0.78,5,P2,K. Watanabe,normal,False
INC0104656,2026-01-01 03:49:00.000000000,2026-01-01 05:40:43.325124555,D18,D18-S5,D18-S5-DISK,disk,Dell,PowerEdge R760,storage,disk_media_wear,SMART reallocated sectors rose to 61 with pending sectors climbing,reallocated_sectors|pending_sectors|smart_read_error_rate,Drive media degradation: reallocated and pending sector counts rising steadily -- the pattern that preceded hard read failures in prior incidents.,"Drain the replica / rebuild the RAID member onto a healthy drive, then hot-swap the drive. Do not wait for a hard failure if a backup or replication job is currently reading from it.",resolved,HDD-SAS-12T,1,1.86,3,P2,N. Patel,normal,False
INC0104659,2026-01-01 07:37:00.000000000,2026-01-01 09:56:47.618675410,D03,D03-S8,D03-S8-NIC,nic,Dell,PowerEdge R760,storage,nic_card,packet loss of 1.05% persisted after the transceiver and cable were replaced,packet_loss|crc_errors|nic_overtemp,NIC ASIC degradation: packet loss persisted after transceiver and cable replacement; NIC temperature elevated.,Replace the NIC card in a maintenance window after failing workloads over to the redundant NIC.,resolved,NIC-OCP3-25G-DP,1,2.33,72,P2,M. Chen,normal,True
INC0104644,2026-01-01 10:08:11.385999151,2026-01-01 11:56:36.183908436,D16,D16-S5,D16-S5-DIMM,dimm,HPE,ProLiant DL380 Gen11,storage,dimm_replace,Recurrence of INC0104643: memory error rate on slot A1 kept increasing over 9 days,ecc_correctable_spike|ecc_uncorrectable,Failing DRAM device on the RDIMM: correctable ECC rate climbed for several days before uncorrectable errors appeared -- classic cell degradation.,"Replace the RDIMM identified by the SEL slot locator. If the host is serving a migration or DR role, live-migrate or fail over workloads first; never hot-remove memory from a running host.",resolved,MEM-DDR5-64G-4800,1,1.81,0,P2,M. Chen,normal,False
INC0104660,2026-01-02 15:28:00.000000000,2026-01-02 18:13:22.581216085,E12,E12-S5,E12-S5-DISK,disk,HPE,ProLiant DL380a Gen11,ai,disk_hdd_head,HDD pending sectors at 66 and retry-driven latency of 10.0 ms,pending_sectors|latency_spike,HDD head degradation causing pending sectors and retry-driven latency.,"Mark the HDD failed in the storage array, let the pool rebuild to a hot spare, then replace the drive.",resolved,SSD-NVME-U2-3T84,1,2.76,3,P2,E. Johansson,normal,False
INC0104662,2026-01-03 09:12:00.000000000,2026-01-03 10:40:00.542314392,A15,A15-S7,A15-S7-DISK,disk,Dell,PowerEdge R760,web,disk_hdd_head,HDD pending sectors at 82 and retry-driven latency of 7.4 ms,pending_sectors|latency_spike,HDD head degradation causing pending sectors and retry-driven latency.,"Mark the HDD failed in the storage array, let the pool rebuild to a hot spare, then replace the drive.",resolved,SSD-NVME-U2-3T84,1,1.47,1,P2,A. Kim,normal,False
INC0104663,2026-01-03 17:49:00.000000000,2026-01-03 18:29:27.266330095,A14,A14-S2,A14-S2-FAN,fan,Lenovo,ThinkSystem SR650 V3,web,fan_bmc_curve,all fans in a chassis under-spinning after a BMC update,fan_rpm_drop,"BMC fan curve misconfigured after a firmware update -- fans under-spinning, not failing.",Restore the vendor thermal profile / fan curve in BMC settings; no hardware change.,resolved,,0,0.67,4,P4,R. Singh,normal,False
INC0104661,2026-01-03 21:01:00.000000000,2026-01-03 23:33:24.974344596,E08,E08-S2,E08-S2-DIMM,dimm,Dell,PowerEdge XE8640,ai,dimm_ue_crash,uncorrectable memory error forced a kernel panic,ecc_uncorrectable,Uncorrectable ECC error caused a host crash; module confirmed failed by vendor diagnostics.,"Replace the RDIMM immediately, run vendor memory diagnostics after replacement, and review the crash dump to rule out a CPU memory-controller fault.",resolved,MEM-DDR5-64G-4800,1,2.54,0,P1,P. Reyes,normal,False
INC0104666,2026-01-04 10:23:00.000000000,2026-01-04 11:02:40.961816224,A13,A13-S4,A13-S4-NIC,nic,HPE,ProLiant DL380 Gen11,web,nic_dac,CRC errors on a DAC link after a rack re-cable,crc_errors,Damaged DAC cable (bend-radius violation) causing CRC errors.,Replace the DAC cable and re-dress it with the correct bend radius.,resolved,CBL-DAC-25G-3M,1,0.66,0,P2,R. Singh,dr_failover,False
INC0104664,2026-01-04 16:34:00.000000000,2026-01-04 19:29:02.798767509,E04,E04-S6,E04-S6-DIMM,dimm,Lenovo,ThinkSystem SR675 V3,ai,dimm_replace,"correctable ECC count climbed from single digits to 61 per day, then uncorrectable errors appeared",ecc_correctable_spike|ecc_uncorrectable,Failing DRAM device on the RDIMM: correctable ECC rate climbed for several days before uncorrectable errors appeared -- classic cell degradation.,"Replace the RDIMM identified by the SEL slot locator. If the host is serving a migration or DR role, live-migrate or fail over workloads first; never hot-remove memory from a running host.",resolved,MEM-DDR5-64G-4800,1,2.92,124,P2,M. Chen,normal,True
INC0104665,2026-01-04 23:39:00.000000000,2026-01-05 00:30:29.549696472,E10,E10-S5,E10-S5-PSU,psu,Lenovo,ThinkSystem SR675 V3,ai,psu_efficiency,PSU efficiency down to 89.3% with rising temperature,psu_efficiency_drop|psu_overtemp,PSU efficiency dropping (more heat per watt delivered) -- aging power stage.,Replace the PSU proactively; the efficiency loss adds rack heat load and precedes failure.,resolved,PSU-GPU-2800W,1,0.86,3,P3,R. Singh,normal,False
INC0105302,2026-01-05 05:45:00.000000000,2026-01-05 07:27:12.322724188,E03,E03-S7,,firmware,HPE,ProLiant DL380a Gen11,ai,sec_brute_force,31 failed BMC logins in 24 hours from one internal address,auth_failures,Repeated failed BMC logins from an internal scanner misconfigured with stale credentials.,"Block the source on the management-VLAN ACL, rotate BMC credentials, and correct the scanner configuration.",recurred,,0,1.7,4,P2,J. Alvarez,normal,False
INC0104671,2026-01-05 13:01:00.000000000,2026-01-05 13:56:44.445990617,B13,B13-S2,B13-S2-NIC,nic,Lenovo,ThinkSystem SR650 V3,virtualization,nic_sfp,port flapping and CRC counters climbing on the host side only,link_flap|crc_errors,Link flaps with rising CRC errors isolated to the host side of one port -- degrading SFP transceiver or marginal cable.,"Replace the SFP transceiver and cable together before touching the NIC. If this NIC carries an in-progress migration, fail over to the secondary port first.",resolved,SFP28-25G-SR,1,0.93,4,P2,N. Patel,backup_window,False
INC0104669,2026-01-05 18:12:00.000000000,2026-01-05 18:53:19.129132663,E15,E15-S4,E15-S4-NIC,nic,HPE,ProLiant DL380a Gen11,ai,nic_driver_reset,link flaps blamed on the driver; flaps returned within a day of a driver reset,link_flap|crc_errors,Flaps attributed to a driver issue; a driver reset was applied but flaps returned within 24 hours (a physical-layer signature).,A driver reset is not sufficient when CRC errors are rising -- treat it as a physical-layer fault and replace the transceiver and cable.,recurred,,0,0.69,0,P2,S. Okafor,dr_failover,False
INC0104667,2026-01-05 19:15:00.000000000,2026-01-05 22:25:02.359878357,E02,E02-S3,E02-S3-DIMM,dimm,Dell,PowerEdge XE8640,ai,dimm_ue_crash,uncorrectable memory error forced a kernel panic,ecc_uncorrectable,Uncorrectable ECC error caused a host crash; module confirmed failed by vendor diagnostics.,"Replace the RDIMM immediately, run vendor memory diagnostics after replacement, and review the crash dump to rule out a CPU memory-controller fault.",resolved,MEM-DDR5-64G-4800,1,3.17,87,P1,P. Reyes,normal,True
INC0105301,2026-01-05 21:10:00.000000000,2026-01-05 22:06:09.425419045,D01,D01-S6,,firmware,HPE,ProLiant DL380 Gen11,storage,fw_bmc_hang,telemetry gaps: BMC unresponsive to Redfish and IPMI,bmc_unresponsive,BMC firmware memory leak causing an unresponsive management controller (telemetry gaps).,"Reset the BMC (host unaffected), then roll out the fixed BMC firmware in a rolling window.",resolved,,0,0.94,5,P3,N. Patel,normal,False
INC0104668,2026-01-05 22:33:00.000000000,2026-01-05 23:15:05.621529998,E12,E12-S3,E12-S3-NIC,nic,HPE,ProLiant DL380a Gen11,ai,nic_sfp,86 link flaps per day with CRC errors rising on one port,link_flap|crc_errors,Link flaps with rising CRC errors isolated to the host side of one port -- degrading SFP transceiver or marginal cable.,"Replace the SFP transceiver and cable together before touching the NIC. If this NIC carries an in-progress migration, fail over to the secondary port first.",resolved,QSFP28-100G-SR4,1,0.7,3,P2,P. Reyes,maintenance_window,False
INC0104673,2026-01-06 09:29:00.000000000,2026-01-06 11:34:19.665086005,C04,C04-S6,C04-S6-DIMM,dimm,Dell,PowerEdge R760,database,dimm_replace,BMC SEL logged a rising correctable memory error rate (62/24h) on one DIMM slot,ecc_correctable_spike|ecc_uncorrectable,Failing DRAM device on the RDIMM: correctable ECC rate climbed for several days before uncorrectable errors appeared -- classic cell degradation.,"Replace the RDIMM identified by the SEL slot locator. If the host is serving a migration or DR role, live-migrate or fail over workloads first; never hot-remove memory from a running host.",resolved,MEM-DDR5-64G-4800,1,2.09,0,P2,M. Chen,normal,False
INC0104672,2026-01-06 10:28:00.000000000,2026-01-06 12:43:25.344900961,B05,B05-S3,B05-S3-DIMM,dimm,Dell,PowerEdge R760,virtualization,dimm_ue_crash,host crashed with a machine-check exception after an uncorrectable ECC error,ecc_uncorrectable,Uncorrectable ECC error caused a host crash; module confirmed failed by vendor diagnostics.,"Replace the RDIMM immediately, run vendor memory diagnostics after replacement, and review the crash dump to rule out a CPU memory-controller fault.",resolved,MEM-DDR5-64G-4800,1,2.26,0,P1,L. Moreau,normal,False
INC0104674,2026-01-06 22:10:00.000000000,2026-01-06 23:58:32.617953271,A17,A17-S7,A17-S7-NIC,nic,Lenovo,ThinkSystem SR650 V3,web,nic_card,packet loss of 0.61% persisted after the transceiver and cable were replaced,packet_loss|crc_errors|nic_overtemp,NIC ASIC degradation: packet loss persisted after transceiver and cable replacement; NIC temperature elevated.,Replace the NIC card in a maintenance window after failing workloads over to the redundant NIC.,resolved,NIC-OCP3-25G-DP,1,1.81,73,P2,E. Johansson,normal,True
INC0104679,2026-01-07 04:18:00.000000000,2026-01-07 05:07:45.567280709,E01,E01-S3,E01-S3-NIC,nic,Lenovo,ThinkSystem SR675 V3,ai,nic_switch_port,"flaps visible on both ends, errors counted on the switch side",link_flap,Flaps originated on the switch side -- ToR switch port or optic fault.,"Compare counters on both ends, move to a spare ToR port and open a network ticket; no host hardware change needed.",recurred,,0,0.83,0,P3,E. Johansson,normal,False
INC0104675,2026-01-07 04:29:00.000000000,2026-01-07 05:38:42.360961820,D06,D06-S1,D06-S1-DIMM,dimm,Dell,PowerEdge R760,storage,dimm_ppr,ECC errors isolated to one DRAM row on slot D5,ecc_correctable_spike,Isolated single-row fault on one DRAM device; errors confined to one address range.,Schedule a reboot with Post Package Repair (PPR) enabled in BIOS to remap the faulty row; watch the correctable-error rate for 72 hours and replace the DIMM if it recurs.,recurred,,0,1.16,26,P3,K. Watanabe,normal,False
INC0104677,2026-01-07 22:37:00.000000000,2026-01-07 23:36:36.156979372,D20,D20-S3,D20-S3-DIMM,dimm,Lenovo,ThinkSystem SR650 V3,storage,dimm_ppr,ECC errors isolated to one DRAM row on slot D8,ecc_correctable_spike,Isolated single-row fault on one DRAM device; errors confined to one address range.,Schedule a reboot with Post Package Repair (PPR) enabled in BIOS to remap the faulty row; watch the correctable-error rate for 72 hours and replace the DIMM if it recurs.,resolved,,0,0.99,21,P3,S. Okafor,normal,False
INC0104678,2026-01-07 22:54:00.000000000,2026-01-07 23:40:43.067733178,C17,C17-S7,C17-S7-PSU,psu,HPE,ProLiant DL380 Gen11,database,psu_fw_ripple,spurious ripple warnings on several PSUs right after a BMC update,output_ripple_high,PSU firmware reporting spurious ripple warnings after a BMC update.,Update PSU firmware to the version paired with the current BMC and verify with a calibrated meter before replacing hardware.,resolved,,0,0.78,29,P4,A. Kim,normal,False
INC0104681,2026-01-07 23:50:00.000000000,2026-01-08 00:37:30.624899231,C02,C02-S5,C02-S5-NIC,nic,HPE,ProLiant DL380 Gen11,database,nic_driver_reset,link flaps blamed on the driver; flaps returned within a day of a driver reset,link_flap|crc_errors,Flaps attributed to a driver issue; a driver reset was applied but flaps returned within 24 hours (a physical-layer signature).,A driver reset is not sufficient when CRC errors are rising -- treat it as a physical-layer fault and replace the transceiver and cable.,recurred,,0,0.79,0,P3,T. Novak,normal,False
INC0105303,2026-01-08 05:19:07.150637189,2026-01-08 06:29:21.369688733,E03,E03-S7,,firmware,HPE,ProLiant DL380a Gen11,ai,sec_brute_force,Recurrence of INC0105302: 44 failed BMC logins in 24 hours from one internal address,auth_failures,Repeated failed BMC logins from an internal scanner misconfigured with stale credentials.,"Block the source on the management-VLAN ACL, rotate BMC credentials, and correct the scanner configuration.",resolved,,0,1.17,4,P2,J. Alvarez,normal,False
INC0104683,2026-01-08 08:18:00.000000000,2026-01-08 09:05:01.634730216,E18,E18-S6,E18-S6-DIMM,dimm,HPE,ProLiant DL380a Gen11,ai,dimm_reseat,memory errors began right after the server was racked back in,ecc_correctable_spike,Suspected DIMM seating issue after recent chassis work; reseating reduced correctable errors only temporarily.,"Reseat the DIMM and clear the SEL -- only reasonable if the host had physical service in the last 7 days. If correctable errors resume within 48 hours, escalate straight to replacement.",recurred,,0,0.78,33,P3,J. Alvarez,normal,False
INC0104686,2026-01-08 09:28:00.000000000,2026-01-08 10:06:19.597813508,E12,E12-S1,E12-S1-FAN,fan,HPE,ProLiant DL380a Gen11,ai,fan_bmc_curve,all fans in a chassis under-spinning after a BMC update,fan_rpm_drop,"BMC fan curve misconfigured after a firmware update -- fans under-spinning, not failing.",Restore the vendor thermal profile / fan curve in BMC settings; no hardware change.,recurred,,0,0.64,2,P4,P. Reyes,normal,False
INC0104685,2026-01-08 17:41:00.000000000,2026-01-08 18:34:39.777789797,D19,D19-S1,D19-S1-PSU,psu,HPE,ProLiant DL380 Gen11,storage,psu_fw_ripple,spurious ripple warnings on several PSUs right after a BMC update,output_ripple_high,PSU firmware reporting spurious ripple warnings after a BMC update.,Update PSU firmware to the version paired with the current BMC and verify with a calibrated meter before replacing hardware.,resolved,,0,0.89,0,P4,D. Haddad,normal,False
INC0104688,2026-01-08 18:12:00.000000000,2026-01-08 18:31:30.531311673,D10,D10-S1,D10-S1-FAN,fan,HPE,ProLiant DL380 Gen11,storage,fan_bearing,fan down to 4661 RPM at the same PWM duty with vibration 5.1 mm/s,fan_rpm_drop|fan_vibration,Fan bearing wear: vibration rising and RPM falling at constant PWM duty -- precedes seizure.,Hot-swap the fan module (N+1 redundant) and verify the remaining fans ramp correctly during the swap.,resolved,FAN-HPE-DL380,1,0.33,1,P3,P. Reyes,normal,False
INC0104691,2026-01-09 07:15:00.000000000,2026-01-09 08:48:14.669662483,B07,B07-S3,B07-S3-DIMM,dimm,Lenovo,ThinkSystem SR650 V3,virtualization,dimm_replace,BMC SEL logged a rising correctable memory error rate (40/24h) on one DIMM slot,ecc_correctable_spike|ecc_uncorrectable,Failing DRAM device on the RDIMM: correctable ECC rate climbed for several days before uncorrectable errors appeared -- classic cell degradation.,"Replace the RDIMM identified by the SEL slot locator. If the host is serving a migration or DR role, live-migrate or fail over workloads first; never hot-remove memory from a running host.",resolved,MEM-DDR5-64G-4800,1,1.55,46,P2,D. Haddad,normal,False
INC0104687,2026-01-09 12:12:53.648929428,2026-01-09 12:52:52.978088409,E12,E12-S1,E12-S1-FAN,fan,HPE,ProLiant DL380a Gen11,ai,fan_bmc_curve,Recurrence of INC0104686: all fans in a chassis under-spinning after a BMC update,fan_rpm_drop,"BMC fan curve misconfigured after a firmware update -- fans under-spinning, not failing.",Restore the vendor thermal profile / fan curve in BMC settings; no hardware change.,resolved,,0,0.67,0,P4,A. Kim,normal,False
INC0104692,2026-01-09 16:20:00.000000000,2026-01-09 18:11:28.851557569,D01,D01-S7,D01-S7-DISK,disk,HPE,ProLiant DL380 Gen11,storage,disk_media_wear,predictive-failure flag: reallocated and pending sector counts rising for 4 days,reallocated_sectors|pending_sectors|smart_read_error_rate,Drive media degradation: reallocated and pending sector counts rising steadily -- the pattern that preceded hard read failures in prior incidents.,"Drain the replica / rebuild the RAID member onto a healthy drive, then hot-swap the drive. Do not wait for a hard failure if a backup or replication job is currently reading from it.",resolved,HDD-SAS-12T,1,1.86,1,P2,D. Haddad,backup_window,False
INC0104680,2026-01-09 18:56:58.828868155,2026-01-09 20:02:26.005475419,E01,E01-S3,E01-S3-NIC,nic,Lenovo,ThinkSystem SR675 V3,ai,nic_switch_port,"Recurrence of INC0104679: flaps visible on both ends, errors counted on the switch side",link_flap,Flaps originated on the switch side -- ToR switch port or optic fault.,"Compare counters on both ends, move to a spare ToR port and open a network ticket; no host hardware change needed.",resolved,,0,1.09,0,P3,T. Novak,normal,False
INC0104689,2026-01-09 20:30:00.000000000,2026-01-10 00:05:59.035592003,B04,B04-S6,B04-S6-DIMM,dimm,Lenovo,ThinkSystem SR650 V3,virtualization,dimm_ue_crash,host crashed with a machine-check exception after an uncorrectable ECC error,ecc_uncorrectable,Uncorrectable ECC error caused a host crash; module confirmed failed by vendor diagnostics.,"Replace the RDIMM immediately, run vendor memory diagnostics after replacement, and review the crash dump to rule out a CPU memory-controller fault.",recurred,MEM-DDR5-64G-4800,1,3.6,126,P1,S. Okafor,normal,True
INC0104693,2026-01-09 20:47:00.000000000,2026-01-09 22:08:07.143410315,D14,D14-S4,D14-S4-DISK,disk,Lenovo,ThinkSystem SR650 V3,storage,disk_early_latency,"I/O latency spiking to 8.2 ms with rising read error rate, no reallocations yet",smart_read_error_rate|latency_spike,Rising SMART read error rate with I/O latency spikes but no reallocated sectors yet -- an earlier-stage precursor.,"Flag the drive for proactive replacement in the next maintenance window, move latency-sensitive volumes off it, and check the reallocation count daily.",resolved,HDD-SAS-12T,1,1.35,0,P3,L. Moreau,normal,False
INC0104670,2026-01-10 04:55:50.075588273,2026-01-10 05:55:44.689845070,E15,E15-S4,E15-S4-NIC,nic,HPE,ProLiant DL380a Gen11,ai,nic_sfp,Recurrence of INC0104669: port flapping and CRC counters climbing on the host side only,link_flap|crc_errors,Link flaps with rising CRC errors isolated to the host side of one port -- degrading SFP transceiver or marginal cable.,"Replace the SFP transceiver and cable together before touching the NIC. If this NIC carries an in-progress migration, fail over to the secondary port first.",resolved,QSFP28-100G-SR4,1,1.0,3,P2,M. Chen,dr_failover,False
INC0104697,2026-01-10 06:18:00.000000000,2026-01-10 07:01:55.755166877,C14,C14-S4,C14-S4-NIC,nic,HPE,ProLiant DL380 Gen11,database,nic_driver_reset,link flaps blamed on the driver; flaps returned within a day of a driver reset,link_flap|crc_errors,Flaps attributed to a driver issue; a driver reset was applied but flaps returned within 24 hours (a physical-layer signature).,A driver reset is not sufficient when CRC errors are rising -- treat it as a physical-layer fault and replace the transceiver and cable.,recurred,,0,0.73,0,P3,N. Patel,normal,False
INC0104695,2026-01-10 07:02:00.000000000,2026-01-10 07:56:01.315207920,B11,B11-S2,B11-S2-DISK,disk,Dell,PowerEdge R760,virtualization,disk_early_latency,"I/O latency spiking to 5.1 ms with rising read error rate, no reallocations yet",smart_read_error_rate|latency_spike,Rising SMART read error rate with I/O latency spikes but no reallocated sectors yet -- an earlier-stage precursor.,"Flag the drive for proactive replacement in the next maintenance window, move latency-sensitive volumes off it, and check the reallocation count daily.",resolved,SSD-NVME-U2-3T84,1,0.9,2,P3,P. Reyes,normal,False
INC0104696,2026-01-10 12:05:00.000000000,2026-01-10 13:30:16.847708430,A01,A01-S3,A01-S3-DISK,disk,HPE,ProLiant DL380 Gen11,web,disk_media_wear,SMART reallocated sectors rose to 83 with pending sectors climbing,reallocated_sectors|pending_sectors|smart_read_error_rate,Drive media degradation: reallocated and pending sector counts rising steadily -- the pattern that preceded hard read failures in prior incidents.,"Drain the replica / rebuild the RAID member onto a healthy drive, then hot-swap the drive. Do not wait for a hard failure if a backup or replication job is currently reading from it.",resolved,SSD-NVME-U2-3T84,1,1.42,4,P2,R. Singh,normal,False
INC0104699,2026-01-10 20:09:00.000000000,2026-01-10 20:39:50.999357890,C14,C14-S2,C14-S2-FAN,fan,HPE,ProLiant DL380 Gen11,database,fan_bearing,fan down to 5501 RPM at the same PWM duty with vibration 4.1 mm/s,fan_rpm_drop|fan_vibration,Fan bearing wear: vibration rising and RPM falling at constant PWM duty -- precedes seizure.,Hot-swap the fan module (N+1 redundant) and verify the remaining fans ramp correctly during the swap.,resolved,FAN-HPE-DL380,1,0.51,4,P3,T. Novak,normal,False
INC0104694,2026-01-10 20:10:00.000000000,2026-01-10 22:50:03.683739926,A14,A14-S2,A14-S2-DIMM,dimm,Lenovo,ThinkSystem SR650 V3,web,dimm_replace,BMC SEL logged a rising correctable memory error rate (76/24h) on one DIMM slot,ecc_correctable_spike|ecc_uncorrectable,Failing DRAM device on the RDIMM: correctable ECC rate climbed for several days before uncorrectable errors appeared -- classic cell degradation.,"Replace the RDIMM identified by the SEL slot locator. If the host is serving a migration or DR role, live-migrate or fail over workloads first; never hot-remove memory from a running host.",resolved,MEM-DDR5-64G-4800,1,2.67,0,P2,K. Watanabe,normal,False
INC0104690,2026-01-10 21:59:06.184127240,2026-01-11 01:53:23.253459305,B04,B04-S6,B04-S6-DIMM,dimm,Lenovo,ThinkSystem SR650 V3,virtualization,dimm_ue_crash,Recurrence of INC0104689: uncorrectable memory error forced a kernel panic,ecc_uncorrectable,Uncorrectable ECC error caused a host crash; module confirmed failed by vendor diagnostics.,"Replace the RDIMM immediately, run vendor memory diagnostics after replacement, and review the crash dump to rule out a CPU memory-controller fault.",resolved,MEM-DDR5-64G-4800,1,3.9,86,P1,M. Chen,normal,True
INC0105304,2026-01-10 23:09:00.000000000,2026-01-11 01:39:21.204794858,A08,A08-S7,,power,Lenovo,ThinkSystem SR650 V3,web,power_breaker,A-feed lost for half the rack after a branch breaker trip,input_voltage_drop|power_loss,PDU branch breaker tripped under the combined load of newly added servers.,"Rebalance servers across PDU branches, reset the breaker after a load review, and keep every branch under 80% of rating.",recurred,,0,2.51,80,P1,M. Chen,normal,True
INC0104701,2026-01-11 06:10:00.000000000,2026-01-11 06:34:16.184619908,B15,B15-S5,B15-S5-DISK,disk,HPE,ProLiant DL380 Gen11,virtualization,disk_reseat,drive reseated after link resets; SMART read error rate kept rising,smart_read_error_rate,Drive reseated after link-reset errors; errors resumed within days.,Reseating is not a durable fix when the SMART read error rate keeps rising -- replace the drive.,recurred,,0,0.4,0,P2,T. Novak,dr_failover,False
INC0105306,2026-01-11 08:37:00.000000000,2026-01-11 09:30:51.555266467,C12,C12-S4,,firmware,Lenovo,ThinkSystem SR650 V3,database,fw_baseline,hosts drifted from the approved BIOS baseline,config_drift,"Hosts drifted from the approved BIOS baseline, causing inconsistent power/performance settings.",Re-apply the golden BIOS profile from the management server.,resolved,,0,0.9,0,P4,L. Moreau,normal,False
INC0104703,2026-01-11 13:37:00.000000000,2026-01-11 13:57:59.150368819,E16,E16-S1,E16-S1-NIC,nic,Lenovo,ThinkSystem SR675 V3,ai,nic_dac,CRC errors on a DAC link after a rack re-cable,crc_errors,Damaged DAC cable (bend-radius violation) causing CRC errors.,Replace the DAC cable and re-dress it with the correct bend radius.,resolved,CBL-DAC-25G-3M,1,0.35,5,P3,A. Kim,normal,False
INC0104700,2026-01-11 14:36:00.000000000,2026-01-11 16:16:41.921966023,A18,A18-S6,A18-S6-DIMM,dimm,Dell,PowerEdge R760,web,dimm_replace,"correctable ECC count climbed from single digits to 41 per day, then uncorrectable errors appeared",ecc_correctable_spike|ecc_uncorrectable,Failing DRAM device on the RDIMM: correctable ECC rate climbed for several days before uncorrectable errors appeared -- classic cell degradation.,"Replace the RDIMM identified by the SEL slot locator. If the host is serving a migration or DR role, live-migrate or fail over workloads first; never hot-remove memory from a running host.",resolved,MEM-DDR5-64G-4800,1,1.68,58,P2,E. Johansson,normal,False
INC0104676,2026-01-11 17:19:27.229270385,2026-01-11 19:35:59.408159571,D06,D06-S1,D06-S1-DIMM,dimm,Dell,PowerEdge R760,storage,dimm_replace,"Recurrence of INC0104675: correctable ECC count climbed from single digits to 23 per day, then uncorrectable errors appeared",ecc_correctable_spike|ecc_uncorrectable,Failing DRAM device on the RDIMM: correctable ECC rate climbed for several days before uncorrectable errors appeared -- classic cell degradation.,"Replace the RDIMM identified by the SEL slot locator. If the host is serving a migration or DR role, live-migrate or fail over workloads first; never hot-remove memory from a running host.",resolved,MEM-DDR5-64G-4800,1,2.28,74,P2,E. Johansson,normal,True
INC0104684,2026-01-11 18:07:38.808490568,2026-01-11 20:21:53.719529221,E18,E18-S6,E18-S6-DIMM,dimm,HPE,ProLiant DL380a Gen11,ai,dimm_replace,"Recurrence of INC0104683: correctable ECC count climbed from single digits to 89 per day, then uncorrectable errors appeared",ecc_correctable_spike|ecc_uncorrectable,Failing DRAM device on the RDIMM: correctable ECC rate climbed for several days before uncorrectable errors appeared -- classic cell degradation.,"Replace the RDIMM identified by the SEL slot locator. If the host is serving a migration or DR role, live-migrate or fail over workloads first; never hot-remove memory from a running host.",resolved,MEM-DDR5-64G-4800,1,2.24,89,P2,L. Moreau,normal,True
INC0104707,2026-01-12 00:54:00.000000000,2026-01-12 01:25:14.358710631,B04,B04-S6,B04-S6-PSU,psu,Lenovo,ThinkSystem SR650 V3,virtualization,psu_efficiency,PSU efficiency down to 89.8% with rising temperature,psu_efficiency_drop|psu_overtemp,PSU efficiency dropping (more heat per watt delivered) -- aging power stage.,Replace the PSU proactively; the efficiency loss adds rack heat load and precedes failure.,recurred,PSU-LNV-1100W,1,0.52,1,P3,N. Patel,normal,False
INC0104704,2026-01-12 05:10:00.000000000,2026-01-12 06:10:22.243133541,E13,E13-S8,E13-S8-DIMM,dimm,Lenovo,ThinkSystem SR675 V3,ai,dimm_ppr,ECC errors isolated to one DRAM row on slot G1,ecc_correctable_spike,Isolated single-row fault on one DRAM device; errors confined to one address range.,Schedule a reboot with Post Package Repair (PPR) enabled in BIOS to remap the faulty row; watch the correctable-error rate for 72 hours and replace the DIMM if it recurs.,resolved,,0,1.01,0,P3,M. Chen,normal,False
INC0104682,2026-01-12 08:29:31.474363829,2026-01-12 09:12:42.766416758,C02,C02-S5,C02-S5-NIC,nic,HPE,ProLiant DL380 Gen11,database,nic_sfp,Recurrence of INC0104681: 13 link flaps per day with CRC errors rising on one port,link_flap|crc_errors,Link flaps with rising CRC errors isolated to the host side of one port -- degrading SFP transceiver or marginal cable.,"Replace the SFP transceiver and cable together before touching the NIC. If this NIC carries an in-progress migration, fail over to the secondary port first.",resolved,SFP28-25G-SR,1,0.72,5,P2,E. Johansson,normal,False
INC0104705,2026-01-12 08:45:00.000000000,2026-01-12 11:06:57.845148060,C07,C07-S1,C07-S1-DISK,disk,Dell,PowerEdge R760,database,disk_media_wear,SMART reallocated sectors rose to 38 with pending sectors climbing,reallocated_sectors|pending_sectors|smart_read_error_rate,Drive media degradation: reallocated and pending sector counts rising steadily -- the pattern that preceded hard read failures in prior incidents.,"Drain the replica / rebuild the RAID member onto a healthy drive, then hot-swap the drive. Do not wait for a hard failure if a backup or replication job is currently reading from it.",resolved,SSD-NVME-U2-3T84,1,2.37,5,P2,E. Johansson,normal,False
INC0104709,2026-01-12 14:57:00.000000000,2026-01-12 15:23:40.847625150,E18,E18-S4,E18-S4-FAN,fan,HPE,ProLiant DL380a Gen11,ai,fan_dust,vibration 5.1 mm/s with a dusty intake filter,fan_vibration,Dust accumulation / imbalance causing vibration; fan otherwise healthy.,Clean the fan module and filter; replace only if vibration persists after cleaning.,recurred,,0,0.44,2,P4,J. Alvarez,normal,False
INC0104706,2026-01-12 21:04:00.000000000,2026-01-12 23:20:52.912511859,E19,E19-S3,E19-S3-DISK,disk,Lenovo,ThinkSystem SR675 V3,ai,disk_media_wear,SMART reallocated sectors rose to 44 with pending sectors climbing,reallocated_sectors|pending_sectors|smart_read_error_rate,Drive media degradation: reallocated and pending sector counts rising steadily -- the pattern that preceded hard read failures in prior incidents.,"Drain the replica / rebuild the RAID member onto a healthy drive, then hot-swap the drive. Do not wait for a hard failure if a backup or replication job is currently reading from it.",resolved,SSD-NVME-U2-3T84,1,2.28,1,P2,M. Chen,maintenance_window,False
INC0104711,2026-01-13 01:58:00.000000000,2026-01-13 04:27:29.143958161,D14,D14-S2,D14-S2-DIMM,dimm,Lenovo,ThinkSystem SR650 V3,storage,dimm_ue_crash,uncorrectable memory error forced a kernel panic,ecc_uncorrectable,Uncorrectable ECC error caused a host crash; module confirmed failed by vendor diagnostics.,"Replace the RDIMM immediately, run vendor memory diagnostics after replacement, and review the crash dump to rule out a CPU memory-controller fault.",resolved,MEM-DDR5-64G-4800,1,2.49,91,P1,T. Novak,normal,True
INC0104712,2026-01-13 08:07:00.000000000,2026-01-13 10:08:21.412619696,A11,A11-S4,A11-S4-DISK,disk,Lenovo,ThinkSystem SR650 V3,web,disk_media_wear,predictive-failure flag: reallocated and pending sector counts rising for 8 days,reallocated_sectors|pending_sectors|smart_read_error_rate,Drive media degradation: reallocated and pending sector counts rising steadily -- the pattern that preceded hard read failures in prior incidents.,"Drain the replica / rebuild the RAID member onto a healthy drive, then hot-swap the drive. Do not wait for a hard failure if a backup or replication job is currently reading from it.",resolved,SSD-NVME-U2-3T84,1,2.02,3,P2,L. Moreau,backup_window,False
INC0104713,2026-01-13 14:24:00.000000000,2026-01-13 15:05:28.464786634,A18,A18-S6,A18-S6-PSU,psu,Dell,PowerEdge R760,web,psu_fw_ripple,spurious ripple warnings on several PSUs right after a BMC update,output_ripple_high,PSU firmware reporting spurious ripple warnings after a BMC update.,Update PSU firmware to the version paired with the current BMC and verify with a calibrated meter before replacing hardware.,resolved,,0,0.69,18,P4,A. Kim,normal,False
INC0104710,2026-01-14 05:38:58.476685454,2026-01-14 06:10:18.894672943,E18,E18-S4,E18-S4-FAN,fan,HPE,ProLiant DL380a Gen11,ai,fan_bearing,Recurrence of INC0104709: vibration rising for 7 days while fan speed fell,fan_rpm_drop|fan_vibration,Fan bearing wear: vibration rising and RPM falling at constant PWM duty -- precedes seizure.,Hot-swap the fan module (N+1 redundant) and verify the remaining fans ramp correctly during the swap.,resolved,FAN-GPU-HP80,1,0.52,2,P3,N. Patel,normal,False
INC0105307,2026-01-14 10:53:00.000000000,2026-01-14 11:41:11.980584760,D04,D04-S6,,firmware,HPE,ProLiant DL380 Gen11,storage,fw_bmc_hang,telemetry gaps: BMC unresponsive to Redfish and IPMI,bmc_unresponsive,BMC firmware memory leak causing an unresponsive management controller (telemetry gaps).,"Reset the BMC (host unaffected), then roll out the fixed BMC firmware in a rolling window.",resolved,,0,0.8,2,P3,L. Moreau,normal,False
INC0104714,2026-01-14 12:21:00.000000000,2026-01-14 14:45:43.260751162,C14,C14-S3,C14-S3-NIC,nic,HPE,ProLiant DL380 Gen11,database,nic_card,packet loss of 0.91% persisted after the transceiver and cable were replaced,packet_loss|crc_errors|nic_overtemp,NIC ASIC degradation: packet loss persisted after transceiver and cable replacement; NIC temperature elevated.,Replace the NIC card in a maintenance window after failing workloads over to the redundant NIC.,recurred,NIC-OCP3-25G-DP,1,2.41,94,P2,S. Okafor,normal,True
INC0104698,2026-01-14 15:05:32.249153986,2026-01-14 15:31:39.920737222,C14,C14-S4,C14-S4-NIC,nic,HPE,ProLiant DL380 Gen11,database,nic_sfp,Recurrence of INC0104697: 34 link flaps per day with CRC errors rising on one port,link_flap|crc_errors,Link flaps with rising CRC errors isolated to the host side of one port -- degrading SFP transceiver or marginal cable.,"Replace the SFP transceiver and cable together before touching the NIC. If this NIC carries an in-progress migration, fail over to the secondary port first.",resolved,SFP28-25G-SR,1,0.44,1,P2,E. Johansson,normal,False
INC0105305,2026-01-14 19:37:23.005057015,2026-01-14 21:27:09.385388329,A08,A08-S7,,power,Lenovo,ThinkSystem SR650 V3,web,power_breaker,Recurrence of INC0105304: A-feed lost for half the rack after a branch breaker trip,input_voltage_drop|power_loss,PDU branch breaker tripped under the combined load of newly added servers.,"Rebalance servers across PDU branches, reset the breaker after a load review, and keep every branch under 80% of rating.",resolved,,0,1.83,47,P1,A. Kim,normal,False
INC0104717,2026-01-15 06:00:00.000000000,2026-01-15 07:10:10.963828530,C08,C08-S8,C08-S8-DISK,disk,HPE,ProLiant DL380 Gen11,database,disk_early_latency,read error rate creeping up and latency spikes on one drive,smart_read_error_rate|latency_spike,Rising SMART read error rate with I/O latency spikes but no reallocated sectors yet -- an earlier-stage precursor.,"Flag the drive for proactive replacement in the next maintenance window, move latency-sensitive volumes off it, and check the reallocation count daily.",resolved,SSD-NVME-U2-3T84,1,1.17,3,P3,R. Singh,normal,False
INC0104718,2026-01-15 06:37:00.000000000,2026-01-15 07:16:49.907229014,D12,D12-S6,D12-S6-PSU,psu,Dell,PowerEdge R760,storage,psu_fan,PSU fan down to 4924 RPM and PSU temperature 29.4 C,psu_fan_rpm_drop|psu_overtemp,Failing PSU fan bearing (not the power stage) raising PSU temperature.,"PSU fans are not field-serviceable on this platform -- replace the PSU proactively in the next maintenance window, before thermal shutdown.",resolved,PSU-DEL-1400W,1,0.66,0,P3,M. Chen,normal,False
INC0104719,2026-01-15 11:56:00.000000000,2026-01-15 12:34:16.430827475,D20,D20-S5,D20-S5-FAN,fan,Lenovo,ThinkSystem SR650 V3,storage,fan_double,"two fans in the same chassis degraded, remaining fans at 100%",fan_rpm_drop|fan_current_rise,"Two fans in the same chassis degraded, forcing the rest to maximum and risking thermal shutdown.",Replace both fan modules in the same visit and check chassis inlet temperature on neighbouring servers.,resolved,FAN-LNV-SR650,2,0.64,2,P2,T. Novak,normal,False
INC0104702,2026-01-15 13:26:32.159653332,2026-01-15 15:40:00.623972755,B15,B15-S5,B15-S5-DISK,disk,HPE,ProLiant DL380 Gen11,virtualization,disk_media_wear,Recurrence of INC0104701: SMART reallocated sectors rose to 81 with pending sectors climbing,reallocated_sectors|pending_sectors|smart_read_error_rate,Drive media degradation: reallocated and pending sector counts rising steadily -- the pattern that preceded hard read failures in prior incidents.,"Drain the replica / rebuild the RAID member onto a healthy drive, then hot-swap the drive. Do not wait for a hard failure if a backup or replication job is currently reading from it.",resolved,SSD-NVME-U2-3T84,1,2.22,0,P2,M. Chen,dr_failover,False
INC0104716,2026-01-15 22:44:00.000000000,2026-01-16 02:25:00.184271105,E03,E03-S7,E03-S7-DISK,disk,HPE,ProLiant DL380a Gen11,ai,disk_backplane,link-reset errors that followed the bay after the drive was moved,smart_read_error_rate|latency_spike,"Intermittent errors followed the bay, not the drive -- backplane or connector fault.","Move the drive to another bay as a test; if errors follow the bay, have the vendor replace the backplane cable/backplane.",resolved,,0,3.68,106,P2,P. Reyes,normal,True
INC0104720,2026-01-16 02:43:00.000000000,2026-01-16 03:36:01.192495918,B19,B19-S6,B19-S6-DIMM,dimm,Lenovo,ThinkSystem SR650 V3,virtualization,dimm_reseat,correctable ECC errors after recent chassis service (35/24h),ecc_correctable_spike,Suspected DIMM seating issue after recent chassis work; reseating reduced correctable errors only temporarily.,"Reseat the DIMM and clear the SEL -- only reasonable if the host had physical service in the last 7 days. If correctable errors resume within 48 hours, escalate straight to replacement.",recurred,,0,0.88,0,P3,N. Patel,normal,False
INC0104708,2026-01-16 09:35:03.117138191,2026-01-16 10:12:36.630660710,B04,B04-S6,B04-S6-PSU,psu,Lenovo,ThinkSystem SR650 V3,virtualization,psu_efficiency,Recurrence of INC0104707: PSU efficiency down to 86.1% with rising temperature,psu_efficiency_drop|psu_overtemp,PSU efficiency dropping (more heat per watt delivered) -- aging power stage.,Replace the PSU proactively; the efficiency loss adds rack heat load and precedes failure.,resolved,PSU-LNV-1100W,1,0.63,3,P3,L. Moreau,normal,False
INC0104715,2026-01-17 17:42:25.212725359,2026-01-17 19:27:51.380849738,C14,C14-S3,C14-S3-NIC,nic,HPE,ProLiant DL380 Gen11,database,nic_card,Recurrence of INC0104714: packet loss of 0.92% persisted after the transceiver and cable were replaced,packet_loss|crc_errors|nic_overtemp,NIC ASIC degradation: packet loss persisted after transceiver and cable replacement; NIC temperature elevated.,Replace the NIC card in a maintenance window after failing workloads over to the redundant NIC.,resolved,NIC-OCP3-25G-DP,1,1.76,73,P2,D. Haddad,normal,True
INC0104722,2026-01-17 18:53:00.000000000,2026-01-17 19:32:02.897119990,E17,E17-S6,E17-S6-DISK,disk,Dell,PowerEdge XE8640,ai,disk_overtemp,drive temperature 35.0 C and thermal throttling,disk_overtemp|latency_spike,"Drive overheating because a drive-cage fan failed, causing thermal throttling.",Replace the failed drive-cage fan first; drive temperature and latency normalize without replacing the drive.,resolved,FAN-GPU-HP80,1,0.65,0,P3,L. Moreau,normal,False
INC0104723,2026-01-18 18:06:00.000000000,2026-01-18 19:19:17.823382842,B06,B06-S4,B06-S4-DISK,disk,HPE,ProLiant DL380 Gen11,virtualization,disk_early_latency,"I/O latency spiking to 5.0 ms with rising read error rate, no reallocations yet",smart_read_error_rate|latency_spike,Rising SMART read error rate with I/O latency spikes but no reallocated sectors yet -- an earlier-stage precursor.,"Flag the drive for proactive replacement in the next maintenance window, move latency-sensitive volumes off it, and check the reallocation count daily.",resolved,SSD-NVME-U2-3T84,1,1.22,2,P3,E. Johansson,normal,False
INC0104725,2026-01-19 02:50:00.000000000,2026-01-19 05:01:37.264013870,B14,B14-S1,B14-S1-DISK,disk,Dell,PowerEdge R760,virtualization,disk_media_wear,SMART reallocated sectors rose to 13 with pending sectors climbing,reallocated_sectors|pending_sectors|smart_read_error_rate,Drive media degradation: reallocated and pending sector counts rising steadily -- the pattern that preceded hard read failures in prior incidents.,"Drain the replica / rebuild the RAID member onto a healthy drive, then hot-swap the drive. Do not wait for a hard failure if a backup or replication job is currently reading from it.",resolved,SSD-NVME-U2-3T84,1,2.19,1,P2,R. Singh,migration,False
INC0104724,2026-01-19 13:01:00.000000000,2026-01-19 15:51:04.276317680,A18,A18-S7,A18-S7-DIMM,dimm,Dell,PowerEdge R760,web,dimm_ue_crash,host crashed with a machine-check exception after an uncorrectable ECC error,ecc_uncorrectable,Uncorrectable ECC error caused a host crash; module confirmed failed by vendor diagnostics.,"Replace the RDIMM immediately, run vendor memory diagnostics after replacement, and review the crash dump to rule out a CPU memory-controller fault.",resolved,MEM-DDR5-64G-4800,1,2.83,0,P1,S. Okafor,normal,False
INC0104721,2026-01-19 23:37:38.331106667,2026-01-20 01:45:33.294792386,B19,B19-S6,B19-S6-DIMM,dimm,Lenovo,ThinkSystem SR650 V3,virtualization,dimm_replace,Recurrence of INC0104720: BMC SEL logged a rising correctable memory error rate (76/24h) on one DIMM slot,ecc_correctable_spike|ecc_uncorrectable,Failing DRAM device on the RDIMM: correctable ECC rate climbed for several days before uncorrectable errors appeared -- classic cell degradation.,"Replace the RDIMM identified by the SEL slot locator. If the host is serving a migration or DR role, live-migrate or fail over workloads first; never hot-remove memory from a running host.",resolved,MEM-DDR5-64G-4800,1,2.13,96,P2,R. Singh,normal,True
INC0104726,2026-01-20 08:48:00.000000000,2026-01-20 09:52:36.114475874,C15,C15-S7,C15-S7-PSU,psu,Lenovo,ThinkSystem SR650 V3,database,psu_capacitor,PSU G3 showed ripple climbing past spec for 7 days,input_voltage_drop|output_ripple_high,"Input sag with rising output ripple on one PSU of a redundant pair -- capacitor degradation, typically 2-3 weeks before a hard trip.","Confirm the partner PSU is healthy, then hot-swap the degrading unit. In a backup window, first verify the remaining PSU can carry the backup job's peak draw.",resolved,PSU-LNV-1100W,1,1.08,5,P2,T. Novak,normal,False
INC0104727,2026-01-21 08:45:00.000000000,2026-01-21 09:32:38.455295075,D15,D15-S4,D15-S4-PSU,psu,Dell,PowerEdge R760,storage,psu_efficiency,PSU efficiency down to 89.0% with rising temperature,psu_efficiency_drop|psu_overtemp,PSU efficiency dropping (more heat per watt delivered) -- aging power stage.,Replace the PSU proactively; the efficiency loss adds rack heat load and precedes failure.,resolved,PSU-DEL-1400W,1,0.79,0,P3,M. Chen,normal,False
INC0104728,2026-01-21 08:55:00.000000000,2026-01-21 11:17:33.056908249,D01,D01-S7,D01-S7-NIC,nic,HPE,ProLiant DL380 Gen11,storage,nic_card,packet loss of 1.13% persisted after the transceiver and cable were replaced,packet_loss|crc_errors|nic_overtemp,NIC ASIC degradation: packet loss persisted after transceiver and cable replacement; NIC temperature elevated.,Replace the NIC card in a maintenance window after failing workloads over to the redundant NIC.,resolved,NIC-OCP3-25G-DP,1,2.38,47,P2,T. Novak,normal,False
INC0105308,2026-01-21 21:24:00.000000000,2026-01-21 22:28:53.528374273,A07,A07-S6,,thermal,HPE,ProLiant DL380 Gen11,web,thermal_blanking,"inlet 32.0 C on top-of-rack servers, hot-air recirculation through empty U spaces",inlet_overtemp|hot_air_recirculation,Missing blanking panels allowed hot-aisle air to recirculate into server inlets.,Install blanking panels in every empty U position and confirm inlet temperatures drop within the hour.,resolved,,0,1.08,1,P3,P. Reyes,normal,False
INC0104731,2026-01-22 01:09:00.000000000,2026-01-22 01:47:06.733049505,B14,B14-S3,B14-S3-PSU,psu,Dell,PowerEdge R760,virtualization,psu_fan,PSU fan down to 4633 RPM and PSU temperature 34.4 C,psu_fan_rpm_drop|psu_overtemp,Failing PSU fan bearing (not the power stage) raising PSU temperature.,"PSU fans are not field-serviceable on this platform -- replace the PSU proactively in the next maintenance window, before thermal shutdown.",resolved,PSU-DEL-1400W,1,0.64,2,P3,R. Singh,backup_window,False
INC0104732,2026-01-22 01:10:00.000000000,2026-01-22 02:08:10.457280725,E01,E01-S5,E01-S5-NIC,nic,Lenovo,ThinkSystem SR675 V3,ai,nic_sfp,port flapping and CRC counters climbing on the host side only,link_flap|crc_errors,Link flaps with rising CRC errors isolated to the host side of one port -- degrading SFP transceiver or marginal cable.,"Replace the SFP transceiver and cable together before touching the NIC. If this NIC carries an in-progress migration, fail over to the secondary port first.",resolved,QSFP28-100G-SR4,1,0.97,2,P2,J. Alvarez,normal,False
INC0104733,2026-01-22 09:34:00.000000000,2026-01-22 09:52:12.954739934,A19,A19-S8,A19-S8-FAN,fan,HPE,ProLiant DL380 Gen11,web,fan_current,fan motor current up to 1.45 A to hold speed,fan_current_rise|fan_rpm_drop,Motor current rising to hold RPM -- winding or bearing degradation.,Replace the fan module proactively; the current rise precedes failure by days.,resolved,FAN-HPE-DL380,1,0.3,4,P3,J. Alvarez,normal,False
INC0104729,2026-01-22 22:52:00.000000000,2026-01-23 00:08:46.841533955,A03,A03-S7,A03-S7-DISK,disk,Dell,PowerEdge R760,web,disk_media_wear,SMART reallocated sectors rose to 60 with pending sectors climbing,reallocated_sectors|pending_sectors|smart_read_error_rate,Drive media degradation: reallocated and pending sector counts rising steadily -- the pattern that preceded hard read failures in prior incidents.,"Drain the replica / rebuild the RAID member onto a healthy drive, then hot-swap the drive. Do not wait for a hard failure if a backup or replication job is currently reading from it.",resolved,SSD-NVME-U2-3T84,1,1.28,1,P2,T. Novak,normal,False
INC0104730,2026-01-22 23:16:00.000000000,2026-01-22 23:52:53.898935658,D19,D19-S2,D19-S2-PSU,psu,HPE,ProLiant DL380 Gen11,storage,psu_capacitor,input voltage sagging to 202.4 V with output ripple at 69 mV on one PSU,input_voltage_drop|output_ripple_high,"Input sag with rising output ripple on one PSU of a redundant pair -- capacitor degradation, typically 2-3 weeks before a hard trip.","Confirm the partner PSU is healthy, then hot-swap the degrading unit. In a backup window, first verify the remaining PSU can carry the backup job's peak draw.",resolved,PSU-HPE-1600W,1,0.61,4,P2,K. Watanabe,normal,False
INC0104734,2026-01-23 16:03:00.000000000,2026-01-23 16:39:59.218500881,A05,A05-S2,A05-S2-PSU,psu,Lenovo,ThinkSystem SR650 V3,web,psu_fan,PSU fan down to 6412 RPM and PSU temperature 29.2 C,psu_fan_rpm_drop|psu_overtemp,Failing PSU fan bearing (not the power stage) raising PSU temperature.,"PSU fans are not field-serviceable on this platform -- replace the PSU proactively in the next maintenance window, before thermal shutdown.",resolved,PSU-LNV-1100W,1,0.62,2,P3,J. Alvarez,maintenance_window,False
INC0104737,2026-01-24 11:00:00.000000000,2026-01-24 13:06:45.272194278,C03,C03-S5,C03-S5-DISK,disk,Lenovo,ThinkSystem SR650 V3,database,disk_media_wear,predictive-failure flag: reallocated and pending sector counts rising for 8 days,reallocated_sectors|pending_sectors|smart_read_error_rate,Drive media degradation: reallocated and pending sector counts rising steadily -- the pattern that preceded hard read failures in prior incidents.,"Drain the replica / rebuild the RAID member onto a healthy drive, then hot-swap the drive. Do not wait for a hard failure if a backup or replication job is currently reading from it.",resolved,SSD-NVME-U2-3T84,1,2.11,0,P2,J. Alvarez,normal,False
INC0104738,2026-01-24 16:16:00.000000000,2026-01-24 16:53:55.191347270,E04,E04-S4,E04-S4-NIC,nic,Lenovo,ThinkSystem SR675 V3,ai,nic_dac,CRC errors on a DAC link after a rack re-cable,crc_errors,Damaged DAC cable (bend-radius violation) causing CRC errors.,Replace the DAC cable and re-dress it with the correct bend radius.,resolved,CBL-DAC-25G-3M,1,0.63,3,P3,A. Kim,normal,False
INC0104736,2026-01-24 23:30:00.000000000,2026-01-25 01:17:54.861637339,B17,B17-S7,B17-S7-DISK,disk,Dell,PowerEdge R760,virtualization,disk_media_wear,predictive-failure flag: reallocated and pending sector counts rising for 2 days,reallocated_sectors|pending_sectors|smart_read_error_rate,Drive media degradation: reallocated and pending sector counts rising steadily -- the pattern that preceded hard read failures in prior incidents.,"Drain the replica / rebuild the RAID member onto a healthy drive, then hot-swap the drive. Do not wait for a hard failure if a backup or replication job is currently reading from it.",resolved,SSD-NVME-U2-3T84,1,1.8,2,P2,N. Patel,normal,False
INC0104735,2026-01-24 23:32:00.000000000,2026-01-25 01:12:01.318221759,E03,E03-S3,E03-S3-DISK,disk,HPE,ProLiant DL380a Gen11,ai,disk_media_wear,predictive-failure flag: reallocated and pending sector counts rising for 4 days,reallocated_sectors|pending_sectors|smart_read_error_rate,Drive media degradation: reallocated and pending sector counts rising steadily -- the pattern that preceded hard read failures in prior incidents.,"Drain the replica / rebuild the RAID member onto a healthy drive, then hot-swap the drive. Do not wait for a hard failure if a backup or replication job is currently reading from it.",resolved,SSD-NVME-U2-3T84,1,1.67,4,P2,T. Novak,normal,False
INC0104739,2026-01-25 03:37:00.000000000,2026-01-25 04:21:55.359989583,E11,E11-S4,E11-S4-DIMM,dimm,Dell,PowerEdge XE8640,ai,dimm_fw_false_pos,fleet-wide jump in reported correctable ECC after firmware rollout,ecc_correctable_spike,BIOS/BMC firmware bug over-reporting correctable errors (vendor advisory) -- no actual DRAM degradation.,Apply the vendor BIOS/BMC update that corrects correctable-error logging; confirm counts normalize before swapping any hardware.,recurred,,0,0.75,14,P4,D. Haddad,normal,False
INC0104742,2026-01-25 04:45:00.000000000,2026-01-25 05:04:29.563697610,A13,A13-S7,A13-S7-FAN,fan,HPE,ProLiant DL380 Gen11,web,fan_bmc_curve,all fans in a chassis under-spinning after a BMC update,fan_rpm_drop,"BMC fan curve misconfigured after a firmware update -- fans under-spinning, not failing.",Restore the vendor thermal profile / fan curve in BMC settings; no hardware change.,resolved,,0,0.32,2,P4,P. Reyes,normal,False
INC0104741,2026-01-25 20:10:00.000000000,2026-01-25 21:47:20.881656853,B10,B10-S7,B10-S7-PSU,psu,Lenovo,ThinkSystem SR650 V3,virtualization,psu_pdu_feed,both PSUs on the same feed reported low input voltage (201.8 V),input_voltage_drop,"Voltage sag traced to the upstream PDU outlet/whip, not the PSU (both PSUs on that feed showed it).",Move the PSU cord to a healthy outlet on the correct A/B feed and open a facilities ticket for the PDU circuit -- do not replace the PSU.,resolved,,0,1.62,0,P2,R. Singh,normal,False
INC0105309,2026-01-26 06:02:00.000000000,2026-01-26 06:47:47.954971809,D05,D05-S4,,thermal,Lenovo,ThinkSystem SR650 V3,storage,thermal_blanking,"inlet 36.0 C on top-of-rack servers, hot-air recirculation through empty U spaces",inlet_overtemp|hot_air_recirculation,Missing blanking panels allowed hot-aisle air to recirculate into server inlets.,Install blanking panels in every empty U position and confirm inlet temperatures drop within the hour.,resolved,,0,0.76,4,P3,A. Kim,normal,False
INC0104745,2026-01-26 08:19:00.000000000,2026-01-26 09:00:28.119084868,D09,D09-S6,D09-S6-DISK,disk,Dell,PowerEdge R760,storage,disk_overtemp,drive temperature 29.1 C and thermal throttling,disk_overtemp|latency_spike,"Drive overheating because a drive-cage fan failed, causing thermal throttling.",Replace the failed drive-cage fan first; drive temperature and latency normalize without replacing the drive.,resolved,FAN-DEL-R760,1,0.69,4,P3,S. Okafor,normal,False
INC0104746,2026-01-26 09:45:00.000000000,2026-01-26 10:46:15.969101821,C16,C16-S7,C16-S7-PSU,psu,Dell,PowerEdge R760,database,psu_capacitor,input voltage sagging to 199.2 V with output ripple at 69 mV on one PSU,input_voltage_drop|output_ripple_high,"Input sag with rising output ripple on one PSU of a redundant pair -- capacitor degradation, typically 2-3 weeks before a hard trip.","Confirm the partner PSU is healthy, then hot-swap the degrading unit. In a backup window, first verify the remaining PSU can carry the backup job's peak draw.",resolved,PSU-DEL-1400W,1,1.02,4,P2,S. Okafor,normal,False
INC0104747,2026-01-26 11:15:00.000000000,2026-01-26 11:39:08.045326383,E15,E15-S6,E15-S6-FAN,fan,HPE,ProLiant DL380a Gen11,ai,fan_bearing,vibration rising for 6 days while fan speed fell,fan_rpm_drop|fan_vibration,Fan bearing wear: vibration rising and RPM falling at constant PWM duty -- precedes seizure.,Hot-swap the fan module (N+1 redundant) and verify the remaining fans ramp correctly during the swap.,resolved,FAN-GPU-HP80,1,0.4,0,P3,J. Alvarez,normal,False
INC0104744,2026-01-26 20:38:00.000000000,2026-01-26 23:14:27.038843177,C20,C20-S8,C20-S8-DIMM,dimm,HPE,ProLiant DL380 Gen11,database,dimm_replace,BMC SEL logged a rising correctable memory error rate (73/24h) on one DIMM slot,ecc_correctable_spike|ecc_uncorrectable,Failing DRAM device on the RDIMM: correctable ECC rate climbed for several days before uncorrectable errors appeared -- classic cell degradation.,"Replace the RDIMM identified by the SEL slot locator. If the host is serving a migration or DR role, live-migrate or fail over workloads first; never hot-remove memory from a running host.",resolved,MEM-DDR5-64G-4800,1,2.61,0,P2,D. Haddad,normal,False
INC0104743,2026-01-26 21:48:00.000000000,2026-01-27 00:16:49.531424002,E03,E03-S8,E03-S8-DIMM,dimm,HPE,ProLiant DL380a Gen11,ai,dimm_replace,memory error rate on slot C3 kept increasing over 3 days,ecc_correctable_spike|ecc_uncorrectable,Failing DRAM device on the RDIMM: correctable ECC rate climbed for several days before uncorrectable errors appeared -- classic cell degradation.,"Replace the RDIMM identified by the SEL slot locator. If the host is serving a migration or DR role, live-migrate or fail over workloads first; never hot-remove memory from a running host.",resolved,MEM-DDR5-64G-4800,1,2.48,108,P2,L. Moreau,normal,True
INC0104740,2026-01-27 09:14:58.429347884,2026-01-27 10:12:32.107188100,E11,E11-S4,E11-S4-DIMM,dimm,Dell,PowerEdge XE8640,ai,dimm_fw_false_pos,Recurrence of INC0104739: correctable error spikes on many hosts at once after a BMC update,ecc_correctable_spike,BIOS/BMC firmware bug over-reporting correctable errors (vendor advisory) -- no actual DRAM degradation.,Apply the vendor BIOS/BMC update that corrects correctable-error logging; confirm counts normalize before swapping any hardware.,resolved,,0,0.96,0,P4,S. Okafor,normal,False
INC0104748,2026-01-27 10:16:00.000000000,2026-01-27 10:33:46.460190432,E06,E06-S1,E06-S1-FAN,fan,HPE,ProLiant DL380a Gen11,ai,fan_bearing,vibration rising for 6 days while fan speed fell,fan_rpm_drop|fan_vibration,Fan bearing wear: vibration rising and RPM falling at constant PWM duty -- precedes seizure.,Hot-swap the fan module (N+1 redundant) and verify the remaining fans ramp correctly during the swap.,resolved,FAN-GPU-HP80,1,0.3,1,P3,L. Moreau,normal,False
INC0104749,2026-01-28 05:09:00.000000000,2026-01-28 05:50:28.988869476,A12,A12-S5,A12-S5-PSU,psu,Dell,PowerEdge R760,web,psu_efficiency,PSU efficiency down to 89.0% with rising temperature,psu_efficiency_drop|psu_overtemp,PSU efficiency dropping (more heat per watt delivered) -- aging power stage.,Replace the PSU proactively; the efficiency loss adds rack heat load and precedes failure.,resolved,PSU-DEL-1400W,1,0.69,0,P3,N. Patel,backup_window,False
INC0104752,2026-01-28 18:03:00.000000000,2026-01-28 18:35:12.551517924,B02,B02-S6,B02-S6-FAN,fan,Dell,PowerEdge R760,virtualization,fan_double,"two fans in the same chassis degraded, remaining fans at 100%",fan_rpm_drop|fan_current_rise,"Two fans in the same chassis degraded, forcing the rest to maximum and risking thermal shutdown.",Replace both fan modules in the same visit and check chassis inlet temperature on neighbouring servers.,resolved,FAN-DEL-R760,2,0.54,0,P2,A. Kim,backup_window,False
INC0104750,2026-01-28 20:33:00.000000000,2026-01-28 21:39:50.732890324,D18,D18-S3,D18-S3-NIC,nic,Dell,PowerEdge R760,storage,nic_fw_drops,packet drops under high RSS load on one NIC model,packet_loss,NIC firmware bug dropping packets under high RSS load.,Update NIC firmware and driver to the fixed release in a rolling window.,recurred,,0,1.11,0,P3,N. Patel,normal,False
INC0104753,2026-01-29 03:46:00.000000000,2026-01-29 04:14:27.532407613,E01,E01-S5,E01-S5-NIC,nic,Lenovo,ThinkSystem SR675 V3,ai,nic_sfp,29 link flaps per day with CRC errors rising on one port,link_flap|crc_errors,Link flaps with rising CRC errors isolated to the host side of one port -- degrading SFP transceiver or marginal cable.,"Replace the SFP transceiver and cable together before touching the NIC. If this NIC carries an in-progress migration, fail over to the secondary port first.",resolved,QSFP28-100G-SR4,1,0.47,2,P2,D. Haddad,normal,False
INC0104754,2026-01-29 22:22:00.000000000,2026-01-29 22:54:45.062422233,D15,D15-S1,D15-S1-FAN,fan,Dell,PowerEdge R760,storage,fan_bearing,fan down to 6075 RPM at the same PWM duty with vibration 6.2 mm/s,fan_rpm_drop|fan_vibration,Fan bearing wear: vibration rising and RPM falling at constant PWM duty -- precedes seizure.,Hot-swap the fan module (N+1 redundant) and verify the remaining fans ramp correctly during the swap.,resolved,FAN-DEL-R760,1,0.55,5,P3,M. Chen,normal,False
INC0104755,2026-01-29 23:18:00.000000000,2026-01-30 00:07:00.617097150,C18,C18-S3,C18-S3-FAN,fan,Lenovo,ThinkSystem SR650 V3,database,fan_double,"two fans in the same chassis degraded, remaining fans at 100%",fan_rpm_drop|fan_current_rise,"Two fans in the same chassis degraded, forcing the rest to maximum and risking thermal shutdown.",Replace both fan modules in the same visit and check chassis inlet temperature on neighbouring servers.,resolved,FAN-LNV-SR650,2,0.82,4,P2,S. Okafor,normal,False
INC0104756,2026-01-30 17:55:00.000000000,2026-01-30 20:08:36.829510080,A12,A12-S5,A12-S5-DISK,disk,Dell,PowerEdge R760,web,disk_media_wear,SMART reallocated sectors rose to 80 with pending sectors climbing,reallocated_sectors|pending_sectors|smart_read_error_rate,Drive media degradation: reallocated and pending sector counts rising steadily -- the pattern that preceded hard read failures in prior incidents.,"Drain the replica / rebuild the RAID member onto a healthy drive, then hot-swap the drive. Do not wait for a hard failure if a backup or replication job is currently reading from it.",resolved,SSD-NVME-U2-3T84,1,2.23,4,P2,S. Okafor,normal,False
INC0104757,2026-01-30 21:42:00.000000000,2026-01-30 22:04:26.489716801,E19,E19-S6,E19-S6-NIC,nic,Lenovo,ThinkSystem SR675 V3,ai,nic_sfp,port flapping and CRC counters climbing on the host side only,link_flap|crc_errors,Link flaps with rising CRC errors isolated to the host side of one port -- degrading SFP transceiver or marginal cable.,"Replace the SFP transceiver and cable together before touching the NIC. If this NIC carries an in-progress migration, fail over to the secondary port first.",resolved,QSFP28-100G-SR4,1,0.37,2,P2,D. Haddad,dr_failover,False
INC0105310,2026-01-30 23:52:00.000000000,2026-01-31 00:17:57.224425294,A17,A17-S1,,thermal,Lenovo,ThinkSystem SR650 V3,web,thermal_containment,hot-aisle containment door propped open during maintenance,inlet_overtemp,Hot-aisle containment door left open during maintenance.,Close/repair the containment door and add a door-open alarm to the BMS.,resolved,,0,0.43,2,P2,N. Patel,migration,False
INC0104759,2026-01-31 02:36:00.000000000,2026-01-31 03:37:44.988713207,D16,D16-S1,D16-S1-DISK,disk,HPE,ProLiant DL380 Gen11,storage,disk_media_wear,predictive-failure flag: reallocated and pending sector counts rising for 7 days,reallocated_sectors|pending_sectors|smart_read_error_rate,Drive media degradation: reallocated and pending sector counts rising steadily -- the pattern that preceded hard read failures in prior incidents.,"Drain the replica / rebuild the RAID member onto a healthy drive, then hot-swap the drive. Do not wait for a hard failure if a backup or replication job is currently reading from it.",resolved,HDD-SAS-12T,1,1.03,4,P2,S. Okafor,normal,False
INC0104758,2026-01-31 08:38:00.000000000,2026-01-31 11:27:05.118994377,B14,B14-S4,B14-S4-DIMM,dimm,Dell,PowerEdge R760,virtualization,dimm_replace,memory error rate on slot H8 kept increasing over 7 days,ecc_correctable_spike|ecc_uncorrectable,Failing DRAM device on the RDIMM: correctable ECC rate climbed for several days before uncorrectable errors appeared -- classic cell degradation.,"Replace the RDIMM identified by the SEL slot locator. If the host is serving a migration or DR role, live-migrate or fail over workloads first; never hot-remove memory from a running host.",resolved,MEM-DDR5-64G-4800,1,2.82,129,P2,J. Alvarez,normal,True
INC0105311,2026-01-31 14:18:00.000000000,2026-01-31 15:00:15.385516427,C08,C08-S8,,firmware,HPE,ProLiant DL380 Gen11,database,fw_baseline,hosts drifted from the approved BIOS baseline,config_drift,"Hosts drifted from the approved BIOS baseline, causing inconsistent power/performance settings.",Re-apply the golden BIOS profile from the management server.,resolved,,0,0.7,5,P4,A. Kim,normal,False
INC0104761,2026-02-01 06:28:00.000000000,2026-02-01 06:56:01.815846787,E15,E15-S5,E15-S5-FAN,fan,HPE,ProLiant DL380a Gen11,ai,fan_bearing,fan down to 5442 RPM at the same PWM duty with vibration 6.1 mm/s,fan_rpm_drop|fan_vibration,Fan bearing wear: vibration rising and RPM falling at constant PWM duty -- precedes seizure.,Hot-swap the fan module (N+1 redundant) and verify the remaining fans ramp correctly during the swap.,resolved,FAN-GPU-HP80,1,0.47,1,P3,D. Haddad,normal,False
INC0104762,2026-02-01 19:59:00.000000000,2026-02-01 20:35:49.316897146,E06,E06-S4,E06-S4-FAN,fan,HPE,ProLiant DL380a Gen11,ai,fan_dust,vibration 5.5 mm/s with a dusty intake filter,fan_vibration,Dust accumulation / imbalance causing vibration; fan otherwise healthy.,Clean the fan module and filter; replace only if vibration persists after cleaning.,resolved,,0,0.61,4,P4,M. Chen,normal,False
INC0104751,2026-02-01 21:37:47.891225491,2026-02-01 22:56:09.984482299,D18,D18-S3,D18-S3-NIC,nic,Dell,PowerEdge R760,storage,nic_fw_drops,Recurrence of INC0104750: packet drops under high RSS load on one NIC model,packet_loss,NIC firmware bug dropping packets under high RSS load.,Update NIC firmware and driver to the fixed release in a rolling window.,resolved,,0,1.31,0,P3,S. Okafor,normal,False
INC0104760,2026-02-01 23:27:00.000000000,2026-02-02 01:16:07.425354138,D15,D15-S3,D15-S3-DIMM,dimm,Dell,PowerEdge R760,storage,dimm_replace,BMC SEL logged a rising correctable memory error rate (14/24h) on one DIMM slot,ecc_correctable_spike|ecc_uncorrectable,Failing DRAM device on the RDIMM: correctable ECC rate climbed for several days before uncorrectable errors appeared -- classic cell degradation.,"Replace the RDIMM identified by the SEL slot locator. If the host is serving a migration or DR role, live-migrate or fail over workloads first; never hot-remove memory from a running host.",resolved,MEM-DDR5-64G-4800,1,1.82,0,P2,A. Kim,normal,False
INC0104764,2026-02-02 00:19:00.000000000,2026-02-02 01:48:09.056220937,E03,E03-S2,E03-S2-DISK,disk,HPE,ProLiant DL380a Gen11,ai,disk_early_latency,"I/O latency spiking to 4.5 ms with rising read error rate, no reallocations yet",smart_read_error_rate|latency_spike,Rising SMART read error rate with I/O latency spikes but no reallocated sectors yet -- an earlier-stage precursor.,"Flag the drive for proactive replacement in the next maintenance window, move latency-sensitive volumes off it, and check the reallocation count daily.",resolved,SSD-NVME-U2-3T84,1,1.49,4,P2,S. Okafor,dr_failover,False
INC0104766,2026-02-02 07:07:00.000000000,2026-02-02 07:27:28.243556267,C03,C03-S3,C03-S3-FAN,fan,Lenovo,ThinkSystem SR650 V3,database,fan_bearing,vibration rising for 9 days while fan speed fell,fan_rpm_drop|fan_vibration,Fan bearing wear: vibration rising and RPM falling at constant PWM duty -- precedes seizure.,Hot-swap the fan module (N+1 redundant) and verify the remaining fans ramp correctly during the swap.,resolved,FAN-LNV-SR650,1,0.34,5,P2,A. Kim,dr_failover,False
INC0104763,2026-02-02 12:00:00.000000000,2026-02-02 14:56:21.976199807,E12,E12-S2,E12-S2-DIMM,dimm,HPE,ProLiant DL380a Gen11,ai,dimm_replace,memory error rate on slot B2 kept increasing over 6 days,ecc_correctable_spike|ecc_uncorrectable,Failing DRAM device on the RDIMM: correctable ECC rate climbed for several days before uncorrectable errors appeared -- classic cell degradation.,"Replace the RDIMM identified by the SEL slot locator. If the host is serving a migration or DR role, live-migrate or fail over workloads first; never hot-remove memory from a running host.",resolved,MEM-DDR5-64G-4800,1,2.94,86,P2,S. Okafor,normal,True
INC0104765,2026-02-02 12:35:00.000000000,2026-02-02 13:29:03.980128189,A14,A14-S1,A14-S1-PSU,psu,Lenovo,ThinkSystem SR650 V3,web,psu_efficiency,PSU efficiency down to 87.9% with rising temperature,psu_efficiency_drop|psu_overtemp,PSU efficiency dropping (more heat per watt delivered) -- aging power stage.,Replace the PSU proactively; the efficiency loss adds rack heat load and precedes failure.,resolved,PSU-LNV-1100W,1,0.9,5,P3,L. Moreau,normal,False
INC0104767,2026-02-03 21:38:00.000000000,2026-02-03 22:31:50.029931708,D05,D05-S1,D05-S1-DISK,disk,Lenovo,ThinkSystem SR650 V3,storage,disk_early_latency,"I/O latency spiking to 8.5 ms with rising read error rate, no reallocations yet",smart_read_error_rate|latency_spike,Rising SMART read error rate with I/O latency spikes but no reallocated sectors yet -- an earlier-stage precursor.,"Flag the drive for proactive replacement in the next maintenance window, move latency-sensitive volumes off it, and check the reallocation count daily.",resolved,HDD-SAS-12T,1,0.9,1,P3,E. Johansson,normal,False
INC0104768,2026-02-04 03:39:00.000000000,2026-02-04 06:16:39.533708694,B14,B14-S3,B14-S3-DIMM,dimm,Dell,PowerEdge R760,virtualization,dimm_replace,"correctable ECC count climbed from single digits to 27 per day, then uncorrectable errors appeared",ecc_correctable_spike|ecc_uncorrectable,Failing DRAM device on the RDIMM: correctable ECC rate climbed for several days before uncorrectable errors appeared -- classic cell degradation.,"Replace the RDIMM identified by the SEL slot locator. If the host is serving a migration or DR role, live-migrate or fail over workloads first; never hot-remove memory from a running host.",resolved,MEM-DDR5-64G-4800,1,2.63,104,P2,M. Chen,maintenance_window,True
INC0104769,2026-02-04 08:16:00.000000000,2026-02-04 09:28:07.706911331,C17,C17-S5,C17-S5-DISK,disk,HPE,ProLiant DL380 Gen11,database,disk_fw_stall,periodic 30-second I/O stalls on drives of the same model,latency_spike,Drive firmware bug causing periodic latency stalls (vendor advisory) -- media healthy.,Update drive firmware in a rolling fashion; replacement is unnecessary while SMART media counters stay clean.,resolved,,0,1.2,56,P3,D. Haddad,normal,False
INC0104770,2026-02-04 10:48:00.000000000,2026-02-04 11:42:53.897834447,B05,B05-S6,B05-S6-NIC,nic,Dell,PowerEdge R760,virtualization,nic_fw_drops,packet drops under high RSS load on one NIC model,packet_loss,NIC firmware bug dropping packets under high RSS load.,Update NIC firmware and driver to the fixed release in a rolling window.,resolved,,0,0.91,0,P3,K. Watanabe,normal,False
INC0104774,2026-02-05 03:30:00.000000000,2026-02-05 03:51:11.193811045,B02,B02-S4,B02-S4-FAN,fan,Dell,PowerEdge R760,virtualization,fan_bearing,vibration rising for 9 days while fan speed fell,fan_rpm_drop|fan_vibration,Fan bearing wear: vibration rising and RPM falling at constant PWM duty -- precedes seizure.,Hot-swap the fan module (N+1 redundant) and verify the remaining fans ramp correctly during the swap.,resolved,FAN-DEL-R760,1,0.35,4,P3,R. Singh,normal,False
INC0104776,2026-02-05 03:54:00.000000000,2026-02-05 04:29:18.522566345,C05,C05-S6,C05-S6-FAN,fan,HPE,ProLiant DL380 Gen11,database,fan_dust,vibration 3.7 mm/s with a dusty intake filter,fan_vibration,Dust accumulation / imbalance causing vibration; fan otherwise healthy.,Clean the fan module and filter; replace only if vibration persists after cleaning.,recurred,,0,0.59,5,P4,J. Alvarez,normal,False
INC0104771,2026-02-05 06:25:00.000000000,2026-02-05 07:54:59.408134878,D16,D16-S6,D16-S6-DIMM,dimm,HPE,ProLiant DL380 Gen11,storage,dimm_ppr,ECC errors isolated to one DRAM row on slot E2,ecc_correctable_spike,Isolated single-row fault on one DRAM device; errors confined to one address range.,Schedule a reboot with Post Package Repair (PPR) enabled in BIOS to remap the faulty row; watch the correctable-error rate for 72 hours and replace the DIMM if it recurs.,recurred,,0,1.5,39,P3,L. Moreau,normal,False
INC0104779,2026-02-05 06:28:00.000000000,2026-02-05 06:46:45.727894739,A18,A18-S7,A18-S7-FAN,fan,Dell,PowerEdge R760,web,fan_bearing,vibration rising for 5 days while fan speed fell,fan_rpm_drop|fan_vibration,Fan bearing wear: vibration rising and RPM falling at constant PWM duty -- precedes seizure.,Hot-swap the fan module (N+1 redundant) and verify the remaining fans ramp correctly during the swap.,resolved,FAN-DEL-R760,1,0.31,2,P3,S. Okafor,backup_window,False
INC0105312,2026-02-05 07:44:00.000000000,2026-02-05 15:00:12.466083710,E01,E01-S1,,thermal,Lenovo,ThinkSystem SR675 V3,ai,thermal_crac,inlet temperatures up to 35.1 C across 5 adjacent racks in one cooling zone,inlet_overtemp|hot_spot,CRAC unit compressor degradation reduced cooling capacity for its zone; inlet temperatures rose across adjacent racks.,"Open a facilities work order for the CRAC unit, temporarily raise neighbouring CRAC output, and add perforated tiles in the affected cold aisle.",resolved,,0,7.27,5,P2,L. Moreau,normal,False
INC0104778,2026-02-05 09:03:00.000000000,2026-02-05 09:27:47.016405786,E06,E06-S5,E06-S5-FAN,fan,HPE,ProLiant DL380a Gen11,ai,fan_connector,intermittent tach dropouts on one fan,fan_rpm_drop,Intermittent RPM dropouts traced to a loose fan connector.,Reseat the fan module connector and confirm stable tach readings.,resolved,,0,0.41,2,P4,T. Novak,normal,False
INC0104773,2026-02-05 12:02:00.000000000,2026-02-05 12:48:57.046305329,A07,A07-S8,A07-S8-PSU,psu,HPE,ProLiant DL380 Gen11,web,psu_capacitor,input voltage sagging to 199.1 V with output ripple at 58 mV on one PSU,input_voltage_drop|output_ripple_high,"Input sag with rising output ripple on one PSU of a redundant pair -- capacitor degradation, typically 2-3 weeks before a hard trip.","Confirm the partner PSU is healthy, then hot-swap the degrading unit. In a backup window, first verify the remaining PSU can carry the backup job's peak draw.",resolved,PSU-HPE-1600W,1,0.78,5,P2,S. Okafor,normal,False
INC0104775,2026-02-05 18:49:00.000000000,2026-02-05 19:17:35.949498216,D10,D10-S6,D10-S6-FAN,fan,HPE,ProLiant DL380 Gen11,storage,fan_current,fan motor current up to 1.58 A to hold speed,fan_current_rise|fan_rpm_drop,Motor current rising to hold RPM -- winding or bearing degradation.,Replace the fan module proactively; the current rise precedes failure by days.,resolved,FAN-HPE-DL380,1,0.48,5,P3,P. Reyes,normal,False
INC0104780,2026-02-06 10:58:00.000000000,2026-02-06 13:22:04.684667622,D09,D09-S2,D09-S2-DIMM,dimm,Dell,PowerEdge R760,storage,dimm_ue_crash,uncorrectable memory error forced a kernel panic,ecc_uncorrectable,Uncorrectable ECC error caused a host crash; module confirmed failed by vendor diagnostics.,"Replace the RDIMM immediately, run vendor memory diagnostics after replacement, and review the crash dump to rule out a CPU memory-controller fault.",resolved,MEM-DDR5-64G-4800,1,2.4,0,P1,K. Watanabe,migration,False
INC0104781,2026-02-06 14:47:00.000000000,2026-02-06 15:10:56.313393352,C15,C15-S1,C15-S1-FAN,fan,Lenovo,ThinkSystem SR650 V3,database,fan_bearing,fan down to 5225 RPM at the same PWM duty with vibration 5.2 mm/s,fan_rpm_drop|fan_vibration,Fan bearing wear: vibration rising and RPM falling at constant PWM duty -- precedes seizure.,Hot-swap the fan module (N+1 redundant) and verify the remaining fans ramp correctly during the swap.,resolved,FAN-LNV-SR650,1,0.4,5,P3,L. Moreau,normal,False
INC0104785,2026-02-07 03:04:00.000000000,2026-02-07 04:59:15.575210733,A08,A08-S4,A08-S4-DISK,disk,Lenovo,ThinkSystem SR650 V3,web,disk_hdd_head,HDD pending sectors at 50 and retry-driven latency of 11.2 ms,pending_sectors|latency_spike,HDD head degradation causing pending sectors and retry-driven latency.,"Mark the HDD failed in the storage array, let the pool rebuild to a hot spare, then replace the drive.",resolved,SSD-NVME-U2-3T84,1,1.92,1,P2,S. Okafor,normal,False
INC0104782,2026-02-07 03:28:00.000000000,2026-02-07 05:54:25.501396966,C07,C07-S8,C07-S8-DIMM,dimm,Dell,PowerEdge R760,database,dimm_replace,"correctable ECC count climbed from single digits to 85 per day, then uncorrectable errors appeared",ecc_correctable_spike|ecc_uncorrectable,Failing DRAM device on the RDIMM: correctable ECC rate climbed for several days before uncorrectable errors appeared -- classic cell degradation.,"Replace the RDIMM identified by the SEL slot locator. If the host is serving a migration or DR role, live-migrate or fail over workloads first; never hot-remove memory from a running host.",resolved,MEM-DDR5-64G-4800,1,2.44,76,P2,A. Kim,maintenance_window,True
INC0104787,2026-02-07 04:55:00.000000000,2026-02-07 05:24:56.935131470,A04,A04-S5,A04-S5-FAN,fan,HPE,ProLiant DL380 Gen11,web,fan_current,fan motor current up to 1.42 A to hold speed,fan_current_rise|fan_rpm_drop,Motor current rising to hold RPM -- winding or bearing degradation.,Replace the fan module proactively; the current rise precedes failure by days.,recurred,FAN-HPE-DL380,1,0.5,5,P3,R. Singh,normal,False
INC0104786,2026-02-07 06:11:00.000000000,2026-02-07 07:41:36.625398912,C13,C13-S7,C13-S7-DISK,disk,Dell,PowerEdge R760,database,disk_media_wear,predictive-failure flag: reallocated and pending sector counts rising for 9 days,reallocated_sectors|pending_sectors|smart_read_error_rate,Drive media degradation: reallocated and pending sector counts rising steadily -- the pattern that preceded hard read failures in prior incidents.,"Drain the replica / rebuild the RAID member onto a healthy drive, then hot-swap the drive. Do not wait for a hard failure if a backup or replication job is currently reading from it.",resolved,SSD-NVME-U2-3T84,1,1.51,1,P2,L. Moreau,normal,False
INC0104784,2026-02-07 12:25:00.000000000,2026-02-07 13:46:22.399400891,C17,C17-S6,C17-S6-DISK,disk,HPE,ProLiant DL380 Gen11,database,disk_early_latency,read error rate creeping up and latency spikes on one drive,smart_read_error_rate|latency_spike,Rising SMART read error rate with I/O latency spikes but no reallocated sectors yet -- an earlier-stage precursor.,"Flag the drive for proactive replacement in the next maintenance window, move latency-sensitive volumes off it, and check the reallocation count daily.",resolved,SSD-NVME-U2-3T84,1,1.36,2,P3,R. Singh,maintenance_window,False
INC0104783,2026-02-07 21:43:00.000000000,2026-02-07 22:42:55.391236675,E19,E19-S5,E19-S5-DISK,disk,Lenovo,ThinkSystem SR675 V3,ai,disk_overtemp,drive temperature 29.8 C and thermal throttling,disk_overtemp|latency_spike,"Drive overheating because a drive-cage fan failed, causing thermal throttling.",Replace the failed drive-cage fan first; drive temperature and latency normalize without replacing the drive.,resolved,FAN-GPU-HP80,1,1.0,5,P3,L. Moreau,normal,False
INC0104789,2026-02-08 04:07:00.000000000,2026-02-08 05:14:49.841817726,B10,B10-S1,B10-S1-DIMM,dimm,Lenovo,ThinkSystem SR650 V3,virtualization,dimm_ppr,ECC errors isolated to one DRAM row on slot E1,ecc_correctable_spike,Isolated single-row fault on one DRAM device; errors confined to one address range.,Schedule a reboot with Post Package Repair (PPR) enabled in BIOS to remap the faulty row; watch the correctable-error rate for 72 hours and replace the DIMM if it recurs.,resolved,,0,1.13,24,P3,A. Kim,normal,False
INC0105313,2026-02-08 05:06:00.000000000,2026-02-08 07:22:23.752343628,B19,B19-S1,,power,Lenovo,ThinkSystem SR650 V3,virtualization,power_breaker,A-feed lost for half the rack after a branch breaker trip,input_voltage_drop|power_loss,PDU branch breaker tripped under the combined load of newly added servers.,"Rebalance servers across PDU branches, reset the breaker after a load review, and keep every branch under 80% of rating.",recurred,,0,2.27,100,P1,A. Kim,normal,True
INC0104788,2026-02-08 06:02:50.479666067,2026-02-08 06:20:36.272776432,A04,A04-S5,A04-S5-FAN,fan,HPE,ProLiant DL380 Gen11,web,fan_current,Recurrence of INC0104787: fan motor current up to 1.59 A to hold speed,fan_current_rise|fan_rpm_drop,Motor current rising to hold RPM -- winding or bearing degradation.,Replace the fan module proactively; the current rise precedes failure by days.,resolved,FAN-HPE-DL380,1,0.3,4,P3,D. Haddad,normal,False
INC0104792,2026-02-08 09:28:00.000000000,2026-02-08 09:59:34.782628310,E04,E04-S4,E04-S4-FAN,fan,Lenovo,ThinkSystem SR675 V3,ai,fan_bearing,vibration rising for 9 days while fan speed fell,fan_rpm_drop|fan_vibration,Fan bearing wear: vibration rising and RPM falling at constant PWM duty -- precedes seizure.,Hot-swap the fan module (N+1 redundant) and verify the remaining fans ramp correctly during the swap.,resolved,FAN-GPU-HP80,1,0.53,3,P3,N. Patel,normal,False
INC0104791,2026-02-08 19:41:00.000000000,2026-02-08 19:53:32.543402541,A05,A05-S6,A05-S6-FAN,fan,Lenovo,ThinkSystem SR650 V3,web,fan_bearing,vibration rising for 3 days while fan speed fell,fan_rpm_drop|fan_vibration,Fan bearing wear: vibration rising and RPM falling at constant PWM duty -- precedes seizure.,Hot-swap the fan module (N+1 redundant) and verify the remaining fans ramp correctly during the swap.,resolved,FAN-LNV-SR650,1,0.21,5,P3,L. Moreau,normal,False
INC0104777,2026-02-08 21:38:40.289896587,2026-02-08 22:00:25.377670494,C05,C05-S6,C05-S6-FAN,fan,HPE,ProLiant DL380 Gen11,database,fan_bearing,Recurrence of INC0104776: fan down to 4141 RPM at the same PWM duty with vibration 3.5 mm/s,fan_rpm_drop|fan_vibration,Fan bearing wear: vibration rising and RPM falling at constant PWM duty -- precedes seizure.,Hot-swap the fan module (N+1 redundant) and verify the remaining fans ramp correctly during the swap.,resolved,FAN-HPE-DL380,1,0.36,3,P3,S. Okafor,normal,False
INC0104790,2026-02-08 23:13:00.000000000,2026-02-09 00:37:25.480089009,E09,E09-S3,E09-S3-NIC,nic,HPE,ProLiant DL380a Gen11,ai,nic_switch_port,"flaps visible on both ends, errors counted on the switch side",link_flap,Flaps originated on the switch side -- ToR switch port or optic fault.,"Compare counters on both ends, move to a spare ToR port and open a network ticket; no host hardware change needed.",resolved,,0,1.41,32,P3,A. Kim,normal,False
INC0104804,2026-02-09 00:48:00.000000000,2026-02-09 01:47:28.595872022,B14,B14-S1,B14-S1-NIC,nic,Dell,PowerEdge R760,virtualization,nic_sfp,port flapping and CRC counters climbing on the host side only,link_flap|crc_errors,Link flaps with rising CRC errors isolated to the host side of one port -- degrading SFP transceiver or marginal cable.,"Replace the SFP transceiver and cable together before touching the NIC. If this NIC carries an in-progress migration, fail over to the secondary port first.",resolved,SFP28-25G-SR,1,0.99,1,P2,M. Chen,normal,False
INC0104802,2026-02-09 01:15:00.000000000,2026-02-09 02:21:14.518119822,B14,B14-S4,B14-S4-PSU,psu,Dell,PowerEdge R760,virtualization,psu_capacitor,input voltage sagging to 200.5 V with output ripple at 66 mV on one PSU,input_voltage_drop|output_ripple_high,"Input sag with rising output ripple on one PSU of a redundant pair -- capacitor degradation, typically 2-3 weeks before a hard trip.","Confirm the partner PSU is healthy, then hot-swap the degrading unit. In a backup window, first verify the remaining PSU can carry the backup job's peak draw.",resolved,PSU-DEL-1400W,1,1.1,1,P2,S. Okafor,normal,False
INC0104801,2026-02-09 03:11:00.000000000,2026-02-09 03:45:16.372037488,A04,A04-S6,A04-S6-PSU,psu,HPE,ProLiant DL380 Gen11,web,psu_efficiency,PSU efficiency down to 86.8% with rising temperature,psu_efficiency_drop|psu_overtemp,PSU efficiency dropping (more heat per watt delivered) -- aging power stage.,Replace the PSU proactively; the efficiency loss adds rack heat load and precedes failure.,resolved,PSU-HPE-1600W,1,0.57,0,P3,P. Reyes,normal,False
INC0104808,2026-02-09 09:07:00.000000000,2026-02-09 09:25:19.048015140,B08,B08-S8,B08-S8-FAN,fan,Dell,PowerEdge R760,virtualization,fan_current,fan motor current up to 1.49 A to hold speed,fan_current_rise|fan_rpm_drop,Motor current rising to hold RPM -- winding or bearing degradation.,Replace the fan module proactively; the current rise precedes failure by days.,resolved,FAN-DEL-R760,1,0.31,5,P3,N. Patel,normal,False
INC0104795,2026-02-09 13:30:00.000000000,2026-02-09 14:35:09.376434016,C17,C17-S5,C17-S5-DIMM,dimm,HPE,ProLiant DL380 Gen11,database,dimm_ppr,ECC errors isolated to one DRAM row on slot C4,ecc_correctable_spike,Isolated single-row fault on one DRAM device; errors confined to one address range.,Schedule a reboot with Post Package Repair (PPR) enabled in BIOS to remap the faulty row; watch the correctable-error rate for 72 hours and replace the DIMM if it recurs.,resolved,,0,1.09,28,P3,A. Kim,normal,False
INC0104772,2026-02-09 14:37:24.845832394,2026-02-09 17:35:30.091388102,D16,D16-S6,D16-S6-DIMM,dimm,HPE,ProLiant DL380 Gen11,storage,dimm_replace,Recurrence of INC0104771: BMC SEL logged a rising correctable memory error rate (41/24h) on one DIMM slot,ecc_correctable_spike|ecc_uncorrectable,Failing DRAM device on the RDIMM: correctable ECC rate climbed for several days before uncorrectable errors appeared -- classic cell degradation.,"Replace the RDIMM identified by the SEL slot locator. If the host is serving a migration or DR role, live-migrate or fail over workloads first; never hot-remove memory from a running host.",resolved,MEM-DDR5-64G-4800,1,2.97,0,P2,A. Kim,normal,False
INC0104798,2026-02-09 14:41:00.000000000,2026-02-09 15:25:02.931363992,E04,E04-S8,E04-S8-PSU,psu,Lenovo,ThinkSystem SR675 V3,ai,psu_fan,PSU fan down to 4725 RPM and PSU temperature 33.7 C,psu_fan_rpm_drop|psu_overtemp,Failing PSU fan bearing (not the power stage) raising PSU temperature.,"PSU fans are not field-serviceable on this platform -- replace the PSU proactively in the next maintenance window, before thermal shutdown.",resolved,PSU-GPU-2800W,1,0.73,4,P3,R. Singh,normal,False
INC0104793,2026-02-09 14:51:00.000000000,2026-02-09 15:26:56.121897588,A20,A20-S2,A20-S2-DIMM,dimm,Lenovo,ThinkSystem SR650 V3,web,dimm_reseat,memory errors began right after the server was racked back in,ecc_correctable_spike,Suspected DIMM seating issue after recent chassis work; reseating reduced correctable errors only temporarily.,"Reseat the DIMM and clear the SEL -- only reasonable if the host had physical service in the last 7 days. If correctable errors resume within 48 hours, escalate straight to replacement.",recurred,,0,0.6,16,P2,A. Kim,dr_failover,False
INC0104803,2026-02-09 18:18:00.000000000,2026-02-09 19:04:01.325945997,E01,E01-S1,E01-S1-NIC,nic,Lenovo,ThinkSystem SR675 V3,ai,nic_driver_reset,link flaps blamed on the driver; flaps returned within a day of a driver reset,link_flap|crc_errors,Flaps attributed to a driver issue; a driver reset was applied but flaps returned within 24 hours (a physical-layer signature).,A driver reset is not sufficient when CRC errors are rising -- treat it as a physical-layer fault and replace the transceiver and cable.,resolved,,0,0.77,0,P3,J. Alvarez,normal,False
INC0104800,2026-02-09 18:30:00.000000000,2026-02-09 19:24:38.492822049,C14,C14-S8,C14-S8-PSU,psu,HPE,ProLiant DL380 Gen11,database,psu_efficiency,PSU efficiency down to 86.3% with rising temperature,psu_efficiency_drop|psu_overtemp,PSU efficiency dropping (more heat per watt delivered) -- aging power stage.,Replace the PSU proactively; the efficiency loss adds rack heat load and precedes failure.,resolved,PSU-HPE-1600W,1,0.91,3,P3,T. Novak,normal,False
INC0104806,2026-02-09 19:44:00.000000000,2026-02-09 20:12:52.152343318,D18,D18-S8,D18-S8-FAN,fan,Dell,PowerEdge R760,storage,fan_bearing,vibration rising for 4 days while fan speed fell,fan_rpm_drop|fan_vibration,Fan bearing wear: vibration rising and RPM falling at constant PWM duty -- precedes seizure.,Hot-swap the fan module (N+1 redundant) and verify the remaining fans ramp correctly during the swap.,resolved,FAN-DEL-R760,1,0.48,1,P3,J. Alvarez,normal,False
INC0104797,2026-02-09 20:29:00.000000000,2026-02-09 22:28:23.587762195,E17,E17-S1,E17-S1-DISK,disk,Dell,PowerEdge XE8640,ai,disk_media_wear,predictive-failure flag: reallocated and pending sector counts rising for 9 days,reallocated_sectors|pending_sectors|smart_read_error_rate,Drive media degradation: reallocated and pending sector counts rising steadily -- the pattern that preceded hard read failures in prior incidents.,"Drain the replica / rebuild the RAID member onto a healthy drive, then hot-swap the drive. Do not wait for a hard failure if a backup or replication job is currently reading from it.",resolved,SSD-NVME-U2-3T84,1,1.99,2,P2,L. Moreau,normal,False
INC0104805,2026-02-09 21:13:00.000000000,2026-02-09 21:46:51.814212908,E16,E16-S7,E16-S7-NIC,nic,Lenovo,ThinkSystem SR675 V3,ai,nic_sfp,port flapping and CRC counters climbing on the host side only,link_flap|crc_errors,Link flaps with rising CRC errors isolated to the host side of one port -- degrading SFP transceiver or marginal cable.,"Replace the SFP transceiver and cable together before touching the NIC. If this NIC carries an in-progress migration, fail over to the secondary port first.",resolved,QSFP28-100G-SR4,1,0.56,0,P2,R. Singh,dr_failover,False
INC0104796,2026-02-09 21:24:00.000000000,2026-02-09 22:37:59.663195385,C04,C04-S7,C04-S7-DISK,disk,Dell,PowerEdge R760,database,disk_media_wear,SMART reallocated sectors rose to 65 with pending sectors climbing,reallocated_sectors|pending_sectors|smart_read_error_rate,Drive media degradation: reallocated and pending sector counts rising steadily -- the pattern that preceded hard read failures in prior incidents.,"Drain the replica / rebuild the RAID member onto a healthy drive, then hot-swap the drive. Do not wait for a hard failure if a backup or replication job is currently reading from it.",resolved,SSD-NVME-U2-3T84,1,1.23,0,P2,N. Patel,normal,False
INC0104799,2026-02-09 23:11:00.000000000,2026-02-09 23:47:14.757672308,E16,E16-S8,E16-S8-PSU,psu,Lenovo,ThinkSystem SR675 V3,ai,psu_fan,PSU fan down to 5957 RPM and PSU temperature 31.9 C,psu_fan_rpm_drop|psu_overtemp,Failing PSU fan bearing (not the power stage) raising PSU temperature.,"PSU fans are not field-serviceable on this platform -- replace the PSU proactively in the next maintenance window, before thermal shutdown.",resolved,PSU-GPU-2800W,1,0.6,0,P3,S. Okafor,maintenance_window,False
INC0104807,2026-02-09 23:51:00.000000000,2026-02-10 00:26:21.377462899,C01,C01-S6,C01-S6-FAN,fan,Dell,PowerEdge R760,database,fan_bearing,fan down to 5695 RPM at the same PWM duty with vibration 4.1 mm/s,fan_rpm_drop|fan_vibration,Fan bearing wear: vibration rising and RPM falling at constant PWM duty -- precedes seizure.,Hot-swap the fan module (N+1 redundant) and verify the remaining fans ramp correctly during the swap.,resolved,FAN-DEL-R760,1,0.59,2,P3,J. Alvarez,normal,False
INC0104811,2026-02-10 15:19:00.000000000,2026-02-10 16:05:08.104606992,D07,D07-S6,D07-S6-NIC,nic,HPE,ProLiant DL380 Gen11,storage,nic_airflow,NIC temperature 35.3 C behind a dense cable bundle,nic_overtemp|packet_loss,NIC overheating because airflow is blocked behind a rear cable bundle.,Re-dress rear cabling to clear the NIC airflow path and verify the temperature drops.,resolved,,0,0.77,29,P3,M. Chen,normal,False
INC0104809,2026-02-10 20:13:00.000000000,2026-02-10 20:51:16.898301549,D06,D06-S6,D06-S6-DISK,disk,Dell,PowerEdge R760,storage,disk_overtemp,drive temperature 33.7 C and thermal throttling,disk_overtemp|latency_spike,"Drive overheating because a drive-cage fan failed, causing thermal throttling.",Replace the failed drive-cage fan first; drive temperature and latency normalize without replacing the drive.,recurred,FAN-DEL-R760,1,0.64,1,P3,P. Reyes,backup_window,False
INC0104812,2026-02-11 10:32:00.000000000,2026-02-11 11:22:15.681010473,B11,B11-S2,B11-S2-DIMM,dimm,Dell,PowerEdge R760,virtualization,dimm_fw_false_pos,correctable error spikes on many hosts at once after a BMC update,ecc_correctable_spike,BIOS/BMC firmware bug over-reporting correctable errors (vendor advisory) -- no actual DRAM degradation.,Apply the vendor BIOS/BMC update that corrects correctable-error logging; confirm counts normalize before swapping any hardware.,resolved,,0,0.84,0,P4,S. Okafor,normal,False
INC0104814,2026-02-11 11:04:00.000000000,2026-02-11 11:28:55.485623406,D14,D14-S1,D14-S1-FAN,fan,Lenovo,ThinkSystem SR650 V3,storage,fan_bmc_curve,all fans in a chassis under-spinning after a BMC update,fan_rpm_drop,"BMC fan curve misconfigured after a firmware update -- fans under-spinning, not failing.",Restore the vendor thermal profile / fan curve in BMC settings; no hardware change.,resolved,,0,0.42,0,P4,N. Patel,normal,False
INC0104815,2026-02-11 13:02:00.000000000,2026-02-11 13:14:55.222928864,D06,D06-S8,D06-S8-FAN,fan,Dell,PowerEdge R760,storage,fan_current,fan motor current up to 1.27 A to hold speed,fan_current_rise|fan_rpm_drop,Motor current rising to hold RPM -- winding or bearing degradation.,Replace the fan module proactively; the current rise precedes failure by days.,resolved,FAN-DEL-R760,1,0.22,4,P3,K. Watanabe,normal,False
INC0104816,2026-02-11 14:47:00.000000000,2026-02-11 15:19:11.735215996,C05,C05-S3,C05-S3-FAN,fan,HPE,ProLiant DL380 Gen11,database,fan_bearing,fan down to 4655 RPM at the same PWM duty with vibration 4.7 mm/s,fan_rpm_drop|fan_vibration,Fan bearing wear: vibration rising and RPM falling at constant PWM duty -- precedes seizure.,Hot-swap the fan module (N+1 redundant) and verify the remaining fans ramp correctly during the swap.,resolved,FAN-HPE-DL380,1,0.54,0,P3,D. Haddad,normal,False
INC0104813,2026-02-11 17:05:00.000000000,2026-02-11 18:14:00.300980694,D02,D02-S5,D02-S5-NIC,nic,Lenovo,ThinkSystem SR650 V3,storage,nic_fw_drops,packet drops under high RSS load on one NIC model,packet_loss,NIC firmware bug dropping packets under high RSS load.,Update NIC firmware and driver to the fixed release in a rolling window.,resolved,,0,1.15,34,P3,N. Patel,normal,False
INC0104817,2026-02-12 01:34:00.000000000,2026-02-12 02:10:24.107420936,D05,D05-S4,D05-S4-PSU,psu,Lenovo,ThinkSystem SR650 V3,storage,psu_capacitor,input voltage sagging to 202.7 V with output ripple at 45 mV on one PSU,input_voltage_drop|output_ripple_high,"Input sag with rising output ripple on one PSU of a redundant pair -- capacitor degradation, typically 2-3 weeks before a hard trip.","Confirm the partner PSU is healthy, then hot-swap the degrading unit. In a backup window, first verify the remaining PSU can carry the backup job's peak draw.",resolved,PSU-LNV-1100W,1,0.61,3,P2,T. Novak,normal,False
INC0105314,2026-02-13 00:02:23.829229464,2026-02-13 02:42:16.270428537,B19,B19-S1,,power,Lenovo,ThinkSystem SR650 V3,virtualization,power_breaker,Recurrence of INC0105313: A-feed lost for half the rack after a branch breaker trip,input_voltage_drop|power_loss,PDU branch breaker tripped under the combined load of newly added servers.,"Rebalance servers across PDU branches, reset the breaker after a load review, and keep every branch under 80% of rating.",resolved,,0,2.66,165,P1,D. Haddad,normal,True
INC0104818,2026-02-13 15:15:00.000000000,2026-02-13 15:33:57.079740866,C12,C12-S1,C12-S1-FAN,fan,Lenovo,ThinkSystem SR650 V3,database,fan_bearing,fan down to 3538 RPM at the same PWM duty with vibration 4.7 mm/s,fan_rpm_drop|fan_vibration,Fan bearing wear: vibration rising and RPM falling at constant PWM duty -- precedes seizure.,Hot-swap the fan module (N+1 redundant) and verify the remaining fans ramp correctly during the swap.,resolved,FAN-LNV-SR650,1,0.32,5,P3,N. Patel,normal,False
INC0105315,2026-02-13 17:47:00.000000000,2026-02-13 18:32:26.965620557,B05,B05-S2,,power,Dell,PowerEdge R760,virtualization,power_cap,CPU throttling across a rack during the nightly backup window,cpu_throttle,Rack power capping triggered CPU throttling during the backup window.,Adjust the power-cap policy and stagger backup jobs across racks.,recurred,,0,0.76,26,P3,N. Patel,normal,False
INC0105317,2026-02-14 02:32:00.000000000,2026-02-14 05:10:03.852352345,E14,E14-S7,,thermal,Dell,PowerEdge XE8640,ai,thermal_tiles,high-density racks starved of cold air after new GPU servers were installed,inlet_overtemp|hot_spot,Perforated tile layout not matched to rack load after high-density servers were added.,Rebalance perforated tiles and add high-flow grates in front of high-density racks.,resolved,,0,2.63,5,P3,P. Reyes,normal,False
INC0104819,2026-02-14 06:25:00.000000000,2026-02-14 08:22:43.809518431,E08,E08-S7,E08-S7-DISK,disk,Dell,PowerEdge XE8640,ai,disk_hdd_head,HDD pending sectors at 84 and retry-driven latency of 6.1 ms,pending_sectors|latency_spike,HDD head degradation causing pending sectors and retry-driven latency.,"Mark the HDD failed in the storage array, let the pool rebuild to a hot spare, then replace the drive.",resolved,SSD-NVME-U2-3T84,1,1.96,0,P2,S. Okafor,normal,False
INC0104794,2026-02-14 09:07:57.920308952,2026-02-14 11:33:28.528730895,A20,A20-S2,A20-S2-DIMM,dimm,Lenovo,ThinkSystem SR650 V3,web,dimm_replace,Recurrence of INC0104793: memory error rate on slot A8 kept increasing over 9 days,ecc_correctable_spike|ecc_uncorrectable,Failing DRAM device on the RDIMM: correctable ECC rate climbed for several days before uncorrectable errors appeared -- classic cell degradation.,"Replace the RDIMM identified by the SEL slot locator. If the host is serving a migration or DR role, live-migrate or fail over workloads first; never hot-remove memory from a running host.",resolved,MEM-DDR5-64G-4800,1,2.43,107,P2,M. Chen,dr_failover,True
INC0104820,2026-02-14 15:10:00.000000000,2026-02-14 15:54:47.990056670,D16,D16-S1,D16-S1-DISK,disk,HPE,ProLiant DL380 Gen11,storage,disk_overtemp,drive temperature 34.2 C and thermal throttling,disk_overtemp|latency_spike,"Drive overheating because a drive-cage fan failed, causing thermal throttling.",Replace the failed drive-cage fan first; drive temperature and latency normalize without replacing the drive.,recurred,FAN-HPE-DL380,1,0.75,1,P3,L. Moreau,normal,False
INC0104810,2026-02-15 05:45:38.071890551,2026-02-15 06:23:36.379884598,D06,D06-S6,D06-S6-DISK,disk,Dell,PowerEdge R760,storage,disk_overtemp,Recurrence of INC0104809: drive temperature 33.9 C and thermal throttling,disk_overtemp|latency_spike,"Drive overheating because a drive-cage fan failed, causing thermal throttling.",Replace the failed drive-cage fan first; drive temperature and latency normalize without replacing the drive.,resolved,FAN-DEL-R760,1,0.63,2,P3,L. Moreau,backup_window,False
INC0104823,2026-02-15 06:23:00.000000000,2026-02-15 07:06:47.162950804,B01,B01-S5,B01-S5-PSU,psu,Lenovo,ThinkSystem SR650 V3,virtualization,psu_efficiency,PSU efficiency down to 86.5% with rising temperature,psu_efficiency_drop|psu_overtemp,PSU efficiency dropping (more heat per watt delivered) -- aging power stage.,Replace the PSU proactively; the efficiency loss adds rack heat load and precedes failure.,resolved,PSU-LNV-1100W,1,0.73,5,P3,J. Alvarez,normal,False
INC0104822,2026-02-15 09:54:00.000000000,2026-02-15 12:20:00.232160535,A09,A09-S6,A09-S6-DISK,disk,Dell,PowerEdge R760,web,disk_media_wear,predictive-failure flag: reallocated and pending sector counts rising for 8 days,reallocated_sectors|pending_sectors|smart_read_error_rate,Drive media degradation: reallocated and pending sector counts rising steadily -- the pattern that preceded hard read failures in prior incidents.,"Drain the replica / rebuild the RAID member onto a healthy drive, then hot-swap the drive. Do not wait for a hard failure if a backup or replication job is currently reading from it.",resolved,SSD-NVME-U2-3T84,1,2.43,1,P2,E. Johansson,normal,False
INC0104824,2026-02-15 10:17:00.000000000,2026-02-15 11:20:54.023836856,B07,B07-S8,B07-S8-NIC,nic,Lenovo,ThinkSystem SR650 V3,virtualization,nic_card,packet loss of 1.31% persisted after the transceiver and cable were replaced,packet_loss|crc_errors|nic_overtemp,NIC ASIC degradation: packet loss persisted after transceiver and cable replacement; NIC temperature elevated.,Replace the NIC card in a maintenance window after failing workloads over to the redundant NIC.,resolved,NIC-OCP3-25G-DP,1,1.07,0,P2,P. Reyes,dr_failover,False
INC0104825,2026-02-16 14:17:00.000000000,2026-02-16 16:29:12.982372484,E07,E07-S7,E07-S7-DIMM,dimm,Lenovo,ThinkSystem SR675 V3,ai,dimm_ue_crash,uncorrectable memory error forced a kernel panic,ecc_uncorrectable,Uncorrectable ECC error caused a host crash; module confirmed failed by vendor diagnostics.,"Replace the RDIMM immediately, run vendor memory diagnostics after replacement, and review the crash dump to rule out a CPU memory-controller fault.",resolved,MEM-DDR5-64G-4800,1,2.2,0,P1,D. Haddad,normal,False
INC0104826,2026-02-16 23:02:00.000000000,2026-02-16 23:29:04.549897144,D20,D20-S1,D20-S1-FAN,fan,Lenovo,ThinkSystem SR650 V3,storage,fan_bearing,fan down to 4428 RPM at the same PWM duty with vibration 5.8 mm/s,fan_rpm_drop|fan_vibration,Fan bearing wear: vibration rising and RPM falling at constant PWM duty -- precedes seizure.,Hot-swap the fan module (N+1 redundant) and verify the remaining fans ramp correctly during the swap.,recurred,FAN-LNV-SR650,1,0.45,4,P3,D. Haddad,normal,False
INC0105316,2026-02-16 23:16:58.635895139,2026-02-17 00:28:47.342298895,B05,B05-S2,,power,Dell,PowerEdge R760,virtualization,power_cap,Recurrence of INC0105315: CPU throttling across a rack during the nightly backup window,cpu_throttle,Rack power capping triggered CPU throttling during the backup window.,Adjust the power-cap policy and stagger backup jobs across racks.,resolved,,0,1.2,23,P3,A. Kim,normal,False
INC0104829,2026-02-17 15:02:00.000000000,2026-02-17 15:43:28.147914689,C19,C19-S5,C19-S5-NIC,nic,Dell,PowerEdge R760,database,nic_dac,CRC errors on a DAC link after a rack re-cable,crc_errors,Damaged DAC cable (bend-radius violation) causing CRC errors.,Replace the DAC cable and re-dress it with the correct bend radius.,resolved,CBL-DAC-25G-3M,1,0.69,2,P3,L. Moreau,normal,False
INC0104828,2026-02-17 17:40:00.000000000,2026-02-17 19:56:37.591057964,A13,A13-S2,A13-S2-DIMM,dimm,HPE,ProLiant DL380 Gen11,web,dimm_replace,BMC SEL logged a rising correctable memory error rate (69/24h) on one DIMM slot,ecc_correctable_spike|ecc_uncorrectable,Failing DRAM device on the RDIMM: correctable ECC rate climbed for several days before uncorrectable errors appeared -- classic cell degradation.,"Replace the RDIMM identified by the SEL slot locator. If the host is serving a migration or DR role, live-migrate or fail over workloads first; never hot-remove memory from a running host.",resolved,MEM-DDR5-64G-4800,1,2.28,41,P2,J. Alvarez,backup_window,False
INC0105318,2026-02-17 18:22:00.000000000,2026-02-17 19:00:32.700735927,A18,A18-S1,,cabling,Dell,PowerEdge R760,web,cable_strain,CRC errors on several ports after a rack reshuffle,crc_errors,Cable bundle strain after a rack reshuffle damaged DAC cables.,Re-dress the cabling and replace the damaged DAC cables.,resolved,CBL-DAC-25G-3M,2,0.64,3,P3,S. Okafor,normal,False
INC0105319,2026-02-18 13:14:00.000000000,2026-02-18 14:10:46.154415690,A20,A20-S2,,cabling,Lenovo,ThinkSystem SR650 V3,web,cable_strain,CRC errors on several ports after a rack reshuffle,crc_errors,Cable bundle strain after a rack reshuffle damaged DAC cables.,Re-dress the cabling and replace the damaged DAC cables.,resolved,CBL-DAC-25G-3M,2,0.95,0,P3,N. Patel,normal,False
INC0104834,2026-02-18 15:12:00.000000000,2026-02-18 15:41:19.754794039,D01,D01-S4,D01-S4-FAN,fan,HPE,ProLiant DL380 Gen11,storage,fan_dust,vibration 6.0 mm/s with a dusty intake filter,fan_vibration,Dust accumulation / imbalance causing vibration; fan otherwise healthy.,Clean the fan module and filter; replace only if vibration persists after cleaning.,resolved,,0,0.49,3,P4,P. Reyes,normal,False
INC0104831,2026-02-18 16:29:00.000000000,2026-02-18 17:40:04.535944864,E08,E08-S2,E08-S2-PSU,psu,Dell,PowerEdge XE8640,ai,psu_capacitor,PSU E5 showed ripple climbing past spec for 7 days,input_voltage_drop|output_ripple_high,"Input sag with rising output ripple on one PSU of a redundant pair -- capacitor degradation, typically 2-3 weeks before a hard trip.","Confirm the partner PSU is healthy, then hot-swap the degrading unit. In a backup window, first verify the remaining PSU can carry the backup job's peak draw.",recurred,PSU-GPU-2800W,1,1.18,4,P2,S. Okafor,normal,False
INC0104830,2026-02-18 19:33:00.000000000,2026-02-18 20:53:57.153380766,B15,B15-S6,B15-S6-DISK,disk,HPE,ProLiant DL380 Gen11,virtualization,disk_early_latency,"I/O latency spiking to 13.1 ms with rising read error rate, no reallocations yet",smart_read_error_rate|latency_spike,Rising SMART read error rate with I/O latency spikes but no reallocated sectors yet -- an earlier-stage precursor.,"Flag the drive for proactive replacement in the next maintenance window, move latency-sensitive volumes off it, and check the reallocation count daily.",resolved,SSD-NVME-U2-3T84,1,1.35,3,P3,E. Johansson,normal,False
INC0104833,2026-02-18 21:34:00.000000000,2026-02-18 22:21:18.210179710,D05,D05-S7,D05-S7-PSU,psu,Lenovo,ThinkSystem SR650 V3,storage,psu_capacitor,input voltage sagging to 200.2 V with output ripple at 46 mV on one PSU,input_voltage_drop|output_ripple_high,"Input sag with rising output ripple on one PSU of a redundant pair -- capacitor degradation, typically 2-3 weeks before a hard trip.","Confirm the partner PSU is healthy, then hot-swap the degrading unit. In a backup window, first verify the remaining PSU can carry the backup job's peak draw.",resolved,PSU-LNV-1100W,1,0.79,3,P2,D. Haddad,normal,False
INC0104821,2026-02-19 04:20:07.602190207,2026-02-19 04:51:45.249263763,D16,D16-S1,D16-S1-DISK,disk,HPE,ProLiant DL380 Gen11,storage,disk_overtemp,Recurrence of INC0104820: drive temperature 33.2 C and thermal throttling,disk_overtemp|latency_spike,"Drive overheating because a drive-cage fan failed, causing thermal throttling.",Replace the failed drive-cage fan first; drive temperature and latency normalize without replacing the drive.,resolved,FAN-HPE-DL380,1,0.53,1,P3,R. Singh,normal,False
INC0105320,2026-02-19 07:10:00.000000000,2026-02-19 08:28:53.413074610,B13,B13-S1,,thermal,Lenovo,ThinkSystem SR650 V3,virtualization,thermal_blanking,"inlet 30.7 C on top-of-rack servers, hot-air recirculation through empty U spaces",inlet_overtemp|hot_air_recirculation,Missing blanking panels allowed hot-aisle air to recirculate into server inlets.,Install blanking panels in every empty U position and confirm inlet temperatures drop within the hour.,resolved,,0,1.31,2,P3,T. Novak,normal,False
INC0104827,2026-02-19 09:50:29.264176959,2026-02-19 10:21:45.265268917,D20,D20-S1,D20-S1-FAN,fan,Lenovo,ThinkSystem SR650 V3,storage,fan_bearing,Recurrence of INC0104826: vibration rising for 9 days while fan speed fell,fan_rpm_drop|fan_vibration,Fan bearing wear: vibration rising and RPM falling at constant PWM duty -- precedes seizure.,Hot-swap the fan module (N+1 redundant) and verify the remaining fans ramp correctly during the swap.,resolved,FAN-LNV-SR650,1,0.52,4,P3,M. Chen,normal,False
INC0105321,2026-02-19 14:17:00.000000000,2026-02-19 15:07:43.499164583,C09,C09-S4,,power,Lenovo,ThinkSystem SR650 V3,database,power_cap,CPU throttling across a rack during the nightly backup window,cpu_throttle,Rack power capping triggered CPU throttling during the backup window.,Adjust the power-cap policy and stagger backup jobs across racks.,resolved,,0,0.85,0,P3,D. Haddad,normal,False
INC0104835,2026-02-19 23:13:00.000000000,2026-02-19 23:43:22.308434048,D16,D16-S7,D16-S7-PSU,psu,HPE,ProLiant DL380 Gen11,storage,psu_pdu_feed,both PSUs on the same feed reported low input voltage (202.7 V),input_voltage_drop,"Voltage sag traced to the upstream PDU outlet/whip, not the PSU (both PSUs on that feed showed it).",Move the PSU cord to a healthy outlet on the correct A/B feed and open a facilities ticket for the PDU circuit -- do not replace the PSU.,resolved,,0,0.51,0,P2,E. Johansson,normal,False
INC0104832,2026-02-20 02:55:03.627090962,2026-02-20 03:45:37.613344053,E08,E08-S2,E08-S2-PSU,psu,Dell,PowerEdge XE8640,ai,psu_capacitor,Recurrence of INC0104831: PSU H1 showed ripple climbing past spec for 3 days,input_voltage_drop|output_ripple_high,"Input sag with rising output ripple on one PSU of a redundant pair -- capacitor degradation, typically 2-3 weeks before a hard trip.","Confirm the partner PSU is healthy, then hot-swap the degrading unit. In a backup window, first verify the remaining PSU can carry the backup job's peak draw.",resolved,PSU-GPU-2800W,1,0.84,4,P2,M. Chen,normal,False
INC0105322,2026-02-20 07:08:00.000000000,2026-02-20 07:51:23.121102012,A13,A13-S5,,firmware,HPE,ProLiant DL380 Gen11,web,fw_baseline,hosts drifted from the approved BIOS baseline,config_drift,"Hosts drifted from the approved BIOS baseline, causing inconsistent power/performance settings.",Re-apply the golden BIOS profile from the management server.,resolved,,0,0.72,0,P4,T. Novak,normal,False
INC0104836,2026-02-21 07:38:00.000000000,2026-02-21 08:42:08.721787800,C18,C18-S3,C18-S3-NIC,nic,Lenovo,ThinkSystem SR650 V3,database,nic_switch_port,"flaps visible on both ends, errors counted on the switch side",link_flap,Flaps originated on the switch side -- ToR switch port or optic fault.,"Compare counters on both ends, move to a spare ToR port and open a network ticket; no host hardware change needed.",resolved,,0,1.07,0,P3,L. Moreau,normal,False
INC0104837,2026-02-21 10:40:00.000000000,2026-02-21 10:59:18.950652282,A09,A09-S8,A09-S8-FAN,fan,Dell,PowerEdge R760,web,fan_bearing,fan down to 5350 RPM at the same PWM duty with vibration 4.4 mm/s,fan_rpm_drop|fan_vibration,Fan bearing wear: vibration rising and RPM falling at constant PWM duty -- precedes seizure.,Hot-swap the fan module (N+1 redundant) and verify the remaining fans ramp correctly during the swap.,resolved,FAN-DEL-R760,1,0.32,2,P3,E. Johansson,normal,False
INC0104841,2026-02-22 13:39:00.000000000,2026-02-22 14:35:36.251300312,E20,E20-S1,E20-S1-NIC,nic,Dell,PowerEdge XE8640,ai,nic_sfp,48 link flaps per day with CRC errors rising on one port,link_flap|crc_errors,Link flaps with rising CRC errors isolated to the host side of one port -- degrading SFP transceiver or marginal cable.,"Replace the SFP transceiver and cable together before touching the NIC. If this NIC carries an in-progress migration, fail over to the secondary port first.",resolved,QSFP28-100G-SR4,1,0.94,2,P2,T. Novak,maintenance_window,False
INC0104842,2026-02-22 21:17:00.000000000,2026-02-22 22:13:46.641981656,D16,D16-S3,D16-S3-NIC,nic,HPE,ProLiant DL380 Gen11,storage,nic_sfp,25 link flaps per day with CRC errors rising on one port,link_flap|crc_errors,Link flaps with rising CRC errors isolated to the host side of one port -- degrading SFP transceiver or marginal cable.,"Replace the SFP transceiver and cable together before touching the NIC. If this NIC carries an in-progress migration, fail over to the secondary port first.",resolved,SFP28-25G-SR,1,0.95,1,P2,M. Chen,dr_failover,False
INC0104839,2026-02-22 21:57:00.000000000,2026-02-22 23:46:19.745252349,D20,D20-S3,D20-S3-PSU,psu,Lenovo,ThinkSystem SR650 V3,storage,psu_pdu_feed,both PSUs on the same feed reported low input voltage (199.8 V),input_voltage_drop,"Voltage sag traced to the upstream PDU outlet/whip, not the PSU (both PSUs on that feed showed it).",Move the PSU cord to a healthy outlet on the correct A/B feed and open a facilities ticket for the PDU circuit -- do not replace the PSU.,recurred,,0,1.82,0,P2,L. Moreau,normal,False
INC0104838,2026-02-22 22:05:00.000000000,2026-02-23 00:31:21.927387570,C04,C04-S1,C04-S1-DIMM,dimm,Dell,PowerEdge R760,database,dimm_ue_crash,uncorrectable memory error forced a kernel panic,ecc_uncorrectable,Uncorrectable ECC error caused a host crash; module confirmed failed by vendor diagnostics.,"Replace the RDIMM immediately, run vendor memory diagnostics after replacement, and review the crash dump to rule out a CPU memory-controller fault.",resolved,MEM-DDR5-64G-4800,1,2.44,0,P1,P. Reyes,normal,False
INC0104843,2026-02-23 05:44:00.000000000,2026-02-23 08:00:14.263043589,E02,E02-S6,E02-S6-DISK,disk,Dell,PowerEdge XE8640,ai,disk_media_wear,predictive-failure flag: reallocated and pending sector counts rising for 3 days,reallocated_sectors|pending_sectors|smart_read_error_rate,Drive media degradation: reallocated and pending sector counts rising steadily -- the pattern that preceded hard read failures in prior incidents.,"Drain the replica / rebuild the RAID member onto a healthy drive, then hot-swap the drive. Do not wait for a hard failure if a backup or replication job is currently reading from it.",resolved,SSD-NVME-U2-3T84,1,2.27,3,P2,K. Watanabe,backup_window,False
INC0104845,2026-02-23 07:22:00.000000000,2026-02-23 07:41:24.472238151,B07,B07-S6,B07-S6-NIC,nic,Lenovo,ThinkSystem SR650 V3,virtualization,nic_sfp,port flapping and CRC counters climbing on the host side only,link_flap|crc_errors,Link flaps with rising CRC errors isolated to the host side of one port -- degrading SFP transceiver or marginal cable.,"Replace the SFP transceiver and cable together before touching the NIC. If this NIC carries an in-progress migration, fail over to the secondary port first.",resolved,SFP28-25G-SR,1,0.32,4,P2,M. Chen,normal,False
INC0104844,2026-02-23 10:10:00.000000000,2026-02-23 10:52:12.857073579,B07,B07-S5,B07-S5-PSU,psu,Lenovo,ThinkSystem SR650 V3,virtualization,psu_fan,PSU fan down to 5487 RPM and PSU temperature 34.1 C,psu_fan_rpm_drop|psu_overtemp,Failing PSU fan bearing (not the power stage) raising PSU temperature.,"PSU fans are not field-serviceable on this platform -- replace the PSU proactively in the next maintenance window, before thermal shutdown.",resolved,PSU-LNV-1100W,1,0.7,1,P3,J. Alvarez,normal,False
INC0105323,2026-02-24 03:13:00.000000000,2026-02-24 03:53:32.064336502,A10,A10-S2,,firmware,HPE,ProLiant DL380 Gen11,web,fw_bmc_hang,telemetry gaps: BMC unresponsive to Redfish and IPMI,bmc_unresponsive,BMC firmware memory leak causing an unresponsive management controller (telemetry gaps).,"Reset the BMC (host unaffected), then roll out the fixed BMC firmware in a rolling window.",resolved,,0,0.68,0,P3,L. Moreau,normal,False
INC0104849,2026-02-24 04:41:00.000000000,2026-02-24 05:59:47.175192780,C17,C17-S6,C17-S6-NIC,nic,HPE,ProLiant DL380 Gen11,database,nic_fw_drops,packet drops under high RSS load on one NIC model,packet_loss,NIC firmware bug dropping packets under high RSS load.,Update NIC firmware and driver to the fixed release in a rolling window.,resolved,,0,1.31,43,P3,L. Moreau,normal,False
INC0104846,2026-02-24 19:36:00.000000000,2026-02-24 22:23:16.590807946,A04,A04-S5,A04-S5-DIMM,dimm,HPE,ProLiant DL380 Gen11,web,dimm_replace,memory error rate on slot E6 kept increasing over 6 days,ecc_correctable_spike|ecc_uncorrectable,Failing DRAM device on the RDIMM: correctable ECC rate climbed for several days before uncorrectable errors appeared -- classic cell degradation.,"Replace the RDIMM identified by the SEL slot locator. If the host is serving a migration or DR role, live-migrate or fail over workloads first; never hot-remove memory from a running host.",resolved,MEM-DDR5-64G-4800,1,2.79,0,P2,L. Moreau,normal,False
INC0104847,2026-02-24 21:53:00.000000000,2026-02-24 22:37:04.472974427,D13,D13-S1,D13-S1-PSU,psu,HPE,ProLiant DL380 Gen11,storage,psu_efficiency,PSU efficiency down to 89.5% with rising temperature,psu_efficiency_drop|psu_overtemp,PSU efficiency dropping (more heat per watt delivered) -- aging power stage.,Replace the PSU proactively; the efficiency loss adds rack heat load and precedes failure.,recurred,PSU-HPE-1600W,1,0.73,2,P3,T. Novak,normal,False
INC0104851,2026-02-25 03:10:00.000000000,2026-02-25 04:21:10.767768582,D20,D20-S8,D20-S8-DISK,disk,Lenovo,ThinkSystem SR650 V3,storage,disk_fw_stall,periodic 30-second I/O stalls on drives of the same model,latency_spike,Drive firmware bug causing periodic latency stalls (vendor advisory) -- media healthy.,Update drive firmware in a rolling fashion; replacement is unnecessary while SMART media counters stay clean.,resolved,,0,1.19,0,P3,R. Singh,normal,False
INC0105324,2026-02-25 12:58:00.000000000,2026-02-25 19:39:29.356324731,E20,E20-S5,,thermal,Dell,PowerEdge XE8640,ai,thermal_crac,inlet temperatures up to 35.7 C across 5 adjacent racks in one cooling zone,inlet_overtemp|hot_spot,CRAC unit compressor degradation reduced cooling capacity for its zone; inlet temperatures rose across adjacent racks.,"Open a facilities work order for the CRAC unit, temporarily raise neighbouring CRAC output, and add perforated tiles in the affected cold aisle.",resolved,,0,6.69,5,P2,N. Patel,normal,False
INC0104850,2026-02-25 21:34:00.000000000,2026-02-26 00:21:31.198527067,E02,E02-S4,E02-S4-DIMM,dimm,Dell,PowerEdge XE8640,ai,dimm_replace,BMC SEL logged a rising correctable memory error rate (24/24h) on one DIMM slot,ecc_correctable_spike|ecc_uncorrectable,Failing DRAM device on the RDIMM: correctable ECC rate climbed for several days before uncorrectable errors appeared -- classic cell degradation.,"Replace the RDIMM identified by the SEL slot locator. If the host is serving a migration or DR role, live-migrate or fail over workloads first; never hot-remove memory from a running host.",resolved,MEM-DDR5-64G-4800,1,2.79,0,P2,S. Okafor,normal,False
INC0105325,2026-02-26 17:16:00.000000000,2026-02-26 19:25:39.506141879,B01,B01-S7,,power,Lenovo,ThinkSystem SR650 V3,virtualization,power_breaker,A-feed lost for half the rack after a branch breaker trip,input_voltage_drop|power_loss,PDU branch breaker tripped under the combined load of newly added servers.,"Rebalance servers across PDU branches, reset the breaker after a load review, and keep every branch under 80% of rating.",resolved,,0,2.16,89,P1,S. Okafor,normal,True
INC0104840,2026-02-26 22:21:30.865427168,2026-02-26 22:56:39.423280759,D20,D20-S3,D20-S3-PSU,psu,Lenovo,ThinkSystem SR650 V3,storage,psu_pdu_feed,Recurrence of INC0104839: both PSUs on the same feed reported low input voltage (202.3 V),input_voltage_drop,"Voltage sag traced to the upstream PDU outlet/whip, not the PSU (both PSUs on that feed showed it).",Move the PSU cord to a healthy outlet on the correct A/B feed and open a facilities ticket for the PDU circuit -- do not replace the PSU.,resolved,,0,0.59,0,P2,D. Haddad,normal,False
INC0104856,2026-02-27 07:18:00.000000000,2026-02-27 07:30:43.940942558,B02,B02-S2,B02-S2-FAN,fan,Dell,PowerEdge R760,virtualization,fan_current,fan motor current up to 1.3 A to hold speed,fan_current_rise|fan_rpm_drop,Motor current rising to hold RPM -- winding or bearing degradation.,Replace the fan module proactively; the current rise precedes failure by days.,resolved,FAN-DEL-R760,1,0.21,4,P3,M. Chen,normal,False
INC0104852,2026-02-27 11:55:00.000000000,2026-02-27 13:11:41.831436424,E06,E06-S6,E06-S6-DISK,disk,HPE,ProLiant DL380a Gen11,ai,disk_early_latency,"I/O latency spiking to 6.9 ms with rising read error rate, no reallocations yet",smart_read_error_rate|latency_spike,Rising SMART read error rate with I/O latency spikes but no reallocated sectors yet -- an earlier-stage precursor.,"Flag the drive for proactive replacement in the next maintenance window, move latency-sensitive volumes off it, and check the reallocation count daily.",resolved,SSD-NVME-U2-3T84,1,1.28,1,P3,R. Singh,normal,False
INC0104853,2026-02-27 12:07:00.000000000,2026-02-27 12:39:55.963236093,C18,C18-S1,C18-S1-PSU,psu,Lenovo,ThinkSystem SR650 V3,database,psu_efficiency,PSU efficiency down to 88.1% with rising temperature,psu_efficiency_drop|psu_overtemp,PSU efficiency dropping (more heat per watt delivered) -- aging power stage.,Replace the PSU proactively; the efficiency loss adds rack heat load and precedes failure.,resolved,PSU-LNV-1100W,1,0.55,3,P3,J. Alvarez,normal,False
INC0104854,2026-02-27 21:51:00.000000000,2026-02-27 22:32:42.440629199,D08,D08-S2,D08-S2-NIC,nic,Lenovo,ThinkSystem SR650 V3,storage,nic_driver_reset,link flaps blamed on the driver; flaps returned within a day of a driver reset,link_flap|crc_errors,Flaps attributed to a driver issue; a driver reset was applied but flaps returned within 24 hours (a physical-layer signature).,A driver reset is not sufficient when CRC errors are rising -- treat it as a physical-layer fault and replace the transceiver and cable.,recurred,,0,0.7,0,P3,J. Alvarez,normal,False
INC0104858,2026-02-28 00:02:00.000000000,2026-02-28 01:55:11.355541777,D20,D20-S7,D20-S7-DISK,disk,Lenovo,ThinkSystem SR650 V3,storage,disk_media_wear,SMART reallocated sectors rose to 25 with pending sectors climbing,reallocated_sectors|pending_sectors|smart_read_error_rate,Drive media degradation: reallocated and pending sector counts rising steadily -- the pattern that preceded hard read failures in prior incidents.,"Drain the replica / rebuild the RAID member onto a healthy drive, then hot-swap the drive. Do not wait for a hard failure if a backup or replication job is currently reading from it.",resolved,HDD-SAS-12T,1,1.89,4,P2,L. Moreau,normal,False
INC0104859,2026-02-28 07:49:00.000000000,2026-02-28 08:35:30.052971344,A16,A16-S1,A16-S1-PSU,psu,HPE,ProLiant DL380 Gen11,web,psu_fw_ripple,spurious ripple warnings on several PSUs right after a BMC update,output_ripple_high,PSU firmware reporting spurious ripple warnings after a BMC update.,Update PSU firmware to the version paired with the current BMC and verify with a calibrated meter before replacing hardware.,resolved,,0,0.78,0,P4,L. Moreau,normal,False
INC0104857,2026-02-28 08:47:00.000000000,2026-02-28 11:51:03.419662638,E14,E14-S6,E14-S6-DIMM,dimm,Dell,PowerEdge XE8640,ai,dimm_ue_crash,uncorrectable memory error forced a kernel panic,ecc_uncorrectable,Uncorrectable ECC error caused a host crash; module confirmed failed by vendor diagnostics.,"Replace the RDIMM immediately, run vendor memory diagnostics after replacement, and review the crash dump to rule out a CPU memory-controller fault.",resolved,MEM-DDR5-64G-4800,1,3.07,124,P1,T. Novak,normal,True
INC0104860,2026-02-28 23:07:00.000000000,2026-02-28 23:33:40.555910309,E01,E01-S3,E01-S3-NIC,nic,Lenovo,ThinkSystem SR675 V3,ai,nic_dac,CRC errors on a DAC link after a rack re-cable,crc_errors,Damaged DAC cable (bend-radius violation) causing CRC errors.,Replace the DAC cable and re-dress it with the correct bend radius.,resolved,CBL-DAC-25G-3M,1,0.44,4,P3,S. Okafor,normal,False
INC0104863,2026-03-01 04:17:00.000000000,2026-03-01 04:47:53.012376387,A09,A09-S6,A09-S6-FAN,fan,Dell,PowerEdge R760,web,fan_bmc_curve,all fans in a chassis under-spinning after a BMC update,fan_rpm_drop,"BMC fan curve misconfigured after a firmware update -- fans under-spinning, not failing.",Restore the vendor thermal profile / fan curve in BMC settings; no hardware change.,resolved,,0,0.51,5,P4,M. Chen,normal,False
INC0104861,2026-03-01 06:28:00.000000000,2026-03-01 08:37:07.980417299,A13,A13-S3,A13-S3-DIMM,dimm,HPE,ProLiant DL380 Gen11,web,dimm_replace,BMC SEL logged a rising correctable memory error rate (68/24h) on one DIMM slot,ecc_correctable_spike|ecc_uncorrectable,Failing DRAM device on the RDIMM: correctable ECC rate climbed for several days before uncorrectable errors appeared -- classic cell degradation.,"Replace the RDIMM identified by the SEL slot locator. If the host is serving a migration or DR role, live-migrate or fail over workloads first; never hot-remove memory from a running host.",resolved,MEM-DDR5-64G-4800,1,2.15,0,P2,J. Alvarez,normal,False
INC0104848,2026-03-01 10:21:24.043435293,2026-03-01 11:07:20.526276539,D13,D13-S1,D13-S1-PSU,psu,HPE,ProLiant DL380 Gen11,storage,psu_efficiency,Recurrence of INC0104847: PSU efficiency down to 88.9% with rising temperature,psu_efficiency_drop|psu_overtemp,PSU efficiency dropping (more heat per watt delivered) -- aging power stage.,Replace the PSU proactively; the efficiency loss adds rack heat load and precedes failure.,resolved,PSU-HPE-1600W,1,0.77,2,P3,T. Novak,normal,False
INC0104862,2026-03-01 12:14:00.000000000,2026-03-01 13:12:14.711481776,B17,B17-S1,B17-S1-PSU,psu,Dell,PowerEdge R760,virtualization,psu_fan,PSU fan down to 4173 RPM and PSU temperature 30.6 C,psu_fan_rpm_drop|psu_overtemp,Failing PSU fan bearing (not the power stage) raising PSU temperature.,"PSU fans are not field-serviceable on this platform -- replace the PSU proactively in the next maintenance window, before thermal shutdown.",resolved,PSU-DEL-1400W,1,0.97,4,P3,R. Singh,normal,False
INC0104864,2026-03-02 03:55:00.000000000,2026-03-02 06:42:58.050134076,A11,A11-S6,A11-S6-DIMM,dimm,Lenovo,ThinkSystem SR650 V3,web,dimm_replace,memory error rate on slot H5 kept increasing over 6 days,ecc_correctable_spike|ecc_uncorrectable,Failing DRAM device on the RDIMM: correctable ECC rate climbed for several days before uncorrectable errors appeared -- classic cell degradation.,"Replace the RDIMM identified by the SEL slot locator. If the host is serving a migration or DR role, live-migrate or fail over workloads first; never hot-remove memory from a running host.",resolved,MEM-DDR5-64G-4800,1,2.8,0,P2,M. Chen,normal,False
INC0104866,2026-03-02 09:16:00.000000000,2026-03-02 11:15:29.880985901,E20,E20-S1,E20-S1-DISK,disk,Dell,PowerEdge XE8640,ai,disk_fw_stall,periodic 30-second I/O stalls on drives of the same model,latency_spike,Drive firmware bug causing periodic latency stalls (vendor advisory) -- media healthy.,Update drive firmware in a rolling fashion; replacement is unnecessary while SMART media counters stay clean.,resolved,,0,1.99,0,P3,L. Moreau,normal,False
INC0104865,2026-03-02 11:18:00.000000000,2026-03-02 12:48:20.864317357,D11,D11-S6,D11-S6-DIMM,dimm,Lenovo,ThinkSystem SR650 V3,storage,dimm_replace,"correctable ECC count climbed from single digits to 64 per day, then uncorrectable errors appeared",ecc_correctable_spike|ecc_uncorrectable,Failing DRAM device on the RDIMM: correctable ECC rate climbed for several days before uncorrectable errors appeared -- classic cell degradation.,"Replace the RDIMM identified by the SEL slot locator. If the host is serving a migration or DR role, live-migrate or fail over workloads first; never hot-remove memory from a running host.",resolved,MEM-DDR5-64G-4800,1,1.51,0,P2,S. Okafor,normal,False
INC0104867,2026-03-02 18:24:00.000000000,2026-03-02 18:56:22.861009364,D06,D06-S3,D06-S3-NIC,nic,Dell,PowerEdge R760,storage,nic_sfp,port flapping and CRC counters climbing on the host side only,link_flap|crc_errors,Link flaps with rising CRC errors isolated to the host side of one port -- degrading SFP transceiver or marginal cable.,"Replace the SFP transceiver and cable together before touching the NIC. If this NIC carries an in-progress migration, fail over to the secondary port first.",resolved,SFP28-25G-SR,1,0.54,2,P2,A. Kim,maintenance_window,False
INC0104869,2026-03-03 07:00:00.000000000,2026-03-03 08:17:33.118333515,D08,D08-S8,D08-S8-NIC,nic,Lenovo,ThinkSystem SR650 V3,storage,nic_fw_drops,packet drops under high RSS load on one NIC model,packet_loss,NIC firmware bug dropping packets under high RSS load.,Update NIC firmware and driver to the fixed release in a rolling window.,resolved,,0,1.29,23,P3,M. Chen,normal,False
INC0104868,2026-03-03 19:22:00.000000000,2026-03-03 20:07:24.367363581,C05,C05-S4,C05-S4-PSU,psu,HPE,ProLiant DL380 Gen11,database,psu_capacitor,PSU B7 showed ripple climbing past spec for 5 days,input_voltage_drop|output_ripple_high,"Input sag with rising output ripple on one PSU of a redundant pair -- capacitor degradation, typically 2-3 weeks before a hard trip.","Confirm the partner PSU is healthy, then hot-swap the degrading unit. In a backup window, first verify the remaining PSU can carry the backup job's peak draw.",resolved,PSU-HPE-1600W,1,0.76,2,P2,M. Chen,normal,False
INC0104855,2026-03-04 03:38:56.268755463,2026-03-04 04:20:54.141835874,D08,D08-S2,D08-S2-NIC,nic,Lenovo,ThinkSystem SR650 V3,storage,nic_sfp,Recurrence of INC0104854: port flapping and CRC counters climbing on the host side only,link_flap|crc_errors,Link flaps with rising CRC errors isolated to the host side of one port -- degrading SFP transceiver or marginal cable.,"Replace the SFP transceiver and cable together before touching the NIC. If this NIC carries an in-progress migration, fail over to the secondary port first.",resolved,SFP28-25G-SR,1,0.7,5,P2,M. Chen,normal,False
INC0104870,2026-03-04 20:59:00.000000000,2026-03-04 22:12:04.833909403,A15,A15-S4,A15-S4-NIC,nic,Dell,PowerEdge R760,web,nic_card,packet loss of 0.55% persisted after the transceiver and cable were replaced,packet_loss|crc_errors|nic_overtemp,NIC ASIC degradation: packet loss persisted after transceiver and cable replacement; NIC temperature elevated.,Replace the NIC card in a maintenance window after failing workloads over to the redundant NIC.,resolved,NIC-OCP3-25G-DP,1,1.22,58,P2,A. Kim,normal,False
INC0105326,2026-03-05 03:07:00.000000000,2026-03-05 04:33:30.503438549,B10,B10-S6,,thermal,Lenovo,ThinkSystem SR650 V3,virtualization,thermal_blanking,"inlet 35.6 C on top-of-rack servers, hot-air recirculation through empty U spaces",inlet_overtemp|hot_air_recirculation,Missing blanking panels allowed hot-aisle air to recirculate into server inlets.,Install blanking panels in every empty U position and confirm inlet temperatures drop within the hour.,resolved,,0,1.44,3,P3,R. Singh,normal,False
INC0104871,2026-03-05 20:06:00.000000000,2026-03-05 22:51:53.612193047,C16,C16-S7,C16-S7-DIMM,dimm,Dell,PowerEdge R760,database,dimm_replace,"correctable ECC count climbed from single digits to 58 per day, then uncorrectable errors appeared",ecc_correctable_spike|ecc_uncorrectable,Failing DRAM device on the RDIMM: correctable ECC rate climbed for several days before uncorrectable errors appeared -- classic cell degradation.,"Replace the RDIMM identified by the SEL slot locator. If the host is serving a migration or DR role, live-migrate or fail over workloads first; never hot-remove memory from a running host.",resolved,MEM-DDR5-64G-4800,1,2.76,106,P2,L. Moreau,normal,True
INC0104872,2026-03-05 22:14:00.000000000,2026-03-05 22:46:16.543790207,B02,B02-S1,B02-S1-PSU,psu,Dell,PowerEdge R760,virtualization,psu_efficiency,PSU efficiency down to 87.3% with rising temperature,psu_efficiency_drop|psu_overtemp,PSU efficiency dropping (more heat per watt delivered) -- aging power stage.,Replace the PSU proactively; the efficiency loss adds rack heat load and precedes failure.,resolved,PSU-DEL-1400W,1,0.54,2,P3,P. Reyes,backup_window,False
INC0104874,2026-03-07 10:19:00.000000000,2026-03-07 11:10:07.482675376,C20,C20-S1,C20-S1-DISK,disk,HPE,ProLiant DL380 Gen11,database,disk_early_latency,read error rate creeping up and latency spikes on one drive,smart_read_error_rate|latency_spike,Rising SMART read error rate with I/O latency spikes but no reallocated sectors yet -- an earlier-stage precursor.,"Flag the drive for proactive replacement in the next maintenance window, move latency-sensitive volumes off it, and check the reallocation count daily.",resolved,SSD-NVME-U2-3T84,1,0.85,2,P3,R. Singh,maintenance_window,False
INC0104873,2026-03-07 16:47:00.000000000,2026-03-07 19:12:26.791775565,C09,C09-S6,C09-S6-DISK,disk,Lenovo,ThinkSystem SR650 V3,database,disk_media_wear,predictive-failure flag: reallocated and pending sector counts rising for 5 days,reallocated_sectors|pending_sectors|smart_read_error_rate,Drive media degradation: reallocated and pending sector counts rising steadily -- the pattern that preceded hard read failures in prior incidents.,"Drain the replica / rebuild the RAID member onto a healthy drive, then hot-swap the drive. Do not wait for a hard failure if a backup or replication job is currently reading from it.",resolved,SSD-NVME-U2-3T84,1,2.42,0,P2,T. Novak,normal,False
INC0105327,2026-03-08 04:45:00.000000000,2026-03-08 05:05:07.655653734,C18,C18-S7,,cabling,Lenovo,ThinkSystem SR650 V3,database,cable_mispatch,VLAN mismatch and flaps after a server was re-patched during migration,link_flap,"Server patched to the wrong ToR port during migration, causing VLAN mismatch and flaps.",Correct the patching per the cable plan and update the DCIM port mapping.,resolved,,0,0.34,2,P2,A. Kim,dr_failover,False
INC0104878,2026-03-09 10:20:00.000000000,2026-03-09 11:11:41.759001320,C04,C04-S7,C04-S7-NIC,nic,Dell,PowerEdge R760,database,nic_sfp,46 link flaps per day with CRC errors rising on one port,link_flap|crc_errors,Link flaps with rising CRC errors isolated to the host side of one port -- degrading SFP transceiver or marginal cable.,"Replace the SFP transceiver and cable together before touching the NIC. If this NIC carries an in-progress migration, fail over to the secondary port first.",resolved,SFP28-25G-SR,1,0.86,2,P2,R. Singh,normal,False
INC0104875,2026-03-09 13:37:00.000000000,2026-03-09 15:42:18.870682162,A04,A04-S8,A04-S8-DIMM,dimm,HPE,ProLiant DL380 Gen11,web,dimm_ue_crash,host crashed with a machine-check exception after an uncorrectable ECC error,ecc_uncorrectable,Uncorrectable ECC error caused a host crash; module confirmed failed by vendor diagnostics.,"Replace the RDIMM immediately, run vendor memory diagnostics after replacement, and review the crash dump to rule out a CPU memory-controller fault.",resolved,MEM-DDR5-64G-4800,1,2.09,0,P1,J. Alvarez,normal,False
INC0104877,2026-03-09 17:06:00.000000000,2026-03-09 17:42:13.138160071,D19,D19-S2,D19-S2-PSU,psu,HPE,ProLiant DL380 Gen11,storage,psu_capacitor,PSU A7 showed ripple climbing past spec for 9 days,input_voltage_drop|output_ripple_high,"Input sag with rising output ripple on one PSU of a redundant pair -- capacitor degradation, typically 2-3 weeks before a hard trip.","Confirm the partner PSU is healthy, then hot-swap the degrading unit. In a backup window, first verify the remaining PSU can carry the backup job's peak draw.",resolved,PSU-HPE-1600W,1,0.6,1,P2,P. Reyes,normal,False
INC0104876,2026-03-09 20:24:00.000000000,2026-03-09 21:09:28.264141734,C19,C19-S4,C19-S4-DISK,disk,Dell,PowerEdge R760,database,disk_overtemp,drive temperature 30.9 C and thermal throttling,disk_overtemp|latency_spike,"Drive overheating because a drive-cage fan failed, causing thermal throttling.",Replace the failed drive-cage fan first; drive temperature and latency normalize without replacing the drive.,resolved,FAN-DEL-R760,1,0.76,2,P3,R. Singh,normal,False
INC0105328,2026-03-10 03:32:00.000000000,2026-03-10 04:37:20.285934647,B18,B18-S8,,cabling,HPE,ProLiant DL380 Gen11,virtualization,cable_strain,CRC errors on several ports after a rack reshuffle,crc_errors,Cable bundle strain after a rack reshuffle damaged DAC cables.,Re-dress the cabling and replace the damaged DAC cables.,resolved,CBL-DAC-25G-3M,2,1.09,4,P3,N. Patel,backup_window,False
INC0104879,2026-03-10 04:04:00.000000000,2026-03-10 06:02:02.396897544,C04,C04-S4,C04-S4-PSU,psu,Dell,PowerEdge R760,database,psu_pdu_feed,both PSUs on the same feed reported low input voltage (200.0 V),input_voltage_drop,"Voltage sag traced to the upstream PDU outlet/whip, not the PSU (both PSUs on that feed showed it).",Move the PSU cord to a healthy outlet on the correct A/B feed and open a facilities ticket for the PDU circuit -- do not replace the PSU.,resolved,,0,1.97,69,P2,A. Kim,normal,True
INC0105329,2026-03-11 21:07:00.000000000,2026-03-11 21:38:33.027015826,E10,E10-S6,,firmware,Lenovo,ThinkSystem SR675 V3,ai,fw_bmc_hang,telemetry gaps: BMC unresponsive to Redfish and IPMI,bmc_unresponsive,BMC firmware memory leak causing an unresponsive management controller (telemetry gaps).,"Reset the BMC (host unaffected), then roll out the fixed BMC firmware in a rolling window.",resolved,,0,0.53,2,P2,M. Chen,dr_failover,False
INC0104883,2026-03-12 06:55:00.000000000,2026-03-12 07:15:13.737033169,A14,A14-S5,A14-S5-FAN,fan,Lenovo,ThinkSystem SR650 V3,web,fan_bearing,vibration rising for 7 days while fan speed fell,fan_rpm_drop|fan_vibration,Fan bearing wear: vibration rising and RPM falling at constant PWM duty -- precedes seizure.,Hot-swap the fan module (N+1 redundant) and verify the remaining fans ramp correctly during the swap.,resolved,FAN-LNV-SR650,1,0.34,3,P3,P. Reyes,normal,False
INC0104882,2026-03-12 10:11:00.000000000,2026-03-12 10:46:54.816763612,E06,E06-S5,E06-S5-FAN,fan,HPE,ProLiant DL380a Gen11,ai,fan_current,fan motor current up to 1.32 A to hold speed,fan_current_rise|fan_rpm_drop,Motor current rising to hold RPM -- winding or bearing degradation.,Replace the fan module proactively; the current rise precedes failure by days.,resolved,FAN-GPU-HP80,1,0.6,3,P3,T. Novak,normal,False
INC0104880,2026-03-12 14:54:00.000000000,2026-03-12 15:29:04.327837883,A16,A16-S7,A16-S7-PSU,psu,HPE,ProLiant DL380 Gen11,web,psu_reseat,PSU reseated after an 'input lost' alarm; the alarm returned,input_voltage_drop,PSU reseated after an input-lost alarm; the alarm recurred.,"Reseating a PSU with repeated input-lost events is not durable -- check the cord and PDU outlet, then replace the PSU if the feed is healthy.",recurred,,0,0.58,17,P3,S. Okafor,normal,False
INC0105330,2026-03-12 21:22:00.000000000,2026-03-12 21:52:06.931637053,B14,B14-S1,,firmware,Dell,PowerEdge R760,virtualization,fw_baseline,hosts drifted from the approved BIOS baseline,config_drift,"Hosts drifted from the approved BIOS baseline, causing inconsistent power/performance settings.",Re-apply the golden BIOS profile from the management server.,resolved,,0,0.5,5,P2,R. Singh,dr_failover,False
INC0104886,2026-03-13 04:01:00.000000000,2026-03-13 05:49:24.899519142,B04,B04-S3,B04-S3-DISK,disk,Lenovo,ThinkSystem SR650 V3,virtualization,disk_media_wear,SMART reallocated sectors rose to 86 with pending sectors climbing,reallocated_sectors|pending_sectors|smart_read_error_rate,Drive media degradation: reallocated and pending sector counts rising steadily -- the pattern that preceded hard read failures in prior incidents.,"Drain the replica / rebuild the RAID member onto a healthy drive, then hot-swap the drive. Do not wait for a hard failure if a backup or replication job is currently reading from it.",resolved,SSD-NVME-U2-3T84,1,1.81,0,P2,R. Singh,normal,False
INC0104888,2026-03-13 05:56:00.000000000,2026-03-13 06:25:53.069306964,D20,D20-S7,D20-S7-FAN,fan,Lenovo,ThinkSystem SR650 V3,storage,fan_bearing,vibration rising for 7 days while fan speed fell,fan_rpm_drop|fan_vibration,Fan bearing wear: vibration rising and RPM falling at constant PWM duty -- precedes seizure.,Hot-swap the fan module (N+1 redundant) and verify the remaining fans ramp correctly during the swap.,recurred,FAN-LNV-SR650,1,0.5,4,P3,K. Watanabe,normal,False
INC0104887,2026-03-13 09:36:00.000000000,2026-03-13 10:17:49.532990880,A09,A09-S8,A09-S8-PSU,psu,Dell,PowerEdge R760,web,psu_fan,PSU fan down to 5100 RPM and PSU temperature 29.2 C,psu_fan_rpm_drop|psu_overtemp,Failing PSU fan bearing (not the power stage) raising PSU temperature.,"PSU fans are not field-serviceable on this platform -- replace the PSU proactively in the next maintenance window, before thermal shutdown.",resolved,PSU-DEL-1400W,1,0.7,2,P3,D. Haddad,normal,False
INC0105331,2026-03-13 15:49:00.000000000,2026-03-13 16:29:19.739765052,A20,A20-S3,,cabling,Lenovo,ThinkSystem SR650 V3,web,cable_mispatch,VLAN mismatch and flaps after a server was re-patched during migration,link_flap,"Server patched to the wrong ToR port during migration, causing VLAN mismatch and flaps.",Correct the patching per the cable plan and update the DCIM port mapping.,resolved,,0,0.67,0,P3,S. Okafor,normal,False
INC0104884,2026-03-13 21:09:00.000000000,2026-03-14 00:12:04.036044300,A10,A10-S5,A10-S5-DIMM,dimm,HPE,ProLiant DL380 Gen11,web,dimm_ue_crash,host crashed with a machine-check exception after an uncorrectable ECC error,ecc_uncorrectable,Uncorrectable ECC error caused a host crash; module confirmed failed by vendor diagnostics.,"Replace the RDIMM immediately, run vendor memory diagnostics after replacement, and review the crash dump to rule out a CPU memory-controller fault.",recurred,MEM-DDR5-64G-4800,1,3.05,0,P1,A. Kim,normal,True
INC0104890,2026-03-14 05:51:00.000000000,2026-03-14 07:15:18.721175816,C20,C20-S7,C20-S7-DISK,disk,HPE,ProLiant DL380 Gen11,database,disk_fw_stall,periodic 30-second I/O stalls on drives of the same model,latency_spike,Drive firmware bug causing periodic latency stalls (vendor advisory) -- media healthy.,Update drive firmware in a rolling fashion; replacement is unnecessary while SMART media counters stay clean.,resolved,,0,1.41,41,P3,S. Okafor,normal,False
INC0104891,2026-03-14 20:33:00.000000000,2026-03-14 20:59:56.361855109,B09,B09-S5,B09-S5-NIC,nic,HPE,ProLiant DL380 Gen11,virtualization,nic_sfp,port flapping and CRC counters climbing on the host side only,link_flap|crc_errors,Link flaps with rising CRC errors isolated to the host side of one port -- degrading SFP transceiver or marginal cable.,"Replace the SFP transceiver and cable together before touching the NIC. If this NIC carries an in-progress migration, fail over to the secondary port first.",resolved,SFP28-25G-SR,1,0.45,1,P2,N. Patel,normal,False
INC0104894,2026-03-15 16:23:00.000000000,2026-03-15 18:44:01.901769498,E10,E10-S8,E10-S8-DIMM,dimm,Lenovo,ThinkSystem SR675 V3,ai,dimm_replace,memory error rate on slot E2 kept increasing over 6 days,ecc_correctable_spike|ecc_uncorrectable,Failing DRAM device on the RDIMM: correctable ECC rate climbed for several days before uncorrectable errors appeared -- classic cell degradation.,"Replace the RDIMM identified by the SEL slot locator. If the host is serving a migration or DR role, live-migrate or fail over workloads first; never hot-remove memory from a running host.",resolved,MEM-DDR5-64G-4800,1,2.35,0,P2,N. Patel,normal,False
INC0104892,2026-03-15 19:46:00.000000000,2026-03-15 20:20:20.673781769,A09,A09-S2,A09-S2-DIMM,dimm,Dell,PowerEdge R760,web,dimm_reseat,correctable ECC errors after recent chassis service (23/24h),ecc_correctable_spike,Suspected DIMM seating issue after recent chassis work; reseating reduced correctable errors only temporarily.,"Reseat the DIMM and clear the SEL -- only reasonable if the host had physical service in the last 7 days. If correctable errors resume within 48 hours, escalate straight to replacement.",recurred,,0,0.57,26,P3,M. Chen,normal,False
INC0104881,2026-03-15 23:21:08.985857439,2026-03-16 00:16:12.417870005,A16,A16-S7,A16-S7-PSU,psu,HPE,ProLiant DL380 Gen11,web,psu_capacitor,Recurrence of INC0104880: input voltage sagging to 199.2 V with output ripple at 65 mV on one PSU,input_voltage_drop|output_ripple_high,"Input sag with rising output ripple on one PSU of a redundant pair -- capacitor degradation, typically 2-3 weeks before a hard trip.","Confirm the partner PSU is healthy, then hot-swap the degrading unit. In a backup window, first verify the remaining PSU can carry the backup job's peak draw.",resolved,PSU-HPE-1600W,1,0.92,3,P2,T. Novak,normal,False
INC0104897,2026-03-16 12:25:00.000000000,2026-03-16 13:24:16.805218029,A10,A10-S2,A10-S2-NIC,nic,HPE,ProLiant DL380 Gen11,web,nic_switch_port,"flaps visible on both ends, errors counted on the switch side",link_flap,Flaps originated on the switch side -- ToR switch port or optic fault.,"Compare counters on both ends, move to a spare ToR port and open a network ticket; no host hardware change needed.",resolved,,0,0.99,23,P3,E. Johansson,normal,False
INC0104895,2026-03-16 17:27:00.000000000,2026-03-16 19:06:16.433105913,B06,B06-S3,B06-S3-DISK,disk,HPE,ProLiant DL380 Gen11,virtualization,disk_media_wear,SMART reallocated sectors rose to 43 with pending sectors climbing,reallocated_sectors|pending_sectors|smart_read_error_rate,Drive media degradation: reallocated and pending sector counts rising steadily -- the pattern that preceded hard read failures in prior incidents.,"Drain the replica / rebuild the RAID member onto a healthy drive, then hot-swap the drive. Do not wait for a hard failure if a backup or replication job is currently reading from it.",resolved,SSD-NVME-U2-3T84,1,1.65,0,P2,J. Alvarez,dr_failover,False
INC0104896,2026-03-16 21:35:00.000000000,2026-03-16 22:39:13.778628977,E06,E06-S2,E06-S2-PSU,psu,HPE,ProLiant DL380a Gen11,ai,psu_capacitor,input voltage sagging to 200.4 V with output ripple at 58 mV on one PSU,input_voltage_drop|output_ripple_high,"Input sag with rising output ripple on one PSU of a redundant pair -- capacitor degradation, typically 2-3 weeks before a hard trip.","Confirm the partner PSU is healthy, then hot-swap the degrading unit. In a backup window, first verify the remaining PSU can carry the backup job's peak draw.",resolved,PSU-GPU-2800W,1,1.07,1,P2,D. Haddad,dr_failover,False
INC0104902,2026-03-17 06:57:00.000000000,2026-03-17 07:14:35.054330102,B14,B14-S4,B14-S4-FAN,fan,Dell,PowerEdge R760,virtualization,fan_bearing,fan down to 3570 RPM at the same PWM duty with vibration 4.2 mm/s,fan_rpm_drop|fan_vibration,Fan bearing wear: vibration rising and RPM falling at constant PWM duty -- precedes seizure.,Hot-swap the fan module (N+1 redundant) and verify the remaining fans ramp correctly during the swap.,resolved,FAN-DEL-R760,1,0.29,1,P3,T. Novak,normal,False
INC0104900,2026-03-17 09:45:00.000000000,2026-03-17 11:11:05.426141523,D15,D15-S5,D15-S5-DISK,disk,Dell,PowerEdge R760,storage,disk_early_latency,"I/O latency spiking to 8.4 ms with rising read error rate, no reallocations yet",smart_read_error_rate|latency_spike,Rising SMART read error rate with I/O latency spikes but no reallocated sectors yet -- an earlier-stage precursor.,"Flag the drive for proactive replacement in the next maintenance window, move latency-sensitive volumes off it, and check the reallocation count daily.",resolved,HDD-SAS-12T,1,1.43,5,P3,T. Novak,normal,False
INC0104901,2026-03-17 10:48:00.000000000,2026-03-17 11:24:10.143536570,D01,D01-S2,D01-S2-PSU,psu,HPE,ProLiant DL380 Gen11,storage,psu_efficiency,PSU efficiency down to 88.5% with rising temperature,psu_efficiency_drop|psu_overtemp,PSU efficiency dropping (more heat per watt delivered) -- aging power stage.,Replace the PSU proactively; the efficiency loss adds rack heat load and precedes failure.,resolved,PSU-HPE-1600W,1,0.6,5,P3,S. Okafor,normal,False
INC0104893,2026-03-17 17:46:46.107549400,2026-03-17 20:04:11.327649254,A09,A09-S2,A09-S2-DIMM,dimm,Dell,PowerEdge R760,web,dimm_replace,Recurrence of INC0104892: memory error rate on slot D2 kept increasing over 4 days,ecc_correctable_spike|ecc_uncorrectable,Failing DRAM device on the RDIMM: correctable ECC rate climbed for several days before uncorrectable errors appeared -- classic cell degradation.,"Replace the RDIMM identified by the SEL slot locator. If the host is serving a migration or DR role, live-migrate or fail over workloads first; never hot-remove memory from a running host.",resolved,MEM-DDR5-64G-4800,1,2.29,0,P2,K. Watanabe,normal,False
INC0104889,2026-03-17 20:04:22.643239536,2026-03-17 20:37:20.280503246,D20,D20-S7,D20-S7-FAN,fan,Lenovo,ThinkSystem SR650 V3,storage,fan_bearing,Recurrence of INC0104888: fan down to 4325 RPM at the same PWM duty with vibration 4.3 mm/s,fan_rpm_drop|fan_vibration,Fan bearing wear: vibration rising and RPM falling at constant PWM duty -- precedes seizure.,Hot-swap the fan module (N+1 redundant) and verify the remaining fans ramp correctly during the swap.,resolved,FAN-LNV-SR650,1,0.55,0,P3,R. Singh,normal,False
INC0104898,2026-03-17 21:36:00.000000000,2026-03-17 22:13:31.607201045,C18,C18-S3,C18-S3-DIMM,dimm,Lenovo,ThinkSystem SR650 V3,database,dimm_reseat,memory errors began right after the server was racked back in,ecc_correctable_spike,Suspected DIMM seating issue after recent chassis work; reseating reduced correctable errors only temporarily.,"Reseat the DIMM and clear the SEL -- only reasonable if the host had physical service in the last 7 days. If correctable errors resume within 48 hours, escalate straight to replacement.",recurred,,0,0.63,25,P3,T. Novak,normal,False
INC0104885,2026-03-18 07:56:05.661978485,2026-03-18 10:43:52.657623254,A10,A10-S5,A10-S5-DIMM,dimm,HPE,ProLiant DL380 Gen11,web,dimm_ue_crash,Recurrence of INC0104884: host crashed with a machine-check exception after an uncorrectable ECC error,ecc_uncorrectable,Uncorrectable ECC error caused a host crash; module confirmed failed by vendor diagnostics.,"Replace the RDIMM immediately, run vendor memory diagnostics after replacement, and review the crash dump to rule out a CPU memory-controller fault.",resolved,MEM-DDR5-64G-4800,1,2.8,0,P1,J. Alvarez,normal,False
INC0104904,2026-03-18 11:28:00.000000000,2026-03-18 13:45:27.162753275,A03,A03-S3,A03-S3-DIMM,dimm,Dell,PowerEdge R760,web,dimm_replace,"correctable ECC count climbed from single digits to 42 per day, then uncorrectable errors appeared",ecc_correctable_spike|ecc_uncorrectable,Failing DRAM device on the RDIMM: correctable ECC rate climbed for several days before uncorrectable errors appeared -- classic cell degradation.,"Replace the RDIMM identified by the SEL slot locator. If the host is serving a migration or DR role, live-migrate or fail over workloads first; never hot-remove memory from a running host.",resolved,MEM-DDR5-64G-4800,1,2.29,65,P2,P. Reyes,normal,True
INC0104906,2026-03-18 12:03:00.000000000,2026-03-18 15:39:09.415359845,C12,C12-S6,C12-S6-DISK,disk,Lenovo,ThinkSystem SR650 V3,database,disk_backplane,link-reset errors that followed the bay after the drive was moved,smart_read_error_rate|latency_spike,"Intermittent errors followed the bay, not the drive -- backplane or connector fault.","Move the drive to another bay as a test; if errors follow the bay, have the vendor replace the backplane cable/backplane.",recurred,,0,3.6,137,P2,P. Reyes,normal,True
INC0104903,2026-03-18 22:20:00.000000000,2026-03-18 23:21:08.449955001,D02,D02-S8,D02-S8-DIMM,dimm,Lenovo,ThinkSystem SR650 V3,storage,dimm_airflow,DIMM temperature 29.1 C with rising correctable errors,dimm_overtemp|ecc_correctable_spike,Missing blanking panel / cable bundle blocking airflow raised DIMM temperature and the soft-error rate.,"Restore airflow (blanking panels, clear the cable obstruction) and re-check DIMM temperature before considering replacement.",resolved,,0,1.02,37,P3,P. Reyes,backup_window,False
INC0104905,2026-03-18 23:30:00.000000000,2026-03-19 01:57:23.915238382,D11,D11-S1,D11-S1-DIMM,dimm,Lenovo,ThinkSystem SR650 V3,storage,dimm_replace,memory error rate on slot C7 kept increasing over 6 days,ecc_correctable_spike|ecc_uncorrectable,Failing DRAM device on the RDIMM: correctable ECC rate climbed for several days before uncorrectable errors appeared -- classic cell degradation.,"Replace the RDIMM identified by the SEL slot locator. If the host is serving a migration or DR role, live-migrate or fail over workloads first; never hot-remove memory from a running host.",resolved,MEM-DDR5-64G-4800,1,2.46,0,P2,E. Johansson,normal,False
INC0104913,2026-03-19 01:07:00.000000000,2026-03-19 02:06:55.990765206,B17,B17-S1,B17-S1-FAN,fan,Dell,PowerEdge R760,virtualization,fan_double,"two fans in the same chassis degraded, remaining fans at 100%",fan_rpm_drop|fan_current_rise,"Two fans in the same chassis degraded, forcing the rest to maximum and risking thermal shutdown.",Replace both fan modules in the same visit and check chassis inlet temperature on neighbouring servers.,resolved,FAN-DEL-R760,2,1.0,4,P2,N. Patel,normal,False
INC0104910,2026-03-19 01:40:00.000000000,2026-03-19 02:43:31.036595168,B14,B14-S3,B14-S3-DISK,disk,Dell,PowerEdge R760,virtualization,disk_media_wear,predictive-failure flag: reallocated and pending sector counts rising for 3 days,reallocated_sectors|pending_sectors|smart_read_error_rate,Drive media degradation: reallocated and pending sector counts rising steadily -- the pattern that preceded hard read failures in prior incidents.,"Drain the replica / rebuild the RAID member onto a healthy drive, then hot-swap the drive. Do not wait for a hard failure if a backup or replication job is currently reading from it.",resolved,SSD-NVME-U2-3T84,1,1.06,1,P2,E. Johansson,dr_failover,False
INC0104912,2026-03-19 04:11:00.000000000,2026-03-19 06:33:21.995217756,A14,A14-S8,A14-S8-NIC,nic,Lenovo,ThinkSystem SR650 V3,web,nic_card,packet loss of 1.32% persisted after the transceiver and cable were replaced,packet_loss|crc_errors|nic_overtemp,NIC ASIC degradation: packet loss persisted after transceiver and cable replacement; NIC temperature elevated.,Replace the NIC card in a maintenance window after failing workloads over to the redundant NIC.,resolved,NIC-OCP3-25G-DP,1,2.37,0,P2,E. Johansson,normal,False
INC0104911,2026-03-19 12:13:00.000000000,2026-03-19 12:58:55.744425906,C10,C10-S6,C10-S6-PSU,psu,Dell,PowerEdge R760,database,psu_fan,PSU fan down to 4545 RPM and PSU temperature 34.9 C,psu_fan_rpm_drop|psu_overtemp,Failing PSU fan bearing (not the power stage) raising PSU temperature.,"PSU fans are not field-serviceable on this platform -- replace the PSU proactively in the next maintenance window, before thermal shutdown.",resolved,PSU-DEL-1400W,1,0.77,1,P3,E. Johansson,normal,False
INC0104908,2026-03-19 16:35:00.000000000,2026-03-19 19:24:58.772328357,D14,D14-S4,D14-S4-DIMM,dimm,Lenovo,ThinkSystem SR650 V3,storage,dimm_replace,memory error rate on slot D8 kept increasing over 9 days,ecc_correctable_spike|ecc_uncorrectable,Failing DRAM device on the RDIMM: correctable ECC rate climbed for several days before uncorrectable errors appeared -- classic cell degradation.,"Replace the RDIMM identified by the SEL slot locator. If the host is serving a migration or DR role, live-migrate or fail over workloads first; never hot-remove memory from a running host.",resolved,MEM-DDR5-64G-4800,1,2.83,106,P2,J. Alvarez,normal,True
INC0104907,2026-03-19 17:50:32.686935618,2026-03-19 20:23:56.350525502,C12,C12-S6,C12-S6-DISK,disk,Lenovo,ThinkSystem SR650 V3,database,disk_backplane,Recurrence of INC0104906: link-reset errors that followed the bay after the drive was moved,smart_read_error_rate|latency_spike,"Intermittent errors followed the bay, not the drive -- backplane or connector fault.","Move the drive to another bay as a test; if errors follow the bay, have the vendor replace the backplane cable/backplane.",resolved,,0,2.56,0,P2,D. Haddad,normal,False
INC0104909,2026-03-19 19:09:00.000000000,2026-03-19 19:50:12.204642470,A12,A12-S6,A12-S6-DISK,disk,Dell,PowerEdge R760,web,disk_overtemp,drive temperature 34.2 C and thermal throttling,disk_overtemp|latency_spike,"Drive overheating because a drive-cage fan failed, causing thermal throttling.",Replace the failed drive-cage fan first; drive temperature and latency normalize without replacing the drive.,resolved,FAN-DEL-R760,1,0.69,0,P3,D. Haddad,normal,False
INC0104915,2026-03-20 01:08:00.000000000,2026-03-20 01:39:37.551562783,C15,C15-S5,C15-S5-PSU,psu,Lenovo,ThinkSystem SR650 V3,database,psu_fan,PSU fan down to 5764 RPM and PSU temperature 31.2 C,psu_fan_rpm_drop|psu_overtemp,Failing PSU fan bearing (not the power stage) raising PSU temperature.,"PSU fans are not field-serviceable on this platform -- replace the PSU proactively in the next maintenance window, before thermal shutdown.",resolved,PSU-LNV-1100W,1,0.53,1,P3,A. Kim,normal,False
INC0104899,2026-03-20 06:22:57.025596110,2026-03-20 08:20:19.048232197,C18,C18-S3,C18-S3-DIMM,dimm,Lenovo,ThinkSystem SR650 V3,database,dimm_replace,"Recurrence of INC0104898: correctable ECC count climbed from single digits to 42 per day, then uncorrectable errors appeared",ecc_correctable_spike|ecc_uncorrectable,Failing DRAM device on the RDIMM: correctable ECC rate climbed for several days before uncorrectable errors appeared -- classic cell degradation.,"Replace the RDIMM identified by the SEL slot locator. If the host is serving a migration or DR role, live-migrate or fail over workloads first; never hot-remove memory from a running host.",resolved,MEM-DDR5-64G-4800,1,1.96,51,P2,D. Haddad,normal,False
INC0104914,2026-03-20 22:44:00.000000000,2026-03-21 00:07:41.238337883,C02,C02-S6,C02-S6-DIMM,dimm,HPE,ProLiant DL380 Gen11,database,dimm_ppr,correctable errors confined to a single row address (33/24h),ecc_correctable_spike,Isolated single-row fault on one DRAM device; errors confined to one address range.,Schedule a reboot with Post Package Repair (PPR) enabled in BIOS to remap the faulty row; watch the correctable-error rate for 72 hours and replace the DIMM if it recurs.,resolved,,0,1.39,53,P3,D. Haddad,normal,False
INC0104916,2026-03-20 23:09:00.000000000,2026-03-20 23:52:56.771786410,E05,E05-S6,E05-S6-PSU,psu,Dell,PowerEdge XE8640,ai,psu_fan,PSU fan down to 4244 RPM and PSU temperature 29.0 C,psu_fan_rpm_drop|psu_overtemp,Failing PSU fan bearing (not the power stage) raising PSU temperature.,"PSU fans are not field-serviceable on this platform -- replace the PSU proactively in the next maintenance window, before thermal shutdown.",resolved,PSU-GPU-2800W,1,0.73,2,P3,N. Patel,normal,False
INC0104918,2026-03-21 06:31:00.000000000,2026-03-21 07:37:59.294433199,E20,E20-S7,E20-S7-DISK,disk,Dell,PowerEdge XE8640,ai,disk_early_latency,read error rate creeping up and latency spikes on one drive,smart_read_error_rate|latency_spike,Rising SMART read error rate with I/O latency spikes but no reallocated sectors yet -- an earlier-stage precursor.,"Flag the drive for proactive replacement in the next maintenance window, move latency-sensitive volumes off it, and check the reallocation count daily.",resolved,SSD-NVME-U2-3T84,1,1.12,3,P3,E. Johansson,normal,False
INC0104917,2026-03-21 20:27:00.000000000,2026-03-21 21:05:43.807292329,A18,A18-S6,A18-S6-DIMM,dimm,Dell,PowerEdge R760,web,dimm_reseat,correctable ECC errors after recent chassis service (54/24h),ecc_correctable_spike,Suspected DIMM seating issue after recent chassis work; reseating reduced correctable errors only temporarily.,"Reseat the DIMM and clear the SEL -- only reasonable if the host had physical service in the last 7 days. If correctable errors resume within 48 hours, escalate straight to replacement.",resolved,,0,0.65,0,P3,N. Patel,normal,False
INC0104919,2026-03-21 22:25:00.000000000,2026-03-21 23:29:36.682472705,D06,D06-S8,D06-S8-PSU,psu,Dell,PowerEdge R760,storage,psu_capacitor,PSU A5 showed ripple climbing past spec for 7 days,input_voltage_drop|output_ripple_high,"Input sag with rising output ripple on one PSU of a redundant pair -- capacitor degradation, typically 2-3 weeks before a hard trip.","Confirm the partner PSU is healthy, then hot-swap the degrading unit. In a backup window, first verify the remaining PSU can carry the backup job's peak draw.",resolved,PSU-DEL-1400W,1,1.08,1,P2,N. Patel,normal,False
INC0104920,2026-03-22 02:34:00.000000000,2026-03-22 03:05:32.211723519,D13,D13-S3,D13-S3-FAN,fan,HPE,ProLiant DL380 Gen11,storage,fan_bmc_curve,all fans in a chassis under-spinning after a BMC update,fan_rpm_drop,"BMC fan curve misconfigured after a firmware update -- fans under-spinning, not failing.",Restore the vendor thermal profile / fan curve in BMC settings; no hardware change.,resolved,,0,0.53,4,P4,K. Watanabe,normal,False
INC0105332,2026-03-23 21:32:00.000000000,2026-03-23 21:57:48.407674599,C08,C08-S7,,firmware,HPE,ProLiant DL380 Gen11,database,fw_baseline,hosts drifted from the approved BIOS baseline,config_drift,"Hosts drifted from the approved BIOS baseline, causing inconsistent power/performance settings.",Re-apply the golden BIOS profile from the management server.,resolved,,0,0.43,4,P4,L. Moreau,normal,False
INC0104924,2026-03-24 02:24:00.000000000,2026-03-24 02:46:46.196055960,D14,D14-S4,D14-S4-FAN,fan,Lenovo,ThinkSystem SR650 V3,storage,fan_dust,vibration 3.9 mm/s with a dusty intake filter,fan_vibration,Dust accumulation / imbalance causing vibration; fan otherwise healthy.,Clean the fan module and filter; replace only if vibration persists after cleaning.,resolved,,0,0.38,5,P4,P. Reyes,normal,False
INC0104922,2026-03-24 13:08:00.000000000,2026-03-24 13:42:51.665327887,D02,D02-S3,D02-S3-NIC,nic,Lenovo,ThinkSystem SR650 V3,storage,nic_sfp,port flapping and CRC counters climbing on the host side only,link_flap|crc_errors,Link flaps with rising CRC errors isolated to the host side of one port -- degrading SFP transceiver or marginal cable.,"Replace the SFP transceiver and cable together before touching the NIC. If this NIC carries an in-progress migration, fail over to the secondary port first.",resolved,SFP28-25G-SR,1,0.58,3,P2,E. Johansson,normal,False
INC0104923,2026-03-24 16:11:00.000000000,2026-03-24 16:38:07.374554097,A02,A02-S7,A02-S7-FAN,fan,Lenovo,ThinkSystem SR650 V3,web,fan_bearing,vibration rising for 4 days while fan speed fell,fan_rpm_drop|fan_vibration,Fan bearing wear: vibration rising and RPM falling at constant PWM duty -- precedes seizure.,Hot-swap the fan module (N+1 redundant) and verify the remaining fans ramp correctly during the swap.,resolved,FAN-LNV-SR650,1,0.45,5,P3,L. Moreau,normal,False
INC0104921,2026-03-24 19:50:00.000000000,2026-03-24 22:16:03.042309190,C17,C17-S4,C17-S4-DISK,disk,HPE,ProLiant DL380 Gen11,database,disk_media_wear,SMART reallocated sectors rose to 16 with pending sectors climbing,reallocated_sectors|pending_sectors|smart_read_error_rate,Drive media degradation: reallocated and pending sector counts rising steadily -- the pattern that preceded hard read failures in prior incidents.,"Drain the replica / rebuild the RAID member onto a healthy drive, then hot-swap the drive. Do not wait for a hard failure if a backup or replication job is currently reading from it.",resolved,SSD-NVME-U2-3T84,1,2.43,0,P2,K. Watanabe,normal,False
INC0104925,2026-03-24 23:44:00.000000000,2026-03-24 23:56:41.429124820,A20,A20-S7,A20-S7-FAN,fan,Lenovo,ThinkSystem SR650 V3,web,fan_bearing,fan down to 4375 RPM at the same PWM duty with vibration 4.8 mm/s,fan_rpm_drop|fan_vibration,Fan bearing wear: vibration rising and RPM falling at constant PWM duty -- precedes seizure.,Hot-swap the fan module (N+1 redundant) and verify the remaining fans ramp correctly during the swap.,resolved,FAN-LNV-SR650,1,0.21,0,P3,D. Haddad,normal,False
INC0105334,2026-03-25 00:23:00.000000000,2026-03-25 01:01:18.235284210,E09,E09-S2,,cabling,HPE,ProLiant DL380a Gen11,ai,cable_mispatch,VLAN mismatch and flaps after a server was re-patched during migration,link_flap,"Server patched to the wrong ToR port during migration, causing VLAN mismatch and flaps.",Correct the patching per the cable plan and update the DCIM port mapping.,resolved,,0,0.64,0,P2,T. Novak,dr_failover,False
INC0104928,2026-03-25 07:05:00.000000000,2026-03-25 10:27:48.718830933,E13,E13-S2,E13-S2-DIMM,dimm,Lenovo,ThinkSystem SR675 V3,ai,dimm_ue_crash,uncorrectable memory error forced a kernel panic,ecc_uncorrectable,Uncorrectable ECC error caused a host crash; module confirmed failed by vendor diagnostics.,"Replace the RDIMM immediately, run vendor memory diagnostics after replacement, and review the crash dump to rule out a CPU memory-controller fault.",resolved,MEM-DDR5-64G-4800,1,3.38,0,P1,E. Johansson,backup_window,True
INC0104926,2026-03-25 09:14:00.000000000,2026-03-25 09:44:46.263069696,D14,D14-S1,D14-S1-DIMM,dimm,Lenovo,ThinkSystem SR650 V3,storage,dimm_airflow,memory running hot (30.7 C) after a cable re-dress,dimm_overtemp|ecc_correctable_spike,Missing blanking panel / cable bundle blocking airflow raised DIMM temperature and the soft-error rate.,"Restore airflow (blanking panels, clear the cable obstruction) and re-check DIMM temperature before considering replacement.",resolved,,0,0.51,0,P3,E. Johansson,normal,False
INC0105333,2026-03-25 13:57:00.000000000,2026-03-25 14:38:15.700364687,B06,B06-S3,,firmware,HPE,ProLiant DL380 Gen11,virtualization,fw_baseline,hosts drifted from the approved BIOS baseline,config_drift,"Hosts drifted from the approved BIOS baseline, causing inconsistent power/performance settings.",Re-apply the golden BIOS profile from the management server.,resolved,,0,0.69,4,P4,S. Okafor,normal,False
INC0104927,2026-03-25 23:47:00.000000000,2026-03-26 01:57:58.591140247,C15,C15-S4,C15-S4-DIMM,dimm,Lenovo,ThinkSystem SR650 V3,database,dimm_replace,BMC SEL logged a rising correctable memory error rate (57/24h) on one DIMM slot,ecc_correctable_spike|ecc_uncorrectable,Failing DRAM device on the RDIMM: correctable ECC rate climbed for several days before uncorrectable errors appeared -- classic cell degradation.,"Replace the RDIMM identified by the SEL slot locator. If the host is serving a migration or DR role, live-migrate or fail over workloads first; never hot-remove memory from a running host.",resolved,MEM-DDR5-64G-4800,1,2.18,0,P2,T. Novak,normal,False
INC0105335,2026-03-26 04:36:00.000000000,2026-03-26 05:14:19.824964397,E15,E15-S3,,cabling,HPE,ProLiant DL380a Gen11,ai,cable_strain,CRC errors on several ports after a rack reshuffle,crc_errors,Cable bundle strain after a rack reshuffle damaged DAC cables.,Re-dress the cabling and replace the damaged DAC cables.,resolved,CBL-DAC-25G-3M,2,0.64,4,P3,L. Moreau,normal,False
INC0104929,2026-03-26 10:42:00.000000000,2026-03-26 12:43:29.969495758,E04,E04-S3,E04-S3-DISK,disk,Lenovo,ThinkSystem SR675 V3,ai,disk_media_wear,predictive-failure flag: reallocated and pending sector counts rising for 2 days,reallocated_sectors|pending_sectors|smart_read_error_rate,Drive media degradation: reallocated and pending sector counts rising steadily -- the pattern that preceded hard read failures in prior incidents.,"Drain the replica / rebuild the RAID member onto a healthy drive, then hot-swap the drive. Do not wait for a hard failure if a backup or replication job is currently reading from it.",resolved,SSD-NVME-U2-3T84,1,2.02,2,P2,A. Kim,normal,False
INC0105336,2026-03-26 11:00:00.000000000,2026-03-26 12:28:45.381576001,C20,C20-S1,,cabling,HPE,ProLiant DL380 Gen11,database,cable_strain,CRC errors on several ports after a rack reshuffle,crc_errors,Cable bundle strain after a rack reshuffle damaged DAC cables.,Re-dress the cabling and replace the damaged DAC cables.,resolved,CBL-DAC-25G-3M,2,1.48,3,P2,E. Johansson,migration,False
INC0104930,2026-03-26 22:37:00.000000000,2026-03-26 23:23:19.572715808,B05,B05-S2,B05-S2-NIC,nic,Dell,PowerEdge R760,virtualization,nic_sfp,port flapping and CRC counters climbing on the host side only,link_flap|crc_errors,Link flaps with rising CRC errors isolated to the host side of one port -- degrading SFP transceiver or marginal cable.,"Replace the SFP transceiver and cable together before touching the NIC. If this NIC carries an in-progress migration, fail over to the secondary port first.",resolved,SFP28-25G-SR,1,0.77,1,P2,N. Patel,normal,False
INC0104933,2026-03-27 05:18:00.000000000,2026-03-27 06:06:35.385424505,C01,C01-S3,C01-S3-DISK,disk,Dell,PowerEdge R760,database,disk_early_latency,"I/O latency spiking to 10.8 ms with rising read error rate, no reallocations yet",smart_read_error_rate|latency_spike,Rising SMART read error rate with I/O latency spikes but no reallocated sectors yet -- an earlier-stage precursor.,"Flag the drive for proactive replacement in the next maintenance window, move latency-sensitive volumes off it, and check the reallocation count daily.",resolved,SSD-NVME-U2-3T84,1,0.81,2,P3,N. Patel,normal,False
INC0104935,2026-03-27 06:21:00.000000000,2026-03-27 06:44:09.573425258,E12,E12-S5,E12-S5-NIC,nic,HPE,ProLiant DL380a Gen11,ai,nic_dac,CRC errors on a DAC link after a rack re-cable,crc_errors,Damaged DAC cable (bend-radius violation) causing CRC errors.,Replace the DAC cable and re-dress it with the correct bend radius.,resolved,CBL-DAC-25G-3M,1,0.39,4,P3,S. Okafor,normal,False
INC0105337,2026-03-27 08:10:00.000000000,2026-03-27 09:17:42.164974629,A14,A14-S2,,power,Lenovo,ThinkSystem SR650 V3,web,power_phase,phase imbalance alarm on a rack PDU after server moves,input_voltage_drop,Phase imbalance on the rack PDU after server moves.,Rebalance loads across phases and update the rack power plan in DCIM.,resolved,,0,1.13,0,P3,P. Reyes,normal,False
INC0104931,2026-03-27 22:25:00.000000000,2026-03-27 22:48:03.421089747,C12,C12-S1,C12-S1-DISK,disk,Lenovo,ThinkSystem SR650 V3,database,disk_reseat,drive reseated after link resets; SMART read error rate kept rising,smart_read_error_rate,Drive reseated after link-reset errors; errors resumed within days.,Reseating is not a durable fix when the SMART read error rate keeps rising -- replace the drive.,recurred,,0,0.38,14,P3,D. Haddad,normal,False
INC0104934,2026-03-27 22:37:00.000000000,2026-03-27 23:29:11.114516752,E19,E19-S7,E19-S7-PSU,psu,Lenovo,ThinkSystem SR675 V3,ai,psu_fan,PSU fan down to 5697 RPM and PSU temperature 33.3 C,psu_fan_rpm_drop|psu_overtemp,Failing PSU fan bearing (not the power stage) raising PSU temperature.,"PSU fans are not field-serviceable on this platform -- replace the PSU proactively in the next maintenance window, before thermal shutdown.",resolved,PSU-GPU-2800W,1,0.87,2,P3,T. Novak,normal,False
INC0104936,2026-03-28 02:09:00.000000000,2026-03-28 04:34:17.779046925,A18,A18-S3,A18-S3-NIC,nic,Dell,PowerEdge R760,web,nic_card,packet loss of 1.08% persisted after the transceiver and cable were replaced,packet_loss|crc_errors|nic_overtemp,NIC ASIC degradation: packet loss persisted after transceiver and cable replacement; NIC temperature elevated.,Replace the NIC card in a maintenance window after failing workloads over to the redundant NIC.,resolved,NIC-OCP3-25G-DP,1,2.42,0,P2,L. Moreau,dr_failover,False
INC0104938,2026-03-29 04:37:00.000000000,2026-03-29 05:00:26.323787211,C15,C15-S2,C15-S2-FAN,fan,Lenovo,ThinkSystem SR650 V3,database,fan_bearing,fan down to 3676 RPM at the same PWM duty with vibration 4.5 mm/s,fan_rpm_drop|fan_vibration,Fan bearing wear: vibration rising and RPM falling at constant PWM duty -- precedes seizure.,Hot-swap the fan module (N+1 redundant) and verify the remaining fans ramp correctly during the swap.,resolved,FAN-LNV-SR650,1,0.39,0,P3,M. Chen,normal,False
INC0104937,2026-03-29 11:31:00.000000000,2026-03-29 13:24:08.228212542,E02,E02-S6,E02-S6-DISK,disk,Dell,PowerEdge XE8640,ai,disk_media_wear,predictive-failure flag: reallocated and pending sector counts rising for 4 days,reallocated_sectors|pending_sectors|smart_read_error_rate,Drive media degradation: reallocated and pending sector counts rising steadily -- the pattern that preceded hard read failures in prior incidents.,"Drain the replica / rebuild the RAID member onto a healthy drive, then hot-swap the drive. Do not wait for a hard failure if a backup or replication job is currently reading from it.",resolved,SSD-NVME-U2-3T84,1,1.89,2,P2,R. Singh,normal,False
INC0104943,2026-03-31 00:22:00.000000000,2026-03-31 01:09:28.685435996,B18,B18-S4,B18-S4-DIMM,dimm,HPE,ProLiant DL380 Gen11,virtualization,dimm_airflow,DIMM temperature 32.2 C with rising correctable errors,dimm_overtemp|ecc_correctable_spike,Missing blanking panel / cable bundle blocking airflow raised DIMM temperature and the soft-error rate.,"Restore airflow (blanking panels, clear the cable obstruction) and re-check DIMM temperature before considering replacement.",resolved,,0,0.79,0,P3,E. Johansson,normal,False
INC0104946,2026-03-31 00:35:00.000000000,2026-03-31 01:06:10.327510840,D14,D14-S6,D14-S6-PSU,psu,Lenovo,ThinkSystem SR650 V3,storage,psu_capacitor,input voltage sagging to 201.6 V with output ripple at 58 mV on one PSU,input_voltage_drop|output_ripple_high,"Input sag with rising output ripple on one PSU of a redundant pair -- capacitor degradation, typically 2-3 weeks before a hard trip.","Confirm the partner PSU is healthy, then hot-swap the degrading unit. In a backup window, first verify the remaining PSU can carry the backup job's peak draw.",resolved,PSU-LNV-1100W,1,0.52,2,P2,D. Haddad,normal,False
INC0104941,2026-03-31 00:38:00.000000000,2026-03-31 05:27:43.781332201,E20,E20-S4,E20-S4-DIMM,dimm,Dell,PowerEdge XE8640,ai,dimm_imc,errors followed the slot after the DIMM was swapped to another channel,ecc_uncorrectable|ecc_correctable_spike,"Errors followed the CPU socket, not the DIMM -- integrated memory controller fault.","Move the DIMM to a different channel as a test; if errors follow the slot/socket, escalate to vendor for CPU or motherboard replacement.",resolved,,0,4.83,0,P2,E. Johansson,normal,False
INC0104945,2026-03-31 06:43:00.000000000,2026-03-31 07:42:35.709184425,E07,E07-S7,E07-S7-DISK,disk,Lenovo,ThinkSystem SR675 V3,ai,disk_early_latency,read error rate creeping up and latency spikes on one drive,smart_read_error_rate|latency_spike,Rising SMART read error rate with I/O latency spikes but no reallocated sectors yet -- an earlier-stage precursor.,"Flag the drive for proactive replacement in the next maintenance window, move latency-sensitive volumes off it, and check the reallocation count daily.",resolved,SSD-NVME-U2-3T84,1,0.99,4,P3,S. Okafor,normal,False
INC0104947,2026-03-31 10:43:00.000000000,2026-03-31 12:27:53.246648475,D08,D08-S7,D08-S7-NIC,nic,Lenovo,ThinkSystem SR650 V3,storage,nic_card,packet loss of 1.33% persisted after the transceiver and cable were replaced,packet_loss|crc_errors|nic_overtemp,NIC ASIC degradation: packet loss persisted after transceiver and cable replacement; NIC temperature elevated.,Replace the NIC card in a maintenance window after failing workloads over to the redundant NIC.,recurred,NIC-OCP3-25G-DP,1,1.75,46,P2,E. Johansson,dr_failover,False
INC0104939,2026-03-31 14:24:00.000000000,2026-03-31 15:22:11.865909138,D05,D05-S3,D05-S3-DIMM,dimm,Lenovo,ThinkSystem SR650 V3,storage,dimm_reseat,correctable ECC errors after recent chassis service (39/24h),ecc_correctable_spike,Suspected DIMM seating issue after recent chassis work; reseating reduced correctable errors only temporarily.,"Reseat the DIMM and clear the SEL -- only reasonable if the host had physical service in the last 7 days. If correctable errors resume within 48 hours, escalate straight to replacement.",recurred,,0,0.97,0,P3,R. Singh,normal,False
INC0104944,2026-03-31 15:08:00.000000000,2026-03-31 15:57:04.956070541,D07,D07-S4,D07-S4-DIMM,dimm,HPE,ProLiant DL380 Gen11,storage,dimm_airflow,memory running hot (30.7 C) after a cable re-dress,dimm_overtemp|ecc_correctable_spike,Missing blanking panel / cable bundle blocking airflow raised DIMM temperature and the soft-error rate.,"Restore airflow (blanking panels, clear the cable obstruction) and re-check DIMM temperature before considering replacement.",resolved,,0,0.82,17,P3,K. Watanabe,normal,False
INC0104932,2026-03-31 18:28:00.485848347,2026-03-31 20:01:17.171497026,C12,C12-S1,C12-S1-DISK,disk,Lenovo,ThinkSystem SR650 V3,database,disk_media_wear,Recurrence of INC0104931: SMART reallocated sectors rose to 80 with pending sectors climbing,reallocated_sectors|pending_sectors|smart_read_error_rate,Drive media degradation: reallocated and pending sector counts rising steadily -- the pattern that preceded hard read failures in prior incidents.,"Drain the replica / rebuild the RAID member onto a healthy drive, then hot-swap the drive. Do not wait for a hard failure if a backup or replication job is currently reading from it.",resolved,SSD-NVME-U2-3T84,1,1.55,0,P2,K. Watanabe,normal,False
INC0104949,2026-03-31 21:17:00.000000000,2026-03-31 21:56:21.419024418,A06,A06-S8,A06-S8-NIC,nic,Dell,PowerEdge R760,web,nic_driver_reset,link flaps blamed on the driver; flaps returned within a day of a driver reset,link_flap|crc_errors,Flaps attributed to a driver issue; a driver reset was applied but flaps returned within 24 hours (a physical-layer signature).,A driver reset is not sufficient when CRC errors are rising -- treat it as a physical-layer fault and replace the transceiver and cable.,resolved,,0,0.66,25,P3,S. Okafor,normal,False
INC0104942,2026-03-31 22:36:00.000000000,2026-03-31 23:59:45.596211297,B05,B05-S1,B05-S1-DIMM,dimm,Dell,PowerEdge R760,virtualization,dimm_ppr,ECC errors isolated to one DRAM row on slot E8,ecc_correctable_spike,Isolated single-row fault on one DRAM device; errors confined to one address range.,Schedule a reboot with Post Package Repair (PPR) enabled in BIOS to remap the faulty row; watch the correctable-error rate for 72 hours and replace the DIMM if it recurs.,resolved,,0,1.4,37,P3,N. Patel,normal,False
INC0104951,2026-04-01 05:30:00.000000000,2026-04-01 06:57:45.156618317,E08,E08-S7,E08-S7-PSU,psu,Dell,PowerEdge XE8640,ai,psu_pdu_feed,both PSUs on the same feed reported low input voltage (200.3 V),input_voltage_drop,"Voltage sag traced to the upstream PDU outlet/whip, not the PSU (both PSUs on that feed showed it).",Move the PSU cord to a healthy outlet on the correct A/B feed and open a facilities ticket for the PDU circuit -- do not replace the PSU.,resolved,,0,1.46,54,P2,D. Haddad,normal,False
INC0104952,2026-04-01 11:24:00.000000000,2026-04-01 11:59:31.680049105,E07,E07-S4,E07-S4-FAN,fan,Lenovo,ThinkSystem SR675 V3,ai,fan_bearing,vibration rising for 7 days while fan speed fell,fan_rpm_drop|fan_vibration,Fan bearing wear: vibration rising and RPM falling at constant PWM duty -- precedes seizure.,Hot-swap the fan module (N+1 redundant) and verify the remaining fans ramp correctly during the swap.,resolved,FAN-GPU-HP80,1,0.59,5,P3,K. Watanabe,normal,False
INC0104950,2026-04-01 17:58:00.000000000,2026-04-01 18:51:02.287148744,A04,A04-S7,A04-S7-DISK,disk,HPE,ProLiant DL380 Gen11,web,disk_overtemp,drive temperature 30.1 C and thermal throttling,disk_overtemp|latency_spike,"Drive overheating because a drive-cage fan failed, causing thermal throttling.",Replace the failed drive-cage fan first; drive temperature and latency normalize without replacing the drive.,resolved,FAN-HPE-DL380,1,0.88,2,P3,T. Novak,normal,False
INC0104940,2026-04-02 02:31:18.852986134,2026-04-02 05:16:18.045264693,D05,D05-S3,D05-S3-DIMM,dimm,Lenovo,ThinkSystem SR650 V3,storage,dimm_replace,"Recurrence of INC0104939: correctable ECC count climbed from single digits to 21 per day, then uncorrectable errors appeared",ecc_correctable_spike|ecc_uncorrectable,Failing DRAM device on the RDIMM: correctable ECC rate climbed for several days before uncorrectable errors appeared -- classic cell degradation.,"Replace the RDIMM identified by the SEL slot locator. If the host is serving a migration or DR role, live-migrate or fail over workloads first; never hot-remove memory from a running host.",resolved,MEM-DDR5-64G-4800,1,2.75,0,P2,D. Haddad,normal,False
INC0104948,2026-04-02 03:42:32.766477754,2026-04-02 05:18:00.269692401,D08,D08-S7,D08-S7-NIC,nic,Lenovo,ThinkSystem SR650 V3,storage,nic_card,Recurrence of INC0104947: packet loss of 1.02% persisted after the transceiver and cable were replaced,packet_loss|crc_errors|nic_overtemp,NIC ASIC degradation: packet loss persisted after transceiver and cable replacement; NIC temperature elevated.,Replace the NIC card in a maintenance window after failing workloads over to the redundant NIC.,resolved,NIC-OCP3-25G-DP,1,1.59,58,P2,J. Alvarez,dr_failover,False
INC0104953,2026-04-02 08:31:00.000000000,2026-04-02 09:22:58.453547845,D01,D01-S4,D01-S4-NIC,nic,HPE,ProLiant DL380 Gen11,storage,nic_airflow,NIC temperature 35.9 C behind a dense cable bundle,nic_overtemp|packet_loss,NIC overheating because airflow is blocked behind a rear cable bundle.,Re-dress rear cabling to clear the NIC airflow path and verify the temperature drops.,resolved,,0,0.87,0,P3,J. Alvarez,normal,False
INC0105338,2026-04-03 06:31:00.000000000,2026-04-03 06:56:29.876972410,A11,A11-S3,,thermal,Lenovo,ThinkSystem SR650 V3,web,thermal_containment,hot-aisle containment door propped open during maintenance,inlet_overtemp,Hot-aisle containment door left open during maintenance.,Close/repair the containment door and add a door-open alarm to the BMS.,resolved,,0,0.42,4,P3,P. Reyes,normal,False
INC0104954,2026-04-03 15:46:00.000000000,2026-04-03 16:18:27.484176540,C09,C09-S4,C09-S4-PSU,psu,Lenovo,ThinkSystem SR650 V3,database,psu_efficiency,PSU efficiency down to 86.4% with rising temperature,psu_efficiency_drop|psu_overtemp,PSU efficiency dropping (more heat per watt delivered) -- aging power stage.,Replace the PSU proactively; the efficiency loss adds rack heat load and precedes failure.,resolved,PSU-LNV-1100W,1,0.54,0,P2,P. Reyes,dr_failover,False
INC0104956,2026-04-04 06:31:00.000000000,2026-04-04 07:03:53.137814885,B10,B10-S7,B10-S7-FAN,fan,Lenovo,ThinkSystem SR650 V3,virtualization,fan_bearing,vibration rising for 2 days while fan speed fell,fan_rpm_drop|fan_vibration,Fan bearing wear: vibration rising and RPM falling at constant PWM duty -- precedes seizure.,Hot-swap the fan module (N+1 redundant) and verify the remaining fans ramp correctly during the swap.,resolved,FAN-LNV-SR650,1,0.55,4,P3,L. Moreau,normal,False
INC0104955,2026-04-04 12:40:00.000000000,2026-04-04 13:10:32.007463499,A03,A03-S3,A03-S3-FAN,fan,Dell,PowerEdge R760,web,fan_current,fan motor current up to 1.44 A to hold speed,fan_current_rise|fan_rpm_drop,Motor current rising to hold RPM -- winding or bearing degradation.,Replace the fan module proactively; the current rise precedes failure by days.,resolved,FAN-DEL-R760,1,0.51,3,P3,D. Haddad,normal,False
INC0105339,2026-04-04 18:24:00.000000000,2026-04-04 20:21:21.679980693,B04,B04-S8,,thermal,Lenovo,ThinkSystem SR650 V3,virtualization,thermal_tiles,high-density racks starved of cold air after new GPU servers were installed,inlet_overtemp|hot_spot,Perforated tile layout not matched to rack load after high-density servers were added.,Rebalance perforated tiles and add high-flow grates in front of high-density racks.,resolved,,0,1.96,0,P3,R. Singh,normal,False
INC0105340,2026-04-05 01:17:00.000000000,2026-04-05 02:07:11.845747341,B08,B08-S1,,thermal,Dell,PowerEdge R760,virtualization,thermal_blanking,"inlet 31.2 C on top-of-rack servers, hot-air recirculation through empty U spaces",inlet_overtemp|hot_air_recirculation,Missing blanking panels allowed hot-aisle air to recirculate into server inlets.,Install blanking panels in every empty U position and confirm inlet temperatures drop within the hour.,resolved,,0,0.84,4,P3,T. Novak,normal,False
INC0104959,2026-04-05 05:44:00.000000000,2026-04-05 07:29:39.713464947,E14,E14-S2,E14-S2-NIC,nic,Dell,PowerEdge XE8640,ai,nic_card,packet loss of 1.6% persisted after the transceiver and cable were replaced,packet_loss|crc_errors|nic_overtemp,NIC ASIC degradation: packet loss persisted after transceiver and cable replacement; NIC temperature elevated.,Replace the NIC card in a maintenance window after failing workloads over to the redundant NIC.,recurred,NIC-CX7-100G-DP,1,1.76,77,P2,T. Novak,normal,True
INC0104957,2026-04-05 11:31:00.000000000,2026-04-05 14:06:25.471028109,D01,D01-S2,D01-S2-DIMM,dimm,HPE,ProLiant DL380 Gen11,storage,dimm_ue_crash,uncorrectable memory error forced a kernel panic,ecc_uncorrectable,Uncorrectable ECC error caused a host crash; module confirmed failed by vendor diagnostics.,"Replace the RDIMM immediately, run vendor memory diagnostics after replacement, and review the crash dump to rule out a CPU memory-controller fault.",resolved,MEM-DDR5-64G-4800,1,2.59,79,P1,J. Alvarez,maintenance_window,True
INC0105341,2026-04-05 17:13:00.000000000,2026-04-05 18:41:36.681970865,B11,B11-S1,,thermal,Dell,PowerEdge R760,virtualization,thermal_blanking,"inlet 33.4 C on top-of-rack servers, hot-air recirculation through empty U spaces",inlet_overtemp|hot_air_recirculation,Missing blanking panels allowed hot-aisle air to recirculate into server inlets.,Install blanking panels in every empty U position and confirm inlet temperatures drop within the hour.,resolved,,0,1.48,2,P3,R. Singh,normal,False
INC0104958,2026-04-05 22:24:00.000000000,2026-04-05 22:52:46.415160307,B03,B03-S5,B03-S5-NIC,nic,HPE,ProLiant DL380 Gen11,virtualization,nic_dac,CRC errors on a DAC link after a rack re-cable,crc_errors,Damaged DAC cable (bend-radius violation) causing CRC errors.,Replace the DAC cable and re-dress it with the correct bend radius.,resolved,CBL-DAC-25G-3M,1,0.48,4,P3,A. Kim,normal,False
INC0104965,2026-04-06 06:17:00.000000000,2026-04-06 06:49:20.664185845,B15,B15-S2,B15-S2-FAN,fan,HPE,ProLiant DL380 Gen11,virtualization,fan_current,fan motor current up to 1.52 A to hold speed,fan_current_rise|fan_rpm_drop,Motor current rising to hold RPM -- winding or bearing degradation.,Replace the fan module proactively; the current rise precedes failure by days.,recurred,FAN-HPE-DL380,1,0.54,5,P2,R. Singh,dr_failover,False
INC0104964,2026-04-06 08:02:00.000000000,2026-04-06 09:24:22.333037824,D19,D19-S4,D19-S4-DISK,disk,HPE,ProLiant DL380 Gen11,storage,disk_early_latency,"I/O latency spiking to 12.1 ms with rising read error rate, no reallocations yet",smart_read_error_rate|latency_spike,Rising SMART read error rate with I/O latency spikes but no reallocated sectors yet -- an earlier-stage precursor.,"Flag the drive for proactive replacement in the next maintenance window, move latency-sensitive volumes off it, and check the reallocation count daily.",resolved,HDD-SAS-12T,1,1.37,3,P3,L. Moreau,normal,False
INC0104961,2026-04-06 20:28:00.000000000,2026-04-06 22:06:12.563845460,C10,C10-S8,C10-S8-DIMM,dimm,Dell,PowerEdge R760,database,dimm_replace,"correctable ECC count climbed from single digits to 33 per day, then uncorrectable errors appeared",ecc_correctable_spike|ecc_uncorrectable,Failing DRAM device on the RDIMM: correctable ECC rate climbed for several days before uncorrectable errors appeared -- classic cell degradation.,"Replace the RDIMM identified by the SEL slot locator. If the host is serving a migration or DR role, live-migrate or fail over workloads first; never hot-remove memory from a running host.",resolved,MEM-DDR5-64G-4800,1,1.64,0,P2,D. Haddad,backup_window,False
INC0105342,2026-04-06 21:41:00.000000000,2026-04-06 22:21:58.787807753,A03,A03-S6,,power,Dell,PowerEdge R760,web,power_cap,CPU throttling across a rack during the nightly backup window,cpu_throttle,Rack power capping triggered CPU throttling during the backup window.,Adjust the power-cap policy and stagger backup jobs across racks.,resolved,,0,0.68,0,P3,A. Kim,maintenance_window,False
INC0104962,2026-04-06 22:44:00.000000000,2026-04-06 23:19:39.324817078,A17,A17-S6,A17-S6-DISK,disk,Lenovo,ThinkSystem SR650 V3,web,disk_reseat,drive reseated after link resets; SMART read error rate kept rising,smart_read_error_rate,Drive reseated after link-reset errors; errors resumed within days.,Reseating is not a durable fix when the SMART read error rate keeps rising -- replace the drive.,recurred,,0,0.59,19,P3,T. Novak,normal,False
INC0104969,2026-04-07 00:29:00.000000000,2026-04-07 00:52:15.375552162,B04,B04-S6,B04-S6-FAN,fan,Lenovo,ThinkSystem SR650 V3,virtualization,fan_bearing,fan down to 5881 RPM at the same PWM duty with vibration 5.9 mm/s,fan_rpm_drop|fan_vibration,Fan bearing wear: vibration rising and RPM falling at constant PWM duty -- precedes seizure.,Hot-swap the fan module (N+1 redundant) and verify the remaining fans ramp correctly during the swap.,resolved,FAN-LNV-SR650,1,0.39,2,P3,A. Kim,normal,False
INC0104968,2026-04-07 09:26:00.000000000,2026-04-07 10:10:01.784071929,C16,C16-S1,C16-S1-NIC,nic,Dell,PowerEdge R760,database,nic_dac,CRC errors on a DAC link after a rack re-cable,crc_errors,Damaged DAC cable (bend-radius violation) causing CRC errors.,Replace the DAC cable and re-dress it with the correct bend radius.,resolved,CBL-DAC-25G-3M,1,0.73,4,P3,A. Kim,normal,False
INC0104967,2026-04-07 14:02:00.000000000,2026-04-07 16:21:35.956034873,B04,B04-S7,B04-S7-DISK,disk,Lenovo,ThinkSystem SR650 V3,virtualization,disk_media_wear,predictive-failure flag: reallocated and pending sector counts rising for 9 days,reallocated_sectors|pending_sectors|smart_read_error_rate,Drive media degradation: reallocated and pending sector counts rising steadily -- the pattern that preceded hard read failures in prior incidents.,"Drain the replica / rebuild the RAID member onto a healthy drive, then hot-swap the drive. Do not wait for a hard failure if a backup or replication job is currently reading from it.",resolved,SSD-NVME-U2-3T84,1,2.33,4,P2,D. Haddad,normal,False
INC0104966,2026-04-08 05:02:33.395381387,2026-04-08 05:36:46.087025691,B15,B15-S2,B15-S2-FAN,fan,HPE,ProLiant DL380 Gen11,virtualization,fan_current,Recurrence of INC0104965: fan motor current up to 1.27 A to hold speed,fan_current_rise|fan_rpm_drop,Motor current rising to hold RPM -- winding or bearing degradation.,Replace the fan module proactively; the current rise precedes failure by days.,resolved,FAN-HPE-DL380,1,0.57,2,P2,J. Alvarez,dr_failover,False
INC0104970,2026-04-08 08:54:00.000000000,2026-04-08 09:15:06.737815847,E16,E16-S2,E16-S2-FAN,fan,Lenovo,ThinkSystem SR675 V3,ai,fan_bmc_curve,all fans in a chassis under-spinning after a BMC update,fan_rpm_drop,"BMC fan curve misconfigured after a firmware update -- fans under-spinning, not failing.",Restore the vendor thermal profile / fan curve in BMC settings; no hardware change.,resolved,,0,0.35,3,P4,P. Reyes,normal,False
INC0104960,2026-04-08 14:41:23.681770026,2026-04-08 15:42:06.148987604,E14,E14-S2,E14-S2-NIC,nic,Dell,PowerEdge XE8640,ai,nic_card,Recurrence of INC0104959: packet loss of 1.19% persisted after the transceiver and cable were replaced,packet_loss|crc_errors|nic_overtemp,NIC ASIC degradation: packet loss persisted after transceiver and cable replacement; NIC temperature elevated.,Replace the NIC card in a maintenance window after failing workloads over to the redundant NIC.,resolved,NIC-CX7-100G-DP,1,1.01,0,P2,D. Haddad,normal,False
INC0105343,2026-04-08 17:08:00.000000000,2026-04-08 17:40:27.991514691,A20,A20-S4,,firmware,Lenovo,ThinkSystem SR650 V3,web,fw_bmc_hang,telemetry gaps: BMC unresponsive to Redfish and IPMI,bmc_unresponsive,BMC firmware memory leak causing an unresponsive management controller (telemetry gaps).,"Reset the BMC (host unaffected), then roll out the fixed BMC firmware in a rolling window.",recurred,,0,0.54,1,P3,A. Kim,normal,False
INC0104975,2026-04-09 01:32:00.000000000,2026-04-09 03:41:39.876719170,E01,E01-S5,E01-S5-NIC,nic,Lenovo,ThinkSystem SR675 V3,ai,nic_card,packet loss of 0.42% persisted after the transceiver and cable were replaced,packet_loss|crc_errors|nic_overtemp,NIC ASIC degradation: packet loss persisted after transceiver and cable replacement; NIC temperature elevated.,Replace the NIC card in a maintenance window after failing workloads over to the redundant NIC.,resolved,NIC-CX7-100G-DP,1,2.16,0,P2,P. Reyes,normal,False
INC0104971,2026-04-09 09:04:00.000000000,2026-04-09 09:54:45.532871680,E10,E10-S4,E10-S4-DIMM,dimm,Lenovo,ThinkSystem SR675 V3,ai,dimm_reseat,correctable ECC errors after recent chassis service (42/24h),ecc_correctable_spike,Suspected DIMM seating issue after recent chassis work; reseating reduced correctable errors only temporarily.,"Reseat the DIMM and clear the SEL -- only reasonable if the host had physical service in the last 7 days. If correctable errors resume within 48 hours, escalate straight to replacement.",recurred,,0,0.85,24,P3,N. Patel,maintenance_window,False
INC0104973,2026-04-09 12:15:00.000000000,2026-04-09 13:11:25.417109928,B02,B02-S6,B02-S6-PSU,psu,Dell,PowerEdge R760,virtualization,psu_capacitor,input voltage sagging to 201.4 V with output ripple at 49 mV on one PSU,input_voltage_drop|output_ripple_high,"Input sag with rising output ripple on one PSU of a redundant pair -- capacitor degradation, typically 2-3 weeks before a hard trip.","Confirm the partner PSU is healthy, then hot-swap the degrading unit. In a backup window, first verify the remaining PSU can carry the backup job's peak draw.",resolved,PSU-DEL-1400W,1,0.94,1,P2,P. Reyes,normal,False
INC0104974,2026-04-09 22:28:00.000000000,2026-04-09 23:22:33.190523461,C18,C18-S6,C18-S6-PSU,psu,Lenovo,ThinkSystem SR650 V3,database,psu_capacitor,PSU E5 showed ripple climbing past spec for 3 days,input_voltage_drop|output_ripple_high,"Input sag with rising output ripple on one PSU of a redundant pair -- capacitor degradation, typically 2-3 weeks before a hard trip.","Confirm the partner PSU is healthy, then hot-swap the degrading unit. In a backup window, first verify the remaining PSU can carry the backup job's peak draw.",resolved,PSU-LNV-1100W,1,0.91,4,P2,R. Singh,normal,False
INC0104977,2026-04-10 00:20:00.000000000,2026-04-10 00:39:51.293246246,B19,B19-S4,B19-S4-PSU,psu,Lenovo,ThinkSystem SR650 V3,virtualization,psu_reseat,PSU reseated after an 'input lost' alarm; the alarm returned,input_voltage_drop,PSU reseated after an input-lost alarm; the alarm recurred.,"Reseating a PSU with repeated input-lost events is not durable -- check the cord and PDU outlet, then replace the PSU if the feed is healthy.",recurred,,0,0.33,0,P3,M. Chen,normal,False
INC0105344,2026-04-10 08:44:49.522323381,2026-04-10 09:03:57.944862070,A20,A20-S4,,firmware,Lenovo,ThinkSystem SR650 V3,web,fw_bmc_hang,Recurrence of INC0105343: telemetry gaps: BMC unresponsive to Redfish and IPMI,bmc_unresponsive,BMC firmware memory leak causing an unresponsive management controller (telemetry gaps).,"Reset the BMC (host unaffected), then roll out the fixed BMC firmware in a rolling window.",resolved,,0,0.32,1,P3,P. Reyes,normal,False
INC0104976,2026-04-10 08:59:00.000000000,2026-04-10 10:46:07.474957481,E15,E15-S2,E15-S2-DISK,disk,HPE,ProLiant DL380a Gen11,ai,disk_media_wear,predictive-failure flag: reallocated and pending sector counts rising for 8 days,reallocated_sectors|pending_sectors|smart_read_error_rate,Drive media degradation: reallocated and pending sector counts rising steadily -- the pattern that preceded hard read failures in prior incidents.,"Drain the replica / rebuild the RAID member onto a healthy drive, then hot-swap the drive. Do not wait for a hard failure if a backup or replication job is currently reading from it.",resolved,SSD-NVME-U2-3T84,1,1.79,4,P2,M. Chen,normal,False
INC0105345,2026-04-10 12:41:00.000000000,2026-04-10 13:38:31.554158089,D02,D02-S6,,firmware,Lenovo,ThinkSystem SR650 V3,storage,sec_brute_force,67 failed BMC logins in 24 hours from one internal address,auth_failures,Repeated failed BMC logins from an internal scanner misconfigured with stale credentials.,"Block the source on the management-VLAN ACL, rotate BMC credentials, and correct the scanner configuration.",resolved,,0,0.96,5,P2,E. Johansson,normal,False
INC0104963,2026-04-11 12:11:08.876981846,2026-04-11 13:43:54.729154839,A17,A17-S6,A17-S6-DISK,disk,Lenovo,ThinkSystem SR650 V3,web,disk_media_wear,Recurrence of INC0104962: SMART reallocated sectors rose to 26 with pending sectors climbing,reallocated_sectors|pending_sectors|smart_read_error_rate,Drive media degradation: reallocated and pending sector counts rising steadily -- the pattern that preceded hard read failures in prior incidents.,"Drain the replica / rebuild the RAID member onto a healthy drive, then hot-swap the drive. Do not wait for a hard failure if a backup or replication job is currently reading from it.",resolved,SSD-NVME-U2-3T84,1,1.55,4,P2,M. Chen,normal,False
INC0104979,2026-04-11 22:05:00.000000000,2026-04-11 23:07:47.841231306,C14,C14-S8,C14-S8-PSU,psu,HPE,ProLiant DL380 Gen11,database,psu_capacitor,input voltage sagging to 202.1 V with output ripple at 55 mV on one PSU,input_voltage_drop|output_ripple_high,"Input sag with rising output ripple on one PSU of a redundant pair -- capacitor degradation, typically 2-3 weeks before a hard trip.","Confirm the partner PSU is healthy, then hot-swap the degrading unit. In a backup window, first verify the remaining PSU can carry the backup job's peak draw.",resolved,PSU-HPE-1600W,1,1.05,2,P2,K. Watanabe,normal,False
INC0104978,2026-04-12 01:49:09.437914479,2026-04-12 02:22:23.857396191,B19,B19-S4,B19-S4-PSU,psu,Lenovo,ThinkSystem SR650 V3,virtualization,psu_capacitor,Recurrence of INC0104977: input voltage sagging to 202.5 V with output ripple at 66 mV on one PSU,input_voltage_drop|output_ripple_high,"Input sag with rising output ripple on one PSU of a redundant pair -- capacitor degradation, typically 2-3 weeks before a hard trip.","Confirm the partner PSU is healthy, then hot-swap the degrading unit. In a backup window, first verify the remaining PSU can carry the backup job's peak draw.",resolved,PSU-LNV-1100W,1,0.55,0,P2,A. Kim,normal,False
INC0104981,2026-04-12 05:33:00.000000000,2026-04-12 06:23:33.219260753,E08,E08-S2,E08-S2-PSU,psu,Dell,PowerEdge XE8640,ai,psu_pdu_feed,both PSUs on the same feed reported low input voltage (202.8 V),input_voltage_drop,"Voltage sag traced to the upstream PDU outlet/whip, not the PSU (both PSUs on that feed showed it).",Move the PSU cord to a healthy outlet on the correct A/B feed and open a facilities ticket for the PDU circuit -- do not replace the PSU.,recurred,,0,0.84,0,P2,J. Alvarez,normal,False
INC0104980,2026-04-12 17:26:00.000000000,2026-04-12 18:21:35.536487509,E19,E19-S8,E19-S8-DISK,disk,Lenovo,ThinkSystem SR675 V3,ai,disk_early_latency,"I/O latency spiking to 7.6 ms with rising read error rate, no reallocations yet",smart_read_error_rate|latency_spike,Rising SMART read error rate with I/O latency spikes but no reallocated sectors yet -- an earlier-stage precursor.,"Flag the drive for proactive replacement in the next maintenance window, move latency-sensitive volumes off it, and check the reallocation count daily.",resolved,SSD-NVME-U2-3T84,1,0.93,0,P3,D. Haddad,normal,False
INC0104972,2026-04-12 20:51:13.876972193,2026-04-12 22:27:51.158951451,E10,E10-S4,E10-S4-DIMM,dimm,Lenovo,ThinkSystem SR675 V3,ai,dimm_replace,Recurrence of INC0104971: memory error rate on slot A2 kept increasing over 5 days,ecc_correctable_spike|ecc_uncorrectable,Failing DRAM device on the RDIMM: correctable ECC rate climbed for several days before uncorrectable errors appeared -- classic cell degradation.,"Replace the RDIMM identified by the SEL slot locator. If the host is serving a migration or DR role, live-migrate or fail over workloads first; never hot-remove memory from a running host.",resolved,MEM-DDR5-64G-4800,1,1.61,0,P2,E. Johansson,maintenance_window,False
INC0104983,2026-04-12 22:56:00.000000000,2026-04-12 23:26:24.963251070,A13,A13-S8,A13-S8-FAN,fan,HPE,ProLiant DL380 Gen11,web,fan_bearing,vibration rising for 6 days while fan speed fell,fan_rpm_drop|fan_vibration,Fan bearing wear: vibration rising and RPM falling at constant PWM duty -- precedes seizure.,Hot-swap the fan module (N+1 redundant) and verify the remaining fans ramp correctly during the swap.,resolved,FAN-HPE-DL380,1,0.51,2,P3,M. Chen,normal,False
INC0104986,2026-04-13 02:48:00.000000000,2026-04-13 03:44:35.281153529,B13,B13-S4,B13-S4-NIC,nic,Lenovo,ThinkSystem SR650 V3,virtualization,nic_sfp,69 link flaps per day with CRC errors rising on one port,link_flap|crc_errors,Link flaps with rising CRC errors isolated to the host side of one port -- degrading SFP transceiver or marginal cable.,"Replace the SFP transceiver and cable together before touching the NIC. If this NIC carries an in-progress migration, fail over to the secondary port first.",resolved,SFP28-25G-SR,1,0.94,4,P2,A. Kim,maintenance_window,False
INC0104984,2026-04-13 03:14:00.000000000,2026-04-13 04:11:28.481251135,A15,A15-S5,A15-S5-DISK,disk,Dell,PowerEdge R760,web,disk_early_latency,"I/O latency spiking to 10.5 ms with rising read error rate, no reallocations yet",smart_read_error_rate|latency_spike,Rising SMART read error rate with I/O latency spikes but no reallocated sectors yet -- an earlier-stage precursor.,"Flag the drive for proactive replacement in the next maintenance window, move latency-sensitive volumes off it, and check the reallocation count daily.",resolved,SSD-NVME-U2-3T84,1,0.96,5,P3,A. Kim,normal,False
INC0104988,2026-04-13 07:39:00.000000000,2026-04-13 07:59:16.340122297,C08,C08-S3,C08-S3-FAN,fan,HPE,ProLiant DL380 Gen11,database,fan_bearing,vibration rising for 2 days while fan speed fell,fan_rpm_drop|fan_vibration,Fan bearing wear: vibration rising and RPM falling at constant PWM duty -- precedes seizure.,Hot-swap the fan module (N+1 redundant) and verify the remaining fans ramp correctly during the swap.,resolved,FAN-HPE-DL380,1,0.34,0,P3,E. Johansson,normal,False
INC0104985,2026-04-13 15:06:00.000000000,2026-04-13 15:34:44.444600639,A04,A04-S8,A04-S8-NIC,nic,HPE,ProLiant DL380 Gen11,web,nic_dac,CRC errors on a DAC link after a rack re-cable,crc_errors,Damaged DAC cable (bend-radius violation) causing CRC errors.,Replace the DAC cable and re-dress it with the correct bend radius.,resolved,CBL-DAC-25G-3M,1,0.48,2,P3,P. Reyes,normal,False
INC0104987,2026-04-13 22:23:00.000000000,2026-04-13 22:56:13.740646097,D20,D20-S2,D20-S2-FAN,fan,Lenovo,ThinkSystem SR650 V3,storage,fan_current,fan motor current up to 1.56 A to hold speed,fan_current_rise|fan_rpm_drop,Motor current rising to hold RPM -- winding or bearing degradation.,Replace the fan module proactively; the current rise precedes failure by days.,resolved,FAN-LNV-SR650,1,0.55,5,P3,R. Singh,normal,False
INC0104989,2026-04-14 02:00:00.000000000,2026-04-14 02:30:20.369391441,A20,A20-S5,A20-S5-DISK,disk,Lenovo,ThinkSystem SR650 V3,web,disk_reseat,drive reseated after link resets; SMART read error rate kept rising,smart_read_error_rate,Drive reseated after link-reset errors; errors resumed within days.,Reseating is not a durable fix when the SMART read error rate keeps rising -- replace the drive.,recurred,,0,0.51,0,P3,R. Singh,normal,False
INC0104992,2026-04-14 03:22:00.000000000,2026-04-14 04:14:54.445758027,A11,A11-S3,A11-S3-PSU,psu,Lenovo,ThinkSystem SR650 V3,web,psu_fan,PSU fan down to 5045 RPM and PSU temperature 30.7 C,psu_fan_rpm_drop|psu_overtemp,Failing PSU fan bearing (not the power stage) raising PSU temperature.,"PSU fans are not field-serviceable on this platform -- replace the PSU proactively in the next maintenance window, before thermal shutdown.",resolved,PSU-LNV-1100W,1,0.88,0,P3,T. Novak,normal,False
INC0104991,2026-04-14 15:14:00.000000000,2026-04-14 16:27:07.365379880,A07,A07-S1,A07-S1-PSU,psu,HPE,ProLiant DL380 Gen11,web,psu_pdu_feed,both PSUs on the same feed reported low input voltage (202.3 V),input_voltage_drop,"Voltage sag traced to the upstream PDU outlet/whip, not the PSU (both PSUs on that feed showed it).",Move the PSU cord to a healthy outlet on the correct A/B feed and open a facilities ticket for the PDU circuit -- do not replace the PSU.,resolved,,0,1.22,37,P2,J. Alvarez,normal,False
INC0104996,2026-04-15 12:43:00.000000000,2026-04-15 13:47:54.992235394,A02,A02-S7,A02-S7-NIC,nic,Lenovo,ThinkSystem SR650 V3,web,nic_card,packet loss of 1.55% persisted after the transceiver and cable were replaced,packet_loss|crc_errors|nic_overtemp,NIC ASIC degradation: packet loss persisted after transceiver and cable replacement; NIC temperature elevated.,Replace the NIC card in a maintenance window after failing workloads over to the redundant NIC.,resolved,NIC-OCP3-25G-DP,1,1.08,0,P2,R. Singh,normal,False
INC0104993,2026-04-15 14:29:00.000000000,2026-04-15 15:44:06.817353402,B16,B16-S3,B16-S3-DISK,disk,Lenovo,ThinkSystem SR650 V3,virtualization,disk_media_wear,predictive-failure flag: reallocated and pending sector counts rising for 3 days,reallocated_sectors|pending_sectors|smart_read_error_rate,Drive media degradation: reallocated and pending sector counts rising steadily -- the pattern that preceded hard read failures in prior incidents.,"Drain the replica / rebuild the RAID member onto a healthy drive, then hot-swap the drive. Do not wait for a hard failure if a backup or replication job is currently reading from it.",resolved,SSD-NVME-U2-3T84,1,1.25,2,P2,T. Novak,normal,False
INC0104994,2026-04-15 20:55:00.000000000,2026-04-15 21:43:52.694632972,C17,C17-S7,C17-S7-PSU,psu,HPE,ProLiant DL380 Gen11,database,psu_capacitor,PSU A5 showed ripple climbing past spec for 8 days,input_voltage_drop|output_ripple_high,"Input sag with rising output ripple on one PSU of a redundant pair -- capacitor degradation, typically 2-3 weeks before a hard trip.","Confirm the partner PSU is healthy, then hot-swap the degrading unit. In a backup window, first verify the remaining PSU can carry the backup job's peak draw.",resolved,PSU-HPE-1600W,1,0.81,1,P2,R. Singh,normal,False
INC0104995,2026-04-15 22:47:00.000000000,2026-04-16 00:12:44.704598885,D12,D12-S3,D12-S3-NIC,nic,Dell,PowerEdge R760,storage,nic_switch_port,"flaps visible on both ends, errors counted on the switch side",link_flap,Flaps originated on the switch side -- ToR switch port or optic fault.,"Compare counters on both ends, move to a spare ToR port and open a network ticket; no host hardware change needed.",resolved,,0,1.43,0,P3,L. Moreau,normal,False
INC0104998,2026-04-16 10:07:00.000000000,2026-04-16 10:40:59.312579417,B15,B15-S4,B15-S4-FAN,fan,HPE,ProLiant DL380 Gen11,virtualization,fan_bearing,vibration rising for 7 days while fan speed fell,fan_rpm_drop|fan_vibration,Fan bearing wear: vibration rising and RPM falling at constant PWM duty -- precedes seizure.,Hot-swap the fan module (N+1 redundant) and verify the remaining fans ramp correctly during the swap.,resolved,FAN-HPE-DL380,1,0.57,0,P3,T. Novak,normal,False
INC0104990,2026-04-16 10:39:24.548803653,2026-04-16 12:47:09.411465329,A20,A20-S5,A20-S5-DISK,disk,Lenovo,ThinkSystem SR650 V3,web,disk_media_wear,Recurrence of INC0104989: SMART reallocated sectors rose to 80 with pending sectors climbing,reallocated_sectors|pending_sectors|smart_read_error_rate,Drive media degradation: reallocated and pending sector counts rising steadily -- the pattern that preceded hard read failures in prior incidents.,"Drain the replica / rebuild the RAID member onto a healthy drive, then hot-swap the drive. Do not wait for a hard failure if a backup or replication job is currently reading from it.",resolved,SSD-NVME-U2-3T84,1,2.13,2,P2,D. Haddad,normal,False
INC0105346,2026-04-16 14:23:00.000000000,2026-04-16 22:43:29.942672359,C04,C04-S2,,thermal,Dell,PowerEdge R760,database,thermal_crac,inlet temperatures up to 30.8 C across 4 adjacent racks in one cooling zone,inlet_overtemp|hot_spot,CRAC unit compressor degradation reduced cooling capacity for its zone; inlet temperatures rose across adjacent racks.,"Open a facilities work order for the CRAC unit, temporarily raise neighbouring CRAC output, and add perforated tiles in the affected cold aisle.",resolved,,0,8.34,2,P2,P. Reyes,normal,False
INC0104997,2026-04-16 20:27:00.000000000,2026-04-16 21:56:24.536001427,C15,C15-S6,C15-S6-DIMM,dimm,Lenovo,ThinkSystem SR650 V3,database,dimm_ppr,correctable errors confined to a single row address (63/24h),ecc_correctable_spike,Isolated single-row fault on one DRAM device; errors confined to one address range.,Schedule a reboot with Post Package Repair (PPR) enabled in BIOS to remap the faulty row; watch the correctable-error rate for 72 hours and replace the DIMM if it recurs.,resolved,,0,1.49,71,P3,M. Chen,normal,True
INC0104982,2026-04-17 01:39:01.873313432,2026-04-17 03:19:11.064152458,E08,E08-S2,E08-S2-PSU,psu,Dell,PowerEdge XE8640,ai,psu_pdu_feed,Recurrence of INC0104981: both PSUs on the same feed reported low input voltage (200.6 V),input_voltage_drop,"Voltage sag traced to the upstream PDU outlet/whip, not the PSU (both PSUs on that feed showed it).",Move the PSU cord to a healthy outlet on the correct A/B feed and open a facilities ticket for the PDU circuit -- do not replace the PSU.,resolved,,0,1.67,61,P2,D. Haddad,normal,True
INC0105347,2026-04-17 10:37:00.000000000,2026-04-17 11:31:00.776356917,D13,D13-S1,,cabling,HPE,ProLiant DL380 Gen11,storage,cable_strain,CRC errors on several ports after a rack reshuffle,crc_errors,Cable bundle strain after a rack reshuffle damaged DAC cables.,Re-dress the cabling and replace the damaged DAC cables.,resolved,CBL-DAC-25G-3M,2,0.9,3,P3,N. Patel,normal,False
INC0105000,2026-04-17 16:28:00.000000000,2026-04-17 17:41:31.549868979,C07,C07-S6,C07-S6-DISK,disk,Dell,PowerEdge R760,database,disk_early_latency,"I/O latency spiking to 7.4 ms with rising read error rate, no reallocations yet",smart_read_error_rate|latency_spike,Rising SMART read error rate with I/O latency spikes but no reallocated sectors yet -- an earlier-stage precursor.,"Flag the drive for proactive replacement in the next maintenance window, move latency-sensitive volumes off it, and check the reallocation count daily.",resolved,SSD-NVME-U2-3T84,1,1.23,4,P3,D. Haddad,normal,False
INC0104999,2026-04-17 19:30:00.000000000,2026-04-17 20:19:34.248553955,E14,E14-S4,E14-S4-DIMM,dimm,Dell,PowerEdge XE8640,ai,dimm_airflow,DIMM temperature 30.7 C with rising correctable errors,dimm_overtemp|ecc_correctable_spike,Missing blanking panel / cable bundle blocking airflow raised DIMM temperature and the soft-error rate.,"Restore airflow (blanking panels, clear the cable obstruction) and re-check DIMM temperature before considering replacement.",resolved,,0,0.83,33,P3,M. Chen,normal,False
INC0105004,2026-04-18 02:08:00.000000000,2026-04-18 02:41:32.369521092,D01,D01-S8,D01-S8-FAN,fan,HPE,ProLiant DL380 Gen11,storage,fan_bmc_curve,all fans in a chassis under-spinning after a BMC update,fan_rpm_drop,"BMC fan curve misconfigured after a firmware update -- fans under-spinning, not failing.",Restore the vendor thermal profile / fan curve in BMC settings; no hardware change.,resolved,,0,0.56,0,P4,R. Singh,normal,False
INC0105001,2026-04-18 12:54:00.000000000,2026-04-18 14:19:23.678160382,D08,D08-S7,D08-S7-DISK,disk,Lenovo,ThinkSystem SR650 V3,storage,disk_media_wear,predictive-failure flag: reallocated and pending sector counts rising for 5 days,reallocated_sectors|pending_sectors|smart_read_error_rate,Drive media degradation: reallocated and pending sector counts rising steadily -- the pattern that preceded hard read failures in prior incidents.,"Drain the replica / rebuild the RAID member onto a healthy drive, then hot-swap the drive. Do not wait for a hard failure if a backup or replication job is currently reading from it.",resolved,HDD-SAS-12T,1,1.42,5,P2,R. Singh,normal,False
INC0105348,2026-04-18 14:01:00.000000000,2026-04-18 14:38:41.241625889,A16,A16-S1,,power,HPE,ProLiant DL380 Gen11,web,power_cap,CPU throttling across a rack during the nightly backup window,cpu_throttle,Rack power capping triggered CPU throttling during the backup window.,Adjust the power-cap policy and stagger backup jobs across racks.,resolved,,0,0.63,29,P3,T. Novak,normal,False
INC0105002,2026-04-18 23:32:00.000000000,2026-04-18 23:57:42.403473613,C04,C04-S6,C04-S6-DISK,disk,Dell,PowerEdge R760,database,disk_reseat,drive reseated after link resets; SMART read error rate kept rising,smart_read_error_rate,Drive reseated after link-reset errors; errors resumed within days.,Reseating is not a durable fix when the SMART read error rate keeps rising -- replace the drive.,resolved,,0,0.43,15,P3,R. Singh,normal,False
INC0105003,2026-04-18 23:53:00.000000000,2026-04-19 01:28:58.933288439,D18,D18-S8,D18-S8-NIC,nic,Dell,PowerEdge R760,storage,nic_card,packet loss of 1.05% persisted after the transceiver and cable were replaced,packet_loss|crc_errors|nic_overtemp,NIC ASIC degradation: packet loss persisted after transceiver and cable replacement; NIC temperature elevated.,Replace the NIC card in a maintenance window after failing workloads over to the redundant NIC.,resolved,NIC-OCP3-25G-DP,1,1.6,0,P2,N. Patel,normal,False
INC0105349,2026-04-19 02:09:00.000000000,2026-04-19 02:43:33.956325754,B18,B18-S4,,firmware,HPE,ProLiant DL380 Gen11,virtualization,fw_bmc_hang,telemetry gaps: BMC unresponsive to Redfish and IPMI,bmc_unresponsive,BMC firmware memory leak causing an unresponsive management controller (telemetry gaps).,"Reset the BMC (host unaffected), then roll out the fixed BMC firmware in a rolling window.",resolved,,0,0.58,3,P3,M. Chen,normal,False
INC0105006,2026-04-19 17:40:00.000000000,2026-04-19 18:06:53.640777453,D12,D12-S6,D12-S6-NIC,nic,Dell,PowerEdge R760,storage,nic_sfp,19 link flaps per day with CRC errors rising on one port,link_flap|crc_errors,Link flaps with rising CRC errors isolated to the host side of one port -- degrading SFP transceiver or marginal cable.,"Replace the SFP transceiver and cable together before touching the NIC. If this NIC carries an in-progress migration, fail over to the secondary port first.",resolved,SFP28-25G-SR,1,0.45,0,P2,K. Watanabe,normal,False
INC0105005,2026-04-19 20:55:00.000000000,2026-04-19 21:34:27.379204774,E07,E07-S4,E07-S4-PSU,psu,Lenovo,ThinkSystem SR675 V3,ai,psu_fan,PSU fan down to 3501 RPM and PSU temperature 32.5 C,psu_fan_rpm_drop|psu_overtemp,Failing PSU fan bearing (not the power stage) raising PSU temperature.,"PSU fans are not field-serviceable on this platform -- replace the PSU proactively in the next maintenance window, before thermal shutdown.",resolved,PSU-GPU-2800W,1,0.66,1,P3,L. Moreau,maintenance_window,False
INC0105009,2026-04-20 03:03:00.000000000,2026-04-20 05:28:44.908041637,A13,A13-S5,A13-S5-NIC,nic,HPE,ProLiant DL380 Gen11,web,nic_card,packet loss of 1.05% persisted after the transceiver and cable were replaced,packet_loss|crc_errors|nic_overtemp,NIC ASIC degradation: packet loss persisted after transceiver and cable replacement; NIC temperature elevated.,Replace the NIC card in a maintenance window after failing workloads over to the redundant NIC.,resolved,NIC-OCP3-25G-DP,1,2.43,0,P2,D. Haddad,normal,False
INC0105007,2026-04-20 05:00:00.000000000,2026-04-20 06:29:55.333187445,D08,D08-S1,D08-S1-DISK,disk,Lenovo,ThinkSystem SR650 V3,storage,disk_early_latency,read error rate creeping up and latency spikes on one drive,smart_read_error_rate|latency_spike,Rising SMART read error rate with I/O latency spikes but no reallocated sectors yet -- an earlier-stage precursor.,"Flag the drive for proactive replacement in the next maintenance window, move latency-sensitive volumes off it, and check the reallocation count daily.",resolved,HDD-SAS-12T,1,1.5,5,P3,K. Watanabe,normal,False
INC0105008,2026-04-20 06:03:00.000000000,2026-04-20 06:47:39.861203239,D06,D06-S5,D06-S5-PSU,psu,Dell,PowerEdge R760,storage,psu_capacitor,input voltage sagging to 200.9 V with output ripple at 47 mV on one PSU,input_voltage_drop|output_ripple_high,"Input sag with rising output ripple on one PSU of a redundant pair -- capacitor degradation, typically 2-3 weeks before a hard trip.","Confirm the partner PSU is healthy, then hot-swap the degrading unit. In a backup window, first verify the remaining PSU can carry the backup job's peak draw.",resolved,PSU-DEL-1400W,1,0.74,0,P2,E. Johansson,normal,False
INC0105011,2026-04-20 08:13:00.000000000,2026-04-20 08:40:18.844048090,A07,A07-S1,A07-S1-FAN,fan,HPE,ProLiant DL380 Gen11,web,fan_dust,vibration 4.7 mm/s with a dusty intake filter,fan_vibration,Dust accumulation / imbalance causing vibration; fan otherwise healthy.,Clean the fan module and filter; replace only if vibration persists after cleaning.,resolved,,0,0.46,3,P4,L. Moreau,normal,False
INC0105013,2026-04-20 17:50:00.000000000,2026-04-20 18:23:28.640708635,D19,D19-S1,D19-S1-FAN,fan,HPE,ProLiant DL380 Gen11,storage,fan_bearing,fan down to 5711 RPM at the same PWM duty with vibration 4.7 mm/s,fan_rpm_drop|fan_vibration,Fan bearing wear: vibration rising and RPM falling at constant PWM duty -- precedes seizure.,Hot-swap the fan module (N+1 redundant) and verify the remaining fans ramp correctly during the swap.,resolved,FAN-HPE-DL380,1,0.56,1,P2,D. Haddad,dr_failover,False
INC0105010,2026-04-20 20:04:00.000000000,2026-04-20 20:33:52.779202099,C10,C10-S5,C10-S5-FAN,fan,Dell,PowerEdge R760,database,fan_current,fan motor current up to 1.59 A to hold speed,fan_current_rise|fan_rpm_drop,Motor current rising to hold RPM -- winding or bearing degradation.,Replace the fan module proactively; the current rise precedes failure by days.,resolved,FAN-DEL-R760,1,0.5,0,P3,D. Haddad,normal,False
INC0105012,2026-04-20 23:27:00.000000000,2026-04-20 23:59:14.691090996,D20,D20-S3,D20-S3-FAN,fan,Lenovo,ThinkSystem SR650 V3,storage,fan_bearing,vibration rising for 8 days while fan speed fell,fan_rpm_drop|fan_vibration,Fan bearing wear: vibration rising and RPM falling at constant PWM duty -- precedes seizure.,Hot-swap the fan module (N+1 redundant) and verify the remaining fans ramp correctly during the swap.,resolved,FAN-LNV-SR650,1,0.54,3,P3,M. Chen,normal,False
INC0105015,2026-04-21 03:27:00.000000000,2026-04-21 05:08:10.786955139,D11,D11-S3,D11-S3-DISK,disk,Lenovo,ThinkSystem SR650 V3,storage,disk_fw_stall,periodic 30-second I/O stalls on drives of the same model,latency_spike,Drive firmware bug causing periodic latency stalls (vendor advisory) -- media healthy.,Update drive firmware in a rolling fashion; replacement is unnecessary while SMART media counters stay clean.,resolved,,0,1.69,0,P2,P. Reyes,dr_failover,False
INC0105350,2026-04-21 04:04:00.000000000,2026-04-21 04:35:57.198359256,D19,D19-S4,,cabling,HPE,ProLiant DL380 Gen11,storage,cable_strain,CRC errors on several ports after a rack reshuffle,crc_errors,Cable bundle strain after a rack reshuffle damaged DAC cables.,Re-dress the cabling and replace the damaged DAC cables.,resolved,CBL-DAC-25G-3M,2,0.53,5,P3,R. Singh,normal,False
INC0105016,2026-04-21 13:01:00.000000000,2026-04-21 13:46:04.182847662,E11,E11-S7,E11-S7-PSU,psu,Dell,PowerEdge XE8640,ai,psu_fw_ripple,spurious ripple warnings on several PSUs right after a BMC update,output_ripple_high,PSU firmware reporting spurious ripple warnings after a BMC update.,Update PSU firmware to the version paired with the current BMC and verify with a calibrated meter before replacing hardware.,resolved,,0,0.75,0,P2,J. Alvarez,migration,False
INC0105014,2026-04-21 15:12:00.000000000,2026-04-21 16:51:51.698669870,A19,A19-S5,A19-S5-DIMM,dimm,HPE,ProLiant DL380 Gen11,web,dimm_replace,BMC SEL logged a rising correctable memory error rate (41/24h) on one DIMM slot,ecc_correctable_spike|ecc_uncorrectable,Failing DRAM device on the RDIMM: correctable ECC rate climbed for several days before uncorrectable errors appeared -- classic cell degradation.,"Replace the RDIMM identified by the SEL slot locator. If the host is serving a migration or DR role, live-migrate or fail over workloads first; never hot-remove memory from a running host.",resolved,MEM-DDR5-64G-4800,1,1.66,0,P2,R. Singh,normal,False
INC0105017,2026-04-21 18:04:00.000000000,2026-04-21 18:32:18.111266923,C05,C05-S6,C05-S6-FAN,fan,HPE,ProLiant DL380 Gen11,database,fan_bearing,vibration rising for 9 days while fan speed fell,fan_rpm_drop|fan_vibration,Fan bearing wear: vibration rising and RPM falling at constant PWM duty -- precedes seizure.,Hot-swap the fan module (N+1 redundant) and verify the remaining fans ramp correctly during the swap.,recurred,FAN-HPE-DL380,1,0.47,4,P3,L. Moreau,normal,False
INC0105021,2026-04-22 12:51:00.000000000,2026-04-22 13:31:41.268092979,A19,A19-S5,A19-S5-PSU,psu,HPE,ProLiant DL380 Gen11,web,psu_fw_ripple,spurious ripple warnings on several PSUs right after a BMC update,output_ripple_high,PSU firmware reporting spurious ripple warnings after a BMC update.,Update PSU firmware to the version paired with the current BMC and verify with a calibrated meter before replacing hardware.,resolved,,0,0.68,26,P4,J. Alvarez,normal,False
INC0105023,2026-04-22 15:03:00.000000000,2026-04-22 15:34:50.413982151,A10,A10-S3,A10-S3-FAN,fan,HPE,ProLiant DL380 Gen11,web,fan_bearing,vibration rising for 9 days while fan speed fell,fan_rpm_drop|fan_vibration,Fan bearing wear: vibration rising and RPM falling at constant PWM duty -- precedes seizure.,Hot-swap the fan module (N+1 redundant) and verify the remaining fans ramp correctly during the swap.,resolved,FAN-HPE-DL380,1,0.53,3,P3,E. Johansson,normal,False
INC0105022,2026-04-22 16:22:00.000000000,2026-04-22 17:11:11.445009423,A02,A02-S8,A02-S8-NIC,nic,Lenovo,ThinkSystem SR650 V3,web,nic_switch_port,"flaps visible on both ends, errors counted on the switch side",link_flap,Flaps originated on the switch side -- ToR switch port or optic fault.,"Compare counters on both ends, move to a spare ToR port and open a network ticket; no host hardware change needed.",resolved,,0,0.82,18,P3,J. Alvarez,normal,False
INC0105020,2026-04-22 17:26:00.000000000,2026-04-22 18:32:54.445659408,C09,C09-S5,C09-S5-DISK,disk,Lenovo,ThinkSystem SR650 V3,database,disk_early_latency,"I/O latency spiking to 5.3 ms with rising read error rate, no reallocations yet",smart_read_error_rate|latency_spike,Rising SMART read error rate with I/O latency spikes but no reallocated sectors yet -- an earlier-stage precursor.,"Flag the drive for proactive replacement in the next maintenance window, move latency-sensitive volumes off it, and check the reallocation count daily.",resolved,SSD-NVME-U2-3T84,1,1.12,1,P3,P. Reyes,normal,False
INC0105019,2026-04-22 20:21:00.000000000,2026-04-22 23:14:14.384683188,B18,B18-S8,B18-S8-DIMM,dimm,HPE,ProLiant DL380 Gen11,virtualization,dimm_replace,"correctable ECC count climbed from single digits to 32 per day, then uncorrectable errors appeared",ecc_correctable_spike|ecc_uncorrectable,Failing DRAM device on the RDIMM: correctable ECC rate climbed for several days before uncorrectable errors appeared -- classic cell degradation.,"Replace the RDIMM identified by the SEL slot locator. If the host is serving a migration or DR role, live-migrate or fail over workloads first; never hot-remove memory from a running host.",resolved,MEM-DDR5-64G-4800,1,2.89,97,P2,T. Novak,normal,True
INC0105024,2026-04-23 02:47:00.000000000,2026-04-23 05:18:35.102002083,A13,A13-S6,A13-S6-DIMM,dimm,HPE,ProLiant DL380 Gen11,web,dimm_replace,memory error rate on slot F1 kept increasing over 4 days,ecc_correctable_spike|ecc_uncorrectable,Failing DRAM device on the RDIMM: correctable ECC rate climbed for several days before uncorrectable errors appeared -- classic cell degradation.,"Replace the RDIMM identified by the SEL slot locator. If the host is serving a migration or DR role, live-migrate or fail over workloads first; never hot-remove memory from a running host.",recurred,MEM-DDR5-64G-4800,1,2.53,0,P2,S. Okafor,migration,False
INC0105351,2026-04-23 06:15:00.000000000,2026-04-23 06:47:19.320801327,E14,E14-S2,,cabling,Dell,PowerEdge XE8640,ai,cable_strain,CRC errors on several ports after a rack reshuffle,crc_errors,Cable bundle strain after a rack reshuffle damaged DAC cables.,Re-dress the cabling and replace the damaged DAC cables.,resolved,CBL-DAC-25G-3M,2,0.54,3,P3,T. Novak,normal,False
INC0105027,2026-04-23 13:28:00.000000000,2026-04-23 14:40:51.656887918,C14,C14-S3,C14-S3-NIC,nic,HPE,ProLiant DL380 Gen11,database,nic_switch_port,"flaps visible on both ends, errors counted on the switch side",link_flap,Flaps originated on the switch side -- ToR switch port or optic fault.,"Compare counters on both ends, move to a spare ToR port and open a network ticket; no host hardware change needed.",resolved,,0,1.21,0,P3,M. Chen,normal,False
INC0105026,2026-04-23 13:51:00.000000000,2026-04-23 16:09:14.199091374,C11,C11-S7,C11-S7-NIC,nic,HPE,ProLiant DL380 Gen11,database,nic_card,packet loss of 0.58% persisted after the transceiver and cable were replaced,packet_loss|crc_errors|nic_overtemp,NIC ASIC degradation: packet loss persisted after transceiver and cable replacement; NIC temperature elevated.,Replace the NIC card in a maintenance window after failing workloads over to the redundant NIC.,resolved,NIC-OCP3-25G-DP,1,2.3,52,P2,J. Alvarez,normal,False
INC0105352,2026-04-24 07:20:00.000000000,2026-04-24 13:23:32.170657671,C15,C15-S7,,thermal,Lenovo,ThinkSystem SR650 V3,database,thermal_crac,inlet temperatures up to 32.8 C across 5 adjacent racks in one cooling zone,inlet_overtemp|hot_spot,CRAC unit compressor degradation reduced cooling capacity for its zone; inlet temperatures rose across adjacent racks.,"Open a facilities work order for the CRAC unit, temporarily raise neighbouring CRAC output, and add perforated tiles in the affected cold aisle.",resolved,,0,6.06,4,P2,T. Novak,normal,False
INC0105025,2026-04-24 07:32:38.780620152,2026-04-24 10:21:20.375942496,A13,A13-S6,A13-S6-DIMM,dimm,HPE,ProLiant DL380 Gen11,web,dimm_replace,Recurrence of INC0105024: BMC SEL logged a rising correctable memory error rate (21/24h) on one DIMM slot,ecc_correctable_spike|ecc_uncorrectable,Failing DRAM device on the RDIMM: correctable ECC rate climbed for several days before uncorrectable errors appeared -- classic cell degradation.,"Replace the RDIMM identified by the SEL slot locator. If the host is serving a migration or DR role, live-migrate or fail over workloads first; never hot-remove memory from a running host.",resolved,MEM-DDR5-64G-4800,1,2.81,132,P2,N. Patel,migration,True
INC0105028,2026-04-24 08:07:00.000000000,2026-04-24 09:20:36.330610613,D15,D15-S4,D15-S4-DIMM,dimm,Dell,PowerEdge R760,storage,dimm_ppr,ECC errors isolated to one DRAM row on slot F1,ecc_correctable_spike,Isolated single-row fault on one DRAM device; errors confined to one address range.,Schedule a reboot with Post Package Repair (PPR) enabled in BIOS to remap the faulty row; watch the correctable-error rate for 72 hours and replace the DIMM if it recurs.,resolved,,0,1.23,24,P3,S. Okafor,normal,False
INC0105029,2026-04-24 10:06:00.000000000,2026-04-24 14:01:37.968440042,E13,E13-S1,E13-S1-DISK,disk,Lenovo,ThinkSystem SR675 V3,ai,disk_backplane,link-reset errors that followed the bay after the drive was moved,smart_read_error_rate|latency_spike,"Intermittent errors followed the bay, not the drive -- backplane or connector fault.","Move the drive to another bay as a test; if errors follow the bay, have the vendor replace the backplane cable/backplane.",resolved,,0,3.93,107,P2,D. Haddad,normal,True
INC0105030,2026-04-24 10:18:00.000000000,2026-04-24 11:55:17.013865447,B01,B01-S7,B01-S7-NIC,nic,Lenovo,ThinkSystem SR650 V3,virtualization,nic_card,packet loss of 1.38% persisted after the transceiver and cable were replaced,packet_loss|crc_errors|nic_overtemp,NIC ASIC degradation: packet loss persisted after transceiver and cable replacement; NIC temperature elevated.,Replace the NIC card in a maintenance window after failing workloads over to the redundant NIC.,resolved,NIC-OCP3-25G-DP,1,1.62,0,P2,N. Patel,normal,False
INC0105033,2026-04-25 04:51:00.000000000,2026-04-25 05:07:35.841439315,C16,C16-S7,C16-S7-FAN,fan,Dell,PowerEdge R760,database,fan_bearing,vibration rising for 8 days while fan speed fell,fan_rpm_drop|fan_vibration,Fan bearing wear: vibration rising and RPM falling at constant PWM duty -- precedes seizure.,Hot-swap the fan module (N+1 redundant) and verify the remaining fans ramp correctly during the swap.,resolved,FAN-DEL-R760,1,0.28,0,P3,D. Haddad,normal,False
INC0105018,2026-04-25 07:38:37.628944732,2026-04-25 08:01:20.231636099,C05,C05-S6,C05-S6-FAN,fan,HPE,ProLiant DL380 Gen11,database,fan_bearing,Recurrence of INC0105017: vibration rising for 2 days while fan speed fell,fan_rpm_drop|fan_vibration,Fan bearing wear: vibration rising and RPM falling at constant PWM duty -- precedes seizure.,Hot-swap the fan module (N+1 redundant) and verify the remaining fans ramp correctly during the swap.,resolved,FAN-HPE-DL380,1,0.38,1,P3,S. Okafor,normal,False
INC0105031,2026-04-25 11:11:00.000000000,2026-04-25 12:00:00.997477512,D05,D05-S6,D05-S6-DIMM,dimm,Lenovo,ThinkSystem SR650 V3,storage,dimm_airflow,DIMM temperature 35.3 C with rising correctable errors,dimm_overtemp|ecc_correctable_spike,Missing blanking panel / cable bundle blocking airflow raised DIMM temperature and the soft-error rate.,"Restore airflow (blanking panels, clear the cable obstruction) and re-check DIMM temperature before considering replacement.",resolved,,0,0.82,0,P3,L. Moreau,normal,False
INC0105354,2026-04-25 11:16:00.000000000,2026-04-25 11:35:12.833963340,B17,B17-S4,,cabling,Dell,PowerEdge R760,virtualization,cable_mispatch,VLAN mismatch and flaps after a server was re-patched during migration,link_flap,"Server patched to the wrong ToR port during migration, causing VLAN mismatch and flaps.",Correct the patching per the cable plan and update the DCIM port mapping.,resolved,,0,0.32,0,P3,D. Haddad,normal,False
INC0105032,2026-04-25 14:15:00.000000000,2026-04-25 14:47:55.152614644,E03,E03-S5,E03-S5-PSU,psu,HPE,ProLiant DL380a Gen11,ai,psu_capacitor,input voltage sagging to 201.8 V with output ripple at 61 mV on one PSU,input_voltage_drop|output_ripple_high,"Input sag with rising output ripple on one PSU of a redundant pair -- capacitor degradation, typically 2-3 weeks before a hard trip.","Confirm the partner PSU is healthy, then hot-swap the degrading unit. In a backup window, first verify the remaining PSU can carry the backup job's peak draw.",resolved,PSU-GPU-2800W,1,0.55,4,P2,L. Moreau,normal,False
INC0105353,2026-04-25 16:35:00.000000000,2026-04-25 17:57:04.676287058,A06,A06-S8,,power,Dell,PowerEdge R760,web,power_breaker,A-feed lost for half the rack after a branch breaker trip,input_voltage_drop|power_loss,PDU branch breaker tripped under the combined load of newly added servers.,"Rebalance servers across PDU branches, reset the breaker after a load review, and keep every branch under 80% of rating.",resolved,,0,1.37,97,P1,R. Singh,backup_window,True
INC0105034,2026-04-26 01:35:00.000000000,2026-04-26 03:10:45.321540361,C12,C12-S6,C12-S6-DIMM,dimm,Lenovo,ThinkSystem SR650 V3,database,dimm_replace,"correctable ECC count climbed from single digits to 88 per day, then uncorrectable errors appeared",ecc_correctable_spike|ecc_uncorrectable,Failing DRAM device on the RDIMM: correctable ECC rate climbed for several days before uncorrectable errors appeared -- classic cell degradation.,"Replace the RDIMM identified by the SEL slot locator. If the host is serving a migration or DR role, live-migrate or fail over workloads first; never hot-remove memory from a running host.",resolved,MEM-DDR5-64G-4800,1,1.6,0,P2,D. Haddad,maintenance_window,False
INC0105038,2026-04-26 01:48:00.000000000,2026-04-26 02:12:16.920449741,D11,D11-S6,D11-S6-NIC,nic,Lenovo,ThinkSystem SR650 V3,storage,nic_driver_reset,link flaps blamed on the driver; flaps returned within a day of a driver reset,link_flap|crc_errors,Flaps attributed to a driver issue; a driver reset was applied but flaps returned within 24 hours (a physical-layer signature).,A driver reset is not sufficient when CRC errors are rising -- treat it as a physical-layer fault and replace the transceiver and cable.,recurred,,0,0.4,0,P3,L. Moreau,normal,False
INC0105037,2026-04-26 04:13:00.000000000,2026-04-26 06:24:14.726577536,B17,B17-S7,B17-S7-DISK,disk,Dell,PowerEdge R760,virtualization,disk_media_wear,SMART reallocated sectors rose to 32 with pending sectors climbing,reallocated_sectors|pending_sectors|smart_read_error_rate,Drive media degradation: reallocated and pending sector counts rising steadily -- the pattern that preceded hard read failures in prior incidents.,"Drain the replica / rebuild the RAID member onto a healthy drive, then hot-swap the drive. Do not wait for a hard failure if a backup or replication job is currently reading from it.",resolved,SSD-NVME-U2-3T84,1,2.19,4,P2,S. Okafor,normal,False
INC0105035,2026-04-26 15:18:00.000000000,2026-04-26 16:07:37.191773429,B13,B13-S1,B13-S1-DIMM,dimm,Lenovo,ThinkSystem SR650 V3,virtualization,dimm_reseat,correctable ECC errors after recent chassis service (25/24h),ecc_correctable_spike,Suspected DIMM seating issue after recent chassis work; reseating reduced correctable errors only temporarily.,"Reseat the DIMM and clear the SEL -- only reasonable if the host had physical service in the last 7 days. If correctable errors resume within 48 hours, escalate straight to replacement.",recurred,,0,0.83,0,P3,D. Haddad,normal,False
INC0105040,2026-04-27 00:22:00.000000000,2026-04-27 00:59:42.249858560,E17,E17-S7,E17-S7-DIMM,dimm,Dell,PowerEdge XE8640,ai,dimm_airflow,memory running hot (34.6 C) after a cable re-dress,dimm_overtemp|ecc_correctable_spike,Missing blanking panel / cable bundle blocking airflow raised DIMM temperature and the soft-error rate.,"Restore airflow (blanking panels, clear the cable obstruction) and re-check DIMM temperature before considering replacement.",resolved,,0,0.63,0,P3,L. Moreau,normal,False
INC0105047,2026-04-27 01:37:00.000000000,2026-04-27 02:12:58.317120139,C18,C18-S4,C18-S4-FAN,fan,Lenovo,ThinkSystem SR650 V3,database,fan_bmc_curve,all fans in a chassis under-spinning after a BMC update,fan_rpm_drop,"BMC fan curve misconfigured after a firmware update -- fans under-spinning, not failing.",Restore the vendor thermal profile / fan curve in BMC settings; no hardware change.,resolved,,0,0.6,1,P4,E. Johansson,normal,False
INC0105046,2026-04-27 06:33:00.000000000,2026-04-27 06:51:17.339598789,E19,E19-S5,E19-S5-FAN,fan,Lenovo,ThinkSystem SR675 V3,ai,fan_current,fan motor current up to 1.47 A to hold speed,fan_current_rise|fan_rpm_drop,Motor current rising to hold RPM -- winding or bearing degradation.,Replace the fan module proactively; the current rise precedes failure by days.,resolved,FAN-GPU-HP80,1,0.3,0,P3,T. Novak,normal,False
INC0105045,2026-04-27 08:15:00.000000000,2026-04-27 08:27:35.248354819,B07,B07-S8,B07-S8-FAN,fan,Lenovo,ThinkSystem SR650 V3,virtualization,fan_bearing,fan down to 4537 RPM at the same PWM duty with vibration 5.7 mm/s,fan_rpm_drop|fan_vibration,Fan bearing wear: vibration rising and RPM falling at constant PWM duty -- precedes seizure.,Hot-swap the fan module (N+1 redundant) and verify the remaining fans ramp correctly during the swap.,resolved,FAN-LNV-SR650,1,0.21,3,P3,J. Alvarez,normal,False
INC0105044,2026-04-27 15:54:00.000000000,2026-04-27 17:02:50.790335726,E03,E03-S8,E03-S8-NIC,nic,HPE,ProLiant DL380a Gen11,ai,nic_fw_drops,packet drops under high RSS load on one NIC model,packet_loss,NIC firmware bug dropping packets under high RSS load.,Update NIC firmware and driver to the fixed release in a rolling window.,resolved,,0,1.15,37,P3,J. Alvarez,normal,False
INC0105042,2026-04-27 22:05:00.000000000,2026-04-27 23:16:55.828014501,D11,D11-S6,D11-S6-NIC,nic,Lenovo,ThinkSystem SR650 V3,storage,nic_switch_port,"flaps visible on both ends, errors counted on the switch side",link_flap,Flaps originated on the switch side -- ToR switch port or optic fault.,"Compare counters on both ends, move to a spare ToR port and open a network ticket; no host hardware change needed.",recurred,,0,1.2,0,P3,N. Patel,normal,False
INC0105041,2026-04-27 22:19:00.000000000,2026-04-27 23:08:27.243737911,B14,B14-S3,B14-S3-PSU,psu,Dell,PowerEdge R760,virtualization,psu_efficiency,PSU efficiency down to 88.0% with rising temperature,psu_efficiency_drop|psu_overtemp,PSU efficiency dropping (more heat per watt delivered) -- aging power stage.,Replace the PSU proactively; the efficiency loss adds rack heat load and precedes failure.,resolved,PSU-DEL-1400W,1,0.82,4,P3,L. Moreau,backup_window,False
INC0105051,2026-04-28 00:01:00.000000000,2026-04-28 01:32:53.848746447,C17,C17-S5,C17-S5-NIC,nic,HPE,ProLiant DL380 Gen11,database,nic_card,packet loss of 0.44% persisted after the transceiver and cable were replaced,packet_loss|crc_errors|nic_overtemp,NIC ASIC degradation: packet loss persisted after transceiver and cable replacement; NIC temperature elevated.,Replace the NIC card in a maintenance window after failing workloads over to the redundant NIC.,resolved,NIC-OCP3-25G-DP,1,1.53,0,P2,P. Reyes,normal,False
INC0105052,2026-04-28 01:28:00.000000000,2026-04-28 02:19:26.071185134,A01,A01-S7,A01-S7-NIC,nic,HPE,ProLiant DL380 Gen11,web,nic_switch_port,"flaps visible on both ends, errors counted on the switch side",link_flap,Flaps originated on the switch side -- ToR switch port or optic fault.,"Compare counters on both ends, move to a spare ToR port and open a network ticket; no host hardware change needed.",resolved,,0,0.86,0,P3,M. Chen,normal,False
INC0105049,2026-04-28 14:22:00.000000000,2026-04-28 15:48:23.099679414,C06,C06-S2,C06-S2-DISK,disk,Lenovo,ThinkSystem SR650 V3,database,disk_media_wear,predictive-failure flag: reallocated and pending sector counts rising for 6 days,reallocated_sectors|pending_sectors|smart_read_error_rate,Drive media degradation: reallocated and pending sector counts rising steadily -- the pattern that preceded hard read failures in prior incidents.,"Drain the replica / rebuild the RAID member onto a healthy drive, then hot-swap the drive. Do not wait for a hard failure if a backup or replication job is currently reading from it.",resolved,SSD-NVME-U2-3T84,1,1.44,1,P2,N. Patel,normal,False
INC0105048,2026-04-28 21:13:00.000000000,2026-04-28 22:23:01.986938941,D12,D12-S6,D12-S6-DIMM,dimm,Dell,PowerEdge R760,storage,dimm_airflow,memory running hot (35.5 C) after a cable re-dress,dimm_overtemp|ecc_correctable_spike,Missing blanking panel / cable bundle blocking airflow raised DIMM temperature and the soft-error rate.,"Restore airflow (blanking panels, clear the cable obstruction) and re-check DIMM temperature before considering replacement.",resolved,,0,1.17,22,P3,S. Okafor,backup_window,False
INC0105050,2026-04-28 22:36:00.000000000,2026-04-28 23:26:55.468364241,D18,D18-S8,D18-S8-NIC,nic,Dell,PowerEdge R760,storage,nic_sfp,port flapping and CRC counters climbing on the host side only,link_flap|crc_errors,Link flaps with rising CRC errors isolated to the host side of one port -- degrading SFP transceiver or marginal cable.,"Replace the SFP transceiver and cable together before touching the NIC. If this NIC carries an in-progress migration, fail over to the secondary port first.",resolved,SFP28-25G-SR,1,0.85,2,P2,S. Okafor,normal,False
INC0105039,2026-04-29 16:38:58.230876923,2026-04-29 17:17:50.018828122,D11,D11-S6,D11-S6-NIC,nic,Lenovo,ThinkSystem SR650 V3,storage,nic_sfp,Recurrence of INC0105038: port flapping and CRC counters climbing on the host side only,link_flap|crc_errors,Link flaps with rising CRC errors isolated to the host side of one port -- degrading SFP transceiver or marginal cable.,"Replace the SFP transceiver and cable together before touching the NIC. If this NIC carries an in-progress migration, fail over to the secondary port first.",resolved,SFP28-25G-SR,1,0.65,1,P2,A. Kim,normal,False
INC0105053,2026-04-29 20:23:00.000000000,2026-04-29 22:15:01.626841028,A02,A02-S6,A02-S6-PSU,psu,Lenovo,ThinkSystem SR650 V3,web,psu_pdu_feed,both PSUs on the same feed reported low input voltage (200.3 V),input_voltage_drop,"Voltage sag traced to the upstream PDU outlet/whip, not the PSU (both PSUs on that feed showed it).",Move the PSU cord to a healthy outlet on the correct A/B feed and open a facilities ticket for the PDU circuit -- do not replace the PSU.,resolved,,0,1.87,0,P2,S. Okafor,normal,False
INC0105054,2026-04-29 21:23:00.000000000,2026-04-29 21:47:10.308778667,E09,E09-S3,E09-S3-FAN,fan,HPE,ProLiant DL380a Gen11,ai,fan_bearing,fan down to 3933 RPM at the same PWM duty with vibration 5.9 mm/s,fan_rpm_drop|fan_vibration,Fan bearing wear: vibration rising and RPM falling at constant PWM duty -- precedes seizure.,Hot-swap the fan module (N+1 redundant) and verify the remaining fans ramp correctly during the swap.,resolved,FAN-GPU-HP80,1,0.4,1,P3,N. Patel,normal,False
INC0105036,2026-04-30 04:14:59.761742337,2026-04-30 06:56:48.822963885,B13,B13-S1,B13-S1-DIMM,dimm,Lenovo,ThinkSystem SR650 V3,virtualization,dimm_replace,Recurrence of INC0105035: BMC SEL logged a rising correctable memory error rate (73/24h) on one DIMM slot,ecc_correctable_spike|ecc_uncorrectable,Failing DRAM device on the RDIMM: correctable ECC rate climbed for several days before uncorrectable errors appeared -- classic cell degradation.,"Replace the RDIMM identified by the SEL slot locator. If the host is serving a migration or DR role, live-migrate or fail over workloads first; never hot-remove memory from a running host.",resolved,MEM-DDR5-64G-4800,1,2.7,0,P2,A. Kim,normal,False
INC0105055,2026-04-30 09:07:00.000000000,2026-04-30 09:38:03.754246946,B02,B02-S8,B02-S8-NIC,nic,Dell,PowerEdge R760,virtualization,nic_sfp,port flapping and CRC counters climbing on the host side only,link_flap|crc_errors,Link flaps with rising CRC errors isolated to the host side of one port -- degrading SFP transceiver or marginal cable.,"Replace the SFP transceiver and cable together before touching the NIC. If this NIC carries an in-progress migration, fail over to the secondary port first.",resolved,SFP28-25G-SR,1,0.52,5,P2,K. Watanabe,backup_window,False
INC0105043,2026-04-30 23:56:10.900060100,2026-05-01 00:51:08.837977117,D11,D11-S6,D11-S6-NIC,nic,Lenovo,ThinkSystem SR650 V3,storage,nic_switch_port,"Recurrence of INC0105042: flaps visible on both ends, errors counted on the switch side",link_flap,Flaps originated on the switch side -- ToR switch port or optic fault.,"Compare counters on both ends, move to a spare ToR port and open a network ticket; no host hardware change needed.",resolved,,0,0.92,21,P3,J. Alvarez,normal,False
INC0105059,2026-05-01 02:45:00.000000000,2026-05-01 03:17:40.505682629,C15,C15-S4,C15-S4-NIC,nic,Lenovo,ThinkSystem SR650 V3,database,nic_driver_reset,link flaps blamed on the driver; flaps returned within a day of a driver reset,link_flap|crc_errors,Flaps attributed to a driver issue; a driver reset was applied but flaps returned within 24 hours (a physical-layer signature).,A driver reset is not sufficient when CRC errors are rising -- treat it as a physical-layer fault and replace the transceiver and cable.,recurred,,0,0.54,0,P2,P. Reyes,migration,False
INC0105057,2026-05-01 09:47:00.000000000,2026-05-01 10:48:13.838092684,E12,E12-S8,E12-S8-DIMM,dimm,HPE,ProLiant DL380a Gen11,ai,dimm_airflow,DIMM temperature 30.6 C with rising correctable errors,dimm_overtemp|ecc_correctable_spike,Missing blanking panel / cable bundle blocking airflow raised DIMM temperature and the soft-error rate.,"Restore airflow (blanking panels, clear the cable obstruction) and re-check DIMM temperature before considering replacement.",resolved,,0,1.02,34,P3,D. Haddad,normal,False
INC0105056,2026-05-01 11:52:00.000000000,2026-05-01 13:01:15.934687984,D08,D08-S4,D08-S4-DIMM,dimm,Lenovo,ThinkSystem SR650 V3,storage,dimm_ppr,ECC errors isolated to one DRAM row on slot G5,ecc_correctable_spike,Isolated single-row fault on one DRAM device; errors confined to one address range.,Schedule a reboot with Post Package Repair (PPR) enabled in BIOS to remap the faulty row; watch the correctable-error rate for 72 hours and replace the DIMM if it recurs.,resolved,,0,1.15,0,P3,D. Haddad,normal,False
INC0105058,2026-05-01 13:05:00.000000000,2026-05-01 14:11:30.977506506,A04,A04-S6,A04-S6-NIC,nic,HPE,ProLiant DL380 Gen11,web,nic_card,packet loss of 0.68% persisted after the transceiver and cable were replaced,packet_loss|crc_errors|nic_overtemp,NIC ASIC degradation: packet loss persisted after transceiver and cable replacement; NIC temperature elevated.,Replace the NIC card in a maintenance window after failing workloads over to the redundant NIC.,resolved,NIC-OCP3-25G-DP,1,1.11,0,P2,P. Reyes,normal,False
INC0105065,2026-05-02 01:52:00.000000000,2026-05-02 02:24:15.529145345,C10,C10-S4,C10-S4-FAN,fan,Dell,PowerEdge R760,database,fan_dust,vibration 4.2 mm/s with a dusty intake filter,fan_vibration,Dust accumulation / imbalance causing vibration; fan otherwise healthy.,Clean the fan module and filter; replace only if vibration persists after cleaning.,resolved,,0,0.54,2,P4,R. Singh,normal,False
INC0105063,2026-05-02 04:59:00.000000000,2026-05-02 05:33:06.155247339,A18,A18-S8,A18-S8-NIC,nic,Dell,PowerEdge R760,web,nic_airflow,NIC temperature 31.2 C behind a dense cable bundle,nic_overtemp|packet_loss,NIC overheating because airflow is blocked behind a rear cable bundle.,Re-dress rear cabling to clear the NIC airflow path and verify the temperature drops.,recurred,,0,0.57,21,P3,R. Singh,normal,False
INC0105062,2026-05-02 18:07:00.000000000,2026-05-02 18:40:50.862371251,C04,C04-S6,C04-S6-PSU,psu,Dell,PowerEdge R760,database,psu_efficiency,PSU efficiency down to 86.6% with rising temperature,psu_efficiency_drop|psu_overtemp,PSU efficiency dropping (more heat per watt delivered) -- aging power stage.,Replace the PSU proactively; the efficiency loss adds rack heat load and precedes failure.,resolved,PSU-DEL-1400W,1,0.56,3,P3,P. Reyes,normal,False
INC0105061,2026-05-02 20:51:00.000000000,2026-05-02 21:12:57.611632192,D16,D16-S8,D16-S8-DISK,disk,HPE,ProLiant DL380 Gen11,storage,disk_reseat,drive reseated after link resets; SMART read error rate kept rising,smart_read_error_rate,Drive reseated after link-reset errors; errors resumed within days.,Reseating is not a durable fix when the SMART read error rate keeps rising -- replace the drive.,resolved,,0,0.37,0,P3,P. Reyes,normal,False
INC0105067,2026-05-03 01:44:00.000000000,2026-05-03 02:25:43.696572115,C06,C06-S5,C06-S5-DIMM,dimm,Lenovo,ThinkSystem SR650 V3,database,dimm_reseat,correctable ECC errors after recent chassis service (43/24h),ecc_correctable_spike,Suspected DIMM seating issue after recent chassis work; reseating reduced correctable errors only temporarily.,"Reseat the DIMM and clear the SEL -- only reasonable if the host had physical service in the last 7 days. If correctable errors resume within 48 hours, escalate straight to replacement.",recurred,,0,0.7,29,P3,T. Novak,normal,False
INC0105066,2026-05-03 03:20:00.000000000,2026-05-03 06:01:15.664642140,D15,D15-S1,D15-S1-DIMM,dimm,Dell,PowerEdge R760,storage,dimm_replace,"correctable ECC count climbed from single digits to 66 per day, then uncorrectable errors appeared",ecc_correctable_spike|ecc_uncorrectable,Failing DRAM device on the RDIMM: correctable ECC rate climbed for several days before uncorrectable errors appeared -- classic cell degradation.,"Replace the RDIMM identified by the SEL slot locator. If the host is serving a migration or DR role, live-migrate or fail over workloads first; never hot-remove memory from a running host.",resolved,MEM-DDR5-64G-4800,1,2.69,122,P2,S. Okafor,normal,True
INC0105070,2026-05-03 04:57:00.000000000,2026-05-03 06:17:19.711467407,D05,D05-S5,D05-S5-NIC,nic,Lenovo,ThinkSystem SR650 V3,storage,nic_switch_port,"flaps visible on both ends, errors counted on the switch side",link_flap,Flaps originated on the switch side -- ToR switch port or optic fault.,"Compare counters on both ends, move to a spare ToR port and open a network ticket; no host hardware change needed.",resolved,,0,1.34,28,P3,J. Alvarez,normal,False
INC0105071,2026-05-03 16:10:00.000000000,2026-05-03 17:34:12.582639886,A08,A08-S6,A08-S6-NIC,nic,Lenovo,ThinkSystem SR650 V3,web,nic_card,packet loss of 1.29% persisted after the transceiver and cable were replaced,packet_loss|crc_errors|nic_overtemp,NIC ASIC degradation: packet loss persisted after transceiver and cable replacement; NIC temperature elevated.,Replace the NIC card in a maintenance window after failing workloads over to the redundant NIC.,resolved,NIC-OCP3-25G-DP,1,1.4,43,P2,M. Chen,migration,False
INC0105069,2026-05-03 17:42:00.000000000,2026-05-03 19:13:57.884670042,D06,D06-S7,D06-S7-PSU,psu,Dell,PowerEdge R760,storage,psu_pdu_feed,both PSUs on the same feed reported low input voltage (202.6 V),input_voltage_drop,"Voltage sag traced to the upstream PDU outlet/whip, not the PSU (both PSUs on that feed showed it).",Move the PSU cord to a healthy outlet on the correct A/B feed and open a facilities ticket for the PDU circuit -- do not replace the PSU.,resolved,,0,1.53,0,P2,M. Chen,backup_window,False
INC0105355,2026-05-03 22:16:00.000000000,2026-05-04 00:06:20.259973544,C19,C19-S3,,firmware,Dell,PowerEdge R760,database,sec_brute_force,30 failed BMC logins in 24 hours from one internal address,auth_failures,Repeated failed BMC logins from an internal scanner misconfigured with stale credentials.,"Block the source on the management-VLAN ACL, rotate BMC credentials, and correct the scanner configuration.",resolved,,0,1.84,5,P2,R. Singh,maintenance_window,False
INC0105356,2026-05-04 07:15:00.000000000,2026-05-04 07:58:46.614456896,B09,B09-S3,,thermal,HPE,ProLiant DL380 Gen11,virtualization,thermal_blanking,"inlet 31.0 C on top-of-rack servers, hot-air recirculation through empty U spaces",inlet_overtemp|hot_air_recirculation,Missing blanking panels allowed hot-aisle air to recirculate into server inlets.,Install blanking panels in every empty U position and confirm inlet temperatures drop within the hour.,resolved,,0,0.73,0,P3,N. Patel,normal,False
INC0105060,2026-05-04 11:08:34.139476882,2026-05-04 11:44:08.761018732,C15,C15-S4,C15-S4-NIC,nic,Lenovo,ThinkSystem SR650 V3,database,nic_sfp,Recurrence of INC0105059: 20 link flaps per day with CRC errors rising on one port,link_flap|crc_errors,Link flaps with rising CRC errors isolated to the host side of one port -- degrading SFP transceiver or marginal cable.,"Replace the SFP transceiver and cable together before touching the NIC. If this NIC carries an in-progress migration, fail over to the secondary port first.",resolved,SFP28-25G-SR,1,0.59,2,P2,M. Chen,migration,False
INC0105068,2026-05-04 21:56:02.322191051,2026-05-05 00:38:39.935436517,C06,C06-S5,C06-S5-DIMM,dimm,Lenovo,ThinkSystem SR650 V3,database,dimm_replace,Recurrence of INC0105067: BMC SEL logged a rising correctable memory error rate (67/24h) on one DIMM slot,ecc_correctable_spike|ecc_uncorrectable,Failing DRAM device on the RDIMM: correctable ECC rate climbed for several days before uncorrectable errors appeared -- classic cell degradation.,"Replace the RDIMM identified by the SEL slot locator. If the host is serving a migration or DR role, live-migrate or fail over workloads first; never hot-remove memory from a running host.",resolved,MEM-DDR5-64G-4800,1,2.71,0,P2,D. Haddad,normal,False
INC0105073,2026-05-05 11:41:00.000000000,2026-05-05 12:21:36.756454143,D14,D14-S1,D14-S1-PSU,psu,Lenovo,ThinkSystem SR650 V3,storage,psu_fw_ripple,spurious ripple warnings on several PSUs right after a BMC update,output_ripple_high,PSU firmware reporting spurious ripple warnings after a BMC update.,Update PSU firmware to the version paired with the current BMC and verify with a calibrated meter before replacing hardware.,resolved,,0,0.68,20,P4,A. Kim,normal,False
INC0105072,2026-05-05 18:59:00.000000000,2026-05-05 19:54:48.758407373,A12,A12-S3,A12-S3-DIMM,dimm,Dell,PowerEdge R760,web,dimm_ppr,correctable errors confined to a single row address (62/24h),ecc_correctable_spike,Isolated single-row fault on one DRAM device; errors confined to one address range.,Schedule a reboot with Post Package Repair (PPR) enabled in BIOS to remap the faulty row; watch the correctable-error rate for 72 hours and replace the DIMM if it recurs.,resolved,,0,0.93,0,P2,E. Johansson,migration,False
INC0105357,2026-05-06 07:22:00.000000000,2026-05-06 07:52:42.766445146,E07,E07-S3,,firmware,Lenovo,ThinkSystem SR675 V3,ai,fw_bmc_hang,telemetry gaps: BMC unresponsive to Redfish and IPMI,bmc_unresponsive,BMC firmware memory leak causing an unresponsive management controller (telemetry gaps).,"Reset the BMC (host unaffected), then roll out the fixed BMC firmware in a rolling window.",resolved,,0,0.51,2,P3,K. Watanabe,normal,False
INC0105074,2026-05-06 07:36:00.000000000,2026-05-06 09:49:35.573664629,D15,D15-S1,D15-S1-DIMM,dimm,Dell,PowerEdge R760,storage,dimm_replace,BMC SEL logged a rising correctable memory error rate (23/24h) on one DIMM slot,ecc_correctable_spike|ecc_uncorrectable,Failing DRAM device on the RDIMM: correctable ECC rate climbed for several days before uncorrectable errors appeared -- classic cell degradation.,"Replace the RDIMM identified by the SEL slot locator. If the host is serving a migration or DR role, live-migrate or fail over workloads first; never hot-remove memory from a running host.",resolved,MEM-DDR5-64G-4800,1,2.23,0,P2,M. Chen,normal,False
INC0105075,2026-05-06 10:27:00.000000000,2026-05-06 11:12:06.325369768,C05,C05-S1,C05-S1-DISK,disk,HPE,ProLiant DL380 Gen11,database,disk_reseat,drive reseated after link resets; SMART read error rate kept rising,smart_read_error_rate,Drive reseated after link-reset errors; errors resumed within days.,Reseating is not a durable fix when the SMART read error rate keeps rising -- replace the drive.,resolved,,0,0.75,26,P3,L. Moreau,normal,False
INC0105064,2026-05-06 10:37:51.435016607,2026-05-06 11:18:53.788680322,A18,A18-S8,A18-S8-NIC,nic,Dell,PowerEdge R760,web,nic_airflow,Recurrence of INC0105063: NIC temperature 29.6 C behind a dense cable bundle,nic_overtemp|packet_loss,NIC overheating because airflow is blocked behind a rear cable bundle.,Re-dress rear cabling to clear the NIC airflow path and verify the temperature drops.,resolved,,0,0.68,31,P3,S. Okafor,normal,False
INC0105076,2026-05-06 12:12:00.000000000,2026-05-06 12:44:55.907952143,E20,E20-S2,E20-S2-DISK,disk,Dell,PowerEdge XE8640,ai,disk_overtemp,drive temperature 35.2 C and thermal throttling,disk_overtemp|latency_spike,"Drive overheating because a drive-cage fan failed, causing thermal throttling.",Replace the failed drive-cage fan first; drive temperature and latency normalize without replacing the drive.,resolved,FAN-GPU-HP80,1,0.55,4,P3,L. Moreau,normal,False
INC0105078,2026-05-06 14:43:00.000000000,2026-05-06 15:13:34.312272942,D08,D08-S3,D08-S3-FAN,fan,Lenovo,ThinkSystem SR650 V3,storage,fan_bearing,fan down to 5133 RPM at the same PWM duty with vibration 6.0 mm/s,fan_rpm_drop|fan_vibration,Fan bearing wear: vibration rising and RPM falling at constant PWM duty -- precedes seizure.,Hot-swap the fan module (N+1 redundant) and verify the remaining fans ramp correctly during the swap.,resolved,FAN-LNV-SR650,1,0.51,5,P3,R. Singh,normal,False
INC0105079,2026-05-06 18:29:00.000000000,2026-05-06 18:45:26.963629529,E20,E20-S7,E20-S7-FAN,fan,Dell,PowerEdge XE8640,ai,fan_bearing,fan down to 3910 RPM at the same PWM duty with vibration 3.6 mm/s,fan_rpm_drop|fan_vibration,Fan bearing wear: vibration rising and RPM falling at constant PWM duty -- precedes seizure.,Hot-swap the fan module (N+1 redundant) and verify the remaining fans ramp correctly during the swap.,resolved,FAN-GPU-HP80,1,0.27,2,P3,P. Reyes,normal,False
INC0105077,2026-05-06 21:31:00.000000000,2026-05-06 22:47:44.107619409,D07,D07-S1,D07-S1-NIC,nic,HPE,ProLiant DL380 Gen11,storage,nic_fw_drops,packet drops under high RSS load on one NIC model,packet_loss,NIC firmware bug dropping packets under high RSS load.,Update NIC firmware and driver to the fixed release in a rolling window.,resolved,,0,1.28,34,P3,P. Reyes,normal,False
INC0105080,2026-05-07 00:58:00.000000000,2026-05-07 02:39:47.893106542,D10,D10-S3,D10-S3-DISK,disk,HPE,ProLiant DL380 Gen11,storage,disk_media_wear,predictive-failure flag: reallocated and pending sector counts rising for 7 days,reallocated_sectors|pending_sectors|smart_read_error_rate,Drive media degradation: reallocated and pending sector counts rising steadily -- the pattern that preceded hard read failures in prior incidents.,"Drain the replica / rebuild the RAID member onto a healthy drive, then hot-swap the drive. Do not wait for a hard failure if a backup or replication job is currently reading from it.",resolved,HDD-SAS-12T,1,1.7,2,P2,M. Chen,migration,False
INC0105081,2026-05-07 04:49:00.000000000,2026-05-07 05:16:03.870486066,A02,A02-S3,A02-S3-FAN,fan,Lenovo,ThinkSystem SR650 V3,web,fan_bearing,vibration rising for 2 days while fan speed fell,fan_rpm_drop|fan_vibration,Fan bearing wear: vibration rising and RPM falling at constant PWM duty -- precedes seizure.,Hot-swap the fan module (N+1 redundant) and verify the remaining fans ramp correctly during the swap.,resolved,FAN-LNV-SR650,1,0.45,1,P3,D. Haddad,normal,False
INC0105083,2026-05-08 08:33:00.000000000,2026-05-08 10:06:36.999110091,A11,A11-S1,A11-S1-DISK,disk,Lenovo,ThinkSystem SR650 V3,web,disk_fw_stall,periodic 30-second I/O stalls on drives of the same model,latency_spike,Drive firmware bug causing periodic latency stalls (vendor advisory) -- media healthy.,Update drive firmware in a rolling fashion; replacement is unnecessary while SMART media counters stay clean.,resolved,,0,1.56,0,P3,S. Okafor,normal,False
INC0105087,2026-05-08 08:52:00.000000000,2026-05-08 09:26:36.728165021,B02,B02-S8,B02-S8-FAN,fan,Dell,PowerEdge R760,virtualization,fan_bearing,vibration rising for 3 days while fan speed fell,fan_rpm_drop|fan_vibration,Fan bearing wear: vibration rising and RPM falling at constant PWM duty -- precedes seizure.,Hot-swap the fan module (N+1 redundant) and verify the remaining fans ramp correctly during the swap.,resolved,FAN-DEL-R760,1,0.58,3,P3,L. Moreau,normal,False
INC0105085,2026-05-08 12:09:00.000000000,2026-05-08 13:59:00.266433136,E01,E01-S3,E01-S3-DISK,disk,Lenovo,ThinkSystem SR675 V3,ai,disk_fw_stall,periodic 30-second I/O stalls on drives of the same model,latency_spike,Drive firmware bug causing periodic latency stalls (vendor advisory) -- media healthy.,Update drive firmware in a rolling fashion; replacement is unnecessary while SMART media counters stay clean.,resolved,,0,1.83,0,P2,P. Reyes,migration,False
INC0105082,2026-05-08 12:12:00.000000000,2026-05-08 12:48:47.811227007,A17,A17-S1,A17-S1-DISK,disk,Lenovo,ThinkSystem SR650 V3,web,disk_reseat,drive reseated after link resets; SMART read error rate kept rising,smart_read_error_rate,Drive reseated after link-reset errors; errors resumed within days.,Reseating is not a durable fix when the SMART read error rate keeps rising -- replace the drive.,resolved,,0,0.61,15,P3,R. Singh,normal,False
INC0105084,2026-05-08 18:43:00.000000000,2026-05-08 19:38:27.422190487,D02,D02-S7,D02-S7-DISK,disk,Lenovo,ThinkSystem SR650 V3,storage,disk_early_latency,"I/O latency spiking to 12.5 ms with rising read error rate, no reallocations yet",smart_read_error_rate|latency_spike,Rising SMART read error rate with I/O latency spikes but no reallocated sectors yet -- an earlier-stage precursor.,"Flag the drive for proactive replacement in the next maintenance window, move latency-sensitive volumes off it, and check the reallocation count daily.",resolved,HDD-SAS-12T,1,0.92,1,P2,N. Patel,dr_failover,False
INC0105086,2026-05-08 19:17:00.000000000,2026-05-08 20:46:14.149221594,E07,E07-S7,E07-S7-NIC,nic,Lenovo,ThinkSystem SR675 V3,ai,nic_switch_port,"flaps visible on both ends, errors counted on the switch side",link_flap,Flaps originated on the switch side -- ToR switch port or optic fault.,"Compare counters on both ends, move to a spare ToR port and open a network ticket; no host hardware change needed.",resolved,,0,1.49,60,P2,N. Patel,dr_failover,False
INC0105359,2026-05-09 00:15:00.000000000,2026-05-09 00:52:20.066451685,E09,E09-S4,,cabling,HPE,ProLiant DL380a Gen11,ai,cable_strain,CRC errors on several ports after a rack reshuffle,crc_errors,Cable bundle strain after a rack reshuffle damaged DAC cables.,Re-dress the cabling and replace the damaged DAC cables.,resolved,CBL-DAC-25G-3M,2,0.62,4,P3,J. Alvarez,normal,False
INC0105090,2026-05-09 00:56:00.000000000,2026-05-09 01:33:21.183951564,D13,D13-S8,D13-S8-NIC,nic,HPE,ProLiant DL380 Gen11,storage,nic_airflow,NIC temperature 36.0 C behind a dense cable bundle,nic_overtemp|packet_loss,NIC overheating because airflow is blocked behind a rear cable bundle.,Re-dress rear cabling to clear the NIC airflow path and verify the temperature drops.,resolved,,0,0.62,0,P3,D. Haddad,normal,False
INC0105089,2026-05-09 10:19:00.000000000,2026-05-09 11:26:53.789735867,A18,A18-S3,A18-S3-PSU,psu,Dell,PowerEdge R760,web,psu_capacitor,input voltage sagging to 199.9 V with output ripple at 53 mV on one PSU,input_voltage_drop|output_ripple_high,"Input sag with rising output ripple on one PSU of a redundant pair -- capacitor degradation, typically 2-3 weeks before a hard trip.","Confirm the partner PSU is healthy, then hot-swap the degrading unit. In a backup window, first verify the remaining PSU can carry the backup job's peak draw.",resolved,PSU-DEL-1400W,1,1.13,2,P2,S. Okafor,normal,False
INC0105358,2026-05-09 12:18:00.000000000,2026-05-09 12:49:58.262945316,C02,C02-S4,,power,HPE,ProLiant DL380 Gen11,database,power_phase,phase imbalance alarm on a rack PDU after server moves,input_voltage_drop,Phase imbalance on the rack PDU after server moves.,Rebalance loads across phases and update the rack power plan in DCIM.,resolved,,0,0.53,14,P3,D. Haddad,normal,False
INC0105088,2026-05-09 21:01:00.000000000,2026-05-09 23:23:29.415505168,E06,E06-S2,E06-S2-DIMM,dimm,HPE,ProLiant DL380a Gen11,ai,dimm_replace,BMC SEL logged a rising correctable memory error rate (62/24h) on one DIMM slot,ecc_correctable_spike|ecc_uncorrectable,Failing DRAM device on the RDIMM: correctable ECC rate climbed for several days before uncorrectable errors appeared -- classic cell degradation.,"Replace the RDIMM identified by the SEL slot locator. If the host is serving a migration or DR role, live-migrate or fail over workloads first; never hot-remove memory from a running host.",resolved,MEM-DDR5-64G-4800,1,2.37,55,P2,M. Chen,normal,False
INC0105094,2026-05-10 00:03:00.000000000,2026-05-10 02:41:01.182165874,A13,A13-S4,A13-S4-DISK,disk,HPE,ProLiant DL380 Gen11,web,disk_backplane,link-reset errors that followed the bay after the drive was moved,smart_read_error_rate|latency_spike,"Intermittent errors followed the bay, not the drive -- backplane or connector fault.","Move the drive to another bay as a test; if errors follow the bay, have the vendor replace the backplane cable/backplane.",recurred,,0,2.63,0,P2,K. Watanabe,normal,False
INC0105092,2026-05-10 00:11:00.000000000,2026-05-10 02:05:46.503291823,D04,D04-S7,D04-S7-DISK,disk,HPE,ProLiant DL380 Gen11,storage,disk_media_wear,SMART reallocated sectors rose to 81 with pending sectors climbing,reallocated_sectors|pending_sectors|smart_read_error_rate,Drive media degradation: reallocated and pending sector counts rising steadily -- the pattern that preceded hard read failures in prior incidents.,"Drain the replica / rebuild the RAID member onto a healthy drive, then hot-swap the drive. Do not wait for a hard failure if a backup or replication job is currently reading from it.",resolved,HDD-SAS-12T,1,1.91,3,P2,N. Patel,normal,False
INC0105096,2026-05-10 10:22:00.000000000,2026-05-10 11:07:53.491095870,E17,E17-S4,E17-S4-NIC,nic,Dell,PowerEdge XE8640,ai,nic_airflow,NIC temperature 33.6 C behind a dense cable bundle,nic_overtemp|packet_loss,NIC overheating because airflow is blocked behind a rear cable bundle.,Re-dress rear cabling to clear the NIC airflow path and verify the temperature drops.,resolved,,0,0.76,20,P3,E. Johansson,normal,False
INC0105091,2026-05-10 11:18:00.000000000,2026-05-10 13:23:59.561953957,D02,D02-S8,D02-S8-DIMM,dimm,Lenovo,ThinkSystem SR650 V3,storage,dimm_ue_crash,host crashed with a machine-check exception after an uncorrectable ECC error,ecc_uncorrectable,Uncorrectable ECC error caused a host crash; module confirmed failed by vendor diagnostics.,"Replace the RDIMM immediately, run vendor memory diagnostics after replacement, and review the crash dump to rule out a CPU memory-controller fault.",resolved,MEM-DDR5-64G-4800,1,2.1,49,P1,J. Alvarez,normal,False
INC0105093,2026-05-10 11:23:00.000000000,2026-05-10 12:30:29.276209767,C09,C09-S2,C09-S2-DISK,disk,Lenovo,ThinkSystem SR650 V3,database,disk_media_wear,predictive-failure flag: reallocated and pending sector counts rising for 4 days,reallocated_sectors|pending_sectors|smart_read_error_rate,Drive media degradation: reallocated and pending sector counts rising steadily -- the pattern that preceded hard read failures in prior incidents.,"Drain the replica / rebuild the RAID member onto a healthy drive, then hot-swap the drive. Do not wait for a hard failure if a backup or replication job is currently reading from it.",resolved,SSD-NVME-U2-3T84,1,1.12,2,P2,A. Kim,normal,False
INC0105098,2026-05-11 08:39:00.000000000,2026-05-11 11:28:14.826639721,B11,B11-S2,B11-S2-DISK,disk,Dell,PowerEdge R760,virtualization,disk_hdd_head,HDD pending sectors at 30 and retry-driven latency of 11.5 ms,pending_sectors|latency_spike,HDD head degradation causing pending sectors and retry-driven latency.,"Mark the HDD failed in the storage array, let the pool rebuild to a hot spare, then replace the drive.",resolved,SSD-NVME-U2-3T84,1,2.82,4,P2,R. Singh,normal,False
INC0105099,2026-05-11 10:43:00.000000000,2026-05-11 12:00:17.707859784,D06,D06-S1,D06-S1-DISK,disk,Dell,PowerEdge R760,storage,disk_hdd_head,HDD pending sectors at 17 and retry-driven latency of 4.0 ms,pending_sectors|latency_spike,HDD head degradation causing pending sectors and retry-driven latency.,"Mark the HDD failed in the storage array, let the pool rebuild to a hot spare, then replace the drive.",resolved,HDD-SAS-12T,1,1.29,0,P2,J. Alvarez,dr_failover,False
INC0105100,2026-05-11 13:07:00.000000000,2026-05-11 13:47:02.298076203,A07,A07-S1,A07-S1-NIC,nic,HPE,ProLiant DL380 Gen11,web,nic_sfp,port flapping and CRC counters climbing on the host side only,link_flap|crc_errors,Link flaps with rising CRC errors isolated to the host side of one port -- degrading SFP transceiver or marginal cable.,"Replace the SFP transceiver and cable together before touching the NIC. If this NIC carries an in-progress migration, fail over to the secondary port first.",resolved,SFP28-25G-SR,1,0.67,1,P2,S. Okafor,normal,False
INC0105097,2026-05-11 21:01:00.000000000,2026-05-11 21:52:24.805426683,C19,C19-S7,C19-S7-DIMM,dimm,Dell,PowerEdge R760,database,dimm_airflow,DIMM temperature 33.2 C with rising correctable errors,dimm_overtemp|ecc_correctable_spike,Missing blanking panel / cable bundle blocking airflow raised DIMM temperature and the soft-error rate.,"Restore airflow (blanking panels, clear the cable obstruction) and re-check DIMM temperature before considering replacement.",resolved,,0,0.86,0,P3,K. Watanabe,normal,False
INC0105101,2026-05-12 03:39:00.000000000,2026-05-12 04:26:00.111504005,D18,D18-S7,D18-S7-NIC,nic,Dell,PowerEdge R760,storage,nic_driver_reset,link flaps blamed on the driver; flaps returned within a day of a driver reset,link_flap|crc_errors,Flaps attributed to a driver issue; a driver reset was applied but flaps returned within 24 hours (a physical-layer signature).,A driver reset is not sufficient when CRC errors are rising -- treat it as a physical-layer fault and replace the transceiver and cable.,resolved,,0,0.78,32,P3,A. Kim,normal,False
INC0105102,2026-05-12 08:40:00.000000000,2026-05-12 09:58:00.294810797,B13,B13-S8,B13-S8-NIC,nic,Lenovo,ThinkSystem SR650 V3,virtualization,nic_switch_port,"flaps visible on both ends, errors counted on the switch side",link_flap,Flaps originated on the switch side -- ToR switch port or optic fault.,"Compare counters on both ends, move to a spare ToR port and open a network ticket; no host hardware change needed.",resolved,,0,1.3,29,P3,S. Okafor,normal,False
INC0105095,2026-05-13 01:43:48.453216263,2026-05-13 04:43:12.581308815,A13,A13-S4,A13-S4-DISK,disk,HPE,ProLiant DL380 Gen11,web,disk_backplane,Recurrence of INC0105094: link-reset errors that followed the bay after the drive was moved,smart_read_error_rate|latency_spike,"Intermittent errors followed the bay, not the drive -- backplane or connector fault.","Move the drive to another bay as a test; if errors follow the bay, have the vendor replace the backplane cable/backplane.",resolved,,0,2.99,0,P2,N. Patel,normal,False
INC0105103,2026-05-13 15:09:00.000000000,2026-05-13 15:52:52.478819590,C03,C03-S3,C03-S3-PSU,psu,Lenovo,ThinkSystem SR650 V3,database,psu_efficiency,PSU efficiency down to 86.4% with rising temperature,psu_efficiency_drop|psu_overtemp,PSU efficiency dropping (more heat per watt delivered) -- aging power stage.,Replace the PSU proactively; the efficiency loss adds rack heat load and precedes failure.,resolved,PSU-LNV-1100W,1,0.73,4,P3,M. Chen,maintenance_window,False
INC0105104,2026-05-13 19:53:00.000000000,2026-05-13 20:38:22.338412313,A04,A04-S2,A04-S2-FAN,fan,HPE,ProLiant DL380 Gen11,web,fan_bmc_curve,all fans in a chassis under-spinning after a BMC update,fan_rpm_drop,"BMC fan curve misconfigured after a firmware update -- fans under-spinning, not failing.",Restore the vendor thermal profile / fan curve in BMC settings; no hardware change.,resolved,,0,0.76,1,P4,J. Alvarez,normal,False
INC0105105,2026-05-14 03:26:00.000000000,2026-05-14 03:55:15.280182058,D07,D07-S5,D07-S5-FAN,fan,HPE,ProLiant DL380 Gen11,storage,fan_dust,vibration 4.4 mm/s with a dusty intake filter,fan_vibration,Dust accumulation / imbalance causing vibration; fan otherwise healthy.,Clean the fan module and filter; replace only if vibration persists after cleaning.,recurred,,0,0.49,1,P4,L. Moreau,normal,False
INC0105107,2026-05-14 21:12:00.000000000,2026-05-14 21:29:49.971736965,B01,B01-S2,B01-S2-FAN,fan,Lenovo,ThinkSystem SR650 V3,virtualization,fan_bearing,vibration rising for 3 days while fan speed fell,fan_rpm_drop|fan_vibration,Fan bearing wear: vibration rising and RPM falling at constant PWM duty -- precedes seizure.,Hot-swap the fan module (N+1 redundant) and verify the remaining fans ramp correctly during the swap.,resolved,FAN-LNV-SR650,1,0.3,5,P3,T. Novak,normal,False
INC0105113,2026-05-15 02:50:00.000000000,2026-05-15 03:11:44.168618401,E06,E06-S1,E06-S1-FAN,fan,HPE,ProLiant DL380a Gen11,ai,fan_bearing,vibration rising for 6 days while fan speed fell,fan_rpm_drop|fan_vibration,Fan bearing wear: vibration rising and RPM falling at constant PWM duty -- precedes seizure.,Hot-swap the fan module (N+1 redundant) and verify the remaining fans ramp correctly during the swap.,resolved,FAN-GPU-HP80,1,0.36,5,P3,K. Watanabe,maintenance_window,False
INC0105108,2026-05-15 09:32:00.000000000,2026-05-15 11:39:07.747752132,A07,A07-S1,A07-S1-DIMM,dimm,HPE,ProLiant DL380 Gen11,web,dimm_replace,"correctable ECC count climbed from single digits to 87 per day, then uncorrectable errors appeared",ecc_correctable_spike|ecc_uncorrectable,Failing DRAM device on the RDIMM: correctable ECC rate climbed for several days before uncorrectable errors appeared -- classic cell degradation.,"Replace the RDIMM identified by the SEL slot locator. If the host is serving a migration or DR role, live-migrate or fail over workloads first; never hot-remove memory from a running host.",resolved,MEM-DDR5-64G-4800,1,2.12,0,P2,P. Reyes,backup_window,False
INC0105114,2026-05-15 11:35:00.000000000,2026-05-15 11:56:34.567668383,D01,D01-S4,D01-S4-FAN,fan,HPE,ProLiant DL380 Gen11,storage,fan_bearing,vibration rising for 7 days while fan speed fell,fan_rpm_drop|fan_vibration,Fan bearing wear: vibration rising and RPM falling at constant PWM duty -- precedes seizure.,Hot-swap the fan module (N+1 redundant) and verify the remaining fans ramp correctly during the swap.,resolved,FAN-HPE-DL380,1,0.36,4,P3,D. Haddad,normal,False
INC0105109,2026-05-15 14:11:00.000000000,2026-05-15 17:05:09.553781824,A07,A07-S5,A07-S5-DIMM,dimm,HPE,ProLiant DL380 Gen11,web,dimm_replace,BMC SEL logged a rising correctable memory error rate (40/24h) on one DIMM slot,ecc_correctable_spike|ecc_uncorrectable,Failing DRAM device on the RDIMM: correctable ECC rate climbed for several days before uncorrectable errors appeared -- classic cell degradation.,"Replace the RDIMM identified by the SEL slot locator. If the host is serving a migration or DR role, live-migrate or fail over workloads first; never hot-remove memory from a running host.",resolved,MEM-DDR5-64G-4800,1,2.9,0,P2,D. Haddad,normal,False
INC0105112,2026-05-15 16:29:00.000000000,2026-05-15 17:25:11.722311119,A11,A11-S3,A11-S3-PSU,psu,Lenovo,ThinkSystem SR650 V3,web,psu_efficiency,PSU efficiency down to 88.3% with rising temperature,psu_efficiency_drop|psu_overtemp,PSU efficiency dropping (more heat per watt delivered) -- aging power stage.,Replace the PSU proactively; the efficiency loss adds rack heat load and precedes failure.,resolved,PSU-LNV-1100W,1,0.94,0,P3,L. Moreau,normal,False
INC0105111,2026-05-15 20:44:00.000000000,2026-05-15 21:53:35.613118647,A19,A19-S3,A19-S3-PSU,psu,HPE,ProLiant DL380 Gen11,web,psu_capacitor,PSU E8 showed ripple climbing past spec for 7 days,input_voltage_drop|output_ripple_high,"Input sag with rising output ripple on one PSU of a redundant pair -- capacitor degradation, typically 2-3 weeks before a hard trip.","Confirm the partner PSU is healthy, then hot-swap the degrading unit. In a backup window, first verify the remaining PSU can carry the backup job's peak draw.",resolved,PSU-HPE-1600W,1,1.16,5,P2,S. Okafor,normal,False
INC0105110,2026-05-15 22:32:00.000000000,2026-05-15 23:33:52.181010684,E03,E03-S4,E03-S4-DISK,disk,HPE,ProLiant DL380a Gen11,ai,disk_media_wear,SMART reallocated sectors rose to 62 with pending sectors climbing,reallocated_sectors|pending_sectors|smart_read_error_rate,Drive media degradation: reallocated and pending sector counts rising steadily -- the pattern that preceded hard read failures in prior incidents.,"Drain the replica / rebuild the RAID member onto a healthy drive, then hot-swap the drive. Do not wait for a hard failure if a backup or replication job is currently reading from it.",resolved,SSD-NVME-U2-3T84,1,1.03,0,P2,E. Johansson,normal,False
INC0105360,2026-05-15 22:50:00.000000000,2026-05-15 23:19:45.967994232,C18,C18-S4,,thermal,Lenovo,ThinkSystem SR650 V3,database,thermal_containment,hot-aisle containment door propped open during maintenance,inlet_overtemp,Hot-aisle containment door left open during maintenance.,Close/repair the containment door and add a door-open alarm to the BMS.,recurred,,0,0.5,1,P3,L. Moreau,normal,False
INC0105122,2026-05-16 05:34:00.000000000,2026-05-16 05:48:45.413762592,A03,A03-S4,A03-S4-FAN,fan,Dell,PowerEdge R760,web,fan_current,fan motor current up to 1.35 A to hold speed,fan_current_rise|fan_rpm_drop,Motor current rising to hold RPM -- winding or bearing degradation.,Replace the fan module proactively; the current rise precedes failure by days.,resolved,FAN-DEL-R760,1,0.25,5,P2,R. Singh,dr_failover,False
INC0105118,2026-05-16 08:51:00.000000000,2026-05-16 09:13:27.319255367,E07,E07-S7,E07-S7-FAN,fan,Lenovo,ThinkSystem SR675 V3,ai,fan_bearing,vibration rising for 9 days while fan speed fell,fan_rpm_drop|fan_vibration,Fan bearing wear: vibration rising and RPM falling at constant PWM duty -- precedes seizure.,Hot-swap the fan module (N+1 redundant) and verify the remaining fans ramp correctly during the swap.,recurred,FAN-GPU-HP80,1,0.37,0,P2,E. Johansson,dr_failover,False
INC0105116,2026-05-16 10:29:00.000000000,2026-05-16 12:01:37.537846386,E10,E10-S1,E10-S1-DIMM,dimm,Lenovo,ThinkSystem SR675 V3,ai,dimm_replace,BMC SEL logged a rising correctable memory error rate (62/24h) on one DIMM slot,ecc_correctable_spike|ecc_uncorrectable,Failing DRAM device on the RDIMM: correctable ECC rate climbed for several days before uncorrectable errors appeared -- classic cell degradation.,"Replace the RDIMM identified by the SEL slot locator. If the host is serving a migration or DR role, live-migrate or fail over workloads first; never hot-remove memory from a running host.",resolved,MEM-DDR5-64G-4800,1,1.54,33,P2,T. Novak,normal,False
INC0105115,2026-05-16 11:26:00.000000000,2026-05-16 13:25:58.316029069,E16,E16-S6,E16-S6-DIMM,dimm,Lenovo,ThinkSystem SR675 V3,ai,dimm_replace,"correctable ECC count climbed from single digits to 38 per day, then uncorrectable errors appeared",ecc_correctable_spike|ecc_uncorrectable,Failing DRAM device on the RDIMM: correctable ECC rate climbed for several days before uncorrectable errors appeared -- classic cell degradation.,"Replace the RDIMM identified by the SEL slot locator. If the host is serving a migration or DR role, live-migrate or fail over workloads first; never hot-remove memory from a running host.",resolved,MEM-DDR5-64G-4800,1,2.0,95,P2,L. Moreau,maintenance_window,True
INC0105117,2026-05-16 13:27:00.000000000,2026-05-16 13:51:04.557003723,A04,A04-S3,A04-S3-NIC,nic,HPE,ProLiant DL380 Gen11,web,nic_sfp,port flapping and CRC counters climbing on the host side only,link_flap|crc_errors,Link flaps with rising CRC errors isolated to the host side of one port -- degrading SFP transceiver or marginal cable.,"Replace the SFP transceiver and cable together before touching the NIC. If this NIC carries an in-progress migration, fail over to the secondary port first.",resolved,SFP28-25G-SR,1,0.4,5,P2,M. Chen,normal,False
INC0105120,2026-05-16 15:39:00.000000000,2026-05-16 16:06:11.334316342,E06,E06-S1,E06-S1-FAN,fan,HPE,ProLiant DL380a Gen11,ai,fan_current,fan motor current up to 1.46 A to hold speed,fan_current_rise|fan_rpm_drop,Motor current rising to hold RPM -- winding or bearing degradation.,Replace the fan module proactively; the current rise precedes failure by days.,resolved,FAN-GPU-HP80,1,0.45,2,P3,E. Johansson,normal,False
INC0105121,2026-05-16 22:46:00.000000000,2026-05-16 23:06:49.859274552,B14,B14-S2,B14-S2-FAN,fan,Dell,PowerEdge R760,virtualization,fan_connector,intermittent tach dropouts on one fan,fan_rpm_drop,Intermittent RPM dropouts traced to a loose fan connector.,Reseat the fan module connector and confirm stable tach readings.,resolved,,0,0.35,5,P4,R. Singh,normal,False
INC0105123,2026-05-17 14:28:00.000000000,2026-05-17 17:20:41.392992420,D18,D18-S6,D18-S6-DIMM,dimm,Dell,PowerEdge R760,storage,dimm_replace,BMC SEL logged a rising correctable memory error rate (67/24h) on one DIMM slot,ecc_correctable_spike|ecc_uncorrectable,Failing DRAM device on the RDIMM: correctable ECC rate climbed for several days before uncorrectable errors appeared -- classic cell degradation.,"Replace the RDIMM identified by the SEL slot locator. If the host is serving a migration or DR role, live-migrate or fail over workloads first; never hot-remove memory from a running host.",resolved,MEM-DDR5-64G-4800,1,2.88,0,P2,P. Reyes,normal,False
INC0105106,2026-05-17 18:58:24.159618335,2026-05-17 19:31:54.663146069,D07,D07-S5,D07-S5-FAN,fan,HPE,ProLiant DL380 Gen11,storage,fan_bearing,Recurrence of INC0105105: fan down to 3835 RPM at the same PWM duty with vibration 4.5 mm/s,fan_rpm_drop|fan_vibration,Fan bearing wear: vibration rising and RPM falling at constant PWM duty -- precedes seizure.,Hot-swap the fan module (N+1 redundant) and verify the remaining fans ramp correctly during the swap.,resolved,FAN-HPE-DL380,1,0.56,1,P3,P. Reyes,normal,False
INC0105124,2026-05-18 01:38:00.000000000,2026-05-18 02:19:25.783578891,B12,B12-S8,B12-S8-DIMM,dimm,HPE,ProLiant DL380 Gen11,virtualization,dimm_fw_false_pos,correctable error spikes on many hosts at once after a BMC update,ecc_correctable_spike,BIOS/BMC firmware bug over-reporting correctable errors (vendor advisory) -- no actual DRAM degradation.,Apply the vendor BIOS/BMC update that corrects correctable-error logging; confirm counts normalize before swapping any hardware.,resolved,,0,0.69,28,P4,M. Chen,maintenance_window,False
INC0105119,2026-05-18 03:53:58.561046385,2026-05-18 04:18:06.244790217,E07,E07-S7,E07-S7-FAN,fan,Lenovo,ThinkSystem SR675 V3,ai,fan_bearing,Recurrence of INC0105118: vibration rising for 3 days while fan speed fell,fan_rpm_drop|fan_vibration,Fan bearing wear: vibration rising and RPM falling at constant PWM duty -- precedes seizure.,Hot-swap the fan module (N+1 redundant) and verify the remaining fans ramp correctly during the swap.,resolved,FAN-GPU-HP80,1,0.4,3,P2,P. Reyes,dr_failover,False
INC0105133,2026-05-19 04:20:00.000000000,2026-05-19 04:36:18.861447288,E06,E06-S8,E06-S8-FAN,fan,HPE,ProLiant DL380a Gen11,ai,fan_bearing,fan down to 3982 RPM at the same PWM duty with vibration 5.6 mm/s,fan_rpm_drop|fan_vibration,Fan bearing wear: vibration rising and RPM falling at constant PWM duty -- precedes seizure.,Hot-swap the fan module (N+1 redundant) and verify the remaining fans ramp correctly during the swap.,resolved,FAN-GPU-HP80,1,0.27,0,P3,P. Reyes,normal,False
INC0105126,2026-05-19 09:03:00.000000000,2026-05-19 10:45:25.035123629,E16,E16-S1,E16-S1-DIMM,dimm,Lenovo,ThinkSystem SR675 V3,ai,dimm_replace,memory error rate on slot C3 kept increasing over 7 days,ecc_correctable_spike|ecc_uncorrectable,Failing DRAM device on the RDIMM: correctable ECC rate climbed for several days before uncorrectable errors appeared -- classic cell degradation.,"Replace the RDIMM identified by the SEL slot locator. If the host is serving a migration or DR role, live-migrate or fail over workloads first; never hot-remove memory from a running host.",resolved,MEM-DDR5-64G-4800,1,1.71,0,P2,K. Watanabe,normal,False
INC0105127,2026-05-19 10:32:00.000000000,2026-05-19 14:04:40.362247127,E02,E02-S2,E02-S2-DIMM,dimm,Dell,PowerEdge XE8640,ai,dimm_ue_crash,uncorrectable memory error forced a kernel panic,ecc_uncorrectable,Uncorrectable ECC error caused a host crash; module confirmed failed by vendor diagnostics.,"Replace the RDIMM immediately, run vendor memory diagnostics after replacement, and review the crash dump to rule out a CPU memory-controller fault.",resolved,MEM-DDR5-64G-4800,1,3.54,105,P1,M. Chen,dr_failover,True
INC0105128,2026-05-19 14:14:00.000000000,2026-05-19 16:50:07.142794935,A02,A02-S2,A02-S2-DISK,disk,Lenovo,ThinkSystem SR650 V3,web,disk_hdd_head,HDD pending sectors at 69 and retry-driven latency of 13.7 ms,pending_sectors|latency_spike,HDD head degradation causing pending sectors and retry-driven latency.,"Mark the HDD failed in the storage array, let the pool rebuild to a hot spare, then replace the drive.",recurred,SSD-NVME-U2-3T84,1,2.6,1,P2,A. Kim,backup_window,False
INC0105130,2026-05-19 17:37:00.000000000,2026-05-19 20:57:17.222959940,A07,A07-S1,A07-S1-DISK,disk,HPE,ProLiant DL380 Gen11,web,disk_backplane,link-reset errors that followed the bay after the drive was moved,smart_read_error_rate|latency_spike,"Intermittent errors followed the bay, not the drive -- backplane or connector fault.","Move the drive to another bay as a test; if errors follow the bay, have the vendor replace the backplane cable/backplane.",resolved,,0,3.34,0,P2,D. Haddad,normal,False
INC0105125,2026-05-19 20:10:00.000000000,2026-05-19 21:35:19.712882447,C20,C20-S8,C20-S8-DIMM,dimm,HPE,ProLiant DL380 Gen11,database,dimm_ppr,correctable errors confined to a single row address (43/24h),ecc_correctable_spike,Isolated single-row fault on one DRAM device; errors confined to one address range.,Schedule a reboot with Post Package Repair (PPR) enabled in BIOS to remap the faulty row; watch the correctable-error rate for 72 hours and replace the DIMM if it recurs.,resolved,,0,1.42,0,P3,J. Alvarez,normal,False
INC0105131,2026-05-19 21:37:00.000000000,2026-05-19 23:04:50.634154787,B12,B12-S4,B12-S4-DISK,disk,HPE,ProLiant DL380 Gen11,virtualization,disk_early_latency,read error rate creeping up and latency spikes on one drive,smart_read_error_rate|latency_spike,Rising SMART read error rate with I/O latency spikes but no reallocated sectors yet -- an earlier-stage precursor.,"Flag the drive for proactive replacement in the next maintenance window, move latency-sensitive volumes off it, and check the reallocation count daily.",resolved,SSD-NVME-U2-3T84,1,1.46,0,P2,D. Haddad,migration,False
INC0105132,2026-05-19 23:15:00.000000000,2026-05-20 00:04:59.875380137,C14,C14-S3,C14-S3-NIC,nic,HPE,ProLiant DL380 Gen11,database,nic_sfp,port flapping and CRC counters climbing on the host side only,link_flap|crc_errors,Link flaps with rising CRC errors isolated to the host side of one port -- degrading SFP transceiver or marginal cable.,"Replace the SFP transceiver and cable together before touching the NIC. If this NIC carries an in-progress migration, fail over to the secondary port first.",resolved,SFP28-25G-SR,1,0.83,5,P2,E. Johansson,backup_window,False
INC0105137,2026-05-20 00:48:00.000000000,2026-05-20 02:47:20.647305330,C20,C20-S5,C20-S5-DISK,disk,HPE,ProLiant DL380 Gen11,database,disk_fw_stall,periodic 30-second I/O stalls on drives of the same model,latency_spike,Drive firmware bug causing periodic latency stalls (vendor advisory) -- media healthy.,Update drive firmware in a rolling fashion; replacement is unnecessary while SMART media counters stay clean.,resolved,,0,1.99,0,P3,T. Novak,normal,False
INC0105361,2026-05-20 05:37:55.568530328,2026-05-20 06:21:15.313804457,C18,C18-S4,,thermal,Lenovo,ThinkSystem SR650 V3,database,thermal_containment,Recurrence of INC0105360: hot-aisle containment door propped open during maintenance,inlet_overtemp,Hot-aisle containment door left open during maintenance.,Close/repair the containment door and add a door-open alarm to the BMS.,resolved,,0,0.72,4,P3,P. Reyes,normal,False
INC0105139,2026-05-20 07:21:00.000000000,2026-05-20 07:58:38.031392929,C15,C15-S5,C15-S5-FAN,fan,Lenovo,ThinkSystem SR650 V3,database,fan_dust,vibration 4.5 mm/s with a dusty intake filter,fan_vibration,Dust accumulation / imbalance causing vibration; fan otherwise healthy.,Clean the fan module and filter; replace only if vibration persists after cleaning.,resolved,,0,0.63,4,P4,L. Moreau,normal,False
INC0105138,2026-05-20 09:16:00.000000000,2026-05-20 10:47:50.125521301,A02,A02-S6,A02-S6-NIC,nic,Lenovo,ThinkSystem SR650 V3,web,nic_card,packet loss of 0.83% persisted after the transceiver and cable were replaced,packet_loss|crc_errors|nic_overtemp,NIC ASIC degradation: packet loss persisted after transceiver and cable replacement; NIC temperature elevated.,Replace the NIC card in a maintenance window after failing workloads over to the redundant NIC.,resolved,NIC-OCP3-25G-DP,1,1.53,0,P2,L. Moreau,normal,False
INC0105136,2026-05-20 09:22:00.000000000,2026-05-20 11:57:20.818587538,A05,A05-S2,A05-S2-DISK,disk,Lenovo,ThinkSystem SR650 V3,web,disk_hdd_head,HDD pending sectors at 76 and retry-driven latency of 8.3 ms,pending_sectors|latency_spike,HDD head degradation causing pending sectors and retry-driven latency.,"Mark the HDD failed in the storage array, let the pool rebuild to a hot spare, then replace the drive.",resolved,SSD-NVME-U2-3T84,1,2.59,1,P2,L. Moreau,normal,False
INC0105135,2026-05-20 11:56:00.000000000,2026-05-20 13:37:05.863533034,C18,C18-S4,C18-S4-DISK,disk,Lenovo,ThinkSystem SR650 V3,database,disk_media_wear,SMART reallocated sectors rose to 30 with pending sectors climbing,reallocated_sectors|pending_sectors|smart_read_error_rate,Drive media degradation: reallocated and pending sector counts rising steadily -- the pattern that preceded hard read failures in prior incidents.,"Drain the replica / rebuild the RAID member onto a healthy drive, then hot-swap the drive. Do not wait for a hard failure if a backup or replication job is currently reading from it.",resolved,SSD-NVME-U2-3T84,1,1.68,2,P2,N. Patel,backup_window,False
INC0105134,2026-05-20 22:24:00.000000000,2026-05-21 00:20:32.471291414,D14,D14-S4,D14-S4-DIMM,dimm,Lenovo,ThinkSystem SR650 V3,storage,dimm_replace,memory error rate on slot D1 kept increasing over 3 days,ecc_correctable_spike|ecc_uncorrectable,Failing DRAM device on the RDIMM: correctable ECC rate climbed for several days before uncorrectable errors appeared -- classic cell degradation.,"Replace the RDIMM identified by the SEL slot locator. If the host is serving a migration or DR role, live-migrate or fail over workloads first; never hot-remove memory from a running host.",resolved,MEM-DDR5-64G-4800,1,1.94,50,P2,P. Reyes,normal,False
INC0105141,2026-05-21 07:38:00.000000000,2026-05-21 08:33:30.124382788,E06,E06-S8,E06-S8-PSU,psu,HPE,ProLiant DL380a Gen11,ai,psu_fw_ripple,spurious ripple warnings on several PSUs right after a BMC update,output_ripple_high,PSU firmware reporting spurious ripple warnings after a BMC update.,Update PSU firmware to the version paired with the current BMC and verify with a calibrated meter before replacing hardware.,resolved,,0,0.93,0,P4,J. Alvarez,normal,False
INC0105140,2026-05-21 09:17:00.000000000,2026-05-21 12:08:44.248768617,C13,C13-S4,C13-S4-DISK,disk,Dell,PowerEdge R760,database,disk_hdd_head,HDD pending sectors at 48 and retry-driven latency of 12.3 ms,pending_sectors|latency_spike,HDD head degradation causing pending sectors and retry-driven latency.,"Mark the HDD failed in the storage array, let the pool rebuild to a hot spare, then replace the drive.",resolved,SSD-NVME-U2-3T84,1,2.86,2,P2,J. Alvarez,normal,False
INC0105129,2026-05-21 18:39:48.466468768,2026-05-21 20:57:23.576433706,A02,A02-S2,A02-S2-DISK,disk,Lenovo,ThinkSystem SR650 V3,web,disk_hdd_head,Recurrence of INC0105128: HDD pending sectors at 58 and retry-driven latency of 6.0 ms,pending_sectors|latency_spike,HDD head degradation causing pending sectors and retry-driven latency.,"Mark the HDD failed in the storage array, let the pool rebuild to a hot spare, then replace the drive.",resolved,SSD-NVME-U2-3T84,1,2.29,2,P2,J. Alvarez,backup_window,False
INC0105142,2026-05-23 03:00:00.000000000,2026-05-23 03:47:25.575447417,B01,B01-S3,B01-S3-DIMM,dimm,Lenovo,ThinkSystem SR650 V3,virtualization,dimm_fw_false_pos,fleet-wide jump in reported correctable ECC after firmware rollout,ecc_correctable_spike,BIOS/BMC firmware bug over-reporting correctable errors (vendor advisory) -- no actual DRAM degradation.,Apply the vendor BIOS/BMC update that corrects correctable-error logging; confirm counts normalize before swapping any hardware.,resolved,,0,0.79,0,P4,A. Kim,normal,False
INC0105362,2026-05-23 19:51:00.000000000,2026-05-24 02:15:49.773886280,B17,B17-S2,,thermal,Dell,PowerEdge R760,virtualization,thermal_crac,inlet temperatures up to 32.5 C across 3 adjacent racks in one cooling zone,inlet_overtemp|hot_spot,CRAC unit compressor degradation reduced cooling capacity for its zone; inlet temperatures rose across adjacent racks.,"Open a facilities work order for the CRAC unit, temporarily raise neighbouring CRAC output, and add perforated tiles in the affected cold aisle.",recurred,,0,6.41,5,P2,P. Reyes,normal,False
INC0105144,2026-05-24 01:34:00.000000000,2026-05-24 02:45:52.809680967,A06,A06-S4,A06-S4-PSU,psu,Dell,PowerEdge R760,web,psu_capacitor,input voltage sagging to 202.2 V with output ripple at 57 mV on one PSU,input_voltage_drop|output_ripple_high,"Input sag with rising output ripple on one PSU of a redundant pair -- capacitor degradation, typically 2-3 weeks before a hard trip.","Confirm the partner PSU is healthy, then hot-swap the degrading unit. In a backup window, first verify the remaining PSU can carry the backup job's peak draw.",resolved,PSU-DEL-1400W,1,1.2,3,P2,M. Chen,normal,False
INC0105143,2026-05-24 18:36:00.000000000,2026-05-24 19:43:57.368941791,E17,E17-S1,E17-S1-DISK,disk,Dell,PowerEdge XE8640,ai,disk_early_latency,"I/O latency spiking to 6.2 ms with rising read error rate, no reallocations yet",smart_read_error_rate|latency_spike,Rising SMART read error rate with I/O latency spikes but no reallocated sectors yet -- an earlier-stage precursor.,"Flag the drive for proactive replacement in the next maintenance window, move latency-sensitive volumes off it, and check the reallocation count daily.",resolved,SSD-NVME-U2-3T84,1,1.13,5,P3,K. Watanabe,normal,False
INC0105145,2026-05-24 19:04:00.000000000,2026-05-24 19:41:57.601064333,E08,E08-S1,E08-S1-NIC,nic,Dell,PowerEdge XE8640,ai,nic_dac,CRC errors on a DAC link after a rack re-cable,crc_errors,Damaged DAC cable (bend-radius violation) causing CRC errors.,Replace the DAC cable and re-dress it with the correct bend radius.,resolved,CBL-DAC-25G-3M,1,0.63,5,P3,N. Patel,normal,False
INC0105147,2026-05-25 01:51:00.000000000,2026-05-25 03:12:30.884226871,E18,E18-S8,E18-S8-DISK,disk,HPE,ProLiant DL380a Gen11,ai,disk_fw_stall,periodic 30-second I/O stalls on drives of the same model,latency_spike,Drive firmware bug causing periodic latency stalls (vendor advisory) -- media healthy.,Update drive firmware in a rolling fashion; replacement is unnecessary while SMART media counters stay clean.,resolved,,0,1.36,0,P3,K. Watanabe,normal,False
INC0105148,2026-05-25 04:01:00.000000000,2026-05-25 04:41:21.265639325,A02,A02-S4,A02-S4-DISK,disk,Lenovo,ThinkSystem SR650 V3,web,disk_reseat,drive reseated after link resets; SMART read error rate kept rising,smart_read_error_rate,Drive reseated after link-reset errors; errors resumed within days.,Reseating is not a durable fix when the SMART read error rate keeps rising -- replace the drive.,resolved,,0,0.67,23,P3,P. Reyes,normal,False
INC0105364,2026-05-25 06:45:00.000000000,2026-05-25 07:27:08.794328665,A18,A18-S7,,thermal,Dell,PowerEdge R760,web,thermal_blanking,"inlet 29.8 C on top-of-rack servers, hot-air recirculation through empty U spaces",inlet_overtemp|hot_air_recirculation,Missing blanking panels allowed hot-aisle air to recirculate into server inlets.,Install blanking panels in every empty U position and confirm inlet temperatures drop within the hour.,recurred,,0,0.7,5,P3,D. Haddad,normal,False
INC0105146,2026-05-25 07:16:00.000000000,2026-05-25 10:12:05.207510405,E11,E11-S7,E11-S7-DIMM,dimm,Dell,PowerEdge XE8640,ai,dimm_replace,memory error rate on slot A5 kept increasing over 6 days,ecc_correctable_spike|ecc_uncorrectable,Failing DRAM device on the RDIMM: correctable ECC rate climbed for several days before uncorrectable errors appeared -- classic cell degradation.,"Replace the RDIMM identified by the SEL slot locator. If the host is serving a migration or DR role, live-migrate or fail over workloads first; never hot-remove memory from a running host.",resolved,MEM-DDR5-64G-4800,1,2.93,0,P2,T. Novak,dr_failover,False
INC0105149,2026-05-25 17:57:00.000000000,2026-05-25 18:13:37.154391653,A16,A16-S5,A16-S5-FAN,fan,HPE,ProLiant DL380 Gen11,web,fan_connector,intermittent tach dropouts on one fan,fan_rpm_drop,Intermittent RPM dropouts traced to a loose fan connector.,Reseat the fan module connector and confirm stable tach readings.,recurred,,0,0.28,5,P4,R. Singh,normal,False
INC0105151,2026-05-25 21:46:00.000000000,2026-05-25 22:01:53.282060408,D11,D11-S6,D11-S6-FAN,fan,Lenovo,ThinkSystem SR650 V3,storage,fan_current,fan motor current up to 1.33 A to hold speed,fan_current_rise|fan_rpm_drop,Motor current rising to hold RPM -- winding or bearing degradation.,Replace the fan module proactively; the current rise precedes failure by days.,resolved,FAN-LNV-SR650,1,0.26,1,P3,T. Novak,normal,False
INC0105152,2026-05-26 12:32:00.000000000,2026-05-26 13:36:49.721426559,C09,C09-S5,C09-S5-DISK,disk,Lenovo,ThinkSystem SR650 V3,database,disk_media_wear,SMART reallocated sectors rose to 52 with pending sectors climbing,reallocated_sectors|pending_sectors|smart_read_error_rate,Drive media degradation: reallocated and pending sector counts rising steadily -- the pattern that preceded hard read failures in prior incidents.,"Drain the replica / rebuild the RAID member onto a healthy drive, then hot-swap the drive. Do not wait for a hard failure if a backup or replication job is currently reading from it.",resolved,SSD-NVME-U2-3T84,1,1.08,3,P2,L. Moreau,normal,False
INC0105366,2026-05-26 12:59:00.000000000,2026-05-26 13:29:26.261983579,D16,D16-S2,,firmware,HPE,ProLiant DL380 Gen11,storage,sec_brute_force,51 failed BMC logins in 24 hours from one internal address,auth_failures,Repeated failed BMC logins from an internal scanner misconfigured with stale credentials.,"Block the source on the management-VLAN ACL, rotate BMC credentials, and correct the scanner configuration.",resolved,,0,0.51,5,P2,N. Patel,normal,False
INC0105153,2026-05-26 21:43:00.000000000,2026-05-26 22:09:08.859638730,A08,A08-S7,A08-S7-FAN,fan,Lenovo,ThinkSystem SR650 V3,web,fan_double,"two fans in the same chassis degraded, remaining fans at 100%",fan_rpm_drop|fan_current_rise,"Two fans in the same chassis degraded, forcing the rest to maximum and risking thermal shutdown.",Replace both fan modules in the same visit and check chassis inlet temperature on neighbouring servers.,resolved,FAN-LNV-SR650,2,0.44,2,P2,R. Singh,normal,False
INC0105363,2026-05-27 17:26:11.433451651,2026-05-28 04:53:11.731001064,B17,B17-S2,,thermal,Dell,PowerEdge R760,virtualization,thermal_crac,Recurrence of INC0105362: inlet temperatures up to 33.1 C across 3 adjacent racks in one cooling zone,inlet_overtemp|hot_spot,CRAC unit compressor degradation reduced cooling capacity for its zone; inlet temperatures rose across adjacent racks.,"Open a facilities work order for the CRAC unit, temporarily raise neighbouring CRAC output, and add perforated tiles in the affected cold aisle.",resolved,,0,11.45,4,P2,D. Haddad,normal,False
INC0105150,2026-05-27 21:23:43.710461708,2026-05-27 21:54:07.765259416,A16,A16-S5,A16-S5-FAN,fan,HPE,ProLiant DL380 Gen11,web,fan_bearing,Recurrence of INC0105149: fan down to 4735 RPM at the same PWM duty with vibration 4.5 mm/s,fan_rpm_drop|fan_vibration,Fan bearing wear: vibration rising and RPM falling at constant PWM duty -- precedes seizure.,Hot-swap the fan module (N+1 redundant) and verify the remaining fans ramp correctly during the swap.,resolved,FAN-HPE-DL380,1,0.51,2,P3,R. Singh,normal,False
INC0105154,2026-05-28 13:19:00.000000000,2026-05-28 14:46:37.587986351,D07,D07-S7,D07-S7-DISK,disk,HPE,ProLiant DL380 Gen11,storage,disk_media_wear,predictive-failure flag: reallocated and pending sector counts rising for 9 days,reallocated_sectors|pending_sectors|smart_read_error_rate,Drive media degradation: reallocated and pending sector counts rising steadily -- the pattern that preceded hard read failures in prior incidents.,"Drain the replica / rebuild the RAID member onto a healthy drive, then hot-swap the drive. Do not wait for a hard failure if a backup or replication job is currently reading from it.",resolved,HDD-SAS-12T,1,1.46,1,P2,L. Moreau,normal,False
INC0105365,2026-05-29 02:27:02.672239263,2026-05-29 03:49:04.394303607,A18,A18-S7,,thermal,Dell,PowerEdge R760,web,thermal_blanking,"Recurrence of INC0105364: inlet 32.7 C on top-of-rack servers, hot-air recirculation through empty U spaces",inlet_overtemp|hot_air_recirculation,Missing blanking panels allowed hot-aisle air to recirculate into server inlets.,Install blanking panels in every empty U position and confirm inlet temperatures drop within the hour.,resolved,,0,1.37,5,P3,E. Johansson,normal,False
INC0105155,2026-05-29 10:44:00.000000000,2026-05-29 11:14:41.513014363,C02,C02-S2,C02-S2-DIMM,dimm,HPE,ProLiant DL380 Gen11,database,dimm_fw_false_pos,correctable error spikes on many hosts at once after a BMC update,ecc_correctable_spike,BIOS/BMC firmware bug over-reporting correctable errors (vendor advisory) -- no actual DRAM degradation.,Apply the vendor BIOS/BMC update that corrects correctable-error logging; confirm counts normalize before swapping any hardware.,resolved,,0,0.51,0,P4,E. Johansson,normal,False
INC0105157,2026-05-29 15:28:00.000000000,2026-05-29 15:44:40.896213459,B20,B20-S7,B20-S7-FAN,fan,Dell,PowerEdge R760,virtualization,fan_bearing,fan down to 5049 RPM at the same PWM duty with vibration 6.1 mm/s,fan_rpm_drop|fan_vibration,Fan bearing wear: vibration rising and RPM falling at constant PWM duty -- precedes seizure.,Hot-swap the fan module (N+1 redundant) and verify the remaining fans ramp correctly during the swap.,resolved,FAN-DEL-R760,1,0.28,5,P3,J. Alvarez,normal,False
INC0105156,2026-05-29 15:50:00.000000000,2026-05-29 17:49:32.161540733,C19,C19-S1,C19-S1-DISK,disk,Dell,PowerEdge R760,database,disk_media_wear,predictive-failure flag: reallocated and pending sector counts rising for 7 days,reallocated_sectors|pending_sectors|smart_read_error_rate,Drive media degradation: reallocated and pending sector counts rising steadily -- the pattern that preceded hard read failures in prior incidents.,"Drain the replica / rebuild the RAID member onto a healthy drive, then hot-swap the drive. Do not wait for a hard failure if a backup or replication job is currently reading from it.",resolved,SSD-NVME-U2-3T84,1,1.99,0,P2,E. Johansson,normal,False
INC0105158,2026-05-29 20:25:00.000000000,2026-05-29 20:54:44.270588507,A02,A02-S7,A02-S7-FAN,fan,Lenovo,ThinkSystem SR650 V3,web,fan_bmc_curve,all fans in a chassis under-spinning after a BMC update,fan_rpm_drop,"BMC fan curve misconfigured after a firmware update -- fans under-spinning, not failing.",Restore the vendor thermal profile / fan curve in BMC settings; no hardware change.,resolved,,0,0.5,2,P2,R. Singh,migration,False
INC0105163,2026-05-30 05:39:00.000000000,2026-05-30 06:06:05.894676563,E15,E15-S7,E15-S7-NIC,nic,HPE,ProLiant DL380a Gen11,ai,nic_sfp,12 link flaps per day with CRC errors rising on one port,link_flap|crc_errors,Link flaps with rising CRC errors isolated to the host side of one port -- degrading SFP transceiver or marginal cable.,"Replace the SFP transceiver and cable together before touching the NIC. If this NIC carries an in-progress migration, fail over to the secondary port first.",recurred,QSFP28-100G-SR4,1,0.45,4,P2,M. Chen,normal,False
INC0105161,2026-05-30 15:19:00.000000000,2026-05-30 16:18:50.854962887,D14,D14-S6,D14-S6-PSU,psu,Lenovo,ThinkSystem SR650 V3,storage,psu_fan,PSU fan down to 4553 RPM and PSU temperature 32.4 C,psu_fan_rpm_drop|psu_overtemp,Failing PSU fan bearing (not the power stage) raising PSU temperature.,"PSU fans are not field-serviceable on this platform -- replace the PSU proactively in the next maintenance window, before thermal shutdown.",resolved,PSU-LNV-1100W,1,1.0,5,P3,M. Chen,normal,False
INC0105162,2026-05-30 21:20:00.000000000,2026-05-30 22:14:03.350353644,A20,A20-S7,A20-S7-PSU,psu,Lenovo,ThinkSystem SR650 V3,web,psu_capacitor,PSU E2 showed ripple climbing past spec for 2 days,input_voltage_drop|output_ripple_high,"Input sag with rising output ripple on one PSU of a redundant pair -- capacitor degradation, typically 2-3 weeks before a hard trip.","Confirm the partner PSU is healthy, then hot-swap the degrading unit. In a backup window, first verify the remaining PSU can carry the backup job's peak draw.",resolved,PSU-LNV-1100W,1,0.9,1,P2,M. Chen,normal,False
INC0105159,2026-05-30 23:44:00.000000000,2026-05-31 00:58:03.710242560,B02,B02-S6,B02-S6-DISK,disk,Dell,PowerEdge R760,virtualization,disk_early_latency,"I/O latency spiking to 12.6 ms with rising read error rate, no reallocations yet",smart_read_error_rate|latency_spike,Rising SMART read error rate with I/O latency spikes but no reallocated sectors yet -- an earlier-stage precursor.,"Flag the drive for proactive replacement in the next maintenance window, move latency-sensitive volumes off it, and check the reallocation count daily.",recurred,SSD-NVME-U2-3T84,1,1.23,5,P3,M. Chen,normal,False
INC0105171,2026-05-31 05:01:00.000000000,2026-05-31 05:13:58.406985266,B07,B07-S3,B07-S3-FAN,fan,Lenovo,ThinkSystem SR650 V3,virtualization,fan_current,fan motor current up to 1.23 A to hold speed,fan_current_rise|fan_rpm_drop,Motor current rising to hold RPM -- winding or bearing degradation.,Replace the fan module proactively; the current rise precedes failure by days.,resolved,FAN-LNV-SR650,1,0.22,5,P3,M. Chen,normal,False
INC0105166,2026-05-31 09:06:00.000000000,2026-05-31 11:18:13.565580070,C04,C04-S7,C04-S7-NIC,nic,Dell,PowerEdge R760,database,nic_card,packet loss of 1.34% persisted after the transceiver and cable were replaced,packet_loss|crc_errors|nic_overtemp,NIC ASIC degradation: packet loss persisted after transceiver and cable replacement; NIC temperature elevated.,Replace the NIC card in a maintenance window after failing workloads over to the redundant NIC.,recurred,NIC-OCP3-25G-DP,1,2.2,86,P2,N. Patel,normal,True
INC0105165,2026-05-31 10:50:00.000000000,2026-05-31 11:23:19.468072821,D07,D07-S2,D07-S2-PSU,psu,HPE,ProLiant DL380 Gen11,storage,psu_capacitor,input voltage sagging to 200.4 V with output ripple at 51 mV on one PSU,input_voltage_drop|output_ripple_high,"Input sag with rising output ripple on one PSU of a redundant pair -- capacitor degradation, typically 2-3 weeks before a hard trip.","Confirm the partner PSU is healthy, then hot-swap the degrading unit. In a backup window, first verify the remaining PSU can carry the backup job's peak draw.",resolved,PSU-HPE-1600W,1,0.56,4,P2,N. Patel,normal,False
INC0105169,2026-05-31 16:43:00.000000000,2026-05-31 17:08:37.960242210,C07,C07-S6,C07-S6-FAN,fan,Dell,PowerEdge R760,database,fan_bmc_curve,all fans in a chassis under-spinning after a BMC update,fan_rpm_drop,"BMC fan curve misconfigured after a firmware update -- fans under-spinning, not failing.",Restore the vendor thermal profile / fan curve in BMC settings; no hardware change.,resolved,,0,0.43,1,P4,M. Chen,normal,False
INC0105170,2026-05-31 19:29:00.000000000,2026-05-31 19:50:49.694208561,D03,D03-S3,D03-S3-FAN,fan,Dell,PowerEdge R760,storage,fan_bearing,vibration rising for 9 days while fan speed fell,fan_rpm_drop|fan_vibration,Fan bearing wear: vibration rising and RPM falling at constant PWM duty -- precedes seizure.,Hot-swap the fan module (N+1 redundant) and verify the remaining fans ramp correctly during the swap.,resolved,FAN-DEL-R760,1,0.36,1,P3,P. Reyes,normal,False
INC0105168,2026-05-31 20:06:00.000000000,2026-05-31 20:25:48.810230019,D17,D17-S3,D17-S3-FAN,fan,Lenovo,ThinkSystem SR650 V3,storage,fan_bearing,vibration rising for 9 days while fan speed fell,fan_rpm_drop|fan_vibration,Fan bearing wear: vibration rising and RPM falling at constant PWM duty -- precedes seizure.,Hot-swap the fan module (N+1 redundant) and verify the remaining fans ramp correctly during the swap.,resolved,FAN-LNV-SR650,1,0.33,1,P3,J. Alvarez,normal,False
INC0105160,2026-06-01 01:21:46.370159577,2026-06-01 02:21:16.442887486,B02,B02-S6,B02-S6-DISK,disk,Dell,PowerEdge R760,virtualization,disk_early_latency,"Recurrence of INC0105159: I/O latency spiking to 6.1 ms with rising read error rate, no reallocations yet",smart_read_error_rate|latency_spike,Rising SMART read error rate with I/O latency spikes but no reallocated sectors yet -- an earlier-stage precursor.,"Flag the drive for proactive replacement in the next maintenance window, move latency-sensitive volumes off it, and check the reallocation count daily.",resolved,SSD-NVME-U2-3T84,1,0.99,2,P3,M. Chen,normal,False
INC0105172,2026-06-01 19:56:00.000000000,2026-06-01 20:38:36.385933778,A03,A03-S8,A03-S8-DIMM,dimm,Dell,PowerEdge R760,web,dimm_reseat,correctable ECC errors after recent chassis service (51/24h),ecc_correctable_spike,Suspected DIMM seating issue after recent chassis work; reseating reduced correctable errors only temporarily.,"Reseat the DIMM and clear the SEL -- only reasonable if the host had physical service in the last 7 days. If correctable errors resume within 48 hours, escalate straight to replacement.",recurred,,0,0.71,13,P3,T. Novak,normal,False
INC0105367,2026-06-01 19:57:00.000000000,2026-06-01 21:59:28.769032414,D07,D07-S4,,power,HPE,ProLiant DL380 Gen11,storage,power_breaker,A-feed lost for half the rack after a branch breaker trip,input_voltage_drop|power_loss,PDU branch breaker tripped under the combined load of newly added servers.,"Rebalance servers across PDU branches, reset the breaker after a load review, and keep every branch under 80% of rating.",resolved,,0,2.04,83,P1,A. Kim,normal,True
INC0105174,2026-06-02 06:23:00.000000000,2026-06-02 07:02:23.068551688,E13,E13-S1,E13-S1-DIMM,dimm,Lenovo,ThinkSystem SR675 V3,ai,dimm_fw_false_pos,fleet-wide jump in reported correctable ECC after firmware rollout,ecc_correctable_spike,BIOS/BMC firmware bug over-reporting correctable errors (vendor advisory) -- no actual DRAM degradation.,Apply the vendor BIOS/BMC update that corrects correctable-error logging; confirm counts normalize before swapping any hardware.,resolved,,0,0.66,20,P4,N. Patel,normal,False
INC0105179,2026-06-02 08:38:00.000000000,2026-06-02 09:10:34.120175113,D09,D09-S1,D09-S1-FAN,fan,Dell,PowerEdge R760,storage,fan_bearing,vibration rising for 6 days while fan speed fell,fan_rpm_drop|fan_vibration,Fan bearing wear: vibration rising and RPM falling at constant PWM duty -- precedes seizure.,Hot-swap the fan module (N+1 redundant) and verify the remaining fans ramp correctly during the swap.,resolved,FAN-DEL-R760,1,0.54,5,P2,A. Kim,dr_failover,False
INC0105175,2026-06-02 09:18:00.000000000,2026-06-02 11:25:07.538042661,B09,B09-S4,B09-S4-DISK,disk,HPE,ProLiant DL380 Gen11,virtualization,disk_media_wear,SMART reallocated sectors rose to 57 with pending sectors climbing,reallocated_sectors|pending_sectors|smart_read_error_rate,Drive media degradation: reallocated and pending sector counts rising steadily -- the pattern that preceded hard read failures in prior incidents.,"Drain the replica / rebuild the RAID member onto a healthy drive, then hot-swap the drive. Do not wait for a hard failure if a backup or replication job is currently reading from it.",recurred,SSD-NVME-U2-3T84,1,2.12,0,P2,N. Patel,normal,False
INC0105178,2026-06-02 14:17:00.000000000,2026-06-02 14:59:39.282811647,E01,E01-S3,E01-S3-FAN,fan,Lenovo,ThinkSystem SR675 V3,ai,fan_dust,vibration 5.3 mm/s with a dusty intake filter,fan_vibration,Dust accumulation / imbalance causing vibration; fan otherwise healthy.,Clean the fan module and filter; replace only if vibration persists after cleaning.,resolved,,0,0.71,4,P4,J. Alvarez,normal,False
INC0105177,2026-06-02 15:28:00.000000000,2026-06-02 15:45:15.054176344,A16,A16-S7,A16-S7-FAN,fan,HPE,ProLiant DL380 Gen11,web,fan_bearing,fan down to 4292 RPM at the same PWM duty with vibration 4.7 mm/s,fan_rpm_drop|fan_vibration,Fan bearing wear: vibration rising and RPM falling at constant PWM duty -- precedes seizure.,Hot-swap the fan module (N+1 redundant) and verify the remaining fans ramp correctly during the swap.,resolved,FAN-HPE-DL380,1,0.29,4,P3,K. Watanabe,normal,False
INC0105164,2026-06-02 15:36:45.373461237,2026-06-02 15:57:43.575802533,E15,E15-S7,E15-S7-NIC,nic,HPE,ProLiant DL380a Gen11,ai,nic_sfp,Recurrence of INC0105163: 72 link flaps per day with CRC errors rising on one port,link_flap|crc_errors,Link flaps with rising CRC errors isolated to the host side of one port -- degrading SFP transceiver or marginal cable.,"Replace the SFP transceiver and cable together before touching the NIC. If this NIC carries an in-progress migration, fail over to the secondary port first.",resolved,QSFP28-100G-SR4,1,0.35,0,P2,E. Johansson,normal,False
INC0105182,2026-06-03 06:41:00.000000000,2026-06-03 07:03:10.857498336,D08,D08-S5,D08-S5-FAN,fan,Lenovo,ThinkSystem SR650 V3,storage,fan_bmc_curve,all fans in a chassis under-spinning after a BMC update,fan_rpm_drop,"BMC fan curve misconfigured after a firmware update -- fans under-spinning, not failing.",Restore the vendor thermal profile / fan curve in BMC settings; no hardware change.,resolved,,0,0.37,1,P4,R. Singh,normal,False
INC0105180,2026-06-03 11:42:00.000000000,2026-06-03 13:43:33.690038416,D20,D20-S2,D20-S2-NIC,nic,Lenovo,ThinkSystem SR650 V3,storage,nic_card,packet loss of 1.33% persisted after the transceiver and cable were replaced,packet_loss|crc_errors|nic_overtemp,NIC ASIC degradation: packet loss persisted after transceiver and cable replacement; NIC temperature elevated.,Replace the NIC card in a maintenance window after failing workloads over to the redundant NIC.,resolved,NIC-OCP3-25G-DP,1,2.03,0,P2,T. Novak,normal,False
INC0105368,2026-06-03 14:48:00.000000000,2026-06-03 16:10:44.807878182,E09,E09-S4,,power,HPE,ProLiant DL380a Gen11,ai,power_cap,CPU throttling across a rack during the nightly backup window,cpu_throttle,Rack power capping triggered CPU throttling during the backup window.,Adjust the power-cap policy and stagger backup jobs across racks.,resolved,,0,1.38,0,P3,R. Singh,normal,False
INC0105181,2026-06-03 19:22:00.000000000,2026-06-03 19:34:54.414842605,D06,D06-S2,D06-S2-FAN,fan,Dell,PowerEdge R760,storage,fan_bearing,fan down to 4870 RPM at the same PWM duty with vibration 5.4 mm/s,fan_rpm_drop|fan_vibration,Fan bearing wear: vibration rising and RPM falling at constant PWM duty -- precedes seizure.,Hot-swap the fan module (N+1 redundant) and verify the remaining fans ramp correctly during the swap.,resolved,FAN-DEL-R760,1,0.22,4,P3,K. Watanabe,normal,False
INC0105176,2026-06-03 20:21:52.715588415,2026-06-03 22:23:57.460620637,B09,B09-S4,B09-S4-DISK,disk,HPE,ProLiant DL380 Gen11,virtualization,disk_media_wear,Recurrence of INC0105175: SMART reallocated sectors rose to 41 with pending sectors climbing,reallocated_sectors|pending_sectors|smart_read_error_rate,Drive media degradation: reallocated and pending sector counts rising steadily -- the pattern that preceded hard read failures in prior incidents.,"Drain the replica / rebuild the RAID member onto a healthy drive, then hot-swap the drive. Do not wait for a hard failure if a backup or replication job is currently reading from it.",resolved,SSD-NVME-U2-3T84,1,2.03,1,P2,S. Okafor,normal,False
INC0105184,2026-06-04 00:55:00.000000000,2026-06-04 03:04:31.004805561,A17,A17-S2,A17-S2-NIC,nic,Lenovo,ThinkSystem SR650 V3,web,nic_card,packet loss of 1.55% persisted after the transceiver and cable were replaced,packet_loss|crc_errors|nic_overtemp,NIC ASIC degradation: packet loss persisted after transceiver and cable replacement; NIC temperature elevated.,Replace the NIC card in a maintenance window after failing workloads over to the redundant NIC.,resolved,NIC-OCP3-25G-DP,1,2.16,0,P2,E. Johansson,normal,False
INC0105167,2026-06-04 03:46:56.816789063,2026-06-04 05:32:52.781685084,C04,C04-S7,C04-S7-NIC,nic,Dell,PowerEdge R760,database,nic_card,Recurrence of INC0105166: packet loss of 0.68% persisted after the transceiver and cable were replaced,packet_loss|crc_errors|nic_overtemp,NIC ASIC degradation: packet loss persisted after transceiver and cable replacement; NIC temperature elevated.,Replace the NIC card in a maintenance window after failing workloads over to the redundant NIC.,resolved,NIC-OCP3-25G-DP,1,1.77,38,P2,T. Novak,normal,False
INC0105370,2026-06-04 04:43:00.000000000,2026-06-04 05:07:48.926829940,C07,C07-S4,,thermal,Dell,PowerEdge R760,database,thermal_containment,hot-aisle containment door propped open during maintenance,inlet_overtemp,Hot-aisle containment door left open during maintenance.,Close/repair the containment door and add a door-open alarm to the BMS.,recurred,,0,0.41,5,P2,K. Watanabe,migration,False
INC0105183,2026-06-04 16:51:00.000000000,2026-06-04 17:39:53.420382561,C01,C01-S3,C01-S3-NIC,nic,Dell,PowerEdge R760,database,nic_sfp,port flapping and CRC counters climbing on the host side only,link_flap|crc_errors,Link flaps with rising CRC errors isolated to the host side of one port -- degrading SFP transceiver or marginal cable.,"Replace the SFP transceiver and cable together before touching the NIC. If this NIC carries an in-progress migration, fail over to the secondary port first.",resolved,SFP28-25G-SR,1,0.81,5,P2,K. Watanabe,normal,False
INC0105369,2026-06-04 18:44:00.000000000,2026-06-04 19:26:50.753308621,C13,C13-S8,,thermal,Dell,PowerEdge R760,database,thermal_blanking,"inlet 29.7 C on top-of-rack servers, hot-air recirculation through empty U spaces",inlet_overtemp|hot_air_recirculation,Missing blanking panels allowed hot-aisle air to recirculate into server inlets.,Install blanking panels in every empty U position and confirm inlet temperatures drop within the hour.,resolved,,0,0.71,1,P3,M. Chen,normal,False
INC0105185,2026-06-05 02:40:00.000000000,2026-06-05 03:34:51.299648543,A13,A13-S1,A13-S1-DIMM,dimm,HPE,ProLiant DL380 Gen11,web,dimm_fw_false_pos,correctable error spikes on many hosts at once after a BMC update,ecc_correctable_spike,BIOS/BMC firmware bug over-reporting correctable errors (vendor advisory) -- no actual DRAM degradation.,Apply the vendor BIOS/BMC update that corrects correctable-error logging; confirm counts normalize before swapping any hardware.,resolved,,0,0.91,0,P4,L. Moreau,maintenance_window,False
INC0105186,2026-06-05 02:41:00.000000000,2026-06-05 04:02:03.638139334,A11,A11-S5,A11-S5-DISK,disk,Lenovo,ThinkSystem SR650 V3,web,disk_early_latency,read error rate creeping up and latency spikes on one drive,smart_read_error_rate|latency_spike,Rising SMART read error rate with I/O latency spikes but no reallocated sectors yet -- an earlier-stage precursor.,"Flag the drive for proactive replacement in the next maintenance window, move latency-sensitive volumes off it, and check the reallocation count daily.",resolved,SSD-NVME-U2-3T84,1,1.35,1,P3,J. Alvarez,normal,False
INC0105187,2026-06-05 18:43:00.000000000,2026-06-05 19:32:47.999531859,E09,E09-S4,E09-S4-NIC,nic,HPE,ProLiant DL380a Gen11,ai,nic_sfp,port flapping and CRC counters climbing on the host side only,link_flap|crc_errors,Link flaps with rising CRC errors isolated to the host side of one port -- degrading SFP transceiver or marginal cable.,"Replace the SFP transceiver and cable together before touching the NIC. If this NIC carries an in-progress migration, fail over to the secondary port first.",resolved,QSFP28-100G-SR4,1,0.83,4,P2,R. Singh,normal,False
INC0105188,2026-06-05 23:13:00.000000000,2026-06-05 23:28:49.392001545,D02,D02-S5,D02-S5-FAN,fan,Lenovo,ThinkSystem SR650 V3,storage,fan_current,fan motor current up to 1.58 A to hold speed,fan_current_rise|fan_rpm_drop,Motor current rising to hold RPM -- winding or bearing degradation.,Replace the fan module proactively; the current rise precedes failure by days.,resolved,FAN-LNV-SR650,1,0.26,2,P2,A. Kim,migration,False
INC0105372,2026-06-06 05:24:00.000000000,2026-06-06 06:08:17.348035176,E12,E12-S3,,firmware,HPE,ProLiant DL380a Gen11,ai,fw_baseline,hosts drifted from the approved BIOS baseline,config_drift,"Hosts drifted from the approved BIOS baseline, causing inconsistent power/performance settings.",Re-apply the golden BIOS profile from the management server.,resolved,,0,0.74,2,P4,D. Haddad,normal,False
INC0105173,2026-06-06 14:49:31.084391058,2026-06-06 17:08:34.490481084,A03,A03-S8,A03-S8-DIMM,dimm,Dell,PowerEdge R760,web,dimm_replace,"Recurrence of INC0105172: correctable ECC count climbed from single digits to 74 per day, then uncorrectable errors appeared",ecc_correctable_spike|ecc_uncorrectable,Failing DRAM device on the RDIMM: correctable ECC rate climbed for several days before uncorrectable errors appeared -- classic cell degradation.,"Replace the RDIMM identified by the SEL slot locator. If the host is serving a migration or DR role, live-migrate or fail over workloads first; never hot-remove memory from a running host.",resolved,MEM-DDR5-64G-4800,1,2.32,0,P2,K. Watanabe,normal,False
INC0105189,2026-06-07 01:25:00.000000000,2026-06-07 02:24:44.084615057,A02,A02-S4,A02-S4-DIMM,dimm,Lenovo,ThinkSystem SR650 V3,web,dimm_ppr,ECC errors isolated to one DRAM row on slot F8,ecc_correctable_spike,Isolated single-row fault on one DRAM device; errors confined to one address range.,Schedule a reboot with Post Package Repair (PPR) enabled in BIOS to remap the faulty row; watch the correctable-error rate for 72 hours and replace the DIMM if it recurs.,resolved,,0,1.0,32,P3,R. Singh,backup_window,False
INC0105193,2026-06-07 05:42:00.000000000,2026-06-07 06:16:50.185924876,A08,A08-S6,A08-S6-PSU,psu,Lenovo,ThinkSystem SR650 V3,web,psu_capacitor,input voltage sagging to 201.3 V with output ripple at 64 mV on one PSU,input_voltage_drop|output_ripple_high,"Input sag with rising output ripple on one PSU of a redundant pair -- capacitor degradation, typically 2-3 weeks before a hard trip.","Confirm the partner PSU is healthy, then hot-swap the degrading unit. In a backup window, first verify the remaining PSU can carry the backup job's peak draw.",resolved,PSU-LNV-1100W,1,0.58,4,P2,L. Moreau,normal,False
INC0105194,2026-06-07 08:57:00.000000000,2026-06-07 09:54:56.357905068,D11,D11-S3,D11-S3-NIC,nic,Lenovo,ThinkSystem SR650 V3,storage,nic_fw_drops,packet drops under high RSS load on one NIC model,packet_loss,NIC firmware bug dropping packets under high RSS load.,Update NIC firmware and driver to the fixed release in a rolling window.,resolved,,0,0.97,43,P3,R. Singh,normal,False
INC0105191,2026-06-07 11:41:00.000000000,2026-06-07 12:24:11.844643655,D05,D05-S6,D05-S6-DISK,disk,Lenovo,ThinkSystem SR650 V3,storage,disk_reseat,drive reseated after link resets; SMART read error rate kept rising,smart_read_error_rate,Drive reseated after link-reset errors; errors resumed within days.,Reseating is not a durable fix when the SMART read error rate keeps rising -- replace the drive.,recurred,,0,0.72,0,P3,T. Novak,normal,False
INC0105373,2026-06-07 13:57:00.000000000,2026-06-07 14:51:08.977092689,D07,D07-S5,,cabling,HPE,ProLiant DL380 Gen11,storage,cable_mispatch,VLAN mismatch and flaps after a server was re-patched during migration,link_flap,"Server patched to the wrong ToR port during migration, causing VLAN mismatch and flaps.",Correct the patching per the cable plan and update the DCIM port mapping.,resolved,,0,0.9,1,P3,T. Novak,normal,False
INC0105190,2026-06-07 18:27:00.000000000,2026-06-07 19:49:32.697123956,D20,D20-S5,D20-S5-DISK,disk,Lenovo,ThinkSystem SR650 V3,storage,disk_fw_stall,periodic 30-second I/O stalls on drives of the same model,latency_spike,Drive firmware bug causing periodic latency stalls (vendor advisory) -- media healthy.,Update drive firmware in a rolling fashion; replacement is unnecessary while SMART media counters stay clean.,resolved,,0,1.38,0,P3,L. Moreau,normal,False
INC0105371,2026-06-08 03:15:23.148281504,2026-06-08 03:47:22.218971127,C07,C07-S4,,thermal,Dell,PowerEdge R760,database,thermal_containment,Recurrence of INC0105370: hot-aisle containment door propped open during maintenance,inlet_overtemp,Hot-aisle containment door left open during maintenance.,Close/repair the containment door and add a door-open alarm to the BMS.,resolved,,0,0.53,0,P2,R. Singh,migration,False
INC0105196,2026-06-08 05:55:00.000000000,2026-06-08 07:54:59.859224861,B19,B19-S7,B19-S7-DISK,disk,Lenovo,ThinkSystem SR650 V3,virtualization,disk_media_wear,predictive-failure flag: reallocated and pending sector counts rising for 2 days,reallocated_sectors|pending_sectors|smart_read_error_rate,Drive media degradation: reallocated and pending sector counts rising steadily -- the pattern that preceded hard read failures in prior incidents.,"Drain the replica / rebuild the RAID member onto a healthy drive, then hot-swap the drive. Do not wait for a hard failure if a backup or replication job is currently reading from it.",resolved,SSD-NVME-U2-3T84,1,2.0,0,P2,A. Kim,normal,False
INC0105195,2026-06-08 22:15:00.000000000,2026-06-09 00:58:52.619335287,B03,B03-S7,B03-S7-DIMM,dimm,HPE,ProLiant DL380 Gen11,virtualization,dimm_replace,"correctable ECC count climbed from single digits to 30 per day, then uncorrectable errors appeared",ecc_correctable_spike|ecc_uncorrectable,Failing DRAM device on the RDIMM: correctable ECC rate climbed for several days before uncorrectable errors appeared -- classic cell degradation.,"Replace the RDIMM identified by the SEL slot locator. If the host is serving a migration or DR role, live-migrate or fail over workloads first; never hot-remove memory from a running host.",resolved,MEM-DDR5-64G-4800,1,2.73,0,P2,M. Chen,backup_window,False
INC0105197,2026-06-09 07:29:00.000000000,2026-06-09 08:02:06.538567210,D02,D02-S6,D02-S6-DIMM,dimm,Lenovo,ThinkSystem SR650 V3,storage,dimm_reseat,memory errors began right after the server was racked back in,ecc_correctable_spike,Suspected DIMM seating issue after recent chassis work; reseating reduced correctable errors only temporarily.,"Reseat the DIMM and clear the SEL -- only reasonable if the host had physical service in the last 7 days. If correctable errors resume within 48 hours, escalate straight to replacement.",recurred,,0,0.55,0,P3,D. Haddad,normal,False
INC0105374,2026-06-09 13:21:00.000000000,2026-06-09 14:02:07.923725880,A04,A04-S8,,thermal,HPE,ProLiant DL380 Gen11,web,thermal_blanking,"inlet 33.9 C on top-of-rack servers, hot-air recirculation through empty U spaces",inlet_overtemp|hot_air_recirculation,Missing blanking panels allowed hot-aisle air to recirculate into server inlets.,Install blanking panels in every empty U position and confirm inlet temperatures drop within the hour.,resolved,,0,0.69,4,P2,S. Okafor,dr_failover,False
INC0105199,2026-06-09 22:35:00.000000000,2026-06-09 23:26:06.398071172,A17,A17-S8,A17-S8-FAN,fan,Lenovo,ThinkSystem SR650 V3,web,fan_double,"two fans in the same chassis degraded, remaining fans at 100%",fan_rpm_drop|fan_current_rise,"Two fans in the same chassis degraded, forcing the rest to maximum and risking thermal shutdown.",Replace both fan modules in the same visit and check chassis inlet temperature on neighbouring servers.,resolved,FAN-LNV-SR650,2,0.85,2,P2,R. Singh,normal,False
INC0105201,2026-06-10 03:38:00.000000000,2026-06-10 05:08:53.572121088,C18,C18-S6,C18-S6-PSU,psu,Lenovo,ThinkSystem SR650 V3,database,psu_pdu_feed,both PSUs on the same feed reported low input voltage (201.6 V),input_voltage_drop,"Voltage sag traced to the upstream PDU outlet/whip, not the PSU (both PSUs on that feed showed it).",Move the PSU cord to a healthy outlet on the correct A/B feed and open a facilities ticket for the PDU circuit -- do not replace the PSU.,resolved,,0,1.51,40,P2,A. Kim,normal,False
INC0105200,2026-06-10 11:43:00.000000000,2026-06-10 13:25:32.183171033,B03,B03-S1,B03-S1-DISK,disk,HPE,ProLiant DL380 Gen11,virtualization,disk_media_wear,SMART reallocated sectors rose to 22 with pending sectors climbing,reallocated_sectors|pending_sectors|smart_read_error_rate,Drive media degradation: reallocated and pending sector counts rising steadily -- the pattern that preceded hard read failures in prior incidents.,"Drain the replica / rebuild the RAID member onto a healthy drive, then hot-swap the drive. Do not wait for a hard failure if a backup or replication job is currently reading from it.",resolved,SSD-NVME-U2-3T84,1,1.71,3,P2,P. Reyes,normal,False
INC0105202,2026-06-10 12:17:00.000000000,2026-06-10 12:35:25.824354628,D18,D18-S1,D18-S1-FAN,fan,Dell,PowerEdge R760,storage,fan_bearing,fan down to 4585 RPM at the same PWM duty with vibration 3.5 mm/s,fan_rpm_drop|fan_vibration,Fan bearing wear: vibration rising and RPM falling at constant PWM duty -- precedes seizure.,Hot-swap the fan module (N+1 redundant) and verify the remaining fans ramp correctly during the swap.,resolved,FAN-DEL-R760,1,0.31,5,P3,D. Haddad,normal,False
INC0105206,2026-06-11 00:06:00.000000000,2026-06-11 02:21:26.252497180,A08,A08-S1,A08-S1-NIC,nic,Lenovo,ThinkSystem SR650 V3,web,nic_card,packet loss of 1.3% persisted after the transceiver and cable were replaced,packet_loss|crc_errors|nic_overtemp,NIC ASIC degradation: packet loss persisted after transceiver and cable replacement; NIC temperature elevated.,Replace the NIC card in a maintenance window after failing workloads over to the redundant NIC.,resolved,NIC-OCP3-25G-DP,1,2.26,0,P2,S. Okafor,normal,False
INC0105203,2026-06-11 00:18:00.000000000,2026-06-11 02:15:33.600876325,C13,C13-S8,C13-S8-DIMM,dimm,Dell,PowerEdge R760,database,dimm_replace,BMC SEL logged a rising correctable memory error rate (87/24h) on one DIMM slot,ecc_correctable_spike|ecc_uncorrectable,Failing DRAM device on the RDIMM: correctable ECC rate climbed for several days before uncorrectable errors appeared -- classic cell degradation.,"Replace the RDIMM identified by the SEL slot locator. If the host is serving a migration or DR role, live-migrate or fail over workloads first; never hot-remove memory from a running host.",resolved,MEM-DDR5-64G-4800,1,1.96,0,P2,K. Watanabe,normal,False
INC0105205,2026-06-11 00:47:00.000000000,2026-06-11 01:50:11.871517350,A13,A13-S6,A13-S6-DISK,disk,HPE,ProLiant DL380 Gen11,web,disk_early_latency,"I/O latency spiking to 11.3 ms with rising read error rate, no reallocations yet",smart_read_error_rate|latency_spike,Rising SMART read error rate with I/O latency spikes but no reallocated sectors yet -- an earlier-stage precursor.,"Flag the drive for proactive replacement in the next maintenance window, move latency-sensitive volumes off it, and check the reallocation count daily.",resolved,SSD-NVME-U2-3T84,1,1.05,2,P3,J. Alvarez,maintenance_window,False
INC0105192,2026-06-11 03:03:03.326647811,2026-06-11 05:01:57.305562322,D05,D05-S6,D05-S6-DISK,disk,Lenovo,ThinkSystem SR650 V3,storage,disk_media_wear,Recurrence of INC0105191: SMART reallocated sectors rose to 17 with pending sectors climbing,reallocated_sectors|pending_sectors|smart_read_error_rate,Drive media degradation: reallocated and pending sector counts rising steadily -- the pattern that preceded hard read failures in prior incidents.,"Drain the replica / rebuild the RAID member onto a healthy drive, then hot-swap the drive. Do not wait for a hard failure if a backup or replication job is currently reading from it.",resolved,HDD-SAS-12T,1,1.98,5,P2,S. Okafor,normal,False
INC0105209,2026-06-11 08:42:00.000000000,2026-06-11 09:07:42.061641525,C18,C18-S4,C18-S4-FAN,fan,Lenovo,ThinkSystem SR650 V3,database,fan_bearing,fan down to 6110 RPM at the same PWM duty with vibration 4.6 mm/s,fan_rpm_drop|fan_vibration,Fan bearing wear: vibration rising and RPM falling at constant PWM duty -- precedes seizure.,Hot-swap the fan module (N+1 redundant) and verify the remaining fans ramp correctly during the swap.,resolved,FAN-LNV-SR650,1,0.43,1,P3,A. Kim,normal,False
INC0105207,2026-06-11 12:30:00.000000000,2026-06-11 13:08:55.669256262,B20,B20-S5,B20-S5-NIC,nic,Dell,PowerEdge R760,virtualization,nic_switch_port,"flaps visible on both ends, errors counted on the switch side",link_flap,Flaps originated on the switch side -- ToR switch port or optic fault.,"Compare counters on both ends, move to a spare ToR port and open a network ticket; no host hardware change needed.",resolved,,0,0.65,24,P3,A. Kim,normal,False
INC0105208,2026-06-11 13:20:00.000000000,2026-06-11 13:51:39.366685694,D08,D08-S4,D08-S4-FAN,fan,Lenovo,ThinkSystem SR650 V3,storage,fan_bearing,vibration rising for 7 days while fan speed fell,fan_rpm_drop|fan_vibration,Fan bearing wear: vibration rising and RPM falling at constant PWM duty -- precedes seizure.,Hot-swap the fan module (N+1 redundant) and verify the remaining fans ramp correctly during the swap.,resolved,FAN-LNV-SR650,1,0.53,3,P3,P. Reyes,normal,False
INC0105210,2026-06-11 15:17:00.000000000,2026-06-11 15:44:26.524609665,B07,B07-S1,B07-S1-FAN,fan,Lenovo,ThinkSystem SR650 V3,virtualization,fan_current,fan motor current up to 1.47 A to hold speed,fan_current_rise|fan_rpm_drop,Motor current rising to hold RPM -- winding or bearing degradation.,Replace the fan module proactively; the current rise precedes failure by days.,resolved,FAN-LNV-SR650,1,0.46,3,P3,N. Patel,normal,False
INC0105204,2026-06-11 18:04:00.000000000,2026-06-11 19:28:45.129141643,C13,C13-S7,C13-S7-DISK,disk,Dell,PowerEdge R760,database,disk_early_latency,read error rate creeping up and latency spikes on one drive,smart_read_error_rate|latency_spike,Rising SMART read error rate with I/O latency spikes but no reallocated sectors yet -- an earlier-stage precursor.,"Flag the drive for proactive replacement in the next maintenance window, move latency-sensitive volumes off it, and check the reallocation count daily.",resolved,SSD-NVME-U2-3T84,1,1.41,1,P3,A. Kim,normal,False
INC0105211,2026-06-12 05:25:00.000000000,2026-06-12 07:51:45.332859626,B02,B02-S3,B02-S3-DISK,disk,Dell,PowerEdge R760,virtualization,disk_media_wear,SMART reallocated sectors rose to 31 with pending sectors climbing,reallocated_sectors|pending_sectors|smart_read_error_rate,Drive media degradation: reallocated and pending sector counts rising steadily -- the pattern that preceded hard read failures in prior incidents.,"Drain the replica / rebuild the RAID member onto a healthy drive, then hot-swap the drive. Do not wait for a hard failure if a backup or replication job is currently reading from it.",resolved,SSD-NVME-U2-3T84,1,2.45,3,P2,J. Alvarez,normal,False
INC0105198,2026-06-12 05:54:55.842826293,2026-06-12 07:57:07.188313058,D02,D02-S6,D02-S6-DIMM,dimm,Lenovo,ThinkSystem SR650 V3,storage,dimm_replace,Recurrence of INC0105197: BMC SEL logged a rising correctable memory error rate (62/24h) on one DIMM slot,ecc_correctable_spike|ecc_uncorrectable,Failing DRAM device on the RDIMM: correctable ECC rate climbed for several days before uncorrectable errors appeared -- classic cell degradation.,"Replace the RDIMM identified by the SEL slot locator. If the host is serving a migration or DR role, live-migrate or fail over workloads first; never hot-remove memory from a running host.",resolved,MEM-DDR5-64G-4800,1,2.04,94,P2,T. Novak,normal,True
INC0105212,2026-06-12 13:45:00.000000000,2026-06-12 16:44:21.531740888,D12,D12-S5,D12-S5-DISK,disk,Dell,PowerEdge R760,storage,disk_hdd_head,HDD pending sectors at 63 and retry-driven latency of 12.8 ms,pending_sectors|latency_spike,HDD head degradation causing pending sectors and retry-driven latency.,"Mark the HDD failed in the storage array, let the pool rebuild to a hot spare, then replace the drive.",recurred,HDD-SAS-12T,1,2.99,4,P2,S. Okafor,normal,False
INC0105214,2026-06-12 21:07:00.000000000,2026-06-12 21:45:52.222233878,E14,E14-S1,E14-S1-NIC,nic,Dell,PowerEdge XE8640,ai,nic_dac,CRC errors on a DAC link after a rack re-cable,crc_errors,Damaged DAC cable (bend-radius violation) causing CRC errors.,Replace the DAC cable and re-dress it with the correct bend radius.,resolved,CBL-DAC-25G-3M,1,0.65,2,P3,A. Kim,normal,False
INC0105215,2026-06-13 05:39:00.000000000,2026-06-13 09:13:43.854560250,C18,C18-S4,C18-S4-DISK,disk,Lenovo,ThinkSystem SR650 V3,database,disk_backplane,link-reset errors that followed the bay after the drive was moved,smart_read_error_rate|latency_spike,"Intermittent errors followed the bay, not the drive -- backplane or connector fault.","Move the drive to another bay as a test; if errors follow the bay, have the vendor replace the backplane cable/backplane.",recurred,,0,3.58,0,P2,J. Alvarez,normal,False
INC0105217,2026-06-13 22:36:00.000000000,2026-06-13 23:20:50.731302071,C03,C03-S2,C03-S2-PSU,psu,Lenovo,ThinkSystem SR650 V3,database,psu_fan,PSU fan down to 5614 RPM and PSU temperature 32.9 C,psu_fan_rpm_drop|psu_overtemp,Failing PSU fan bearing (not the power stage) raising PSU temperature.,"PSU fans are not field-serviceable on this platform -- replace the PSU proactively in the next maintenance window, before thermal shutdown.",resolved,PSU-LNV-1100W,1,0.75,3,P3,R. Singh,normal,False
INC0105218,2026-06-14 04:25:00.000000000,2026-06-14 06:39:24.707938103,E02,E02-S2,E02-S2-NIC,nic,Dell,PowerEdge XE8640,ai,nic_card,packet loss of 1.13% persisted after the transceiver and cable were replaced,packet_loss|crc_errors|nic_overtemp,NIC ASIC degradation: packet loss persisted after transceiver and cable replacement; NIC temperature elevated.,Replace the NIC card in a maintenance window after failing workloads over to the redundant NIC.,resolved,NIC-CX7-100G-DP,1,2.24,69,P2,K. Watanabe,normal,True
INC0105375,2026-06-14 09:51:00.000000000,2026-06-14 11:01:12.737006767,D18,D18-S2,,power,Dell,PowerEdge R760,storage,power_phase,phase imbalance alarm on a rack PDU after server moves,input_voltage_drop,Phase imbalance on the rack PDU after server moves.,Rebalance loads across phases and update the rack power plan in DCIM.,resolved,,0,1.17,26,P3,D. Haddad,normal,False
INC0105221,2026-06-15 08:46:00.000000000,2026-06-15 09:04:34.043311574,B20,B20-S8,B20-S8-NIC,nic,Dell,PowerEdge R760,virtualization,nic_sfp,port flapping and CRC counters climbing on the host side only,link_flap|crc_errors,Link flaps with rising CRC errors isolated to the host side of one port -- degrading SFP transceiver or marginal cable.,"Replace the SFP transceiver and cable together before touching the NIC. If this NIC carries an in-progress migration, fail over to the secondary port first.",resolved,SFP28-25G-SR,1,0.31,4,P2,N. Patel,normal,False
INC0105220,2026-06-15 13:57:00.000000000,2026-06-15 14:25:30.476252554,D11,D11-S3,D11-S3-NIC,nic,Lenovo,ThinkSystem SR650 V3,storage,nic_dac,CRC errors on a DAC link after a rack re-cable,crc_errors,Damaged DAC cable (bend-radius violation) causing CRC errors.,Replace the DAC cable and re-dress it with the correct bend radius.,resolved,CBL-DAC-25G-3M,1,0.48,1,P3,A. Kim,normal,False
INC0105219,2026-06-15 14:21:00.000000000,2026-06-15 16:56:09.130413810,C17,C17-S5,C17-S5-DIMM,dimm,HPE,ProLiant DL380 Gen11,database,dimm_replace,BMC SEL logged a rising correctable memory error rate (42/24h) on one DIMM slot,ecc_correctable_spike|ecc_uncorrectable,Failing DRAM device on the RDIMM: correctable ECC rate climbed for several days before uncorrectable errors appeared -- classic cell degradation.,"Replace the RDIMM identified by the SEL slot locator. If the host is serving a migration or DR role, live-migrate or fail over workloads first; never hot-remove memory from a running host.",resolved,MEM-DDR5-64G-4800,1,2.59,87,P2,M. Chen,normal,True
INC0105213,2026-06-16 02:28:23.876442786,2026-06-16 05:04:23.613473701,D12,D12-S5,D12-S5-DISK,disk,Dell,PowerEdge R760,storage,disk_hdd_head,Recurrence of INC0105212: HDD pending sectors at 82 and retry-driven latency of 7.4 ms,pending_sectors|latency_spike,HDD head degradation causing pending sectors and retry-driven latency.,"Mark the HDD failed in the storage array, let the pool rebuild to a hot spare, then replace the drive.",resolved,HDD-SAS-12T,1,2.6,2,P2,A. Kim,normal,False
INC0105223,2026-06-16 10:17:00.000000000,2026-06-16 10:50:46.862341796,C13,C13-S7,C13-S7-PSU,psu,Dell,PowerEdge R760,database,psu_capacitor,input voltage sagging to 200.6 V with output ripple at 49 mV on one PSU,input_voltage_drop|output_ripple_high,"Input sag with rising output ripple on one PSU of a redundant pair -- capacitor degradation, typically 2-3 weeks before a hard trip.","Confirm the partner PSU is healthy, then hot-swap the degrading unit. In a backup window, first verify the remaining PSU can carry the backup job's peak draw.",resolved,PSU-DEL-1400W,1,0.56,2,P2,M. Chen,normal,False
INC0105216,2026-06-16 10:18:34.477033092,2026-06-16 13:18:21.918299552,C18,C18-S4,C18-S4-DISK,disk,Lenovo,ThinkSystem SR650 V3,database,disk_backplane,Recurrence of INC0105215: link-reset errors that followed the bay after the drive was moved,smart_read_error_rate|latency_spike,"Intermittent errors followed the bay, not the drive -- backplane or connector fault.","Move the drive to another bay as a test; if errors follow the bay, have the vendor replace the backplane cable/backplane.",resolved,,0,3.0,0,P2,D. Haddad,normal,False
INC0105222,2026-06-16 10:28:00.000000000,2026-06-16 11:20:10.953528757,C19,C19-S4,C19-S4-DIMM,dimm,Dell,PowerEdge R760,database,dimm_airflow,DIMM temperature 29.1 C with rising correctable errors,dimm_overtemp|ecc_correctable_spike,Missing blanking panel / cable bundle blocking airflow raised DIMM temperature and the soft-error rate.,"Restore airflow (blanking panels, clear the cable obstruction) and re-check DIMM temperature before considering replacement.",resolved,,0,0.87,0,P3,D. Haddad,normal,False
INC0105224,2026-06-16 13:37:00.000000000,2026-06-16 13:58:55.465794336,D01,D01-S1,D01-S1-PSU,psu,HPE,ProLiant DL380 Gen11,storage,psu_reseat,PSU reseated after an 'input lost' alarm; the alarm returned,input_voltage_drop,PSU reseated after an input-lost alarm; the alarm recurred.,"Reseating a PSU with repeated input-lost events is not durable -- check the cord and PDU outlet, then replace the PSU if the feed is healthy.",recurred,,0,0.37,13,P3,M. Chen,normal,False
INC0105228,2026-06-17 01:03:00.000000000,2026-06-17 02:46:33.917169448,A09,A09-S6,A09-S6-DISK,disk,Dell,PowerEdge R760,web,disk_fw_stall,periodic 30-second I/O stalls on drives of the same model,latency_spike,Drive firmware bug causing periodic latency stalls (vendor advisory) -- media healthy.,Update drive firmware in a rolling fashion; replacement is unnecessary while SMART media counters stay clean.,resolved,,0,1.73,0,P3,J. Alvarez,backup_window,False
INC0105226,2026-06-17 04:12:00.000000000,2026-06-17 05:06:09.232317234,D10,D10-S6,D10-S6-DISK,disk,HPE,ProLiant DL380 Gen11,storage,disk_early_latency,"I/O latency spiking to 10.2 ms with rising read error rate, no reallocations yet",smart_read_error_rate|latency_spike,Rising SMART read error rate with I/O latency spikes but no reallocated sectors yet -- an earlier-stage precursor.,"Flag the drive for proactive replacement in the next maintenance window, move latency-sensitive volumes off it, and check the reallocation count daily.",recurred,HDD-SAS-12T,1,0.9,3,P3,L. Moreau,normal,False
INC0105376,2026-06-17 19:09:00.000000000,2026-06-17 19:54:06.853071576,C19,C19-S2,,firmware,Dell,PowerEdge R760,database,fw_bmc_hang,telemetry gaps: BMC unresponsive to Redfish and IPMI,bmc_unresponsive,BMC firmware memory leak causing an unresponsive management controller (telemetry gaps).,"Reset the BMC (host unaffected), then roll out the fixed BMC firmware in a rolling window.",resolved,,0,0.75,1,P3,S. Okafor,normal,False
INC0105230,2026-06-18 01:37:00.000000000,2026-06-18 02:21:54.919351231,B03,B03-S1,B03-S1-FAN,fan,HPE,ProLiant DL380 Gen11,virtualization,fan_bmc_curve,all fans in a chassis under-spinning after a BMC update,fan_rpm_drop,"BMC fan curve misconfigured after a firmware update -- fans under-spinning, not failing.",Restore the vendor thermal profile / fan curve in BMC settings; no hardware change.,resolved,,0,0.75,2,P4,A. Kim,normal,False
INC0105229,2026-06-18 06:57:00.000000000,2026-06-18 07:39:48.714283887,D12,D12-S4,D12-S4-DIMM,dimm,Dell,PowerEdge R760,storage,dimm_airflow,memory running hot (34.9 C) after a cable re-dress,dimm_overtemp|ecc_correctable_spike,Missing blanking panel / cable bundle blocking airflow raised DIMM temperature and the soft-error rate.,"Restore airflow (blanking panels, clear the cable obstruction) and re-check DIMM temperature before considering replacement.",resolved,,0,0.71,24,P3,N. Patel,normal,False
INC0105233,2026-06-19 18:58:00.000000000,2026-06-19 19:21:00.195931987,A04,A04-S4,A04-S4-NIC,nic,HPE,ProLiant DL380 Gen11,web,nic_sfp,port flapping and CRC counters climbing on the host side only,link_flap|crc_errors,Link flaps with rising CRC errors isolated to the host side of one port -- degrading SFP transceiver or marginal cable.,"Replace the SFP transceiver and cable together before touching the NIC. If this NIC carries an in-progress migration, fail over to the secondary port first.",resolved,SFP28-25G-SR,1,0.38,5,P2,P. Reyes,dr_failover,False
INC0105231,2026-06-19 23:59:00.000000000,2026-06-20 00:18:00.124215625,B07,B07-S4,B07-S4-DISK,disk,Lenovo,ThinkSystem SR650 V3,virtualization,disk_reseat,drive reseated after link resets; SMART read error rate kept rising,smart_read_error_rate,Drive reseated after link-reset errors; errors resumed within days.,Reseating is not a durable fix when the SMART read error rate keeps rising -- replace the drive.,recurred,,0,0.32,0,P3,E. Johansson,normal,False
INC0105236,2026-06-20 02:01:00.000000000,2026-06-20 02:35:47.129348725,C01,C01-S2,C01-S2-PSU,psu,Dell,PowerEdge R760,database,psu_fw_ripple,spurious ripple warnings on several PSUs right after a BMC update,output_ripple_high,PSU firmware reporting spurious ripple warnings after a BMC update.,Update PSU firmware to the version paired with the current BMC and verify with a calibrated meter before replacing hardware.,resolved,,0,0.58,0,P4,E. Johansson,normal,False
INC0105225,2026-06-20 05:48:36.991007869,2026-06-20 06:29:58.461814517,D01,D01-S1,D01-S1-PSU,psu,HPE,ProLiant DL380 Gen11,storage,psu_capacitor,Recurrence of INC0105224: input voltage sagging to 202.8 V with output ripple at 57 mV on one PSU,input_voltage_drop|output_ripple_high,"Input sag with rising output ripple on one PSU of a redundant pair -- capacitor degradation, typically 2-3 weeks before a hard trip.","Confirm the partner PSU is healthy, then hot-swap the degrading unit. In a backup window, first verify the remaining PSU can carry the backup job's peak draw.",resolved,PSU-HPE-1600W,1,0.69,0,P2,S. Okafor,normal,False
INC0105234,2026-06-20 06:10:00.000000000,2026-06-20 08:47:31.642534517,E15,E15-S3,E15-S3-DIMM,dimm,HPE,ProLiant DL380a Gen11,ai,dimm_replace,BMC SEL logged a rising correctable memory error rate (31/24h) on one DIMM slot,ecc_correctable_spike|ecc_uncorrectable,Failing DRAM device on the RDIMM: correctable ECC rate climbed for several days before uncorrectable errors appeared -- classic cell degradation.,"Replace the RDIMM identified by the SEL slot locator. If the host is serving a migration or DR role, live-migrate or fail over workloads first; never hot-remove memory from a running host.",resolved,MEM-DDR5-64G-4800,1,2.63,0,P2,D. Haddad,normal,False
INC0105377,2026-06-20 06:30:00.000000000,2026-06-20 07:16:17.209862058,E16,E16-S2,,thermal,Lenovo,ThinkSystem SR675 V3,ai,thermal_blanking,"inlet 33.2 C on top-of-rack servers, hot-air recirculation through empty U spaces",inlet_overtemp|hot_air_recirculation,Missing blanking panels allowed hot-aisle air to recirculate into server inlets.,Install blanking panels in every empty U position and confirm inlet temperatures drop within the hour.,resolved,,0,0.77,1,P3,R. Singh,normal,False
INC0105227,2026-06-20 07:33:08.482169231,2026-06-20 08:37:04.385465793,D10,D10-S6,D10-S6-DISK,disk,HPE,ProLiant DL380 Gen11,storage,disk_early_latency,Recurrence of INC0105226: read error rate creeping up and latency spikes on one drive,smart_read_error_rate|latency_spike,Rising SMART read error rate with I/O latency spikes but no reallocated sectors yet -- an earlier-stage precursor.,"Flag the drive for proactive replacement in the next maintenance window, move latency-sensitive volumes off it, and check the reallocation count daily.",resolved,HDD-SAS-12T,1,1.07,5,P3,K. Watanabe,normal,False
INC0105235,2026-06-20 23:40:00.000000000,2026-06-21 02:47:21.577559267,B20,B20-S4,B20-S4-DISK,disk,Dell,PowerEdge R760,virtualization,disk_backplane,link-reset errors that followed the bay after the drive was moved,smart_read_error_rate|latency_spike,"Intermittent errors followed the bay, not the drive -- backplane or connector fault.","Move the drive to another bay as a test; if errors follow the bay, have the vendor replace the backplane cable/backplane.",resolved,,0,3.12,57,P2,T. Novak,normal,False
INC0105378,2026-06-21 08:31:00.000000000,2026-06-21 09:21:44.731951639,C02,C02-S3,,firmware,HPE,ProLiant DL380 Gen11,database,fw_bmc_hang,telemetry gaps: BMC unresponsive to Redfish and IPMI,bmc_unresponsive,BMC firmware memory leak causing an unresponsive management controller (telemetry gaps).,"Reset the BMC (host unaffected), then roll out the fixed BMC firmware in a rolling window.",resolved,,0,0.85,5,P3,N. Patel,normal,False
INC0105240,2026-06-21 12:53:00.000000000,2026-06-21 13:26:58.101351844,E13,E13-S5,E13-S5-FAN,fan,Lenovo,ThinkSystem SR675 V3,ai,fan_bearing,fan down to 5051 RPM at the same PWM duty with vibration 4.7 mm/s,fan_rpm_drop|fan_vibration,Fan bearing wear: vibration rising and RPM falling at constant PWM duty -- precedes seizure.,Hot-swap the fan module (N+1 redundant) and verify the remaining fans ramp correctly during the swap.,resolved,FAN-GPU-HP80,1,0.57,2,P3,N. Patel,normal,False
INC0105237,2026-06-21 20:19:00.000000000,2026-06-21 21:02:36.619674932,A07,A07-S1,A07-S1-NIC,nic,HPE,ProLiant DL380 Gen11,web,nic_dac,CRC errors on a DAC link after a rack re-cable,crc_errors,Damaged DAC cable (bend-radius violation) causing CRC errors.,Replace the DAC cable and re-dress it with the correct bend radius.,resolved,CBL-DAC-25G-3M,1,0.73,0,P3,J. Alvarez,normal,False
INC0105238,2026-06-21 23:02:00.000000000,2026-06-21 23:43:41.523754681,B01,B01-S4,B01-S4-FAN,fan,Lenovo,ThinkSystem SR650 V3,virtualization,fan_dust,vibration 5.2 mm/s with a dusty intake filter,fan_vibration,Dust accumulation / imbalance causing vibration; fan otherwise healthy.,Clean the fan module and filter; replace only if vibration persists after cleaning.,recurred,,0,0.69,2,P4,A. Kim,normal,False
INC0105243,2026-06-22 08:16:00.000000000,2026-06-22 10:12:38.069832185,C09,C09-S8,C09-S8-NIC,nic,Lenovo,ThinkSystem SR650 V3,database,nic_card,packet loss of 1.4% persisted after the transceiver and cable were replaced,packet_loss|crc_errors|nic_overtemp,NIC ASIC degradation: packet loss persisted after transceiver and cable replacement; NIC temperature elevated.,Replace the NIC card in a maintenance window after failing workloads over to the redundant NIC.,resolved,NIC-OCP3-25G-DP,1,1.94,0,P2,J. Alvarez,normal,False
INC0105242,2026-06-22 11:43:00.000000000,2026-06-22 14:55:16.867377334,D18,D18-S5,D18-S5-DIMM,dimm,Dell,PowerEdge R760,storage,dimm_ue_crash,uncorrectable memory error forced a kernel panic,ecc_uncorrectable,Uncorrectable ECC error caused a host crash; module confirmed failed by vendor diagnostics.,"Replace the RDIMM immediately, run vendor memory diagnostics after replacement, and review the crash dump to rule out a CPU memory-controller fault.",resolved,MEM-DDR5-64G-4800,1,3.2,133,P1,E. Johansson,normal,True
INC0105379,2026-06-22 18:04:00.000000000,2026-06-22 18:59:58.390949075,A15,A15-S2,,firmware,Dell,PowerEdge R760,web,fw_bmc_hang,telemetry gaps: BMC unresponsive to Redfish and IPMI,bmc_unresponsive,BMC firmware memory leak causing an unresponsive management controller (telemetry gaps).,"Reset the BMC (host unaffected), then roll out the fixed BMC firmware in a rolling window.",resolved,,0,0.93,0,P3,R. Singh,normal,False
INC0105241,2026-06-22 22:59:00.000000000,2026-06-22 23:55:29.981928268,B02,B02-S2,B02-S2-DIMM,dimm,Dell,PowerEdge R760,virtualization,dimm_ppr,correctable errors confined to a single row address (64/24h),ecc_correctable_spike,Isolated single-row fault on one DRAM device; errors confined to one address range.,Schedule a reboot with Post Package Repair (PPR) enabled in BIOS to remap the faulty row; watch the correctable-error rate for 72 hours and replace the DIMM if it recurs.,resolved,,0,0.94,43,P3,T. Novak,normal,False
INC0105245,2026-06-23 10:14:00.000000000,2026-06-23 11:09:20.770597698,C04,C04-S1,C04-S1-DISK,disk,Dell,PowerEdge R760,database,disk_early_latency,"I/O latency spiking to 5.7 ms with rising read error rate, no reallocations yet",smart_read_error_rate|latency_spike,Rising SMART read error rate with I/O latency spikes but no reallocated sectors yet -- an earlier-stage precursor.,"Flag the drive for proactive replacement in the next maintenance window, move latency-sensitive volumes off it, and check the reallocation count daily.",resolved,SSD-NVME-U2-3T84,1,0.92,3,P2,L. Moreau,dr_failover,False
INC0105247,2026-06-23 12:49:00.000000000,2026-06-23 13:25:24.665588115,B17,B17-S5,B17-S5-PSU,psu,Dell,PowerEdge R760,virtualization,psu_fan,PSU fan down to 3669 RPM and PSU temperature 35.8 C,psu_fan_rpm_drop|psu_overtemp,Failing PSU fan bearing (not the power stage) raising PSU temperature.,"PSU fans are not field-serviceable on this platform -- replace the PSU proactively in the next maintenance window, before thermal shutdown.",resolved,PSU-DEL-1400W,1,0.61,1,P3,J. Alvarez,normal,False
INC0105244,2026-06-23 23:11:00.000000000,2026-06-24 01:20:21.873954102,A08,A08-S3,A08-S3-DIMM,dimm,Lenovo,ThinkSystem SR650 V3,web,dimm_replace,memory error rate on slot H6 kept increasing over 8 days,ecc_correctable_spike|ecc_uncorrectable,Failing DRAM device on the RDIMM: correctable ECC rate climbed for several days before uncorrectable errors appeared -- classic cell degradation.,"Replace the RDIMM identified by the SEL slot locator. If the host is serving a migration or DR role, live-migrate or fail over workloads first; never hot-remove memory from a running host.",resolved,MEM-DDR5-64G-4800,1,2.16,0,P2,J. Alvarez,normal,False
INC0105246,2026-06-23 23:11:00.000000000,2026-06-23 23:50:46.272466358,D04,D04-S5,D04-S5-PSU,psu,HPE,ProLiant DL380 Gen11,storage,psu_efficiency,PSU efficiency down to 88.0% with rising temperature,psu_efficiency_drop|psu_overtemp,PSU efficiency dropping (more heat per watt delivered) -- aging power stage.,Replace the PSU proactively; the efficiency loss adds rack heat load and precedes failure.,resolved,PSU-HPE-1600W,1,0.66,2,P3,J. Alvarez,backup_window,False
INC0105249,2026-06-24 12:51:00.000000000,2026-06-24 13:24:05.256277453,E04,E04-S2,E04-S2-PSU,psu,Lenovo,ThinkSystem SR675 V3,ai,psu_fw_ripple,spurious ripple warnings on several PSUs right after a BMC update,output_ripple_high,PSU firmware reporting spurious ripple warnings after a BMC update.,Update PSU firmware to the version paired with the current BMC and verify with a calibrated meter before replacing hardware.,resolved,,0,0.55,25,P4,P. Reyes,normal,False
INC0105232,2026-06-24 16:28:44.720937892,2026-06-24 18:38:56.652106144,B07,B07-S4,B07-S4-DISK,disk,Lenovo,ThinkSystem SR650 V3,virtualization,disk_media_wear,Recurrence of INC0105231: SMART reallocated sectors rose to 24 with pending sectors climbing,reallocated_sectors|pending_sectors|smart_read_error_rate,Drive media degradation: reallocated and pending sector counts rising steadily -- the pattern that preceded hard read failures in prior incidents.,"Drain the replica / rebuild the RAID member onto a healthy drive, then hot-swap the drive. Do not wait for a hard failure if a backup or replication job is currently reading from it.",resolved,SSD-NVME-U2-3T84,1,2.17,1,P2,M. Chen,normal,False
INC0105248,2026-06-24 19:48:00.000000000,2026-06-24 21:29:45.683788289,C11,C11-S5,C11-S5-DISK,disk,HPE,ProLiant DL380 Gen11,database,disk_fw_stall,periodic 30-second I/O stalls on drives of the same model,latency_spike,Drive firmware bug causing periodic latency stalls (vendor advisory) -- media healthy.,Update drive firmware in a rolling fashion; replacement is unnecessary while SMART media counters stay clean.,resolved,,0,1.7,31,P3,D. Haddad,normal,False
INC0105252,2026-06-25 03:53:00.000000000,2026-06-25 04:21:01.086733560,A16,A16-S1,A16-S1-FAN,fan,HPE,ProLiant DL380 Gen11,web,fan_bearing,vibration rising for 3 days while fan speed fell,fan_rpm_drop|fan_vibration,Fan bearing wear: vibration rising and RPM falling at constant PWM duty -- precedes seizure.,Hot-swap the fan module (N+1 redundant) and verify the remaining fans ramp correctly during the swap.,resolved,FAN-HPE-DL380,1,0.47,2,P3,A. Kim,normal,False
INC0105251,2026-06-25 10:25:00.000000000,2026-06-25 11:14:20.476213576,C12,C12-S2,C12-S2-PSU,psu,Lenovo,ThinkSystem SR650 V3,database,psu_capacitor,input voltage sagging to 201.5 V with output ripple at 67 mV on one PSU,input_voltage_drop|output_ripple_high,"Input sag with rising output ripple on one PSU of a redundant pair -- capacitor degradation, typically 2-3 weeks before a hard trip.","Confirm the partner PSU is healthy, then hot-swap the degrading unit. In a backup window, first verify the remaining PSU can carry the backup job's peak draw.",resolved,PSU-LNV-1100W,1,0.82,5,P2,R. Singh,normal,False
INC0105239,2026-06-25 10:30:43.873940225,2026-06-25 10:43:54.564994666,B01,B01-S4,B01-S4-FAN,fan,Lenovo,ThinkSystem SR650 V3,virtualization,fan_bearing,Recurrence of INC0105238: vibration rising for 6 days while fan speed fell,fan_rpm_drop|fan_vibration,Fan bearing wear: vibration rising and RPM falling at constant PWM duty -- precedes seizure.,Hot-swap the fan module (N+1 redundant) and verify the remaining fans ramp correctly during the swap.,resolved,FAN-LNV-SR650,1,0.22,3,P3,R. Singh,normal,False
INC0105250,2026-06-25 15:29:00.000000000,2026-06-25 18:28:46.755306357,D13,D13-S4,D13-S4-DIMM,dimm,HPE,ProLiant DL380 Gen11,storage,dimm_replace,BMC SEL logged a rising correctable memory error rate (39/24h) on one DIMM slot,ecc_correctable_spike|ecc_uncorrectable,Failing DRAM device on the RDIMM: correctable ECC rate climbed for several days before uncorrectable errors appeared -- classic cell degradation.,"Replace the RDIMM identified by the SEL slot locator. If the host is serving a migration or DR role, live-migrate or fail over workloads first; never hot-remove memory from a running host.",resolved,MEM-DDR5-64G-4800,1,3.0,115,P2,P. Reyes,normal,True
INC0105253,2026-06-25 22:26:00.000000000,2026-06-25 22:49:35.316635811,E05,E05-S6,E05-S6-FAN,fan,Dell,PowerEdge XE8640,ai,fan_current,fan motor current up to 1.33 A to hold speed,fan_current_rise|fan_rpm_drop,Motor current rising to hold RPM -- winding or bearing degradation.,Replace the fan module proactively; the current rise precedes failure by days.,resolved,FAN-GPU-HP80,1,0.39,0,P3,P. Reyes,normal,False
INC0105381,2026-06-26 01:02:00.000000000,2026-06-26 01:33:51.262624550,E07,E07-S4,,firmware,Lenovo,ThinkSystem SR675 V3,ai,fw_baseline,hosts drifted from the approved BIOS baseline,config_drift,"Hosts drifted from the approved BIOS baseline, causing inconsistent power/performance settings.",Re-apply the golden BIOS profile from the management server.,resolved,,0,0.53,1,P4,R. Singh,normal,False
INC0105258,2026-06-26 01:06:00.000000000,2026-06-26 01:20:22.483746568,C20,C20-S7,C20-S7-FAN,fan,HPE,ProLiant DL380 Gen11,database,fan_bearing,vibration rising for 9 days while fan speed fell,fan_rpm_drop|fan_vibration,Fan bearing wear: vibration rising and RPM falling at constant PWM duty -- precedes seizure.,Hot-swap the fan module (N+1 redundant) and verify the remaining fans ramp correctly during the swap.,resolved,FAN-HPE-DL380,1,0.24,1,P3,A. Kim,normal,False
INC0105257,2026-06-26 04:52:00.000000000,2026-06-26 05:14:08.605595897,E10,E10-S1,E10-S1-FAN,fan,Lenovo,ThinkSystem SR675 V3,ai,fan_current,fan motor current up to 1.56 A to hold speed,fan_current_rise|fan_rpm_drop,Motor current rising to hold RPM -- winding or bearing degradation.,Replace the fan module proactively; the current rise precedes failure by days.,resolved,FAN-GPU-HP80,1,0.37,3,P3,E. Johansson,normal,False
INC0105256,2026-06-26 12:47:00.000000000,2026-06-26 13:30:25.091128870,C06,C06-S2,C06-S2-PSU,psu,Lenovo,ThinkSystem SR650 V3,database,psu_capacitor,input voltage sagging to 201.1 V with output ripple at 51 mV on one PSU,input_voltage_drop|output_ripple_high,"Input sag with rising output ripple on one PSU of a redundant pair -- capacitor degradation, typically 2-3 weeks before a hard trip.","Confirm the partner PSU is healthy, then hot-swap the degrading unit. In a backup window, first verify the remaining PSU can carry the backup job's peak draw.",resolved,PSU-LNV-1100W,1,0.72,2,P2,R. Singh,normal,False
INC0105380,2026-06-26 14:40:00.000000000,2026-06-26 15:25:14.531869241,A10,A10-S5,,firmware,HPE,ProLiant DL380 Gen11,web,fw_bmc_hang,telemetry gaps: BMC unresponsive to Redfish and IPMI,bmc_unresponsive,BMC firmware memory leak causing an unresponsive management controller (telemetry gaps).,"Reset the BMC (host unaffected), then roll out the fixed BMC firmware in a rolling window.",resolved,,0,0.75,3,P3,L. Moreau,normal,False
INC0105255,2026-06-26 20:51:00.000000000,2026-06-26 22:28:46.202043371,C02,C02-S3,C02-S3-DISK,disk,HPE,ProLiant DL380 Gen11,database,disk_fw_stall,periodic 30-second I/O stalls on drives of the same model,latency_spike,Drive firmware bug causing periodic latency stalls (vendor advisory) -- media healthy.,Update drive firmware in a rolling fashion; replacement is unnecessary while SMART media counters stay clean.,resolved,,0,1.63,0,P3,P. Reyes,normal,False
INC0105254,2026-06-26 21:15:00.000000000,2026-06-26 21:56:08.729092781,B11,B11-S1,B11-S1-DIMM,dimm,Dell,PowerEdge R760,virtualization,dimm_reseat,correctable ECC errors after recent chassis service (16/24h),ecc_correctable_spike,Suspected DIMM seating issue after recent chassis work; reseating reduced correctable errors only temporarily.,"Reseat the DIMM and clear the SEL -- only reasonable if the host had physical service in the last 7 days. If correctable errors resume within 48 hours, escalate straight to replacement.",resolved,,0,0.69,0,P3,E. Johansson,normal,False
INC0105259,2026-06-27 06:19:00.000000000,2026-06-27 07:05:25.168402826,B18,B18-S3,B18-S3-DIMM,dimm,HPE,ProLiant DL380 Gen11,virtualization,dimm_reseat,correctable ECC errors after recent chassis service (38/24h),ecc_correctable_spike,Suspected DIMM seating issue after recent chassis work; reseating reduced correctable errors only temporarily.,"Reseat the DIMM and clear the SEL -- only reasonable if the host had physical service in the last 7 days. If correctable errors resume within 48 hours, escalate straight to replacement.",recurred,,0,0.77,0,P3,P. Reyes,normal,False
INC0105260,2026-06-28 10:48:45.251606708,2026-06-28 13:11:55.311444199,B18,B18-S3,B18-S3-DIMM,dimm,HPE,ProLiant DL380 Gen11,virtualization,dimm_replace,Recurrence of INC0105259: BMC SEL logged a rising correctable memory error rate (26/24h) on one DIMM slot,ecc_correctable_spike|ecc_uncorrectable,Failing DRAM device on the RDIMM: correctable ECC rate climbed for several days before uncorrectable errors appeared -- classic cell degradation.,"Replace the RDIMM identified by the SEL slot locator. If the host is serving a migration or DR role, live-migrate or fail over workloads first; never hot-remove memory from a running host.",resolved,MEM-DDR5-64G-4800,1,2.39,85,P2,P. Reyes,normal,True
INC0105382,2026-06-28 16:19:00.000000000,2026-06-28 17:04:19.485449224,C17,C17-S2,,thermal,HPE,ProLiant DL380 Gen11,database,thermal_blanking,"inlet 33.1 C on top-of-rack servers, hot-air recirculation through empty U spaces",inlet_overtemp|hot_air_recirculation,Missing blanking panels allowed hot-aisle air to recirculate into server inlets.,Install blanking panels in every empty U position and confirm inlet temperatures drop within the hour.,resolved,,0,0.76,5,P3,A. Kim,normal,False
INC0104298,2026-07-01 12:23:28.002592445,2026-07-01 13:17:35.687592918,D13,D13-S5,D13-S5-FAN,fan,HPE,ProLiant DL380 Gen11,storage,fan_double,"two fans in the same chassis degraded, remaining fans at 100%",fan_rpm_drop|fan_current_rise,"Two fans in the same chassis degraded, forcing the rest to maximum and risking thermal shutdown.",Replace both fan modules in the same visit and check chassis inlet temperature on neighbouring servers.,resolved,FAN-HPE-DL380,2,0.9,1,P2,N. Patel,normal,False
INC0105383,2026-07-03 18:41:00.000000000,2026-07-03 19:34:47.857830853,C20,C20-S7,,thermal,HPE,ProLiant DL380 Gen11,database,thermal_blanking,"inlet 29.6 C on top-of-rack servers, hot-air recirculation through empty U spaces",inlet_overtemp|hot_air_recirculation,Missing blanking panels allowed hot-aisle air to recirculate into server inlets.,Install blanking panels in every empty U position and confirm inlet temperatures drop within the hour.,resolved,,0,0.9,0,P3,E. Johansson,normal,False
INC0104255,2026-07-04 02:03:59.347413364,2026-07-04 02:52:44.782956078,E12,E12-S7,E12-S7-NIC,nic,HPE,ProLiant DL380a Gen11,ai,nic_sfp,port flapping and CRC counters climbing on the host side only,link_flap|crc_errors,Link flaps with rising CRC errors isolated to the host side of one port -- degrading SFP transceiver or marginal cable.,"Replace the SFP transceiver and cable together before touching the NIC. If this NIC carries an in-progress migration, fail over to the secondary port first.",resolved,QSFP28-100G-SR4,1,0.81,5,P2,E. Johansson,normal,False
INC0104289,2026-07-04 04:45:26.462786570,2026-07-04 05:05:19.325396921,C20,C20-S5,C20-S5-FAN,fan,HPE,ProLiant DL380 Gen11,database,fan_bearing,fan down to 5790 RPM at the same PWM duty with vibration 4.7 mm/s,fan_rpm_drop|fan_vibration,Fan bearing wear: vibration rising and RPM falling at constant PWM duty -- precedes seizure.,Hot-swap the fan module (N+1 redundant) and verify the remaining fans ramp correctly during the swap.,resolved,FAN-HPE-DL380,1,0.33,0,P3,N. Patel,normal,False
INC0104059,2026-07-04 10:01:29.764738463,2026-07-04 12:07:25.157882762,E10,E10-S8,E10-S8-DIMM,dimm,Lenovo,ThinkSystem SR675 V3,ai,dimm_replace,memory error rate on slot D3 kept increasing over 7 days,ecc_correctable_spike|ecc_uncorrectable,Failing DRAM device on the RDIMM: correctable ECC rate climbed for several days before uncorrectable errors appeared -- classic cell degradation.,"Replace the RDIMM identified by the SEL slot locator. If the host is serving a migration or DR role, live-migrate or fail over workloads first; never hot-remove memory from a running host.",resolved,MEM-DDR5-64G-4800,1,2.1,0,P2,J. Alvarez,normal,False
INC0104140,2026-07-04 11:41:59.935020121,2026-07-04 13:50:25.247517937,E19,E19-S5,E19-S5-DISK,disk,Lenovo,ThinkSystem SR675 V3,ai,disk_media_wear,predictive-failure flag: reallocated and pending sector counts rising for 8 days,reallocated_sectors|pending_sectors|smart_read_error_rate,Drive media degradation: reallocated and pending sector counts rising steadily -- the pattern that preceded hard read failures in prior incidents.,"Drain the replica / rebuild the RAID member onto a healthy drive, then hot-swap the drive. Do not wait for a hard failure if a backup or replication job is currently reading from it.",resolved,SSD-NVME-U2-3T84,1,2.14,1,P2,P. Reyes,normal,False
INC0104154,2026-07-05 13:40:25.448769203,2026-07-05 14:26:57.948230173,B15,B15-S7,B15-S7-PSU,psu,HPE,ProLiant DL380 Gen11,virtualization,psu_efficiency,PSU efficiency down to 86.8% with rising temperature,psu_efficiency_drop|psu_overtemp,PSU efficiency dropping (more heat per watt delivered) -- aging power stage.,Replace the PSU proactively; the efficiency loss adds rack heat load and precedes failure.,resolved,PSU-HPE-1600W,1,0.78,5,P3,K. Watanabe,normal,False
INC0104016,2026-07-05 20:40:56.343760382,2026-07-05 21:39:15.330256278,B02,B02-S7,B02-S7-DIMM,dimm,Dell,PowerEdge R760,virtualization,dimm_airflow,DIMM temperature 30.9 C with rising correctable errors,dimm_overtemp|ecc_correctable_spike,Missing blanking panel / cable bundle blocking airflow raised DIMM temperature and the soft-error rate.,"Restore airflow (blanking panels, clear the cable obstruction) and re-check DIMM temperature before considering replacement.",resolved,,0,0.97,0,P3,M. Chen,normal,False
INC0104124,2026-07-06 07:51:37.720106505,2026-07-06 09:57:09.163059797,D20,D20-S5,D20-S5-DISK,disk,Lenovo,ThinkSystem SR650 V3,storage,disk_backplane,link-reset errors that followed the bay after the drive was moved,smart_read_error_rate|latency_spike,"Intermittent errors followed the bay, not the drive -- backplane or connector fault.","Move the drive to another bay as a test; if errors follow the bay, have the vendor replace the backplane cable/backplane.",resolved,,0,2.09,45,P2,D. Haddad,normal,False
INC0104170,2026-07-06 09:52:39.021514106,2026-07-06 10:27:41.423291291,C18,C18-S7,C18-S7-PSU,psu,Lenovo,ThinkSystem SR650 V3,database,psu_reseat,PSU reseated after an 'input lost' alarm; the alarm returned,input_voltage_drop,PSU reseated after an input-lost alarm; the alarm recurred.,"Reseating a PSU with repeated input-lost events is not durable -- check the cord and PDU outlet, then replace the PSU if the feed is healthy.",recurred,,0,0.58,0,P3,E. Johansson,normal,False
INC0104280,2026-07-06 14:17:48.599390506,2026-07-06 14:32:42.802687205,C04,C04-S8,C04-S8-FAN,fan,Dell,PowerEdge R760,database,fan_bearing,vibration rising for 7 days while fan speed fell,fan_rpm_drop|fan_vibration,Fan bearing wear: vibration rising and RPM falling at constant PWM duty -- precedes seizure.,Hot-swap the fan module (N+1 redundant) and verify the remaining fans ramp correctly during the swap.,resolved,FAN-DEL-R760,1,0.25,4,P3,J. Alvarez,maintenance_window,False
INC0104191,2026-07-06 22:35:42.502736602,2026-07-06 23:13:30.681711438,E16,E16-S5,E16-S5-PSU,psu,Lenovo,ThinkSystem SR675 V3,ai,psu_capacitor,input voltage sagging to 200.5 V with output ripple at 69 mV on one PSU,input_voltage_drop|output_ripple_high,"Input sag with rising output ripple on one PSU of a redundant pair -- capacitor degradation, typically 2-3 weeks before a hard trip.","Confirm the partner PSU is healthy, then hot-swap the degrading unit. In a backup window, first verify the remaining PSU can carry the backup job's peak draw.",resolved,PSU-GPU-2800W,1,0.63,2,P2,D. Haddad,normal,False
INC0104025,2026-07-06 22:58:58.458947504,2026-07-07 00:10:24.892853484,C01,C01-S3,C01-S3-DIMM,dimm,Dell,PowerEdge R760,database,dimm_ppr,correctable errors confined to a single row address (21/24h),ecc_correctable_spike,Isolated single-row fault on one DRAM device; errors confined to one address range.,Schedule a reboot with Post Package Repair (PPR) enabled in BIOS to remap the faulty row; watch the correctable-error rate for 72 hours and replace the DIMM if it recurs.,recurred,,0,1.19,0,P3,D. Haddad,normal,False
INC0104195,2026-07-07 10:27:40.209759643,2026-07-07 11:11:58.838360575,E18,E18-S2,E18-S2-PSU,psu,HPE,ProLiant DL380a Gen11,ai,psu_fw_ripple,spurious ripple warnings on several PSUs right after a BMC update,output_ripple_high,PSU firmware reporting spurious ripple warnings after a BMC update.,Update PSU firmware to the version paired with the current BMC and verify with a calibrated meter before replacing hardware.,resolved,,0,0.74,22,P4,R. Singh,normal,False
INC0104208,2026-07-07 11:56:16.273712677,2026-07-07 12:56:00.789228022,B02,B02-S8,B02-S8-NIC,nic,Dell,PowerEdge R760,virtualization,nic_sfp,port flapping and CRC counters climbing on the host side only,link_flap|crc_errors,Link flaps with rising CRC errors isolated to the host side of one port -- degrading SFP transceiver or marginal cable.,"Replace the SFP transceiver and cable together before touching the NIC. If this NIC carries an in-progress migration, fail over to the secondary port first.",resolved,SFP28-25G-SR,1,1.0,0,P2,R. Singh,normal,False
INC0104142,2026-07-07 16:09:04.148493967,2026-07-07 16:53:01.298964904,A05,A05-S3,A05-S3-PSU,psu,Lenovo,ThinkSystem SR650 V3,web,psu_fan,PSU fan down to 4211 RPM and PSU temperature 33.9 C,psu_fan_rpm_drop|psu_overtemp,Failing PSU fan bearing (not the power stage) raising PSU temperature.,"PSU fans are not field-serviceable on this platform -- replace the PSU proactively in the next maintenance window, before thermal shutdown.",resolved,PSU-LNV-1100W,1,0.73,1,P3,L. Moreau,normal,False
INC0104271,2026-07-07 21:27:34.112985867,2026-07-07 21:41:12.436336669,B08,B08-S4,B08-S4-FAN,fan,Dell,PowerEdge R760,virtualization,fan_bearing,fan down to 5688 RPM at the same PWM duty with vibration 3.9 mm/s,fan_rpm_drop|fan_vibration,Fan bearing wear: vibration rising and RPM falling at constant PWM duty -- precedes seizure.,Hot-swap the fan module (N+1 redundant) and verify the remaining fans ramp correctly during the swap.,resolved,FAN-DEL-R760,1,0.23,0,P3,A. Kim,normal,False
INC0104126,2026-07-08 00:40:09.312140404,2026-07-08 02:22:01.787414412,E03,E03-S7,E03-S7-DISK,disk,HPE,ProLiant DL380a Gen11,ai,disk_media_wear,SMART reallocated sectors rose to 61 with pending sectors climbing,reallocated_sectors|pending_sectors|smart_read_error_rate,Drive media degradation: reallocated and pending sector counts rising steadily -- the pattern that preceded hard read failures in prior incidents.,"Drain the replica / rebuild the RAID member onto a healthy drive, then hot-swap the drive. Do not wait for a hard failure if a backup or replication job is currently reading from it.",resolved,SSD-NVME-U2-3T84,1,1.7,3,P2,S. Okafor,normal,False
INC0104003,2026-07-08 05:17:20.329050675,2026-07-08 05:57:01.794473939,A08,A08-S7,A08-S7-DIMM,dimm,Lenovo,ThinkSystem SR650 V3,web,dimm_reseat,memory errors began right after the server was racked back in,ecc_correctable_spike,Suspected DIMM seating issue after recent chassis work; reseating reduced correctable errors only temporarily.,"Reseat the DIMM and clear the SEL -- only reasonable if the host had physical service in the last 7 days. If correctable errors resume within 48 hours, escalate straight to replacement.",resolved,,0,0.66,19,P3,N. Patel,normal,False
INC0105384,2026-07-08 10:16:00.000000000,2026-07-08 10:45:10.536936868,E14,E14-S6,,thermal,Dell,PowerEdge XE8640,ai,thermal_containment,hot-aisle containment door propped open during maintenance,inlet_overtemp,Hot-aisle containment door left open during maintenance.,Close/repair the containment door and add a door-open alarm to the BMS.,resolved,,0,0.49,1,P3,N. Patel,normal,False
INC0104171,2026-07-08 16:29:00.435292565,2026-07-08 17:14:59.864666430,C18,C18-S7,C18-S7-PSU,psu,Lenovo,ThinkSystem SR650 V3,database,psu_capacitor,Recurrence of INC0104170: input voltage sagging to 200.0 V with output ripple at 50 mV on one PSU,input_voltage_drop|output_ripple_high,"Input sag with rising output ripple on one PSU of a redundant pair -- capacitor degradation, typically 2-3 weeks before a hard trip.","Confirm the partner PSU is healthy, then hot-swap the degrading unit. In a backup window, first verify the remaining PSU can carry the backup job's peak draw.",resolved,PSU-LNV-1100W,1,0.77,5,P2,K. Watanabe,normal,False
INC0104098,2026-07-08 19:11:21.813368605,2026-07-08 19:34:57.392258965,C02,C02-S3,C02-S3-DISK,disk,HPE,ProLiant DL380 Gen11,database,disk_reseat,drive reseated after link resets; SMART read error rate kept rising,smart_read_error_rate,Drive reseated after link-reset errors; errors resumed within days.,Reseating is not a durable fix when the SMART read error rate keeps rising -- replace the drive.,recurred,,0,0.39,0,P3,A. Kim,normal,False
INC0104091,2026-07-09 08:08:16.041854666,2026-07-09 10:28:09.447731289,B03,B03-S8,B03-S8-DISK,disk,HPE,ProLiant DL380 Gen11,virtualization,disk_media_wear,predictive-failure flag: reallocated and pending sector counts rising for 8 days,reallocated_sectors|pending_sectors|smart_read_error_rate,Drive media degradation: reallocated and pending sector counts rising steadily -- the pattern that preceded hard read failures in prior incidents.,"Drain the replica / rebuild the RAID member onto a healthy drive, then hot-swap the drive. Do not wait for a hard failure if a backup or replication job is currently reading from it.",resolved,SSD-NVME-U2-3T84,1,2.33,5,P2,K. Watanabe,normal,False
INC0104099,2026-07-09 21:26:59.648211204,2026-07-09 22:51:10.028448885,C02,C02-S3,C02-S3-DISK,disk,HPE,ProLiant DL380 Gen11,database,disk_media_wear,Recurrence of INC0104098: predictive-failure flag: reallocated and pending sector counts rising for 9 days,reallocated_sectors|pending_sectors|smart_read_error_rate,Drive media degradation: reallocated and pending sector counts rising steadily -- the pattern that preceded hard read failures in prior incidents.,"Drain the replica / rebuild the RAID member onto a healthy drive, then hot-swap the drive. Do not wait for a hard failure if a backup or replication job is currently reading from it.",resolved,SSD-NVME-U2-3T84,1,1.4,5,P2,A. Kim,normal,False
INC0105385,2026-07-09 22:35:00.000000000,2026-07-09 23:28:08.221647779,C17,C17-S2,,thermal,HPE,ProLiant DL380 Gen11,database,thermal_containment,hot-aisle containment door propped open during maintenance,inlet_overtemp,Hot-aisle containment door left open during maintenance.,Close/repair the containment door and add a door-open alarm to the BMS.,resolved,,0,0.89,5,P3,T. Novak,normal,False
INC0104026,2026-07-10 04:06:53.891393904,2026-07-10 06:49:31.938427306,C01,C01-S3,C01-S3-DIMM,dimm,Dell,PowerEdge R760,database,dimm_replace,Recurrence of INC0104025: BMC SEL logged a rising correctable memory error rate (64/24h) on one DIMM slot,ecc_correctable_spike|ecc_uncorrectable,Failing DRAM device on the RDIMM: correctable ECC rate climbed for several days before uncorrectable errors appeared -- classic cell degradation.,"Replace the RDIMM identified by the SEL slot locator. If the host is serving a migration or DR role, live-migrate or fail over workloads first; never hot-remove memory from a running host.",resolved,MEM-DDR5-64G-4800,1,2.71,115,P2,M. Chen,normal,True
INC0104217,2026-07-10 04:31:10.838666339,2026-07-10 05:30:46.874987990,B11,B11-S1,B11-S1-NIC,nic,Dell,PowerEdge R760,virtualization,nic_sfp,64 link flaps per day with CRC errors rising on one port,link_flap|crc_errors,Link flaps with rising CRC errors isolated to the host side of one port -- degrading SFP transceiver or marginal cable.,"Replace the SFP transceiver and cable together before touching the NIC. If this NIC carries an in-progress migration, fail over to the secondary port first.",resolved,SFP28-25G-SR,1,0.99,3,P2,P. Reyes,normal,False
INC0104176,2026-07-10 11:55:07.005027002,2026-07-10 12:46:58.198223198,D06,D06-S8,D06-S8-PSU,psu,Dell,PowerEdge R760,storage,psu_capacitor,input voltage sagging to 199.4 V with output ripple at 54 mV on one PSU,input_voltage_drop|output_ripple_high,"Input sag with rising output ripple on one PSU of a redundant pair -- capacitor degradation, typically 2-3 weeks before a hard trip.","Confirm the partner PSU is healthy, then hot-swap the degrading unit. In a backup window, first verify the remaining PSU can carry the backup job's peak draw.",resolved,PSU-DEL-1400W,1,0.86,0,P2,M. Chen,normal,False
INC0104132,2026-07-10 15:38:40.982558237,2026-07-10 16:41:29.404191002,E08,E08-S2,E08-S2-DISK,disk,Dell,PowerEdge XE8640,ai,disk_early_latency,"I/O latency spiking to 11.3 ms with rising read error rate, no reallocations yet",smart_read_error_rate|latency_spike,Rising SMART read error rate with I/O latency spikes but no reallocated sectors yet -- an earlier-stage precursor.,"Flag the drive for proactive replacement in the next maintenance window, move latency-sensitive volumes off it, and check the reallocation count daily.",resolved,SSD-NVME-U2-3T84,1,1.05,1,P3,M. Chen,normal,False
INC0104056,2026-07-10 17:57:20.591280231,2026-07-10 20:26:27.349154502,D18,D18-S2,D18-S2-DIMM,dimm,Dell,PowerEdge R760,storage,dimm_replace,memory error rate on slot F7 kept increasing over 5 days,ecc_correctable_spike|ecc_uncorrectable,Failing DRAM device on the RDIMM: correctable ECC rate climbed for several days before uncorrectable errors appeared -- classic cell degradation.,"Replace the RDIMM identified by the SEL slot locator. If the host is serving a migration or DR role, live-migrate or fail over workloads first; never hot-remove memory from a running host.",resolved,MEM-DDR5-64G-4800,1,2.49,81,P2,K. Watanabe,normal,True
INC0104257,2026-07-10 18:03:46.730328917,2026-07-10 18:28:31.702952614,A02,A02-S6,A02-S6-FAN,fan,Lenovo,ThinkSystem SR650 V3,web,fan_bearing,fan down to 4205 RPM at the same PWM duty with vibration 4.7 mm/s,fan_rpm_drop|fan_vibration,Fan bearing wear: vibration rising and RPM falling at constant PWM duty -- precedes seizure.,Hot-swap the fan module (N+1 redundant) and verify the remaining fans ramp correctly during the swap.,resolved,FAN-LNV-SR650,1,0.41,2,P2,D. Haddad,migration,False
INC0104193,2026-07-11 01:26:47.789854321,2026-07-11 02:29:04.939381096,E17,E17-S6,E17-S6-PSU,psu,Dell,PowerEdge XE8640,ai,psu_capacitor,PSU D4 showed ripple climbing past spec for 3 days,input_voltage_drop|output_ripple_high,"Input sag with rising output ripple on one PSU of a redundant pair -- capacitor degradation, typically 2-3 weeks before a hard trip.","Confirm the partner PSU is healthy, then hot-swap the degrading unit. In a backup window, first verify the remaining PSU can carry the backup job's peak draw.",resolved,PSU-GPU-2800W,1,1.04,0,P2,T. Novak,normal,False
INC0104256,2026-07-11 05:16:14.956633018,2026-07-11 06:00:55.726672686,E19,E19-S6,E19-S6-NIC,nic,Lenovo,ThinkSystem SR675 V3,ai,nic_airflow,NIC temperature 35.2 C behind a dense cable bundle,nic_overtemp|packet_loss,NIC overheating because airflow is blocked behind a rear cable bundle.,Re-dress rear cabling to clear the NIC airflow path and verify the temperature drops.,resolved,,0,0.74,0,P3,R. Singh,normal,False
INC0105386,2026-07-11 15:30:00.000000000,2026-07-11 15:50:00.952846656,D13,D13-S5,,firmware,HPE,ProLiant DL380 Gen11,storage,fw_baseline,hosts drifted from the approved BIOS baseline,config_drift,"Hosts drifted from the approved BIOS baseline, causing inconsistent power/performance settings.",Re-apply the golden BIOS profile from the management server.,resolved,,0,0.33,4,P2,M. Chen,migration,False
INC0104010,2026-07-11 22:22:38.228855533,2026-07-11 23:58:12.302113577,A10,A10-S8,A10-S8-DIMM,dimm,HPE,ProLiant DL380 Gen11,web,dimm_replace,memory error rate on slot H8 kept increasing over 2 days,ecc_correctable_spike|ecc_uncorrectable,Failing DRAM device on the RDIMM: correctable ECC rate climbed for several days before uncorrectable errors appeared -- classic cell degradation.,"Replace the RDIMM identified by the SEL slot locator. If the host is serving a migration or DR role, live-migrate or fail over workloads first; never hot-remove memory from a running host.",resolved,MEM-DDR5-64G-4800,1,1.59,63,P2,S. Okafor,normal,True
INC0104177,2026-07-12 00:02:43.431721501,2026-07-12 00:38:45.128044596,D08,D08-S3,D08-S3-PSU,psu,Lenovo,ThinkSystem SR650 V3,storage,psu_fan,PSU fan down to 5943 RPM and PSU temperature 29.5 C,psu_fan_rpm_drop|psu_overtemp,Failing PSU fan bearing (not the power stage) raising PSU temperature.,"PSU fans are not field-serviceable on this platform -- replace the PSU proactively in the next maintenance window, before thermal shutdown.",resolved,PSU-LNV-1100W,1,0.6,2,P3,P. Reyes,normal,False
INC0104200,2026-07-12 00:39:09.185635672,2026-07-12 02:37:11.830045498,A05,A05-S7,A05-S7-NIC,nic,Lenovo,ThinkSystem SR650 V3,web,nic_card,packet loss of 1.56% persisted after the transceiver and cable were replaced,packet_loss|crc_errors|nic_overtemp,NIC ASIC degradation: packet loss persisted after transceiver and cable replacement; NIC temperature elevated.,Replace the NIC card in a maintenance window after failing workloads over to the redundant NIC.,resolved,NIC-OCP3-25G-DP,1,1.97,0,P2,L. Moreau,normal,False
INC0104296,2026-07-12 03:13:39.605043061,2026-07-12 03:41:37.063607838,D13,D13-S3,D13-S3-FAN,fan,HPE,ProLiant DL380 Gen11,storage,fan_bearing,vibration rising for 3 days while fan speed fell,fan_rpm_drop|fan_vibration,Fan bearing wear: vibration rising and RPM falling at constant PWM duty -- precedes seizure.,Hot-swap the fan module (N+1 redundant) and verify the remaining fans ramp correctly during the swap.,resolved,FAN-HPE-DL380,1,0.47,3,P2,P. Reyes,migration,False
INC0104234,2026-07-12 04:53:12.175181954,2026-07-12 05:22:04.731992296,D04,D04-S7,D04-S7-NIC,nic,HPE,ProLiant DL380 Gen11,storage,nic_sfp,25 link flaps per day with CRC errors rising on one port,link_flap|crc_errors,Link flaps with rising CRC errors isolated to the host side of one port -- degrading SFP transceiver or marginal cable.,"Replace the SFP transceiver and cable together before touching the NIC. If this NIC carries an in-progress migration, fail over to the secondary port first.",resolved,SFP28-25G-SR,1,0.48,5,P2,A. Kim,normal,False
INC0104024,2026-07-12 13:01:08.179668821,2026-07-12 13:56:11.279219878,B17,B17-S4,B17-S4-DIMM,dimm,Dell,PowerEdge R760,virtualization,dimm_fw_false_pos,fleet-wide jump in reported correctable ECC after firmware rollout,ecc_correctable_spike,BIOS/BMC firmware bug over-reporting correctable errors (vendor advisory) -- no actual DRAM degradation.,Apply the vendor BIOS/BMC update that corrects correctable-error logging; confirm counts normalize before swapping any hardware.,resolved,,0,0.92,0,P4,D. Haddad,normal,False
INC0105387,2026-07-13 10:55:00.000000000,2026-07-13 11:52:39.017664663,A03,A03-S1,,thermal,Dell,PowerEdge R760,web,thermal_containment,hot-aisle containment door propped open during maintenance,inlet_overtemp,Hot-aisle containment door left open during maintenance.,Close/repair the containment door and add a door-open alarm to the BMS.,resolved,,0,0.96,2,P2,K. Watanabe,dr_failover,False
INC0104213,2026-07-14 02:00:55.092159104,2026-07-14 03:25:33.672847607,B06,B06-S4,B06-S4-NIC,nic,HPE,ProLiant DL380 Gen11,virtualization,nic_card,packet loss of 1.4% persisted after the transceiver and cable were replaced,packet_loss|crc_errors|nic_overtemp,NIC ASIC degradation: packet loss persisted after transceiver and cable replacement; NIC temperature elevated.,Replace the NIC card in a maintenance window after failing workloads over to the redundant NIC.,resolved,NIC-OCP3-25G-DP,1,1.41,0,P2,N. Patel,normal,False
INC0104187,2026-07-14 10:26:08.020256384,2026-07-14 10:57:51.644647183,E09,E09-S3,E09-S3-PSU,psu,HPE,ProLiant DL380a Gen11,ai,psu_fan,PSU fan down to 3604 RPM and PSU temperature 34.6 C,psu_fan_rpm_drop|psu_overtemp,Failing PSU fan bearing (not the power stage) raising PSU temperature.,"PSU fans are not field-serviceable on this platform -- replace the PSU proactively in the next maintenance window, before thermal shutdown.",resolved,PSU-GPU-2800W,1,0.53,3,P3,A. Kim,normal,False
INC0104138,2026-07-15 16:28:51.491933931,2026-07-15 17:22:35.333557859,E14,E14-S1,E14-S1-DISK,disk,Dell,PowerEdge XE8640,ai,disk_early_latency,read error rate creeping up and latency spikes on one drive,smart_read_error_rate|latency_spike,Rising SMART read error rate with I/O latency spikes but no reallocated sectors yet -- an earlier-stage precursor.,"Flag the drive for proactive replacement in the next maintenance window, move latency-sensitive volumes off it, and check the reallocation count daily.",resolved,SSD-NVME-U2-3T84,1,0.9,3,P3,D. Haddad,normal,False
INC0104077,2026-07-16 10:31:36.709275026,2026-07-16 11:16:14.667815190,A05,A05-S6,A05-S6-DISK,disk,Lenovo,ThinkSystem SR650 V3,web,disk_reseat,drive reseated after link resets; SMART read error rate kept rising,smart_read_error_rate,Drive reseated after link-reset errors; errors resumed within days.,Reseating is not a durable fix when the SMART read error rate keeps rising -- replace the drive.,resolved,,0,0.74,0,P3,R. Singh,normal,False
INC0104125,2026-07-16 19:58:43.902656057,2026-07-16 22:07:51.170485536,E02,E02-S1,E02-S1-DISK,disk,Dell,PowerEdge XE8640,ai,disk_hdd_head,HDD pending sectors at 29 and retry-driven latency of 10.6 ms,pending_sectors|latency_spike,HDD head degradation causing pending sectors and retry-driven latency.,"Mark the HDD failed in the storage array, let the pool rebuild to a hot spare, then replace the drive.",resolved,SSD-NVME-U2-3T84,1,2.15,4,P2,D. Haddad,normal,False
INC0104295,2026-07-17 15:55:48.448353959,2026-07-17 16:25:08.677655656,D12,D12-S1,D12-S1-FAN,fan,Dell,PowerEdge R760,storage,fan_bearing,fan down to 4155 RPM at the same PWM duty with vibration 5.6 mm/s,fan_rpm_drop|fan_vibration,Fan bearing wear: vibration rising and RPM falling at constant PWM duty -- precedes seizure.,Hot-swap the fan module (N+1 redundant) and verify the remaining fans ramp correctly during the swap.,resolved,FAN-DEL-R760,1,0.49,1,P3,S. Okafor,normal,False
INC0104121,2026-07-18 01:46:48.410098492,2026-07-18 03:57:32.694540875,D17,D17-S7,D17-S7-DISK,disk,Lenovo,ThinkSystem SR650 V3,storage,disk_media_wear,SMART reallocated sectors rose to 17 with pending sectors climbing,reallocated_sectors|pending_sectors|smart_read_error_rate,Drive media degradation: reallocated and pending sector counts rising steadily -- the pattern that preceded hard read failures in prior incidents.,"Drain the replica / rebuild the RAID member onto a healthy drive, then hot-swap the drive. Do not wait for a hard failure if a backup or replication job is currently reading from it.",resolved,HDD-SAS-12T,1,2.18,0,P2,S. Okafor,normal,False
INC0104231,2026-07-18 04:12:51.424183097,2026-07-18 04:57:25.818478059,C17,C17-S8,C17-S8-NIC,nic,HPE,ProLiant DL380 Gen11,database,nic_switch_port,"flaps visible on both ends, errors counted on the switch side",link_flap,Flaps originated on the switch side -- ToR switch port or optic fault.,"Compare counters on both ends, move to a spare ToR port and open a network ticket; no host hardware change needed.",resolved,,0,0.74,22,P3,J. Alvarez,normal,False
INC0104175,2026-07-18 05:01:04.333529065,2026-07-18 06:12:55.196666122,D03,D03-S2,D03-S2-PSU,psu,Dell,PowerEdge R760,storage,psu_pdu_feed,both PSUs on the same feed reported low input voltage (202.3 V),input_voltage_drop,"Voltage sag traced to the upstream PDU outlet/whip, not the PSU (both PSUs on that feed showed it).",Move the PSU cord to a healthy outlet on the correct A/B feed and open a facilities ticket for the PDU circuit -- do not replace the PSU.,resolved,,0,1.2,0,P2,K. Watanabe,normal,False
INC0104312,2026-07-18 13:51:36.617517731,2026-07-18 14:11:35.196590512,E17,E17-S1,E17-S1-FAN,fan,Dell,PowerEdge XE8640,ai,fan_bearing,vibration rising for 3 days while fan speed fell,fan_rpm_drop|fan_vibration,Fan bearing wear: vibration rising and RPM falling at constant PWM duty -- precedes seizure.,Hot-swap the fan module (N+1 redundant) and verify the remaining fans ramp correctly during the swap.,resolved,FAN-GPU-HP80,1,0.33,0,P3,N. Patel,normal,False
INC0105388,2026-07-18 16:15:00.000000000,2026-07-18 18:15:54.996342806,D06,D06-S5,,power,Dell,PowerEdge R760,storage,power_breaker,A-feed lost for half the rack after a branch breaker trip,input_voltage_drop|power_loss,PDU branch breaker tripped under the combined load of newly added servers.,"Rebalance servers across PDU branches, reset the breaker after a load review, and keep every branch under 80% of rating.",resolved,,0,2.02,155,P1,P. Reyes,normal,True
INC0104274,2026-07-19 06:49:53.561475840,2026-07-19 07:24:36.014096998,B14,B14-S6,B14-S6-FAN,fan,Dell,PowerEdge R760,virtualization,fan_bearing,fan down to 5556 RPM at the same PWM duty with vibration 5.6 mm/s,fan_rpm_drop|fan_vibration,Fan bearing wear: vibration rising and RPM falling at constant PWM duty -- precedes seizure.,Hot-swap the fan module (N+1 redundant) and verify the remaining fans ramp correctly during the swap.,resolved,FAN-DEL-R760,1,0.58,2,P3,P. Reyes,normal,False
INC0104224,2026-07-19 12:10:06.124619152,2026-07-19 12:29:21.725263281,C06,C06-S4,C06-S4-NIC,nic,Lenovo,ThinkSystem SR650 V3,database,nic_dac,CRC errors on a DAC link after a rack re-cable,crc_errors,Damaged DAC cable (bend-radius violation) causing CRC errors.,Replace the DAC cable and re-dress it with the correct bend radius.,recurred,CBL-DAC-25G-3M,1,0.32,2,P3,R. Singh,backup_window,False
INC0104201,2026-07-19 14:55:51.390819199,2026-07-19 15:26:55.513642969,A07,A07-S7,A07-S7-NIC,nic,HPE,ProLiant DL380 Gen11,web,nic_airflow,NIC temperature 33.6 C behind a dense cable bundle,nic_overtemp|packet_loss,NIC overheating because airflow is blocked behind a rear cable bundle.,Re-dress rear cabling to clear the NIC airflow path and verify the temperature drops.,resolved,,0,0.52,12,P3,S. Okafor,normal,False
INC0104054,2026-07-19 18:43:49.567422182,2026-07-19 19:16:43.295369565,D17,D17-S2,D17-S2-DIMM,dimm,Lenovo,ThinkSystem SR650 V3,storage,dimm_reseat,memory errors began right after the server was racked back in,ecc_correctable_spike,Suspected DIMM seating issue after recent chassis work; reseating reduced correctable errors only temporarily.,"Reseat the DIMM and clear the SEL -- only reasonable if the host had physical service in the last 7 days. If correctable errors resume within 48 hours, escalate straight to replacement.",resolved,,0,0.55,10,P3,D. Haddad,normal,False
INC0104146,2026-07-19 19:25:29.783059667,2026-07-19 20:06:53.677723803,B03,B03-S5,B03-S5-PSU,psu,HPE,ProLiant DL380 Gen11,virtualization,psu_efficiency,PSU efficiency down to 89.7% with rising temperature,psu_efficiency_drop|psu_overtemp,PSU efficiency dropping (more heat per watt delivered) -- aging power stage.,Replace the PSU proactively; the efficiency loss adds rack heat load and precedes failure.,resolved,PSU-HPE-1600W,1,0.69,1,P2,K. Watanabe,migration,False
INC0104117,2026-07-19 20:15:06.164839213,2026-07-19 22:17:19.694204114,D16,D16-S2,D16-S2-DISK,disk,HPE,ProLiant DL380 Gen11,storage,disk_backplane,link-reset errors that followed the bay after the drive was moved,smart_read_error_rate|latency_spike,"Intermittent errors followed the bay, not the drive -- backplane or connector fault.","Move the drive to another bay as a test; if errors follow the bay, have the vendor replace the backplane cable/backplane.",resolved,,0,2.04,0,P2,M. Chen,normal,False
INC0104192,2026-07-20 22:10:25.007417812,2026-07-20 23:04:36.403955312,E17,E17-S5,E17-S5-PSU,psu,Dell,PowerEdge XE8640,ai,psu_pdu_feed,both PSUs on the same feed reported low input voltage (202.2 V),input_voltage_drop,"Voltage sag traced to the upstream PDU outlet/whip, not the PSU (both PSUs on that feed showed it).",Move the PSU cord to a healthy outlet on the correct A/B feed and open a facilities ticket for the PDU circuit -- do not replace the PSU.,resolved,,0,0.9,0,P2,N. Patel,migration,False
INC0104123,2026-07-20 23:44:25.678890841,2026-07-21 02:36:27.645781991,D20,D20-S4,D20-S4-DISK,disk,Lenovo,ThinkSystem SR650 V3,storage,disk_hdd_head,HDD pending sectors at 82 and retry-driven latency of 12.2 ms,pending_sectors|latency_spike,HDD head degradation causing pending sectors and retry-driven latency.,"Mark the HDD failed in the storage array, let the pool rebuild to a hot spare, then replace the drive.",resolved,HDD-SAS-12T,1,2.87,1,P2,S. Okafor,normal,False
INC0104313,2026-07-21 03:43:12.190709433,2026-07-21 03:55:19.995971887,E17,E17-S2,E17-S2-FAN,fan,Dell,PowerEdge XE8640,ai,fan_bearing,fan down to 3742 RPM at the same PWM duty with vibration 4.3 mm/s,fan_rpm_drop|fan_vibration,Fan bearing wear: vibration rising and RPM falling at constant PWM duty -- precedes seizure.,Hot-swap the fan module (N+1 redundant) and verify the remaining fans ramp correctly during the swap.,resolved,FAN-GPU-HP80,1,0.2,4,P3,N. Patel,normal,False
INC0104225,2026-07-22 07:39:46.386828399,2026-07-22 08:20:23.252927292,C06,C06-S4,C06-S4-NIC,nic,Lenovo,ThinkSystem SR650 V3,database,nic_dac,Recurrence of INC0104224: CRC errors on a DAC link after a rack re-cable,crc_errors,Damaged DAC cable (bend-radius violation) causing CRC errors.,Replace the DAC cable and re-dress it with the correct bend radius.,resolved,CBL-DAC-25G-3M,1,0.68,5,P3,D. Haddad,backup_window,False
INC0104079,2026-07-22 13:39:27.195100477,2026-07-22 14:32:24.234571742,A07,A07-S7,A07-S7-DISK,disk,HPE,ProLiant DL380 Gen11,web,disk_early_latency,"I/O latency spiking to 5.4 ms with rising read error rate, no reallocations yet",smart_read_error_rate|latency_spike,Rising SMART read error rate with I/O latency spikes but no reallocated sectors yet -- an earlier-stage precursor.,"Flag the drive for proactive replacement in the next maintenance window, move latency-sensitive volumes off it, and check the reallocation count daily.",resolved,SSD-NVME-U2-3T84,1,0.88,1,P3,N. Patel,maintenance_window,False
INC0104036,2026-07-22 15:34:16.066068506,2026-07-22 18:17:37.259762228,C17,C17-S1,C17-S1-DIMM,dimm,HPE,ProLiant DL380 Gen11,database,dimm_replace,BMC SEL logged a rising correctable memory error rate (54/24h) on one DIMM slot,ecc_correctable_spike|ecc_uncorrectable,Failing DRAM device on the RDIMM: correctable ECC rate climbed for several days before uncorrectable errors appeared -- classic cell degradation.,"Replace the RDIMM identified by the SEL slot locator. If the host is serving a migration or DR role, live-migrate or fail over workloads first; never hot-remove memory from a running host.",resolved,MEM-DDR5-64G-4800,1,2.72,51,P2,D. Haddad,normal,False
INC0104071,2026-07-22 20:35:29.468147314,2026-07-22 21:20:51.031803314,A03,A03-S2,A03-S2-DISK,disk,Dell,PowerEdge R760,web,disk_reseat,drive reseated after link resets; SMART read error rate kept rising,smart_read_error_rate,Drive reseated after link-reset errors; errors resumed within days.,Reseating is not a durable fix when the SMART read error rate keeps rising -- replace the drive.,recurred,,0,0.76,0,P2,P. Reyes,dr_failover,False
INC0104178,2026-07-23 10:32:27.883898019,2026-07-23 11:05:08.431921065,D11,D11-S5,D11-S5-PSU,psu,Lenovo,ThinkSystem SR650 V3,storage,psu_fan,PSU fan down to 3619 RPM and PSU temperature 31.2 C,psu_fan_rpm_drop|psu_overtemp,Failing PSU fan bearing (not the power stage) raising PSU temperature.,"PSU fans are not field-serviceable on this platform -- replace the PSU proactively in the next maintenance window, before thermal shutdown.",resolved,PSU-LNV-1100W,1,0.54,1,P3,M. Chen,backup_window,False
INC0104309,2026-07-23 19:58:26.833190702,2026-07-23 20:13:06.902221767,E12,E12-S3,E12-S3-FAN,fan,HPE,ProLiant DL380a Gen11,ai,fan_current,fan motor current up to 1.24 A to hold speed,fan_current_rise|fan_rpm_drop,Motor current rising to hold RPM -- winding or bearing degradation.,Replace the fan module proactively; the current rise precedes failure by days.,resolved,FAN-GPU-HP80,1,0.24,2,P3,K. Watanabe,normal,False
INC0104282,2026-07-23 20:57:08.944083177,2026-07-23 21:20:16.885164157,C07,C07-S7,C07-S7-FAN,fan,Dell,PowerEdge R760,database,fan_bearing,fan down to 4715 RPM at the same PWM duty with vibration 5.8 mm/s,fan_rpm_drop|fan_vibration,Fan bearing wear: vibration rising and RPM falling at constant PWM duty -- precedes seizure.,Hot-swap the fan module (N+1 redundant) and verify the remaining fans ramp correctly during the swap.,resolved,FAN-DEL-R760,1,0.39,5,P3,R. Singh,normal,False
INC0104072,2026-07-24 01:24:59.652939091,2026-07-24 03:10:22.989559604,A03,A03-S2,A03-S2-DISK,disk,Dell,PowerEdge R760,web,disk_media_wear,Recurrence of INC0104071: predictive-failure flag: reallocated and pending sector counts rising for 6 days,reallocated_sectors|pending_sectors|smart_read_error_rate,Drive media degradation: reallocated and pending sector counts rising steadily -- the pattern that preceded hard read failures in prior incidents.,"Drain the replica / rebuild the RAID member onto a healthy drive, then hot-swap the drive. Do not wait for a hard failure if a backup or replication job is currently reading from it.",resolved,SSD-NVME-U2-3T84,1,1.76,5,P2,A. Kim,dr_failover,False
INC0104203,2026-07-24 01:28:21.515277227,2026-07-24 02:15:23.778168556,A09,A09-S5,A09-S5-NIC,nic,Dell,PowerEdge R760,web,nic_dac,CRC errors on a DAC link after a rack re-cable,crc_errors,Damaged DAC cable (bend-radius violation) causing CRC errors.,Replace the DAC cable and re-dress it with the correct bend radius.,resolved,CBL-DAC-25G-3M,1,0.78,5,P3,R. Singh,normal,False
INC0104109,2026-07-24 03:00:03.658175021,2026-07-24 04:39:48.662971053,D04,D04-S3,D04-S3-DISK,disk,HPE,ProLiant DL380 Gen11,storage,disk_hdd_head,HDD pending sectors at 59 and retry-driven latency of 13.7 ms,pending_sectors|latency_spike,HDD head degradation causing pending sectors and retry-driven latency.,"Mark the HDD failed in the storage array, let the pool rebuild to a hot spare, then replace the drive.",resolved,HDD-SAS-12T,1,1.66,0,P2,A. Kim,normal,False
INC0104095,2026-07-24 09:20:47.212348379,2026-07-24 11:23:43.179623391,B09,B09-S6,B09-S6-DISK,disk,HPE,ProLiant DL380 Gen11,virtualization,disk_media_wear,SMART reallocated sectors rose to 57 with pending sectors climbing,reallocated_sectors|pending_sectors|smart_read_error_rate,Drive media degradation: reallocated and pending sector counts rising steadily -- the pattern that preceded hard read failures in prior incidents.,"Drain the replica / rebuild the RAID member onto a healthy drive, then hot-swap the drive. Do not wait for a hard failure if a backup or replication job is currently reading from it.",resolved,SSD-NVME-U2-3T84,1,2.05,3,P2,S. Okafor,normal,False
INC0104265,2026-07-25 12:19:05.268883472,2026-07-25 12:32:10.219972456,A11,A11-S5,A11-S5-FAN,fan,Lenovo,ThinkSystem SR650 V3,web,fan_bearing,vibration rising for 8 days while fan speed fell,fan_rpm_drop|fan_vibration,Fan bearing wear: vibration rising and RPM falling at constant PWM duty -- precedes seizure.,Hot-swap the fan module (N+1 redundant) and verify the remaining fans ramp correctly during the swap.,resolved,FAN-LNV-SR650,1,0.22,1,P3,S. Okafor,normal,False
INC0104287,2026-07-26 03:54:07.158132150,2026-07-26 04:16:18.365176837,C15,C15-S8,C15-S8-FAN,fan,Lenovo,ThinkSystem SR650 V3,database,fan_dust,vibration 6.3 mm/s with a dusty intake filter,fan_vibration,Dust accumulation / imbalance causing vibration; fan otherwise healthy.,Clean the fan module and filter; replace only if vibration persists after cleaning.,resolved,,0,0.37,2,P4,M. Chen,backup_window,False
INC0104148,2026-07-26 06:58:17.020120254,2026-07-26 07:48:50.982433714,B07,B07-S3,B07-S3-PSU,psu,Lenovo,ThinkSystem SR650 V3,virtualization,psu_capacitor,PSU A5 showed ripple climbing past spec for 2 days,input_voltage_drop|output_ripple_high,"Input sag with rising output ripple on one PSU of a redundant pair -- capacitor degradation, typically 2-3 weeks before a hard trip.","Confirm the partner PSU is healthy, then hot-swap the degrading unit. In a backup window, first verify the remaining PSU can carry the backup job's peak draw.",resolved,PSU-LNV-1100W,1,0.84,2,P2,K. Watanabe,normal,False
INC0104068,2026-07-26 13:22:18.863733591,2026-07-26 13:56:03.636534340,E18,E18-S6,E18-S6-DIMM,dimm,HPE,ProLiant DL380a Gen11,ai,dimm_reseat,memory errors began right after the server was racked back in,ecc_correctable_spike,Suspected DIMM seating issue after recent chassis work; reseating reduced correctable errors only temporarily.,"Reseat the DIMM and clear the SEL -- only reasonable if the host had physical service in the last 7 days. If correctable errors resume within 48 hours, escalate straight to replacement.",recurred,,0,0.56,0,P3,S. Okafor,normal,False
INC0104057,2026-07-26 17:29:52.271415622,2026-07-26 18:10:22.767238446,E01,E01-S7,E01-S7-DIMM,dimm,Lenovo,ThinkSystem SR675 V3,ai,dimm_reseat,correctable ECC errors after recent chassis service (57/24h),ecc_correctable_spike,Suspected DIMM seating issue after recent chassis work; reseating reduced correctable errors only temporarily.,"Reseat the DIMM and clear the SEL -- only reasonable if the host had physical service in the last 7 days. If correctable errors resume within 48 hours, escalate straight to replacement.",resolved,,0,0.68,14,P3,L. Moreau,normal,False
INC0104190,2026-07-27 00:02:10.540047813,2026-07-27 00:57:34.546494110,E16,E16-S3,E16-S3-PSU,psu,Lenovo,ThinkSystem SR675 V3,ai,psu_efficiency,PSU efficiency down to 87.7% with rising temperature,psu_efficiency_drop|psu_overtemp,PSU efficiency dropping (more heat per watt delivered) -- aging power stage.,Replace the PSU proactively; the efficiency loss adds rack heat load and precedes failure.,resolved,PSU-GPU-2800W,1,0.92,1,P3,S. Okafor,normal,False
INC0104159,2026-07-27 04:50:34.545066804,2026-07-27 05:38:33.730264861,C05,C05-S7,C05-S7-PSU,psu,HPE,ProLiant DL380 Gen11,database,psu_fw_ripple,spurious ripple warnings on several PSUs right after a BMC update,output_ripple_high,PSU firmware reporting spurious ripple warnings after a BMC update.,Update PSU firmware to the version paired with the current BMC and verify with a calibrated meter before replacing hardware.,resolved,,0,0.8,0,P4,A. Kim,normal,False
INC0104066,2026-07-27 10:08:21.440919408,2026-07-27 11:46:11.869591048,E17,E17-S5,E17-S5-DIMM,dimm,Dell,PowerEdge XE8640,ai,dimm_replace,BMC SEL logged a rising correctable memory error rate (16/24h) on one DIMM slot,ecc_correctable_spike|ecc_uncorrectable,Failing DRAM device on the RDIMM: correctable ECC rate climbed for several days before uncorrectable errors appeared -- classic cell degradation.,"Replace the RDIMM identified by the SEL slot locator. If the host is serving a migration or DR role, live-migrate or fail over workloads first; never hot-remove memory from a running host.",resolved,MEM-DDR5-64G-4800,1,1.63,58,P2,K. Watanabe,normal,False
INC0104004,2026-07-27 15:56:19.744975193,2026-07-27 18:44:59.760916400,A09,A09-S1,A09-S1-DIMM,dimm,Dell,PowerEdge R760,web,dimm_replace,memory error rate on slot H5 kept increasing over 5 days,ecc_correctable_spike|ecc_uncorrectable,Failing DRAM device on the RDIMM: correctable ECC rate climbed for several days before uncorrectable errors appeared -- classic cell degradation.,"Replace the RDIMM identified by the SEL slot locator. If the host is serving a migration or DR role, live-migrate or fail over workloads first; never hot-remove memory from a running host.",resolved,MEM-DDR5-64G-4800,1,2.81,0,P2,L. Moreau,normal,False
INC0104172,2026-07-27 20:42:49.814269858,2026-07-27 21:49:44.190963648,C18,C18-S8,C18-S8-PSU,psu,Lenovo,ThinkSystem SR650 V3,database,psu_capacitor,input voltage sagging to 202.5 V with output ripple at 61 mV on one PSU,input_voltage_drop|output_ripple_high,"Input sag with rising output ripple on one PSU of a redundant pair -- capacitor degradation, typically 2-3 weeks before a hard trip.","Confirm the partner PSU is healthy, then hot-swap the degrading unit. In a backup window, first verify the remaining PSU can carry the backup job's peak draw.",resolved,PSU-LNV-1100W,1,1.12,0,P2,J. Alvarez,normal,False
INC0104206,2026-07-28 00:08:42.446653320,2026-07-28 00:47:21.569319985,A18,A18-S5,A18-S5-NIC,nic,Dell,PowerEdge R760,web,nic_dac,CRC errors on a DAC link after a rack re-cable,crc_errors,Damaged DAC cable (bend-radius violation) causing CRC errors.,Replace the DAC cable and re-dress it with the correct bend radius.,resolved,CBL-DAC-25G-3M,1,0.64,2,P3,K. Watanabe,normal,False
INC0104101,2026-07-28 09:01:18.609521901,2026-07-28 11:14:59.682105373,C08,C08-S2,C08-S2-DISK,disk,HPE,ProLiant DL380 Gen11,database,disk_backplane,link-reset errors that followed the bay after the drive was moved,smart_read_error_rate|latency_spike,"Intermittent errors followed the bay, not the drive -- backplane or connector fault.","Move the drive to another bay as a test; if errors follow the bay, have the vendor replace the backplane cable/backplane.",resolved,,0,2.23,60,P2,N. Patel,normal,False
INC0104112,2026-07-28 09:03:21.432083041,2026-07-28 10:52:17.523337862,D09,D09-S6,D09-S6-DISK,disk,Dell,PowerEdge R760,storage,disk_fw_stall,periodic 30-second I/O stalls on drives of the same model,latency_spike,Drive firmware bug causing periodic latency stalls (vendor advisory) -- media healthy.,Update drive firmware in a rolling fashion; replacement is unnecessary while SMART media counters stay clean.,resolved,,0,1.82,37,P3,D. Haddad,normal,False
INC0104185,2026-07-28 12:16:41.948164982,2026-07-28 13:17:12.700660572,E06,E06-S6,E06-S6-PSU,psu,HPE,ProLiant DL380a Gen11,ai,psu_capacitor,PSU G7 showed ripple climbing past spec for 4 days,input_voltage_drop|output_ripple_high,"Input sag with rising output ripple on one PSU of a redundant pair -- capacitor degradation, typically 2-3 weeks before a hard trip.","Confirm the partner PSU is healthy, then hot-swap the degrading unit. In a backup window, first verify the remaining PSU can carry the backup job's peak draw.",resolved,PSU-GPU-2800W,1,1.01,4,P2,S. Okafor,backup_window,False
INC0104069,2026-07-28 14:29:48.549177508,2026-07-28 16:49:50.589955154,E18,E18-S6,E18-S6-DIMM,dimm,HPE,ProLiant DL380a Gen11,ai,dimm_replace,Recurrence of INC0104068: BMC SEL logged a rising correctable memory error rate (17/24h) on one DIMM slot,ecc_correctable_spike|ecc_uncorrectable,Failing DRAM device on the RDIMM: correctable ECC rate climbed for several days before uncorrectable errors appeared -- classic cell degradation.,"Replace the RDIMM identified by the SEL slot locator. If the host is serving a migration or DR role, live-migrate or fail over workloads first; never hot-remove memory from a running host.",resolved,MEM-DDR5-64G-4800,1,2.33,47,P2,N. Patel,normal,False
INC0104305,2026-07-28 17:05:50.698163025,2026-07-28 17:38:21.352875907,E08,E08-S3,E08-S3-FAN,fan,Dell,PowerEdge XE8640,ai,fan_bmc_curve,all fans in a chassis under-spinning after a BMC update,fan_rpm_drop,"BMC fan curve misconfigured after a firmware update -- fans under-spinning, not failing.",Restore the vendor thermal profile / fan curve in BMC settings; no hardware change.,recurred,,0,0.54,5,P4,S. Okafor,normal,False
INC0104019,2026-07-28 17:06:02.033258587,2026-07-28 17:58:32.739202977,B05,B05-S3,B05-S3-DIMM,dimm,Dell,PowerEdge R760,virtualization,dimm_reseat,memory errors began right after the server was racked back in,ecc_correctable_spike,Suspected DIMM seating issue after recent chassis work; reseating reduced correctable errors only temporarily.,"Reseat the DIMM and clear the SEL -- only reasonable if the host had physical service in the last 7 days. If correctable errors resume within 48 hours, escalate straight to replacement.",resolved,,0,0.88,21,P3,R. Singh,normal,False
INC0104173,2026-07-29 06:31:38.684605990,2026-07-29 07:28:32.538783271,C19,C19-S6,C19-S6-PSU,psu,Dell,PowerEdge R760,database,psu_fan,PSU fan down to 4715 RPM and PSU temperature 31.6 C,psu_fan_rpm_drop|psu_overtemp,Failing PSU fan bearing (not the power stage) raising PSU temperature.,"PSU fans are not field-serviceable on this platform -- replace the PSU proactively in the next maintenance window, before thermal shutdown.",resolved,PSU-DEL-1400W,1,0.95,3,P3,D. Haddad,normal,False
INC0104030,2026-07-29 15:02:45.729903934,2026-07-29 16:06:34.818626784,C03,C03-S8,C03-S8-DIMM,dimm,Lenovo,ThinkSystem SR650 V3,database,dimm_ppr,correctable errors confined to a single row address (49/24h),ecc_correctable_spike,Isolated single-row fault on one DRAM device; errors confined to one address range.,Schedule a reboot with Post Package Repair (PPR) enabled in BIOS to remap the faulty row; watch the correctable-error rate for 72 hours and replace the DIMM if it recurs.,resolved,,0,1.06,0,P3,T. Novak,normal,False
INC0104002,2026-07-29 15:35:33.789523762,2026-07-29 17:05:53.954430843,A02,A02-S8,A02-S8-DIMM,dimm,Lenovo,ThinkSystem SR650 V3,web,dimm_replace,BMC SEL logged a rising correctable memory error rate (32/24h) on one DIMM slot,ecc_correctable_spike|ecc_uncorrectable,Failing DRAM device on the RDIMM: correctable ECC rate climbed for several days before uncorrectable errors appeared -- classic cell degradation.,"Replace the RDIMM identified by the SEL slot locator. If the host is serving a migration or DR role, live-migrate or fail over workloads first; never hot-remove memory from a running host.",resolved,MEM-DDR5-64G-4800,1,1.51,0,P2,L. Moreau,normal,False
INC0104131,2026-07-30 00:04:04.645474363,2026-07-30 00:39:10.102087580,E07,E07-S3,E07-S3-DISK,disk,Lenovo,ThinkSystem SR675 V3,ai,disk_overtemp,drive temperature 35.5 C and thermal throttling,disk_overtemp|latency_spike,"Drive overheating because a drive-cage fan failed, causing thermal throttling.",Replace the failed drive-cage fan first; drive temperature and latency normalize without replacing the drive.,resolved,FAN-GPU-HP80,1,0.58,2,P3,A. Kim,normal,False
INC0104194,2026-07-30 03:09:10.229437980,2026-07-30 05:05:41.246044670,E17,E17-S7,E17-S7-PSU,psu,Dell,PowerEdge XE8640,ai,psu_pdu_feed,both PSUs on the same feed reported low input voltage (199.6 V),input_voltage_drop,"Voltage sag traced to the upstream PDU outlet/whip, not the PSU (both PSUs on that feed showed it).",Move the PSU cord to a healthy outlet on the correct A/B feed and open a facilities ticket for the PDU circuit -- do not replace the PSU.,resolved,,0,1.94,79,P2,N. Patel,normal,True
INC0105389,2026-07-31 03:21:00.000000000,2026-07-31 13:38:10.035038109,A15,A15-S6,,thermal,Dell,PowerEdge R760,web,thermal_crac,inlet temperatures up to 34.9 C across 3 adjacent racks in one cooling zone,inlet_overtemp|hot_spot,CRAC unit compressor degradation reduced cooling capacity for its zone; inlet temperatures rose across adjacent racks.,"Open a facilities work order for the CRAC unit, temporarily raise neighbouring CRAC output, and add perforated tiles in the affected cold aisle.",resolved,,0,10.29,5,P2,M. Chen,normal,False
INC0104045,2026-07-31 03:27:05.932425897,2026-07-31 04:01:03.009161610,D08,D08-S8,D08-S8-DIMM,dimm,Lenovo,ThinkSystem SR650 V3,storage,dimm_reseat,correctable ECC errors after recent chassis service (82/24h),ecc_correctable_spike,Suspected DIMM seating issue after recent chassis work; reseating reduced correctable errors only temporarily.,"Reseat the DIMM and clear the SEL -- only reasonable if the host had physical service in the last 7 days. If correctable errors resume within 48 hours, escalate straight to replacement.",recurred,,0,0.57,12,P3,E. Johansson,normal,False
INC0104023,2026-07-31 04:00:35.828822794,2026-07-31 07:12:11.657251758,B16,B16-S8,B16-S8-DIMM,dimm,Lenovo,ThinkSystem SR650 V3,virtualization,dimm_ue_crash,uncorrectable memory error forced a kernel panic,ecc_uncorrectable,Uncorrectable ECC error caused a host crash; module confirmed failed by vendor diagnostics.,"Replace the RDIMM immediately, run vendor memory diagnostics after replacement, and review the crash dump to rule out a CPU memory-controller fault.",resolved,MEM-DDR5-64G-4800,1,3.19,0,P1,P. Reyes,normal,True
INC0104306,2026-07-31 09:51:14.806924179,2026-07-31 10:23:49.291353881,E08,E08-S3,E08-S3-FAN,fan,Dell,PowerEdge XE8640,ai,fan_bmc_curve,Recurrence of INC0104305: all fans in a chassis under-spinning after a BMC update,fan_rpm_drop,"BMC fan curve misconfigured after a firmware update -- fans under-spinning, not failing.",Restore the vendor thermal profile / fan curve in BMC settings; no hardware change.,resolved,,0,0.54,2,P4,D. Haddad,normal,False
INC0104160,2026-07-31 10:59:52.928551516,2026-07-31 11:58:53.965847960,C06,C06-S4,C06-S4-PSU,psu,Lenovo,ThinkSystem SR650 V3,database,psu_fw_ripple,spurious ripple warnings on several PSUs right after a BMC update,output_ripple_high,PSU firmware reporting spurious ripple warnings after a BMC update.,Update PSU firmware to the version paired with the current BMC and verify with a calibrated meter before replacing hardware.,recurred,,0,0.98,21,P4,N. Patel,normal,False
INC0104288,2026-07-31 12:59:56.817952457,2026-07-31 13:40:08.437207453,C19,C19-S5,C19-S5-FAN,fan,Dell,PowerEdge R760,database,fan_bmc_curve,all fans in a chassis under-spinning after a BMC update,fan_rpm_drop,"BMC fan curve misconfigured after a firmware update -- fans under-spinning, not failing.",Restore the vendor thermal profile / fan curve in BMC settings; no hardware change.,resolved,,0,0.67,5,P4,D. Haddad,normal,False
INC0104008,2026-07-31 15:05:12.447533111,2026-07-31 16:11:07.604282778,A10,A10-S3,A10-S3-DIMM,dimm,HPE,ProLiant DL380 Gen11,web,dimm_ppr,ECC errors isolated to one DRAM row on slot A2,ecc_correctable_spike,Isolated single-row fault on one DRAM device; errors confined to one address range.,Schedule a reboot with Post Package Repair (PPR) enabled in BIOS to remap the faulty row; watch the correctable-error rate for 72 hours and replace the DIMM if it recurs.,recurred,,0,1.1,0,P3,R. Singh,backup_window,False
INC0104317,2026-08-01 16:24:36.217767689,2026-08-01 16:41:26.843411029,E20,E20-S4,E20-S4-FAN,fan,Dell,PowerEdge XE8640,ai,fan_current,fan motor current up to 1.34 A to hold speed,fan_current_rise|fan_rpm_drop,Motor current rising to hold RPM -- winding or bearing degradation.,Replace the fan module proactively; the current rise precedes failure by days.,resolved,FAN-GPU-HP80,1,0.28,5,P2,J. Alvarez,migration,False
INC0105390,2026-08-02 15:09:00.000000000,2026-08-02 15:53:08.898482823,B11,B11-S8,,power,Dell,PowerEdge R760,virtualization,power_phase,phase imbalance alarm on a rack PDU after server moves,input_voltage_drop,Phase imbalance on the rack PDU after server moves.,Rebalance loads across phases and update the rack power plan in DCIM.,resolved,,0,0.74,32,P3,P. Reyes,normal,False
INC0105391,2026-08-02 16:55:00.000000000,2026-08-02 17:52:37.915345020,E09,E09-S6,,firmware,HPE,ProLiant DL380a Gen11,ai,fw_baseline,hosts drifted from the approved BIOS baseline,config_drift,"Hosts drifted from the approved BIOS baseline, causing inconsistent power/performance settings.",Re-apply the golden BIOS profile from the management server.,resolved,,0,0.96,1,P4,J. Alvarez,normal,False
INC0104145,2026-08-02 22:32:56.703078254,2026-08-02 23:19:26.331503393,A17,A17-S1,A17-S1-PSU,psu,Lenovo,ThinkSystem SR650 V3,web,psu_efficiency,PSU efficiency down to 88.3% with rising temperature,psu_efficiency_drop|psu_overtemp,PSU efficiency dropping (more heat per watt delivered) -- aging power stage.,Replace the PSU proactively; the efficiency loss adds rack heat load and precedes failure.,resolved,PSU-LNV-1100W,1,0.77,0,P3,N. Patel,normal,False
INC0104009,2026-08-03 05:19:16.480958301,2026-08-03 07:07:32.204420253,A10,A10-S3,A10-S3-DIMM,dimm,HPE,ProLiant DL380 Gen11,web,dimm_replace,"Recurrence of INC0104008: correctable ECC count climbed from single digits to 35 per day, then uncorrectable errors appeared",ecc_correctable_spike|ecc_uncorrectable,Failing DRAM device on the RDIMM: correctable ECC rate climbed for several days before uncorrectable errors appeared -- classic cell degradation.,"Replace the RDIMM identified by the SEL slot locator. If the host is serving a migration or DR role, live-migrate or fail over workloads first; never hot-remove memory from a running host.",resolved,MEM-DDR5-64G-4800,1,1.8,0,P2,L. Moreau,backup_window,False
INC0104242,2026-08-03 07:39:34.447248119,2026-08-03 08:06:49.603458898,D09,D09-S5,D09-S5-NIC,nic,Dell,PowerEdge R760,storage,nic_sfp,84 link flaps per day with CRC errors rising on one port,link_flap|crc_errors,Link flaps with rising CRC errors isolated to the host side of one port -- degrading SFP transceiver or marginal cable.,"Replace the SFP transceiver and cable together before touching the NIC. If this NIC carries an in-progress migration, fail over to the secondary port first.",resolved,SFP28-25G-SR,1,0.45,1,P2,R. Singh,migration,False
INC0104229,2026-08-03 09:26:02.048770740,2026-08-03 09:58:56.844674572,C12,C12-S5,C12-S5-NIC,nic,Lenovo,ThinkSystem SR650 V3,database,nic_sfp,48 link flaps per day with CRC errors rising on one port,link_flap|crc_errors,Link flaps with rising CRC errors isolated to the host side of one port -- degrading SFP transceiver or marginal cable.,"Replace the SFP transceiver and cable together before touching the NIC. If this NIC carries an in-progress migration, fail over to the secondary port first.",resolved,SFP28-25G-SR,1,0.55,1,P2,E. Johansson,normal,False
INC0104047,2026-08-03 13:07:45.502091957,2026-08-03 14:00:27.417003448,D10,D10-S5,D10-S5-DIMM,dimm,HPE,ProLiant DL380 Gen11,storage,dimm_reseat,correctable ECC errors after recent chassis service (21/24h),ecc_correctable_spike,Suspected DIMM seating issue after recent chassis work; reseating reduced correctable errors only temporarily.,"Reseat the DIMM and clear the SEL -- only reasonable if the host had physical service in the last 7 days. If correctable errors resume within 48 hours, escalate straight to replacement.",recurred,,0,0.88,0,P3,R. Singh,normal,False
INC0104046,2026-08-04 02:13:23.476223031,2026-08-04 04:44:28.019347824,D08,D08-S8,D08-S8-DIMM,dimm,Lenovo,ThinkSystem SR650 V3,storage,dimm_replace,Recurrence of INC0104045: BMC SEL logged a rising correctable memory error rate (83/24h) on one DIMM slot,ecc_correctable_spike|ecc_uncorrectable,Failing DRAM device on the RDIMM: correctable ECC rate climbed for several days before uncorrectable errors appeared -- classic cell degradation.,"Replace the RDIMM identified by the SEL slot locator. If the host is serving a migration or DR role, live-migrate or fail over workloads first; never hot-remove memory from a running host.",resolved,MEM-DDR5-64G-4800,1,2.52,0,P2,N. Patel,normal,False
INC0104115,2026-08-04 06:02:06.528186933,2026-08-04 08:09:59.389952041,D11,D11-S2,D11-S2-DISK,disk,Lenovo,ThinkSystem SR650 V3,storage,disk_media_wear,SMART reallocated sectors rose to 37 with pending sectors climbing,reallocated_sectors|pending_sectors|smart_read_error_rate,Drive media degradation: reallocated and pending sector counts rising steadily -- the pattern that preceded hard read failures in prior incidents.,"Drain the replica / rebuild the RAID member onto a healthy drive, then hot-swap the drive. Do not wait for a hard failure if a backup or replication job is currently reading from it.",resolved,HDD-SAS-12T,1,2.13,4,P2,M. Chen,normal,False
INC0104161,2026-08-04 07:11:59.927252214,2026-08-04 08:03:36.177827854,C06,C06-S4,C06-S4-PSU,psu,Lenovo,ThinkSystem SR650 V3,database,psu_fw_ripple,Recurrence of INC0104160: spurious ripple warnings on several PSUs right after a BMC update,output_ripple_high,PSU firmware reporting spurious ripple warnings after a BMC update.,Update PSU firmware to the version paired with the current BMC and verify with a calibrated meter before replacing hardware.,resolved,,0,0.86,34,P4,L. Moreau,normal,False
INC0104027,2026-08-04 07:25:42.415933459,2026-08-04 08:28:41.221748259,C02,C02-S5,C02-S5-DIMM,dimm,HPE,ProLiant DL380 Gen11,database,dimm_airflow,memory running hot (32.9 C) after a cable re-dress,dimm_overtemp|ecc_correctable_spike,Missing blanking panel / cable bundle blocking airflow raised DIMM temperature and the soft-error rate.,"Restore airflow (blanking panels, clear the cable obstruction) and re-check DIMM temperature before considering replacement.",resolved,,0,1.05,19,P3,S. Okafor,normal,False
INC0104086,2026-08-04 12:08:12.230616385,2026-08-04 13:15:24.369340054,A14,A14-S3,A14-S3-DISK,disk,Lenovo,ThinkSystem SR650 V3,web,disk_early_latency,read error rate creeping up and latency spikes on one drive,smart_read_error_rate|latency_spike,Rising SMART read error rate with I/O latency spikes but no reallocated sectors yet -- an earlier-stage precursor.,"Flag the drive for proactive replacement in the next maintenance window, move latency-sensitive volumes off it, and check the reallocation count daily.",resolved,SSD-NVME-U2-3T84,1,1.12,5,P3,S. Okafor,normal,False
INC0104297,2026-08-04 12:32:40.057320405,2026-08-04 12:46:18.849351035,D13,D13-S4,D13-S4-FAN,fan,HPE,ProLiant DL380 Gen11,storage,fan_bearing,vibration rising for 8 days while fan speed fell,fan_rpm_drop|fan_vibration,Fan bearing wear: vibration rising and RPM falling at constant PWM duty -- precedes seizure.,Hot-swap the fan module (N+1 redundant) and verify the remaining fans ramp correctly during the swap.,resolved,FAN-HPE-DL380,1,0.23,0,P3,D. Haddad,normal,False
INC0104196,2026-08-04 17:01:53.258194386,2026-08-04 17:56:14.844630128,E18,E18-S8,E18-S8-PSU,psu,HPE,ProLiant DL380a Gen11,ai,psu_fan,PSU fan down to 6306 RPM and PSU temperature 29.0 C,psu_fan_rpm_drop|psu_overtemp,Failing PSU fan bearing (not the power stage) raising PSU temperature.,"PSU fans are not field-serviceable on this platform -- replace the PSU proactively in the next maintenance window, before thermal shutdown.",resolved,PSU-GPU-2800W,1,0.91,4,P3,S. Okafor,normal,False
INC0104089,2026-08-04 17:09:59.250636020,2026-08-04 18:31:24.437870483,A18,A18-S6,A18-S6-DISK,disk,Dell,PowerEdge R760,web,disk_early_latency,"I/O latency spiking to 8.5 ms with rising read error rate, no reallocations yet",smart_read_error_rate|latency_spike,Rising SMART read error rate with I/O latency spikes but no reallocated sectors yet -- an earlier-stage precursor.,"Flag the drive for proactive replacement in the next maintenance window, move latency-sensitive volumes off it, and check the reallocation count daily.",resolved,SSD-NVME-U2-3T84,1,1.36,3,P3,S. Okafor,maintenance_window,False
INC0105392,2026-08-04 23:45:00.000000000,2026-08-05 00:23:39.819252622,C05,C05-S4,,thermal,HPE,ProLiant DL380 Gen11,database,thermal_containment,hot-aisle containment door propped open during maintenance,inlet_overtemp,Hot-aisle containment door left open during maintenance.,Close/repair the containment door and add a door-open alarm to the BMS.,resolved,,0,0.64,1,P3,T. Novak,normal,False
INC0104202,2026-08-05 13:07:04.719758748,2026-08-05 13:40:34.893253980,A09,A09-S1,A09-S1-NIC,nic,Dell,PowerEdge R760,web,nic_dac,CRC errors on a DAC link after a rack re-cable,crc_errors,Damaged DAC cable (bend-radius violation) causing CRC errors.,Replace the DAC cable and re-dress it with the correct bend radius.,resolved,CBL-DAC-25G-3M,1,0.56,3,P3,L. Moreau,normal,False
INC0104052,2026-08-05 23:26:03.863024437,2026-08-06 00:18:16.822369294,D14,D14-S8,D14-S8-DIMM,dimm,Lenovo,ThinkSystem SR650 V3,storage,dimm_ppr,ECC errors isolated to one DRAM row on slot E5,ecc_correctable_spike,Isolated single-row fault on one DRAM device; errors confined to one address range.,Schedule a reboot with Post Package Repair (PPR) enabled in BIOS to remap the faulty row; watch the correctable-error rate for 72 hours and replace the DIMM if it recurs.,resolved,,0,0.87,36,P3,S. Okafor,normal,False
INC0104110,2026-08-06 02:04:23.952655256,2026-08-06 02:54:29.109193720,D05,D05-S4,D05-S4-DISK,disk,Lenovo,ThinkSystem SR650 V3,storage,disk_early_latency,read error rate creeping up and latency spikes on one drive,smart_read_error_rate|latency_spike,Rising SMART read error rate with I/O latency spikes but no reallocated sectors yet -- an earlier-stage precursor.,"Flag the drive for proactive replacement in the next maintenance window, move latency-sensitive volumes off it, and check the reallocation count daily.",resolved,HDD-SAS-12T,1,0.83,4,P3,M. Chen,normal,False
INC0104075,2026-08-06 06:40:38.267668031,2026-08-06 09:35:48.617956308,A04,A04-S6,A04-S6-DISK,disk,HPE,ProLiant DL380 Gen11,web,disk_hdd_head,HDD pending sectors at 87 and retry-driven latency of 12.7 ms,pending_sectors|latency_spike,HDD head degradation causing pending sectors and retry-driven latency.,"Mark the HDD failed in the storage array, let the pool rebuild to a hot spare, then replace the drive.",resolved,SSD-NVME-U2-3T84,1,2.92,0,P2,D. Haddad,normal,False
INC0104294,2026-08-06 10:08:58.025605027,2026-08-06 10:35:09.519991725,D10,D10-S4,D10-S4-FAN,fan,HPE,ProLiant DL380 Gen11,storage,fan_dust,vibration 3.6 mm/s with a dusty intake filter,fan_vibration,Dust accumulation / imbalance causing vibration; fan otherwise healthy.,Clean the fan module and filter; replace only if vibration persists after cleaning.,resolved,,0,0.44,2,P2,R. Singh,dr_failover,False
INC0105393,2026-08-06 12:00:00.000000000,2026-08-06 12:41:16.173500886,A01,A01-S7,,cabling,HPE,ProLiant DL380 Gen11,web,cable_mispatch,VLAN mismatch and flaps after a server was re-patched during migration,link_flap,"Server patched to the wrong ToR port during migration, causing VLAN mismatch and flaps.",Correct the patching per the cable plan and update the DCIM port mapping.,resolved,,0,0.69,4,P3,E. Johansson,normal,False
INC0104114,2026-08-07 04:09:11.295224604,2026-08-07 05:05:34.335950500,D10,D10-S2,D10-S2-DISK,disk,HPE,ProLiant DL380 Gen11,storage,disk_overtemp,drive temperature 34.4 C and thermal throttling,disk_overtemp|latency_spike,"Drive overheating because a drive-cage fan failed, causing thermal throttling.",Replace the failed drive-cage fan first; drive temperature and latency normalize without replacing the drive.,resolved,FAN-HPE-DL380,1,0.94,1,P3,D. Haddad,normal,False
INC0104048,2026-08-07 14:09:20.283300364,2026-08-07 16:13:00.863866087,D10,D10-S5,D10-S5-DIMM,dimm,HPE,ProLiant DL380 Gen11,storage,dimm_replace,"Recurrence of INC0104047: correctable ECC count climbed from single digits to 20 per day, then uncorrectable errors appeared",ecc_correctable_spike|ecc_uncorrectable,Failing DRAM device on the RDIMM: correctable ECC rate climbed for several days before uncorrectable errors appeared -- classic cell degradation.,"Replace the RDIMM identified by the SEL slot locator. If the host is serving a migration or DR role, live-migrate or fail over workloads first; never hot-remove memory from a running host.",resolved,MEM-DDR5-64G-4800,1,2.06,48,P2,K. Watanabe,normal,False
INC0104233,2026-08-07 17:31:33.229419871,2026-08-07 18:15:09.374618307,C20,C20-S7,C20-S7-NIC,nic,HPE,ProLiant DL380 Gen11,database,nic_dac,CRC errors on a DAC link after a rack re-cable,crc_errors,Damaged DAC cable (bend-radius violation) causing CRC errors.,Replace the DAC cable and re-dress it with the correct bend radius.,resolved,CBL-DAC-25G-3M,1,0.73,5,P3,N. Patel,normal,False
INC0104311,2026-08-08 02:30:50.922808800,2026-08-08 03:02:06.777874842,E14,E14-S1,E14-S1-FAN,fan,Dell,PowerEdge XE8640,ai,fan_current,fan motor current up to 1.22 A to hold speed,fan_current_rise|fan_rpm_drop,Motor current rising to hold RPM -- winding or bearing degradation.,Replace the fan module proactively; the current rise precedes failure by days.,resolved,FAN-GPU-HP80,1,0.52,4,P3,D. Haddad,normal,False
INC0104105,2026-08-08 09:38:41.653872717,2026-08-08 11:09:31.246146581,C14,C14-S7,C14-S7-DISK,disk,HPE,ProLiant DL380 Gen11,database,disk_media_wear,predictive-failure flag: reallocated and pending sector counts rising for 5 days,reallocated_sectors|pending_sectors|smart_read_error_rate,Drive media degradation: reallocated and pending sector counts rising steadily -- the pattern that preceded hard read failures in prior incidents.,"Drain the replica / rebuild the RAID member onto a healthy drive, then hot-swap the drive. Do not wait for a hard failure if a backup or replication job is currently reading from it.",recurred,SSD-NVME-U2-3T84,1,1.51,1,P2,S. Okafor,normal,False
INC0104169,2026-08-08 11:37:07.931801630,2026-08-08 12:16:34.604225409,C16,C16-S7,C16-S7-PSU,psu,Dell,PowerEdge R760,database,psu_capacitor,PSU C3 showed ripple climbing past spec for 9 days,input_voltage_drop|output_ripple_high,"Input sag with rising output ripple on one PSU of a redundant pair -- capacitor degradation, typically 2-3 weeks before a hard trip.","Confirm the partner PSU is healthy, then hot-swap the degrading unit. In a backup window, first verify the remaining PSU can carry the backup job's peak draw.",resolved,PSU-DEL-1400W,1,0.66,0,P2,A. Kim,normal,False
INC0104094,2026-08-08 13:07:24.541009577,2026-08-08 14:07:27.982212820,B08,B08-S7,B08-S7-DISK,disk,Dell,PowerEdge R760,virtualization,disk_early_latency,read error rate creeping up and latency spikes on one drive,smart_read_error_rate|latency_spike,Rising SMART read error rate with I/O latency spikes but no reallocated sectors yet -- an earlier-stage precursor.,"Flag the drive for proactive replacement in the next maintenance window, move latency-sensitive volumes off it, and check the reallocation count daily.",resolved,SSD-NVME-U2-3T84,1,1.0,1,P3,R. Singh,normal,False
INC0104244,2026-08-08 20:01:04.529790857,2026-08-08 20:29:49.996294188,D11,D11-S6,D11-S6-NIC,nic,Lenovo,ThinkSystem SR650 V3,storage,nic_sfp,38 link flaps per day with CRC errors rising on one port,link_flap|crc_errors,Link flaps with rising CRC errors isolated to the host side of one port -- degrading SFP transceiver or marginal cable.,"Replace the SFP transceiver and cable together before touching the NIC. If this NIC carries an in-progress migration, fail over to the secondary port first.",resolved,SFP28-25G-SR,1,0.48,4,P2,J. Alvarez,normal,False
INC0104000,2026-08-09 04:29:55.875842679,2026-08-09 08:03:00.812812444,A02,A02-S5,A02-S5-DIMM,dimm,Lenovo,ThinkSystem SR650 V3,web,dimm_ue_crash,host crashed with a machine-check exception after an uncorrectable ECC error,ecc_uncorrectable,Uncorrectable ECC error caused a host crash; module confirmed failed by vendor diagnostics.,"Replace the RDIMM immediately, run vendor memory diagnostics after replacement, and review the crash dump to rule out a CPU memory-controller fault.",resolved,MEM-DDR5-64G-4800,1,3.55,64,P1,K. Watanabe,normal,True
INC0104261,2026-08-09 04:31:48.751137411,2026-08-09 05:03:54.049829163,A06,A06-S7,A06-S7-FAN,fan,Dell,PowerEdge R760,web,fan_dust,vibration 5.2 mm/s with a dusty intake filter,fan_vibration,Dust accumulation / imbalance causing vibration; fan otherwise healthy.,Clean the fan module and filter; replace only if vibration persists after cleaning.,resolved,,0,0.53,1,P4,P. Reyes,normal,False
INC0105394,2026-08-09 19:17:00.000000000,2026-08-09 19:59:27.829168510,A17,A17-S5,,thermal,Lenovo,ThinkSystem SR650 V3,web,thermal_blanking,"inlet 29.2 C on top-of-rack servers, hot-air recirculation through empty U spaces",inlet_overtemp|hot_air_recirculation,Missing blanking panels allowed hot-aisle air to recirculate into server inlets.,Install blanking panels in every empty U position and confirm inlet temperatures drop within the hour.,resolved,,0,0.71,0,P3,K. Watanabe,normal,False
INC0104139,2026-08-09 21:24:49.699959995,2026-08-09 22:42:06.772389742,E16,E16-S5,E16-S5-DISK,disk,Lenovo,ThinkSystem SR675 V3,ai,disk_early_latency,read error rate creeping up and latency spikes on one drive,smart_read_error_rate|latency_spike,Rising SMART read error rate with I/O latency spikes but no reallocated sectors yet -- an earlier-stage precursor.,"Flag the drive for proactive replacement in the next maintenance window, move latency-sensitive volumes off it, and check the reallocation count daily.",resolved,SSD-NVME-U2-3T84,1,1.29,1,P3,E. Johansson,normal,False
INC0104245,2026-08-09 23:26:45.236513439,2026-08-10 00:53:59.314937897,D15,D15-S3,D15-S3-NIC,nic,Dell,PowerEdge R760,storage,nic_fw_drops,packet drops under high RSS load on one NIC model,packet_loss,NIC firmware bug dropping packets under high RSS load.,Update NIC firmware and driver to the fixed release in a rolling window.,resolved,,0,1.45,0,P3,E. Johansson,maintenance_window,False
INC0104164,2026-08-10 05:57:18.533593754,2026-08-10 06:16:38.242288842,C13,C13-S6,C13-S6-PSU,psu,Dell,PowerEdge R760,database,psu_reseat,PSU reseated after an 'input lost' alarm; the alarm returned,input_voltage_drop,PSU reseated after an input-lost alarm; the alarm recurred.,"Reseating a PSU with repeated input-lost events is not durable -- check the cord and PDU outlet, then replace the PSU if the feed is healthy.",recurred,,0,0.32,0,P3,M. Chen,normal,False
INC0104088,2026-08-10 06:04:48.671196857,2026-08-10 07:06:47.638430157,A16,A16-S2,A16-S2-DISK,disk,HPE,ProLiant DL380 Gen11,web,disk_fw_stall,periodic 30-second I/O stalls on drives of the same model,latency_spike,Drive firmware bug causing periodic latency stalls (vendor advisory) -- media healthy.,Update drive firmware in a rolling fashion; replacement is unnecessary while SMART media counters stay clean.,resolved,,0,1.03,37,P3,L. Moreau,normal,False
INC0104129,2026-08-10 13:37:12.461481292,2026-08-10 14:04:06.836710886,E06,E06-S2,E06-S2-DISK,disk,HPE,ProLiant DL380a Gen11,ai,disk_reseat,drive reseated after link resets; SMART read error rate kept rising,smart_read_error_rate,Drive reseated after link-reset errors; errors resumed within days.,Reseating is not a durable fix when the SMART read error rate keeps rising -- replace the drive.,recurred,,0,0.45,10,P3,K. Watanabe,backup_window,False
INC0104106,2026-08-10 15:06:05.677868150,2026-08-10 16:40:40.112765923,C14,C14-S7,C14-S7-DISK,disk,HPE,ProLiant DL380 Gen11,database,disk_media_wear,Recurrence of INC0104105: predictive-failure flag: reallocated and pending sector counts rising for 5 days,reallocated_sectors|pending_sectors|smart_read_error_rate,Drive media degradation: reallocated and pending sector counts rising steadily -- the pattern that preceded hard read failures in prior incidents.,"Drain the replica / rebuild the RAID member onto a healthy drive, then hot-swap the drive. Do not wait for a hard failure if a backup or replication job is currently reading from it.",resolved,SSD-NVME-U2-3T84,1,1.58,4,P2,R. Singh,normal,False
INC0104058,2026-08-10 17:44:39.549165018,2026-08-10 20:01:24.678366278,E03,E03-S7,E03-S7-DIMM,dimm,HPE,ProLiant DL380a Gen11,ai,dimm_replace,"correctable ECC count climbed from single digits to 20 per day, then uncorrectable errors appeared",ecc_correctable_spike|ecc_uncorrectable,Failing DRAM device on the RDIMM: correctable ECC rate climbed for several days before uncorrectable errors appeared -- classic cell degradation.,"Replace the RDIMM identified by the SEL slot locator. If the host is serving a migration or DR role, live-migrate or fail over workloads first; never hot-remove memory from a running host.",resolved,MEM-DDR5-64G-4800,1,2.28,0,P2,S. Okafor,normal,False
INC0104111,2026-08-11 08:48:47.970166348,2026-08-11 10:00:39.870166690,D09,D09-S1,D09-S1-DISK,disk,Dell,PowerEdge R760,storage,disk_early_latency,"I/O latency spiking to 9.6 ms with rising read error rate, no reallocations yet",smart_read_error_rate|latency_spike,Rising SMART read error rate with I/O latency spikes but no reallocated sectors yet -- an earlier-stage precursor.,"Flag the drive for proactive replacement in the next maintenance window, move latency-sensitive volumes off it, and check the reallocation count daily.",resolved,HDD-SAS-12T,1,1.2,2,P3,S. Okafor,normal,False
INC0104285,2026-08-11 12:20:57.912551029,2026-08-11 12:41:31.668472608,C10,C10-S6,C10-S6-FAN,fan,Dell,PowerEdge R760,database,fan_bearing,fan down to 4399 RPM at the same PWM duty with vibration 3.9 mm/s,fan_rpm_drop|fan_vibration,Fan bearing wear: vibration rising and RPM falling at constant PWM duty -- precedes seizure.,Hot-swap the fan module (N+1 redundant) and verify the remaining fans ramp correctly during the swap.,resolved,FAN-DEL-R760,1,0.34,3,P3,M. Chen,normal,False
INC0104032,2026-08-11 16:22:17.133384714,2026-08-11 18:07:55.229012285,C06,C06-S6,C06-S6-DIMM,dimm,Lenovo,ThinkSystem SR650 V3,database,dimm_replace,"correctable ECC count climbed from single digits to 26 per day, then uncorrectable errors appeared",ecc_correctable_spike|ecc_uncorrectable,Failing DRAM device on the RDIMM: correctable ECC rate climbed for several days before uncorrectable errors appeared -- classic cell degradation.,"Replace the RDIMM identified by the SEL slot locator. If the host is serving a migration or DR role, live-migrate or fail over workloads first; never hot-remove memory from a running host.",resolved,MEM-DDR5-64G-4800,1,1.76,33,P2,K. Watanabe,normal,False
INC0104290,2026-08-11 17:48:09.675489019,2026-08-11 18:13:58.539017517,D01,D01-S5,D01-S5-FAN,fan,HPE,ProLiant DL380 Gen11,storage,fan_connector,intermittent tach dropouts on one fan,fan_rpm_drop,Intermittent RPM dropouts traced to a loose fan connector.,Reseat the fan module connector and confirm stable tach readings.,resolved,,0,0.43,4,P4,E. Johansson,normal,False
INC0104302,2026-08-12 04:39:21.754357626,2026-08-12 05:01:25.840070623,D20,D20-S6,D20-S6-FAN,fan,Lenovo,ThinkSystem SR650 V3,storage,fan_bearing,vibration rising for 6 days while fan speed fell,fan_rpm_drop|fan_vibration,Fan bearing wear: vibration rising and RPM falling at constant PWM duty -- precedes seizure.,Hot-swap the fan module (N+1 redundant) and verify the remaining fans ramp correctly during the swap.,resolved,FAN-LNV-SR650,1,0.37,0,P3,A. Kim,maintenance_window,False
INC0104221,2026-08-12 10:47:30.062052281,2026-08-12 12:24:32.315463763,C02,C02-S1,C02-S1-NIC,nic,HPE,ProLiant DL380 Gen11,database,nic_card,packet loss of 1.57% persisted after the transceiver and cable were replaced,packet_loss|crc_errors|nic_overtemp,NIC ASIC degradation: packet loss persisted after transceiver and cable replacement; NIC temperature elevated.,Replace the NIC card in a maintenance window after failing workloads over to the redundant NIC.,resolved,NIC-OCP3-25G-DP,1,1.62,45,P2,T. Novak,normal,False
INC0104028,2026-08-12 12:00:40.661763272,2026-08-12 14:10:56.509885096,C03,C03-S1,C03-S1-DIMM,dimm,Lenovo,ThinkSystem SR650 V3,database,dimm_replace,"correctable ECC count climbed from single digits to 81 per day, then uncorrectable errors appeared",ecc_correctable_spike|ecc_uncorrectable,Failing DRAM device on the RDIMM: correctable ECC rate climbed for several days before uncorrectable errors appeared -- classic cell degradation.,"Replace the RDIMM identified by the SEL slot locator. If the host is serving a migration or DR role, live-migrate or fail over workloads first; never hot-remove memory from a running host.",resolved,MEM-DDR5-64G-4800,1,2.17,100,P2,N. Patel,normal,True
INC0104130,2026-08-12 16:04:09.174791513,2026-08-12 17:20:42.004184641,E06,E06-S2,E06-S2-DISK,disk,HPE,ProLiant DL380a Gen11,ai,disk_media_wear,Recurrence of INC0104129: predictive-failure flag: reallocated and pending sector counts rising for 4 days,reallocated_sectors|pending_sectors|smart_read_error_rate,Drive media degradation: reallocated and pending sector counts rising steadily -- the pattern that preceded hard read failures in prior incidents.,"Drain the replica / rebuild the RAID member onto a healthy drive, then hot-swap the drive. Do not wait for a hard failure if a backup or replication job is currently reading from it.",resolved,SSD-NVME-U2-3T84,1,1.28,5,P2,E. Johansson,backup_window,False
INC0104092,2026-08-12 16:18:21.572222700,2026-08-12 17:52:53.343298507,B05,B05-S8,B05-S8-DISK,disk,Dell,PowerEdge R760,virtualization,disk_media_wear,predictive-failure flag: reallocated and pending sector counts rising for 3 days,reallocated_sectors|pending_sectors|smart_read_error_rate,Drive media degradation: reallocated and pending sector counts rising steadily -- the pattern that preceded hard read failures in prior incidents.,"Drain the replica / rebuild the RAID member onto a healthy drive, then hot-swap the drive. Do not wait for a hard failure if a backup or replication job is currently reading from it.",resolved,SSD-NVME-U2-3T84,1,1.58,5,P2,P. Reyes,normal,False
INC0104263,2026-08-12 18:59:46.721852746,2026-08-12 19:25:35.123491604,A07,A07-S5,A07-S5-FAN,fan,HPE,ProLiant DL380 Gen11,web,fan_connector,intermittent tach dropouts on one fan,fan_rpm_drop,Intermittent RPM dropouts traced to a loose fan connector.,Reseat the fan module connector and confirm stable tach readings.,resolved,,0,0.43,1,P4,N. Patel,normal,False
INC0104165,2026-08-13 02:26:43.688693435,2026-08-13 03:34:58.078274201,C13,C13-S6,C13-S6-PSU,psu,Dell,PowerEdge R760,database,psu_capacitor,Recurrence of INC0104164: input voltage sagging to 201.0 V with output ripple at 59 mV on one PSU,input_voltage_drop|output_ripple_high,"Input sag with rising output ripple on one PSU of a redundant pair -- capacitor degradation, typically 2-3 weeks before a hard trip.","Confirm the partner PSU is healthy, then hot-swap the degrading unit. In a backup window, first verify the remaining PSU can carry the backup job's peak draw.",resolved,PSU-DEL-1400W,1,1.14,2,P2,A. Kim,normal,False
INC0104087,2026-08-13 07:18:24.242670367,2026-08-13 08:18:43.629352223,A15,A15-S3,A15-S3-DISK,disk,Dell,PowerEdge R760,web,disk_early_latency,read error rate creeping up and latency spikes on one drive,smart_read_error_rate|latency_spike,Rising SMART read error rate with I/O latency spikes but no reallocated sectors yet -- an earlier-stage precursor.,"Flag the drive for proactive replacement in the next maintenance window, move latency-sensitive volumes off it, and check the reallocation count daily.",resolved,SSD-NVME-U2-3T84,1,1.01,0,P3,K. Watanabe,normal,False
INC0104037,2026-08-13 10:22:18.876500984,2026-08-13 11:03:39.747405642,C17,C17-S6,C17-S6-DIMM,dimm,HPE,ProLiant DL380 Gen11,database,dimm_fw_false_pos,correctable error spikes on many hosts at once after a BMC update,ecc_correctable_spike,BIOS/BMC firmware bug over-reporting correctable errors (vendor advisory) -- no actual DRAM degradation.,Apply the vendor BIOS/BMC update that corrects correctable-error logging; confirm counts normalize before swapping any hardware.,resolved,,0,0.69,20,P4,A. Kim,normal,False
INC0104307,2026-08-14 11:01:33.331111100,2026-08-14 11:22:48.325573001,E10,E10-S5,E10-S5-FAN,fan,Lenovo,ThinkSystem SR675 V3,ai,fan_connector,intermittent tach dropouts on one fan,fan_rpm_drop,Intermittent RPM dropouts traced to a loose fan connector.,Reseat the fan module connector and confirm stable tach readings.,recurred,,0,0.35,2,P4,R. Singh,normal,False
INC0104149,2026-08-14 12:38:51.761821833,2026-08-14 13:09:18.412953510,B07,B07-S7,B07-S7-PSU,psu,Lenovo,ThinkSystem SR650 V3,virtualization,psu_capacitor,PSU H7 showed ripple climbing past spec for 6 days,input_voltage_drop|output_ripple_high,"Input sag with rising output ripple on one PSU of a redundant pair -- capacitor degradation, typically 2-3 weeks before a hard trip.","Confirm the partner PSU is healthy, then hot-swap the degrading unit. In a backup window, first verify the remaining PSU can carry the backup job's peak draw.",recurred,PSU-LNV-1100W,1,0.51,0,P2,D. Haddad,normal,False
INC0104258,2026-08-14 13:14:51.229063328,2026-08-14 13:46:16.753491897,A02,A02-S8,A02-S8-FAN,fan,Lenovo,ThinkSystem SR650 V3,web,fan_bearing,fan down to 5136 RPM at the same PWM duty with vibration 4.0 mm/s,fan_rpm_drop|fan_vibration,Fan bearing wear: vibration rising and RPM falling at constant PWM duty -- precedes seizure.,Hot-swap the fan module (N+1 redundant) and verify the remaining fans ramp correctly during the swap.,resolved,FAN-LNV-SR650,1,0.52,2,P3,T. Novak,normal,False
INC0104007,2026-08-14 17:50:38.245222081,2026-08-14 18:27:25.807490935,A09,A09-S8,A09-S8-DIMM,dimm,Dell,PowerEdge R760,web,dimm_fw_false_pos,correctable error spikes on many hosts at once after a BMC update,ecc_correctable_spike,BIOS/BMC firmware bug over-reporting correctable errors (vendor advisory) -- no actual DRAM degradation.,Apply the vendor BIOS/BMC update that corrects correctable-error logging; confirm counts normalize before swapping any hardware.,resolved,,0,0.61,0,P4,E. Johansson,normal,False
INC0104031,2026-08-14 21:39:11.270028659,2026-08-14 23:38:06.980906827,C05,C05-S4,C05-S4-DIMM,dimm,HPE,ProLiant DL380 Gen11,database,dimm_replace,memory error rate on slot F5 kept increasing over 4 days,ecc_correctable_spike|ecc_uncorrectable,Failing DRAM device on the RDIMM: correctable ECC rate climbed for several days before uncorrectable errors appeared -- classic cell degradation.,"Replace the RDIMM identified by the SEL slot locator. If the host is serving a migration or DR role, live-migrate or fail over workloads first; never hot-remove memory from a running host.",resolved,MEM-DDR5-64G-4800,1,1.98,0,P2,S. Okafor,normal,False
INC0104246,2026-08-14 22:21:11.618886152,2026-08-14 23:04:26.026758975,D15,D15-S8,D15-S8-NIC,nic,Dell,PowerEdge R760,storage,nic_sfp,38 link flaps per day with CRC errors rising on one port,link_flap|crc_errors,Link flaps with rising CRC errors isolated to the host side of one port -- degrading SFP transceiver or marginal cable.,"Replace the SFP transceiver and cable together before touching the NIC. If this NIC carries an in-progress migration, fail over to the secondary port first.",resolved,SFP28-25G-SR,1,0.72,2,P2,L. Moreau,normal,False
INC0104147,2026-08-15 01:56:47.353469202,2026-08-15 02:32:37.884063231,B06,B06-S5,B06-S5-PSU,psu,HPE,ProLiant DL380 Gen11,virtualization,psu_fan,PSU fan down to 6139 RPM and PSU temperature 34.1 C,psu_fan_rpm_drop|psu_overtemp,Failing PSU fan bearing (not the power stage) raising PSU temperature.,"PSU fans are not field-serviceable on this platform -- replace the PSU proactively in the next maintenance window, before thermal shutdown.",resolved,PSU-HPE-1600W,1,0.6,2,P3,L. Moreau,normal,False
INC0104186,2026-08-15 04:49:12.039610165,2026-08-15 05:30:42.009120827,E07,E07-S6,E07-S6-PSU,psu,Lenovo,ThinkSystem SR675 V3,ai,psu_fw_ripple,spurious ripple warnings on several PSUs right after a BMC update,output_ripple_high,PSU firmware reporting spurious ripple warnings after a BMC update.,Update PSU firmware to the version paired with the current BMC and verify with a calibrated meter before replacing hardware.,resolved,,0,0.69,21,P4,M. Chen,normal,False
INC0104248,2026-08-15 08:58:39.603923257,2026-08-15 09:56:37.002737997,D18,D18-S8,D18-S8-NIC,nic,Dell,PowerEdge R760,storage,nic_sfp,port flapping and CRC counters climbing on the host side only,link_flap|crc_errors,Link flaps with rising CRC errors isolated to the host side of one port -- degrading SFP transceiver or marginal cable.,"Replace the SFP transceiver and cable together before touching the NIC. If this NIC carries an in-progress migration, fail over to the secondary port first.",resolved,SFP28-25G-SR,1,0.97,2,P2,A. Kim,normal,False
INC0104151,2026-08-15 12:50:46.760439120,2026-08-15 13:28:05.811328626,B08,B08-S7,B08-S7-PSU,psu,Dell,PowerEdge R760,virtualization,psu_efficiency,PSU efficiency down to 86.3% with rising temperature,psu_efficiency_drop|psu_overtemp,PSU efficiency dropping (more heat per watt delivered) -- aging power stage.,Replace the PSU proactively; the efficiency loss adds rack heat load and precedes failure.,resolved,PSU-DEL-1400W,1,0.62,4,P3,E. Johansson,normal,False
INC0104005,2026-08-16 01:29:04.365479188,2026-08-16 02:06:15.446062015,A09,A09-S2,A09-S2-DIMM,dimm,Dell,PowerEdge R760,web,dimm_reseat,memory errors began right after the server was racked back in,ecc_correctable_spike,Suspected DIMM seating issue after recent chassis work; reseating reduced correctable errors only temporarily.,"Reseat the DIMM and clear the SEL -- only reasonable if the host had physical service in the last 7 days. If correctable errors resume within 48 hours, escalate straight to replacement.",resolved,,0,0.62,19,P3,P. Reyes,normal,False
INC0105395,2026-08-16 04:47:00.000000000,2026-08-16 06:15:31.282349358,B13,B13-S7,,power,Lenovo,ThinkSystem SR650 V3,virtualization,power_breaker,A-feed lost for half the rack after a branch breaker trip,input_voltage_drop|power_loss,PDU branch breaker tripped under the combined load of newly added servers.,"Rebalance servers across PDU branches, reset the breaker after a load review, and keep every branch under 80% of rating.",resolved,,0,1.48,65,P1,A. Kim,normal,True
INC0104308,2026-08-16 14:21:18.493185061,2026-08-16 14:51:48.899530850,E10,E10-S5,E10-S5-FAN,fan,Lenovo,ThinkSystem SR675 V3,ai,fan_bearing,Recurrence of INC0104307: fan down to 5934 RPM at the same PWM duty with vibration 3.6 mm/s,fan_rpm_drop|fan_vibration,Fan bearing wear: vibration rising and RPM falling at constant PWM duty -- precedes seizure.,Hot-swap the fan module (N+1 redundant) and verify the remaining fans ramp correctly during the swap.,resolved,FAN-GPU-HP80,1,0.51,1,P3,K. Watanabe,normal,False
INC0104310,2026-08-17 02:56:22.388477879,2026-08-17 03:16:18.899210962,E12,E12-S7,E12-S7-FAN,fan,HPE,ProLiant DL380a Gen11,ai,fan_bearing,fan down to 3995 RPM at the same PWM duty with vibration 6.0 mm/s,fan_rpm_drop|fan_vibration,Fan bearing wear: vibration rising and RPM falling at constant PWM duty -- precedes seizure.,Hot-swap the fan module (N+1 redundant) and verify the remaining fans ramp correctly during the swap.,resolved,FAN-GPU-HP80,1,0.33,0,P3,K. Watanabe,normal,False
INC0104251,2026-08-18 03:41:54.595622510,2026-08-18 04:26:36.918123267,E05,E05-S1,E05-S1-NIC,nic,Dell,PowerEdge XE8640,ai,nic_dac,CRC errors on a DAC link after a rack re-cable,crc_errors,Damaged DAC cable (bend-radius violation) causing CRC errors.,Replace the DAC cable and re-dress it with the correct bend radius.,resolved,CBL-DAC-25G-3M,1,0.75,4,P3,R. Singh,normal,False
INC0104043,2026-08-18 14:37:23.671972790,2026-08-18 17:25:48.530804480,D04,D04-S6,D04-S6-DIMM,dimm,HPE,ProLiant DL380 Gen11,storage,dimm_replace,BMC SEL logged a rising correctable memory error rate (63/24h) on one DIMM slot,ecc_correctable_spike|ecc_uncorrectable,Failing DRAM device on the RDIMM: correctable ECC rate climbed for several days before uncorrectable errors appeared -- classic cell degradation.,"Replace the RDIMM identified by the SEL slot locator. If the host is serving a migration or DR role, live-migrate or fail over workloads first; never hot-remove memory from a running host.",resolved,MEM-DDR5-64G-4800,1,2.81,0,P2,D. Haddad,normal,False
INC0104150,2026-08-18 17:51:08.832607144,2026-08-18 18:38:57.759092567,B07,B07-S7,B07-S7-PSU,psu,Lenovo,ThinkSystem SR650 V3,virtualization,psu_capacitor,Recurrence of INC0104149: PSU E1 showed ripple climbing past spec for 8 days,input_voltage_drop|output_ripple_high,"Input sag with rising output ripple on one PSU of a redundant pair -- capacitor degradation, typically 2-3 weeks before a hard trip.","Confirm the partner PSU is healthy, then hot-swap the degrading unit. In a backup window, first verify the remaining PSU can carry the backup job's peak draw.",resolved,PSU-LNV-1100W,1,0.8,1,P2,L. Moreau,normal,False
INC0104226,2026-08-19 00:55:57.562808793,2026-08-19 02:20:41.141218415,C07,C07-S6,C07-S6-NIC,nic,Dell,PowerEdge R760,database,nic_switch_port,"flaps visible on both ends, errors counted on the switch side",link_flap,Flaps originated on the switch side -- ToR switch port or optic fault.,"Compare counters on both ends, move to a spare ToR port and open a network ticket; no host hardware change needed.",resolved,,0,1.41,26,P3,L. Moreau,normal,False
INC0104210,2026-08-19 01:36:18.107357817,2026-08-19 02:11:36.553921446,B04,B04-S8,B04-S8-NIC,nic,Lenovo,ThinkSystem SR650 V3,virtualization,nic_sfp,port flapping and CRC counters climbing on the host side only,link_flap|crc_errors,Link flaps with rising CRC errors isolated to the host side of one port -- degrading SFP transceiver or marginal cable.,"Replace the SFP transceiver and cable together before touching the NIC. If this NIC carries an in-progress migration, fail over to the secondary port first.",recurred,SFP28-25G-SR,1,0.59,4,P2,M. Chen,normal,False
INC0104230,2026-08-19 06:50:42.178141332,2026-08-19 07:22:48.129981990,C15,C15-S1,C15-S1-NIC,nic,Lenovo,ThinkSystem SR650 V3,database,nic_dac,CRC errors on a DAC link after a rack re-cable,crc_errors,Damaged DAC cable (bend-radius violation) causing CRC errors.,Replace the DAC cable and re-dress it with the correct bend radius.,resolved,CBL-DAC-25G-3M,1,0.53,0,P3,E. Johansson,normal,False
INC0104204,2026-08-19 13:38:11.864696417,2026-08-19 14:32:00.265205701,A14,A14-S1,A14-S1-NIC,nic,Lenovo,ThinkSystem SR650 V3,web,nic_sfp,port flapping and CRC counters climbing on the host side only,link_flap|crc_errors,Link flaps with rising CRC errors isolated to the host side of one port -- degrading SFP transceiver or marginal cable.,"Replace the SFP transceiver and cable together before touching the NIC. If this NIC carries an in-progress migration, fail over to the secondary port first.",resolved,SFP28-25G-SR,1,0.9,3,P2,M. Chen,normal,False
INC0104212,2026-08-19 19:06:49.481900950,2026-08-19 19:53:27.121469428,B05,B05-S3,B05-S3-NIC,nic,Dell,PowerEdge R760,virtualization,nic_sfp,13 link flaps per day with CRC errors rising on one port,link_flap|crc_errors,Link flaps with rising CRC errors isolated to the host side of one port -- degrading SFP transceiver or marginal cable.,"Replace the SFP transceiver and cable together before touching the NIC. If this NIC carries an in-progress migration, fail over to the secondary port first.",resolved,SFP28-25G-SR,1,0.78,1,P2,A. Kim,migration,False
INC0104262,2026-08-19 23:05:11.047619480,2026-08-19 23:27:18.912935817,A07,A07-S3,A07-S3-FAN,fan,HPE,ProLiant DL380 Gen11,web,fan_bearing,fan down to 4727 RPM at the same PWM duty with vibration 4.5 mm/s,fan_rpm_drop|fan_vibration,Fan bearing wear: vibration rising and RPM falling at constant PWM duty -- precedes seizure.,Hot-swap the fan module (N+1 redundant) and verify the remaining fans ramp correctly during the swap.,resolved,FAN-HPE-DL380,1,0.37,0,P3,A. Kim,normal,False
INC0104127,2026-08-20 01:30:02.162041948,2026-08-20 02:56:59.661888473,E05,E05-S1,E05-S1-DISK,disk,Dell,PowerEdge XE8640,ai,disk_early_latency,read error rate creeping up and latency spikes on one drive,smart_read_error_rate|latency_spike,Rising SMART read error rate with I/O latency spikes but no reallocated sectors yet -- an earlier-stage precursor.,"Flag the drive for proactive replacement in the next maintenance window, move latency-sensitive volumes off it, and check the reallocation count daily.",resolved,SSD-NVME-U2-3T84,1,1.45,3,P3,N. Patel,normal,False
INC0104314,2026-08-20 08:02:59.452951558,2026-08-20 08:28:18.743280260,E17,E17-S6,E17-S6-FAN,fan,Dell,PowerEdge XE8640,ai,fan_dust,vibration 6.2 mm/s with a dusty intake filter,fan_vibration,Dust accumulation / imbalance causing vibration; fan otherwise healthy.,Clean the fan module and filter; replace only if vibration persists after cleaning.,recurred,,0,0.42,4,P4,M. Chen,normal,False
INC0104286,2026-08-20 11:33:31.030056298,2026-08-20 11:55:20.081674420,C12,C12-S6,C12-S6-FAN,fan,Lenovo,ThinkSystem SR650 V3,database,fan_bmc_curve,all fans in a chassis under-spinning after a BMC update,fan_rpm_drop,"BMC fan curve misconfigured after a firmware update -- fans under-spinning, not failing.",Restore the vendor thermal profile / fan curve in BMC settings; no hardware change.,resolved,,0,0.36,1,P4,P. Reyes,normal,False
INC0104141,2026-08-20 22:26:16.870839934,2026-08-20 23:52:53.573799393,E20,E20-S3,E20-S3-DISK,disk,Dell,PowerEdge XE8640,ai,disk_media_wear,predictive-failure flag: reallocated and pending sector counts rising for 7 days,reallocated_sectors|pending_sectors|smart_read_error_rate,Drive media degradation: reallocated and pending sector counts rising steadily -- the pattern that preceded hard read failures in prior incidents.,"Drain the replica / rebuild the RAID member onto a healthy drive, then hot-swap the drive. Do not wait for a hard failure if a backup or replication job is currently reading from it.",resolved,SSD-NVME-U2-3T84,1,1.44,4,P2,R. Singh,normal,False
INC0104249,2026-08-20 22:30:12.505582928,2026-08-20 23:15:09.350866456,E01,E01-S1,E01-S1-NIC,nic,Lenovo,ThinkSystem SR675 V3,ai,nic_dac,CRC errors on a DAC link after a rack re-cable,crc_errors,Damaged DAC cable (bend-radius violation) causing CRC errors.,Replace the DAC cable and re-dress it with the correct bend radius.,resolved,CBL-DAC-25G-3M,1,0.75,5,P2,P. Reyes,dr_failover,False
INC0105396,2026-08-21 17:46:00.000000000,2026-08-21 23:59:53.277074605,D03,D03-S2,,thermal,Dell,PowerEdge R760,storage,thermal_crac,inlet temperatures up to 33.9 C across 4 adjacent racks in one cooling zone,inlet_overtemp|hot_spot,CRAC unit compressor degradation reduced cooling capacity for its zone; inlet temperatures rose across adjacent racks.,"Open a facilities work order for the CRAC unit, temporarily raise neighbouring CRAC output, and add perforated tiles in the affected cold aisle.",resolved,,0,6.23,4,P2,K. Watanabe,normal,False
INC0104051,2026-08-21 19:13:39.784529642,2026-08-21 20:05:34.655513491,D14,D14-S2,D14-S2-DIMM,dimm,Lenovo,ThinkSystem SR650 V3,storage,dimm_ppr,correctable errors confined to a single row address (89/24h),ecc_correctable_spike,Isolated single-row fault on one DRAM device; errors confined to one address range.,Schedule a reboot with Post Package Repair (PPR) enabled in BIOS to remap the faulty row; watch the correctable-error rate for 72 hours and replace the DIMM if it recurs.,resolved,,0,0.87,0,P3,D. Haddad,normal,False
INC0104103,2026-08-22 05:37:03.905540926,2026-08-22 06:27:43.118096852,C11,C11-S8,C11-S8-DISK,disk,HPE,ProLiant DL380 Gen11,database,disk_early_latency,"I/O latency spiking to 9.0 ms with rising read error rate, no reallocations yet",smart_read_error_rate|latency_spike,Rising SMART read error rate with I/O latency spikes but no reallocated sectors yet -- an earlier-stage precursor.,"Flag the drive for proactive replacement in the next maintenance window, move latency-sensitive volumes off it, and check the reallocation count daily.",recurred,SSD-NVME-U2-3T84,1,0.84,0,P3,R. Singh,normal,False
INC0104218,2026-08-22 07:23:31.556281719,2026-08-22 08:10:55.748207420,B16,B16-S2,B16-S2-NIC,nic,Lenovo,ThinkSystem SR650 V3,virtualization,nic_dac,CRC errors on a DAC link after a rack re-cable,crc_errors,Damaged DAC cable (bend-radius violation) causing CRC errors.,Replace the DAC cable and re-dress it with the correct bend radius.,resolved,CBL-DAC-25G-3M,1,0.79,3,P3,P. Reyes,normal,False
INC0105397,2026-08-22 10:54:00.000000000,2026-08-22 11:26:12.390723161,D08,D08-S2,,thermal,Lenovo,ThinkSystem SR650 V3,storage,thermal_containment,hot-aisle containment door propped open during maintenance,inlet_overtemp,Hot-aisle containment door left open during maintenance.,Close/repair the containment door and add a door-open alarm to the BMS.,resolved,,0,0.54,3,P3,S. Okafor,normal,False
INC0104315,2026-08-22 14:42:33.921054254,2026-08-22 15:16:42.485248079,E17,E17-S6,E17-S6-FAN,fan,Dell,PowerEdge XE8640,ai,fan_bearing,Recurrence of INC0104314: fan down to 4620 RPM at the same PWM duty with vibration 3.7 mm/s,fan_rpm_drop|fan_vibration,Fan bearing wear: vibration rising and RPM falling at constant PWM duty -- precedes seizure.,Hot-swap the fan module (N+1 redundant) and verify the remaining fans ramp correctly during the swap.,resolved,FAN-GPU-HP80,1,0.57,1,P3,M. Chen,normal,False
INC0105399,2026-08-23 01:27:00.000000000,2026-08-23 11:22:51.002223283,C19,C19-S5,,thermal,Dell,PowerEdge R760,database,thermal_crac,inlet temperatures up to 30.7 C across 4 adjacent racks in one cooling zone,inlet_overtemp|hot_spot,CRAC unit compressor degradation reduced cooling capacity for its zone; inlet temperatures rose across adjacent racks.,"Open a facilities work order for the CRAC unit, temporarily raise neighbouring CRAC output, and add perforated tiles in the affected cold aisle.",resolved,,0,9.93,2,P2,T. Novak,normal,False
INC0104006,2026-08-23 01:52:10.099185772,2026-08-23 03:08:52.983806587,A09,A09-S5,A09-S5-DIMM,dimm,Dell,PowerEdge R760,web,dimm_ppr,ECC errors isolated to one DRAM row on slot B4,ecc_correctable_spike,Isolated single-row fault on one DRAM device; errors confined to one address range.,Schedule a reboot with Post Package Repair (PPR) enabled in BIOS to remap the faulty row; watch the correctable-error rate for 72 hours and replace the DIMM if it recurs.,resolved,,0,1.28,52,P2,P. Reyes,migration,False
INC0104038,2026-08-23 03:21:57.358959652,2026-08-23 05:07:31.392168131,C20,C20-S2,C20-S2-DIMM,dimm,HPE,ProLiant DL380 Gen11,database,dimm_replace,BMC SEL logged a rising correctable memory error rate (28/24h) on one DIMM slot,ecc_correctable_spike|ecc_uncorrectable,Failing DRAM device on the RDIMM: correctable ECC rate climbed for several days before uncorrectable errors appeared -- classic cell degradation.,"Replace the RDIMM identified by the SEL slot locator. If the host is serving a migration or DR role, live-migrate or fail over workloads first; never hot-remove memory from a running host.",resolved,MEM-DDR5-64G-4800,1,1.76,0,P2,T. Novak,normal,False
INC0104163,2026-08-23 12:45:54.612378869,2026-08-23 13:29:59.093774454,C11,C11-S4,C11-S4-PSU,psu,HPE,ProLiant DL380 Gen11,database,psu_fan,PSU fan down to 4794 RPM and PSU temperature 31.4 C,psu_fan_rpm_drop|psu_overtemp,Failing PSU fan bearing (not the power stage) raising PSU temperature.,"PSU fans are not field-serviceable on this platform -- replace the PSU proactively in the next maintenance window, before thermal shutdown.",resolved,PSU-HPE-1600W,1,0.73,2,P3,J. Alvarez,normal,False
INC0105398,2026-08-23 17:28:00.000000000,2026-08-23 18:39:40.660237234,A13,A13-S6,,thermal,HPE,ProLiant DL380 Gen11,web,thermal_blanking,"inlet 35.0 C on top-of-rack servers, hot-air recirculation through empty U spaces",inlet_overtemp|hot_air_recirculation,Missing blanking panels allowed hot-aisle air to recirculate into server inlets.,Install blanking panels in every empty U position and confirm inlet temperatures drop within the hour.,resolved,,0,1.19,4,P3,A. Kim,normal,False
INC0104292,2026-08-23 19:05:58.631683106,2026-08-23 19:22:06.893267115,D08,D08-S6,D08-S6-FAN,fan,Lenovo,ThinkSystem SR650 V3,storage,fan_bearing,vibration rising for 3 days while fan speed fell,fan_rpm_drop|fan_vibration,Fan bearing wear: vibration rising and RPM falling at constant PWM duty -- precedes seizure.,Hot-swap the fan module (N+1 redundant) and verify the remaining fans ramp correctly during the swap.,resolved,FAN-LNV-SR650,1,0.27,2,P3,E. Johansson,normal,False
INC0104211,2026-08-23 20:02:51.418715104,2026-08-23 20:26:14.671080766,B04,B04-S8,B04-S8-NIC,nic,Lenovo,ThinkSystem SR650 V3,virtualization,nic_sfp,Recurrence of INC0104210: 83 link flaps per day with CRC errors rising on one port,link_flap|crc_errors,Link flaps with rising CRC errors isolated to the host side of one port -- degrading SFP transceiver or marginal cable.,"Replace the SFP transceiver and cable together before touching the NIC. If this NIC carries an in-progress migration, fail over to the secondary port first.",resolved,SFP28-25G-SR,1,0.39,5,P2,M. Chen,normal,False
INC0104144,2026-08-24 03:20:39.791549070,2026-08-24 04:01:51.752416790,A16,A16-S8,A16-S8-PSU,psu,HPE,ProLiant DL380 Gen11,web,psu_capacitor,PSU A7 showed ripple climbing past spec for 2 days,input_voltage_drop|output_ripple_high,"Input sag with rising output ripple on one PSU of a redundant pair -- capacitor degradation, typically 2-3 weeks before a hard trip.","Confirm the partner PSU is healthy, then hot-swap the degrading unit. In a backup window, first verify the remaining PSU can carry the backup job's peak draw.",resolved,PSU-HPE-1600W,1,0.69,2,P2,K. Watanabe,normal,False
INC0105400,2026-08-24 06:21:00.000000000,2026-08-24 07:30:14.748060362,D09,D09-S2,,thermal,Dell,PowerEdge R760,storage,thermal_blanking,"inlet 29.0 C on top-of-rack servers, hot-air recirculation through empty U spaces",inlet_overtemp|hot_air_recirculation,Missing blanking panels allowed hot-aisle air to recirculate into server inlets.,Install blanking panels in every empty U position and confirm inlet temperatures drop within the hour.,resolved,,0,1.15,1,P3,T. Novak,normal,False
INC0104254,2026-08-24 07:20:53.851738955,2026-08-24 08:07:15.067396292,E11,E11-S3,E11-S3-NIC,nic,Dell,PowerEdge XE8640,ai,nic_driver_reset,link flaps blamed on the driver; flaps returned within a day of a driver reset,link_flap|crc_errors,Flaps attributed to a driver issue; a driver reset was applied but flaps returned within 24 hours (a physical-layer signature).,A driver reset is not sufficient when CRC errors are rising -- treat it as a physical-layer fault and replace the transceiver and cable.,resolved,,0,0.77,0,P3,M. Chen,normal,False
INC0104222,2026-08-24 14:47:19.295898381,2026-08-24 15:28:06.341946087,C05,C05-S1,C05-S1-NIC,nic,HPE,ProLiant DL380 Gen11,database,nic_sfp,34 link flaps per day with CRC errors rising on one port,link_flap|crc_errors,Link flaps with rising CRC errors isolated to the host side of one port -- degrading SFP transceiver or marginal cable.,"Replace the SFP transceiver and cable together before touching the NIC. If this NIC carries an in-progress migration, fail over to the secondary port first.",recurred,SFP28-25G-SR,1,0.68,1,P2,N. Patel,normal,False
INC0104119,2026-08-24 19:24:46.728841903,2026-08-24 20:00:36.862742406,D17,D17-S4,D17-S4-DISK,disk,Lenovo,ThinkSystem SR650 V3,storage,disk_reseat,drive reseated after link resets; SMART read error rate kept rising,smart_read_error_rate,Drive reseated after link-reset errors; errors resumed within days.,Reseating is not a durable fix when the SMART read error rate keeps rising -- replace the drive.,recurred,,0,0.6,21,P3,J. Alvarez,backup_window,False
INC0104243,2026-08-24 22:20:53.147736291,2026-08-24 23:24:19.920890024,D09,D09-S7,D09-S7-NIC,nic,Dell,PowerEdge R760,storage,nic_switch_port,"flaps visible on both ends, errors counted on the switch side",link_flap,Flaps originated on the switch side -- ToR switch port or optic fault.,"Compare counters on both ends, move to a spare ToR port and open a network ticket; no host hardware change needed.",resolved,,0,1.06,33,P3,S. Okafor,normal,False
INC0105402,2026-08-25 06:37:00.000000000,2026-08-25 07:12:29.408048408,C13,C13-S6,,firmware,Dell,PowerEdge R760,database,fw_baseline,hosts drifted from the approved BIOS baseline,config_drift,"Hosts drifted from the approved BIOS baseline, causing inconsistent power/performance settings.",Re-apply the golden BIOS profile from the management server.,resolved,,0,0.59,3,P4,T. Novak,normal,False
INC0104152,2026-08-25 13:44:34.526035770,2026-08-25 14:18:29.535712820,B12,B12-S2,B12-S2-PSU,psu,HPE,ProLiant DL380 Gen11,virtualization,psu_reseat,PSU reseated after an 'input lost' alarm; the alarm returned,input_voltage_drop,PSU reseated after an input-lost alarm; the alarm recurred.,"Reseating a PSU with repeated input-lost events is not durable -- check the cord and PDU outlet, then replace the PSU if the feed is healthy.",recurred,,0,0.57,14,P3,A. Kim,normal,False
INC0105401,2026-08-25 17:19:00.000000000,2026-08-25 18:02:25.344460397,B20,B20-S6,,thermal,Dell,PowerEdge R760,virtualization,thermal_blanking,"inlet 34.9 C on top-of-rack servers, hot-air recirculation through empty U spaces",inlet_overtemp|hot_air_recirculation,Missing blanking panels allowed hot-aisle air to recirculate into server inlets.,Install blanking panels in every empty U position and confirm inlet temperatures drop within the hour.,resolved,,0,0.72,5,P2,D. Haddad,dr_failover,False
INC0104184,2026-08-25 18:20:01.539036031,2026-08-25 19:28:16.100978918,E02,E02-S4,E02-S4-PSU,psu,Dell,PowerEdge XE8640,ai,psu_capacitor,input voltage sagging to 202.3 V with output ripple at 63 mV on one PSU,input_voltage_drop|output_ripple_high,"Input sag with rising output ripple on one PSU of a redundant pair -- capacitor degradation, typically 2-3 weeks before a hard trip.","Confirm the partner PSU is healthy, then hot-swap the degrading unit. In a backup window, first verify the remaining PSU can carry the backup job's peak draw.",resolved,PSU-GPU-2800W,1,1.14,2,P2,P. Reyes,normal,False
INC0104250,2026-08-25 20:53:12.176192421,2026-08-25 21:41:52.159123388,E03,E03-S7,E03-S7-NIC,nic,HPE,ProLiant DL380a Gen11,ai,nic_fw_drops,packet drops under high RSS load on one NIC model,packet_loss,NIC firmware bug dropping packets under high RSS load.,Update NIC firmware and driver to the fixed release in a rolling window.,resolved,,0,0.81,0,P3,N. Patel,normal,False
INC0104041,2026-08-25 23:27:38.338777239,2026-08-26 00:09:43.770450367,D02,D02-S7,D02-S7-DIMM,dimm,Lenovo,ThinkSystem SR650 V3,storage,dimm_fw_false_pos,fleet-wide jump in reported correctable ECC after firmware rollout,ecc_correctable_spike,BIOS/BMC firmware bug over-reporting correctable errors (vendor advisory) -- no actual DRAM degradation.,Apply the vendor BIOS/BMC update that corrects correctable-error logging; confirm counts normalize before swapping any hardware.,resolved,,0,0.7,0,P4,D. Haddad,normal,False
INC0104039,2026-08-26 10:51:44.072499733,2026-08-26 14:35:46.948396231,C20,C20-S6,C20-S6-DIMM,dimm,HPE,ProLiant DL380 Gen11,database,dimm_ue_crash,uncorrectable memory error forced a kernel panic,ecc_uncorrectable,Uncorrectable ECC error caused a host crash; module confirmed failed by vendor diagnostics.,"Replace the RDIMM immediately, run vendor memory diagnostics after replacement, and review the crash dump to rule out a CPU memory-controller fault.",resolved,MEM-DDR5-64G-4800,1,3.73,108,P1,S. Okafor,normal,True
INC0104104,2026-08-26 14:57:05.960353527,2026-08-26 16:24:08.042808325,C11,C11-S8,C11-S8-DISK,disk,HPE,ProLiant DL380 Gen11,database,disk_early_latency,"Recurrence of INC0104103: I/O latency spiking to 4.9 ms with rising read error rate, no reallocations yet",smart_read_error_rate|latency_spike,Rising SMART read error rate with I/O latency spikes but no reallocated sectors yet -- an earlier-stage precursor.,"Flag the drive for proactive replacement in the next maintenance window, move latency-sensitive volumes off it, and check the reallocation count daily.",resolved,SSD-NVME-U2-3T84,1,1.45,0,P3,T. Novak,normal,False
INC0104215,2026-08-26 22:29:30.922267087,2026-08-26 22:50:16.721394960,B09,B09-S2,B09-S2-NIC,nic,HPE,ProLiant DL380 Gen11,virtualization,nic_sfp,port flapping and CRC counters climbing on the host side only,link_flap|crc_errors,Link flaps with rising CRC errors isolated to the host side of one port -- degrading SFP transceiver or marginal cable.,"Replace the SFP transceiver and cable together before touching the NIC. If this NIC carries an in-progress migration, fail over to the secondary port first.",recurred,SFP28-25G-SR,1,0.35,1,P2,R. Singh,normal,False
INC0104223,2026-08-27 00:06:35.518529141,2026-08-27 01:04:22.794109053,C05,C05-S1,C05-S1-NIC,nic,HPE,ProLiant DL380 Gen11,database,nic_sfp,Recurrence of INC0104222: port flapping and CRC counters climbing on the host side only,link_flap|crc_errors,Link flaps with rising CRC errors isolated to the host side of one port -- degrading SFP transceiver or marginal cable.,"Replace the SFP transceiver and cable together before touching the NIC. If this NIC carries an in-progress migration, fail over to the secondary port first.",resolved,SFP28-25G-SR,1,0.96,0,P2,T. Novak,normal,False
INC0105403,2026-08-27 02:18:00.000000000,2026-08-27 03:22:50.611060181,C12,C12-S2,,thermal,Lenovo,ThinkSystem SR650 V3,database,thermal_blanking,"inlet 33.6 C on top-of-rack servers, hot-air recirculation through empty U spaces",inlet_overtemp|hot_air_recirculation,Missing blanking panels allowed hot-aisle air to recirculate into server inlets.,Install blanking panels in every empty U position and confirm inlet temperatures drop within the hour.,resolved,,0,1.08,2,P2,S. Okafor,dr_failover,False
INC0104113,2026-08-27 06:54:52.494684266,2026-08-27 09:04:08.429762895,D10,D10-S1,D10-S1-DISK,disk,HPE,ProLiant DL380 Gen11,storage,disk_media_wear,predictive-failure flag: reallocated and pending sector counts rising for 8 days,reallocated_sectors|pending_sectors|smart_read_error_rate,Drive media degradation: reallocated and pending sector counts rising steadily -- the pattern that preceded hard read failures in prior incidents.,"Drain the replica / rebuild the RAID member onto a healthy drive, then hot-swap the drive. Do not wait for a hard failure if a backup or replication job is currently reading from it.",resolved,HDD-SAS-12T,1,2.15,4,P2,D. Haddad,normal,False
INC0105404,2026-08-27 06:55:00.000000000,2026-08-27 07:13:16.589297841,B11,B11-S2,,firmware,Dell,PowerEdge R760,virtualization,fw_bmc_hang,telemetry gaps: BMC unresponsive to Redfish and IPMI,bmc_unresponsive,BMC firmware memory leak causing an unresponsive management controller (telemetry gaps).,"Reset the BMC (host unaffected), then roll out the fixed BMC firmware in a rolling window.",resolved,,0,0.3,5,P3,J. Alvarez,normal,False
INC0104076,2026-08-27 08:30:31.041561034,2026-08-27 11:50:23.828553932,A05,A05-S2,A05-S2-DISK,disk,Lenovo,ThinkSystem SR650 V3,web,disk_backplane,link-reset errors that followed the bay after the drive was moved,smart_read_error_rate|latency_spike,"Intermittent errors followed the bay, not the drive -- backplane or connector fault.","Move the drive to another bay as a test; if errors follow the bay, have the vendor replace the backplane cable/backplane.",resolved,,0,3.33,68,P2,A. Kim,normal,True
INC0104020,2026-08-27 15:02:27.937100819,2026-08-27 15:39:16.860202463,B09,B09-S1,B09-S1-DIMM,dimm,HPE,ProLiant DL380 Gen11,virtualization,dimm_reseat,memory errors began right after the server was racked back in,ecc_correctable_spike,Suspected DIMM seating issue after recent chassis work; reseating reduced correctable errors only temporarily.,"Reseat the DIMM and clear the SEL -- only reasonable if the host had physical service in the last 7 days. If correctable errors resume within 48 hours, escalate straight to replacement.",resolved,,0,0.61,0,P3,D. Haddad,backup_window,False
INC0104055,2026-08-27 17:05:14.277881536,2026-08-27 19:48:50.211196953,D17,D17-S4,D17-S4-DIMM,dimm,Lenovo,ThinkSystem SR650 V3,storage,dimm_replace,memory error rate on slot D8 kept increasing over 5 days,ecc_correctable_spike|ecc_uncorrectable,Failing DRAM device on the RDIMM: correctable ECC rate climbed for several days before uncorrectable errors appeared -- classic cell degradation.,"Replace the RDIMM identified by the SEL slot locator. If the host is serving a migration or DR role, live-migrate or fail over workloads first; never hot-remove memory from a running host.",resolved,MEM-DDR5-64G-4800,1,2.73,0,P2,T. Novak,normal,False
INC0104013,2026-08-27 22:03:56.528884155,2026-08-27 23:26:32.720316440,A16,A16-S1,A16-S1-DIMM,dimm,HPE,ProLiant DL380 Gen11,web,dimm_ppr,correctable errors confined to a single row address (48/24h),ecc_correctable_spike,Isolated single-row fault on one DRAM device; errors confined to one address range.,Schedule a reboot with Post Package Repair (PPR) enabled in BIOS to remap the faulty row; watch the correctable-error rate for 72 hours and replace the DIMM if it recurs.,recurred,,0,1.38,60,P3,L. Moreau,normal,False
INC0104135,2026-08-27 22:59:33.858684215,2026-08-28 00:36:16.232299537,E10,E10-S4,E10-S4-DISK,disk,Lenovo,ThinkSystem SR675 V3,ai,disk_fw_stall,periodic 30-second I/O stalls on drives of the same model,latency_spike,Drive firmware bug causing periodic latency stalls (vendor advisory) -- media healthy.,Update drive firmware in a rolling fashion; replacement is unnecessary while SMART media counters stay clean.,resolved,,0,1.61,33,P3,M. Chen,normal,False
INC0104205,2026-08-28 14:17:12.447317080,2026-08-28 14:37:58.845237219,A17,A17-S1,A17-S1-NIC,nic,Lenovo,ThinkSystem SR650 V3,web,nic_sfp,port flapping and CRC counters climbing on the host side only,link_flap|crc_errors,Link flaps with rising CRC errors isolated to the host side of one port -- degrading SFP transceiver or marginal cable.,"Replace the SFP transceiver and cable together before touching the NIC. If this NIC carries an in-progress migration, fail over to the secondary port first.",resolved,SFP28-25G-SR,1,0.35,3,P2,T. Novak,normal,False
INC0104096,2026-08-28 14:47:12.085255610,2026-08-28 15:42:25.941523726,B13,B13-S1,B13-S1-DISK,disk,Lenovo,ThinkSystem SR650 V3,virtualization,disk_early_latency,"I/O latency spiking to 11.1 ms with rising read error rate, no reallocations yet",smart_read_error_rate|latency_spike,Rising SMART read error rate with I/O latency spikes but no reallocated sectors yet -- an earlier-stage precursor.,"Flag the drive for proactive replacement in the next maintenance window, move latency-sensitive volumes off it, and check the reallocation count daily.",resolved,SSD-NVME-U2-3T84,1,0.92,2,P3,T. Novak,maintenance_window,False
INC0104304,2026-08-28 22:23:40.184230484,2026-08-28 22:48:27.541422539,E06,E06-S5,E06-S5-FAN,fan,HPE,ProLiant DL380a Gen11,ai,fan_bearing,vibration rising for 9 days while fan speed fell,fan_rpm_drop|fan_vibration,Fan bearing wear: vibration rising and RPM falling at constant PWM duty -- precedes seizure.,Hot-swap the fan module (N+1 redundant) and verify the remaining fans ramp correctly during the swap.,resolved,FAN-GPU-HP80,1,0.41,4,P3,N. Patel,normal,False
INC0104044,2026-08-28 23:35:35.042703784,2026-08-29 02:13:33.018506084,D07,D07-S6,D07-S6-DIMM,dimm,HPE,ProLiant DL380 Gen11,storage,dimm_replace,BMC SEL logged a rising correctable memory error rate (70/24h) on one DIMM slot,ecc_correctable_spike|ecc_uncorrectable,Failing DRAM device on the RDIMM: correctable ECC rate climbed for several days before uncorrectable errors appeared -- classic cell degradation.,"Replace the RDIMM identified by the SEL slot locator. If the host is serving a migration or DR role, live-migrate or fail over workloads first; never hot-remove memory from a running host.",resolved,MEM-DDR5-64G-4800,1,2.63,0,P2,D. Haddad,normal,False
INC0104166,2026-08-29 00:44:40.310142226,2026-08-29 01:23:50.375531099,C13,C13-S7,C13-S7-PSU,psu,Dell,PowerEdge R760,database,psu_pdu_feed,both PSUs on the same feed reported low input voltage (199.9 V),input_voltage_drop,"Voltage sag traced to the upstream PDU outlet/whip, not the PSU (both PSUs on that feed showed it).",Move the PSU cord to a healthy outlet on the correct A/B feed and open a facilities ticket for the PDU circuit -- do not replace the PSU.,resolved,,0,0.65,17,P2,T. Novak,normal,False
INC0104174,2026-08-29 00:46:35.121571502,2026-08-29 01:28:31.187599077,C20,C20-S1,C20-S1-PSU,psu,HPE,ProLiant DL380 Gen11,database,psu_efficiency,PSU efficiency down to 89.9% with rising temperature,psu_efficiency_drop|psu_overtemp,PSU efficiency dropping (more heat per watt delivered) -- aging power stage.,Replace the PSU proactively; the efficiency loss adds rack heat load and precedes failure.,resolved,PSU-HPE-1600W,1,0.7,2,P3,L. Moreau,normal,False
INC0104080,2026-08-29 02:09:57.389117772,2026-08-29 02:46:18.205952576,A07,A07-S8,A07-S8-DISK,disk,HPE,ProLiant DL380 Gen11,web,disk_reseat,drive reseated after link resets; SMART read error rate kept rising,smart_read_error_rate,Drive reseated after link-reset errors; errors resumed within days.,Reseating is not a durable fix when the SMART read error rate keeps rising -- replace the drive.,recurred,,0,0.61,24,P3,K. Watanabe,normal,False
INC0104100,2026-08-29 03:13:25.296064535,2026-08-29 03:51:04.199609858,C06,C06-S5,C06-S5-DISK,disk,Lenovo,ThinkSystem SR650 V3,database,disk_overtemp,drive temperature 34.5 C and thermal throttling,disk_overtemp|latency_spike,"Drive overheating because a drive-cage fan failed, causing thermal throttling.",Replace the failed drive-cage fan first; drive temperature and latency normalize without replacing the drive.,resolved,FAN-LNV-SR650,1,0.63,2,P3,E. Johansson,normal,False
INC0104216,2026-08-29 03:19:58.542268165,2026-08-29 04:00:44.842863925,B09,B09-S2,B09-S2-NIC,nic,HPE,ProLiant DL380 Gen11,virtualization,nic_sfp,Recurrence of INC0104215: 21 link flaps per day with CRC errors rising on one port,link_flap|crc_errors,Link flaps with rising CRC errors isolated to the host side of one port -- degrading SFP transceiver or marginal cable.,"Replace the SFP transceiver and cable together before touching the NIC. If this NIC carries an in-progress migration, fail over to the secondary port first.",resolved,SFP28-25G-SR,1,0.68,2,P2,L. Moreau,normal,False
INC0104291,2026-08-29 06:13:27.986065494,2026-08-29 06:49:46.711667022,D07,D07-S2,D07-S2-FAN,fan,HPE,ProLiant DL380 Gen11,storage,fan_bmc_curve,all fans in a chassis under-spinning after a BMC update,fan_rpm_drop,"BMC fan curve misconfigured after a firmware update -- fans under-spinning, not failing.",Restore the vendor thermal profile / fan curve in BMC settings; no hardware change.,resolved,,0,0.61,5,P4,T. Novak,normal,False
INC0104014,2026-08-29 07:46:16.332174725,2026-08-29 09:50:31.489897627,A16,A16-S1,A16-S1-DIMM,dimm,HPE,ProLiant DL380 Gen11,web,dimm_replace,Recurrence of INC0104013: BMC SEL logged a rising correctable memory error rate (41/24h) on one DIMM slot,ecc_correctable_spike|ecc_uncorrectable,Failing DRAM device on the RDIMM: correctable ECC rate climbed for several days before uncorrectable errors appeared -- classic cell degradation.,"Replace the RDIMM identified by the SEL slot locator. If the host is serving a migration or DR role, live-migrate or fail over workloads first; never hot-remove memory from a running host.",resolved,MEM-DDR5-64G-4800,1,2.07,88,P2,M. Chen,normal,True
INC0104259,2026-08-29 10:02:20.806838918,2026-08-29 10:18:45.845755743,A03,A03-S7,A03-S7-FAN,fan,Dell,PowerEdge R760,web,fan_current,fan motor current up to 1.4 A to hold speed,fan_current_rise|fan_rpm_drop,Motor current rising to hold RPM -- winding or bearing degradation.,Replace the fan module proactively; the current rise precedes failure by days.,resolved,FAN-DEL-R760,1,0.27,2,P3,R. Singh,normal,False
INC0104198,2026-08-29 10:24:59.229078571,2026-08-29 10:57:40.750209222,A04,A04-S1,A04-S1-NIC,nic,HPE,ProLiant DL380 Gen11,web,nic_driver_reset,link flaps blamed on the driver; flaps returned within a day of a driver reset,link_flap|crc_errors,Flaps attributed to a driver issue; a driver reset was applied but flaps returned within 24 hours (a physical-layer signature).,A driver reset is not sufficient when CRC errors are rising -- treat it as a physical-layer fault and replace the transceiver and cable.,recurred,,0,0.54,0,P3,J. Alvarez,maintenance_window,False
INC0105405,2026-08-29 11:42:00.000000000,2026-08-29 13:56:23.797944844,E08,E08-S8,,power,Dell,PowerEdge XE8640,ai,power_breaker,A-feed lost for half the rack after a branch breaker trip,input_voltage_drop|power_loss,PDU branch breaker tripped under the combined load of newly added servers.,"Rebalance servers across PDU branches, reset the breaker after a load review, and keep every branch under 80% of rating.",resolved,,0,2.24,79,P1,D. Haddad,normal,True
INC0104097,2026-08-29 11:47:19.612888634,2026-08-29 12:45:44.468236529,B17,B17-S6,B17-S6-DISK,disk,Dell,PowerEdge R760,virtualization,disk_early_latency,"I/O latency spiking to 8.5 ms with rising read error rate, no reallocations yet",smart_read_error_rate|latency_spike,Rising SMART read error rate with I/O latency spikes but no reallocated sectors yet -- an earlier-stage precursor.,"Flag the drive for proactive replacement in the next maintenance window, move latency-sensitive volumes off it, and check the reallocation count daily.",resolved,SSD-NVME-U2-3T84,1,0.97,3,P3,J. Alvarez,normal,False
INC0104197,2026-08-29 14:32:55.215654695,2026-08-29 15:20:46.676796754,E20,E20-S3,E20-S3-PSU,psu,Dell,PowerEdge XE8640,ai,psu_pdu_feed,both PSUs on the same feed reported low input voltage (201.2 V),input_voltage_drop,"Voltage sag traced to the upstream PDU outlet/whip, not the PSU (both PSUs on that feed showed it).",Move the PSU cord to a healthy outlet on the correct A/B feed and open a facilities ticket for the PDU circuit -- do not replace the PSU.,resolved,,0,0.8,14,P2,L. Moreau,normal,False
INC0104228,2026-08-29 18:12:08.558096556,2026-08-29 18:31:42.955807939,C08,C08-S8,C08-S8-NIC,nic,HPE,ProLiant DL380 Gen11,database,nic_sfp,port flapping and CRC counters climbing on the host side only,link_flap|crc_errors,Link flaps with rising CRC errors isolated to the host side of one port -- degrading SFP transceiver or marginal cable.,"Replace the SFP transceiver and cable together before touching the NIC. If this NIC carries an in-progress migration, fail over to the secondary port first.",resolved,SFP28-25G-SR,1,0.33,2,P2,T. Novak,normal,False
INC0104120,2026-08-29 19:07:22.895346928,2026-08-29 20:35:32.944073800,D17,D17-S4,D17-S4-DISK,disk,Lenovo,ThinkSystem SR650 V3,storage,disk_media_wear,Recurrence of INC0104119: SMART reallocated sectors rose to 41 with pending sectors climbing,reallocated_sectors|pending_sectors|smart_read_error_rate,Drive media degradation: reallocated and pending sector counts rising steadily -- the pattern that preceded hard read failures in prior incidents.,"Drain the replica / rebuild the RAID member onto a healthy drive, then hot-swap the drive. Do not wait for a hard failure if a backup or replication job is currently reading from it.",resolved,HDD-SAS-12T,1,1.47,4,P2,R. Singh,backup_window,False
INC0104153,2026-08-30 00:02:50.355703662,2026-08-30 01:04:57.148073835,B12,B12-S2,B12-S2-PSU,psu,HPE,ProLiant DL380 Gen11,virtualization,psu_capacitor,Recurrence of INC0104152: PSU E8 showed ripple climbing past spec for 3 days,input_voltage_drop|output_ripple_high,"Input sag with rising output ripple on one PSU of a redundant pair -- capacitor degradation, typically 2-3 weeks before a hard trip.","Confirm the partner PSU is healthy, then hot-swap the degrading unit. In a backup window, first verify the remaining PSU can carry the backup job's peak draw.",resolved,PSU-HPE-1600W,1,1.04,1,P2,J. Alvarez,normal,False
INC0104157,2026-08-30 10:17:21.695750511,2026-08-30 10:57:42.312410776,C05,C05-S5,C05-S5-PSU,psu,HPE,ProLiant DL380 Gen11,database,psu_capacitor,PSU D2 showed ripple climbing past spec for 4 days,input_voltage_drop|output_ripple_high,"Input sag with rising output ripple on one PSU of a redundant pair -- capacitor degradation, typically 2-3 weeks before a hard trip.","Confirm the partner PSU is healthy, then hot-swap the degrading unit. In a backup window, first verify the remaining PSU can carry the backup job's peak draw.",recurred,PSU-HPE-1600W,1,0.67,1,P2,S. Okafor,normal,False
INC0104199,2026-08-30 19:40:16.586369349,2026-08-30 20:18:39.403593536,A04,A04-S1,A04-S1-NIC,nic,HPE,ProLiant DL380 Gen11,web,nic_sfp,Recurrence of INC0104198: 36 link flaps per day with CRC errors rising on one port,link_flap|crc_errors,Link flaps with rising CRC errors isolated to the host side of one port -- degrading SFP transceiver or marginal cable.,"Replace the SFP transceiver and cable together before touching the NIC. If this NIC carries an in-progress migration, fail over to the secondary port first.",resolved,SFP28-25G-SR,1,0.64,2,P2,P. Reyes,maintenance_window,False
INC0104081,2026-08-31 00:35:48.550645438,2026-08-31 02:35:10.639751182,A07,A07-S8,A07-S8-DISK,disk,HPE,ProLiant DL380 Gen11,web,disk_media_wear,Recurrence of INC0104080: SMART reallocated sectors rose to 40 with pending sectors climbing,reallocated_sectors|pending_sectors|smart_read_error_rate,Drive media degradation: reallocated and pending sector counts rising steadily -- the pattern that preceded hard read failures in prior incidents.,"Drain the replica / rebuild the RAID member onto a healthy drive, then hot-swap the drive. Do not wait for a hard failure if a backup or replication job is currently reading from it.",resolved,SSD-NVME-U2-3T84,1,1.99,1,P2,E. Johansson,normal,False
INC0104143,2026-08-31 06:30:35.801512910,2026-08-31 07:27:33.923528788,A09,A09-S1,A09-S1-PSU,psu,Dell,PowerEdge R760,web,psu_fw_ripple,spurious ripple warnings on several PSUs right after a BMC update,output_ripple_high,PSU firmware reporting spurious ripple warnings after a BMC update.,Update PSU firmware to the version paired with the current BMC and verify with a calibrated meter before replacing hardware.,resolved,,0,0.95,39,P4,R. Singh,normal,False
INC0104083,2026-08-31 09:49:18.678435472,2026-08-31 11:48:21.244205488,A12,A12-S2,A12-S2-DISK,disk,Dell,PowerEdge R760,web,disk_fw_stall,periodic 30-second I/O stalls on drives of the same model,latency_spike,Drive firmware bug causing periodic latency stalls (vendor advisory) -- media healthy.,Update drive firmware in a rolling fashion; replacement is unnecessary while SMART media counters stay clean.,resolved,,0,1.98,41,P3,S. Okafor,normal,False
INC0104240,2026-08-31 10:08:45.975354196,2026-08-31 10:34:14.179676626,D09,D09-S2,D09-S2-NIC,nic,Dell,PowerEdge R760,storage,nic_driver_reset,link flaps blamed on the driver; flaps returned within a day of a driver reset,link_flap|crc_errors,Flaps attributed to a driver issue; a driver reset was applied but flaps returned within 24 hours (a physical-layer signature).,A driver reset is not sufficient when CRC errors are rising -- treat it as a physical-layer fault and replace the transceiver and cable.,recurred,,0,0.42,9,P3,S. Okafor,normal,False
INC0104276,2026-08-31 13:27:17.529675935,2026-08-31 13:57:26.454547191,C01,C01-S1,C01-S1-FAN,fan,Dell,PowerEdge R760,database,fan_dust,vibration 5.4 mm/s with a dusty intake filter,fan_vibration,Dust accumulation / imbalance causing vibration; fan otherwise healthy.,Clean the fan module and filter; replace only if vibration persists after cleaning.,recurred,,0,0.5,3,P4,E. Johansson,normal,False
INC0104183,2026-09-01 01:50:47.787337817,2026-09-01 02:21:06.534561176,E02,E02-S1,E02-S1-PSU,psu,Dell,PowerEdge XE8640,ai,psu_fan,PSU fan down to 5227 RPM and PSU temperature 31.0 C,psu_fan_rpm_drop|psu_overtemp,Failing PSU fan bearing (not the power stage) raising PSU temperature.,"PSU fans are not field-serviceable on this platform -- replace the PSU proactively in the next maintenance window, before thermal shutdown.",resolved,PSU-GPU-2800W,1,0.51,3,P3,P. Reyes,normal,False
INC0104189,2026-09-01 03:04:39.389339191,2026-09-01 04:11:24.159217998,E10,E10-S7,E10-S7-PSU,psu,Lenovo,ThinkSystem SR675 V3,ai,psu_capacitor,input voltage sagging to 199.8 V with output ripple at 60 mV on one PSU,input_voltage_drop|output_ripple_high,"Input sag with rising output ripple on one PSU of a redundant pair -- capacitor degradation, typically 2-3 weeks before a hard trip.","Confirm the partner PSU is healthy, then hot-swap the degrading unit. In a backup window, first verify the remaining PSU can carry the backup job's peak draw.",resolved,PSU-GPU-2800W,1,1.11,5,P2,R. Singh,normal,False
INC0104018,2026-09-01 05:25:25.157210908,2026-09-01 06:06:51.786775825,B04,B04-S5,B04-S5-DIMM,dimm,Lenovo,ThinkSystem SR650 V3,virtualization,dimm_fw_false_pos,fleet-wide jump in reported correctable ECC after firmware rollout,ecc_correctable_spike,BIOS/BMC firmware bug over-reporting correctable errors (vendor advisory) -- no actual DRAM degradation.,Apply the vendor BIOS/BMC update that corrects correctable-error logging; confirm counts normalize before swapping any hardware.,resolved,,0,0.69,20,P4,S. Okafor,normal,False
INC0104270,2026-09-01 16:41:42.430541181,2026-09-01 16:58:13.245264378,B03,B03-S7,B03-S7-FAN,fan,HPE,ProLiant DL380 Gen11,virtualization,fan_current,fan motor current up to 1.3 A to hold speed,fan_current_rise|fan_rpm_drop,Motor current rising to hold RPM -- winding or bearing degradation.,Replace the fan module proactively; the current rise precedes failure by days.,resolved,FAN-HPE-DL380,1,0.28,2,P3,N. Patel,normal,False
INC0104049,2026-09-01 22:08:58.960141459,2026-09-01 22:41:23.012837857,D11,D11-S6,D11-S6-DIMM,dimm,Lenovo,ThinkSystem SR650 V3,storage,dimm_fw_false_pos,fleet-wide jump in reported correctable ECC after firmware rollout,ecc_correctable_spike,BIOS/BMC firmware bug over-reporting correctable errors (vendor advisory) -- no actual DRAM degradation.,Apply the vendor BIOS/BMC update that corrects correctable-error logging; confirm counts normalize before swapping any hardware.,recurred,,0,0.54,0,P4,R. Singh,normal,False
INC0105406,2026-09-02 02:07:00.000000000,2026-09-02 03:02:30.577456652,C01,C01-S3,,firmware,Dell,PowerEdge R760,database,fw_baseline,hosts drifted from the approved BIOS baseline,config_drift,"Hosts drifted from the approved BIOS baseline, causing inconsistent power/performance settings.",Re-apply the golden BIOS profile from the management server.,resolved,,0,0.93,3,P4,R. Singh,normal,False
INC0104128,2026-09-02 08:23:50.874838688,2026-09-02 09:45:40.992537697,E05,E05-S6,E05-S6-DISK,disk,Dell,PowerEdge XE8640,ai,disk_media_wear,predictive-failure flag: reallocated and pending sector counts rising for 6 days,reallocated_sectors|pending_sectors|smart_read_error_rate,Drive media degradation: reallocated and pending sector counts rising steadily -- the pattern that preceded hard read failures in prior incidents.,"Drain the replica / rebuild the RAID member onto a healthy drive, then hot-swap the drive. Do not wait for a hard failure if a backup or replication job is currently reading from it.",resolved,SSD-NVME-U2-3T84,1,1.36,4,P2,L. Moreau,normal,False
INC0104085,2026-09-02 11:33:54.975924381,2026-09-02 12:13:32.574608924,A14,A14-S1,A14-S1-DISK,disk,Lenovo,ThinkSystem SR650 V3,web,disk_reseat,drive reseated after link resets; SMART read error rate kept rising,smart_read_error_rate,Drive reseated after link-reset errors; errors resumed within days.,Reseating is not a durable fix when the SMART read error rate keeps rising -- replace the drive.,resolved,,0,0.66,15,P3,K. Watanabe,backup_window,False
INC0104053,2026-09-02 11:34:34.944243749,2026-09-02 12:45:38.741850715,D15,D15-S2,D15-S2-DIMM,dimm,Dell,PowerEdge R760,storage,dimm_airflow,memory running hot (29.1 C) after a cable re-dress,dimm_overtemp|ecc_correctable_spike,Missing blanking panel / cable bundle blocking airflow raised DIMM temperature and the soft-error rate.,"Restore airflow (blanking panels, clear the cable obstruction) and re-check DIMM temperature before considering replacement.",resolved,,0,1.18,0,P3,R. Singh,backup_window,False
INC0104241,2026-09-02 17:48:49.689418699,2026-09-02 18:45:51.859361999,D09,D09-S2,D09-S2-NIC,nic,Dell,PowerEdge R760,storage,nic_sfp,Recurrence of INC0104240: port flapping and CRC counters climbing on the host side only,link_flap|crc_errors,Link flaps with rising CRC errors isolated to the host side of one port -- degrading SFP transceiver or marginal cable.,"Replace the SFP transceiver and cable together before touching the NIC. If this NIC carries an in-progress migration, fail over to the secondary port first.",resolved,SFP28-25G-SR,1,0.95,3,P2,N. Patel,normal,False
INC0104207,2026-09-03 02:43:52.014134862,2026-09-03 03:02:25.082919084,A19,A19-S2,A19-S2-NIC,nic,HPE,ProLiant DL380 Gen11,web,nic_dac,CRC errors on a DAC link after a rack re-cable,crc_errors,Damaged DAC cable (bend-radius violation) causing CRC errors.,Replace the DAC cable and re-dress it with the correct bend radius.,resolved,CBL-DAC-25G-3M,1,0.31,1,P2,D. Haddad,dr_failover,False
INC0104277,2026-09-03 03:03:50.993085812,2026-09-03 03:33:42.186770261,C01,C01-S1,C01-S1-FAN,fan,Dell,PowerEdge R760,database,fan_bearing,Recurrence of INC0104276: vibration rising for 9 days while fan speed fell,fan_rpm_drop|fan_vibration,Fan bearing wear: vibration rising and RPM falling at constant PWM duty -- precedes seizure.,Hot-swap the fan module (N+1 redundant) and verify the remaining fans ramp correctly during the swap.,resolved,FAN-DEL-R760,1,0.5,3,P3,D. Haddad,normal,False
INC0104299,2026-09-03 08:54:31.965767029,2026-09-03 09:10:20.984865154,D15,D15-S7,D15-S7-FAN,fan,Dell,PowerEdge R760,storage,fan_bearing,vibration rising for 8 days while fan speed fell,fan_rpm_drop|fan_vibration,Fan bearing wear: vibration rising and RPM falling at constant PWM duty -- precedes seizure.,Hot-swap the fan module (N+1 redundant) and verify the remaining fans ramp correctly during the swap.,resolved,FAN-DEL-R760,1,0.26,5,P3,R. Singh,normal,False
INC0104278,2026-09-04 00:37:07.241448717,2026-09-04 01:09:29.066919770,C01,C01-S5,C01-S5-FAN,fan,Dell,PowerEdge R760,database,fan_bearing,vibration rising for 2 days while fan speed fell,fan_rpm_drop|fan_vibration,Fan bearing wear: vibration rising and RPM falling at constant PWM duty -- precedes seizure.,Hot-swap the fan module (N+1 redundant) and verify the remaining fans ramp correctly during the swap.,resolved,FAN-DEL-R760,1,0.54,5,P3,T. Novak,normal,False
INC0104012,2026-09-04 01:45:06.808118033,2026-09-04 03:45:35.572568286,A15,A15-S2,A15-S2-DIMM,dimm,Dell,PowerEdge R760,web,dimm_replace,"correctable ECC count climbed from single digits to 35 per day, then uncorrectable errors appeared",ecc_correctable_spike|ecc_uncorrectable,Failing DRAM device on the RDIMM: correctable ECC rate climbed for several days before uncorrectable errors appeared -- classic cell degradation.,"Replace the RDIMM identified by the SEL slot locator. If the host is serving a migration or DR role, live-migrate or fail over workloads first; never hot-remove memory from a running host.",resolved,MEM-DDR5-64G-4800,1,2.01,84,P2,M. Chen,normal,True
INC0104268,2026-09-04 01:49:14.972148399,2026-09-04 02:23:37.739418950,A20,A20-S8,A20-S8-FAN,fan,Lenovo,ThinkSystem SR650 V3,web,fan_bearing,fan down to 5588 RPM at the same PWM duty with vibration 4.4 mm/s,fan_rpm_drop|fan_vibration,Fan bearing wear: vibration rising and RPM falling at constant PWM duty -- precedes seizure.,Hot-swap the fan module (N+1 redundant) and verify the remaining fans ramp correctly during the swap.,resolved,FAN-LNV-SR650,1,0.57,3,P3,K. Watanabe,normal,False
INC0104281,2026-09-04 01:49:22.998264007,2026-09-04 02:08:40.454189977,C07,C07-S5,C07-S5-FAN,fan,Dell,PowerEdge R760,database,fan_connector,intermittent tach dropouts on one fan,fan_rpm_drop,Intermittent RPM dropouts traced to a loose fan connector.,Reseat the fan module connector and confirm stable tach readings.,resolved,,0,0.32,2,P4,M. Chen,normal,False
INC0104050,2026-09-04 05:37:44.175802665,2026-09-04 06:07:51.887030760,D11,D11-S6,D11-S6-DIMM,dimm,Lenovo,ThinkSystem SR650 V3,storage,dimm_fw_false_pos,Recurrence of INC0104049: correctable error spikes on many hosts at once after a BMC update,ecc_correctable_spike,BIOS/BMC firmware bug over-reporting correctable errors (vendor advisory) -- no actual DRAM degradation.,Apply the vendor BIOS/BMC update that corrects correctable-error logging; confirm counts normalize before swapping any hardware.,resolved,,0,0.5,10,P4,N. Patel,normal,False
INC0104158,2026-09-04 06:38:35.468140812,2026-09-04 07:09:44.553718268,C05,C05-S5,C05-S5-PSU,psu,HPE,ProLiant DL380 Gen11,database,psu_capacitor,Recurrence of INC0104157: PSU F1 showed ripple climbing past spec for 8 days,input_voltage_drop|output_ripple_high,"Input sag with rising output ripple on one PSU of a redundant pair -- capacitor degradation, typically 2-3 weeks before a hard trip.","Confirm the partner PSU is healthy, then hot-swap the degrading unit. In a backup window, first verify the remaining PSU can carry the backup job's peak draw.",resolved,PSU-HPE-1600W,1,0.52,1,P2,N. Patel,normal,False
INC0104136,2026-09-04 07:57:50.022078151,2026-09-04 08:39:13.990215585,E12,E12-S1,E12-S1-DISK,disk,HPE,ProLiant DL380a Gen11,ai,disk_overtemp,drive temperature 34.1 C and thermal throttling,disk_overtemp|latency_spike,"Drive overheating because a drive-cage fan failed, causing thermal throttling.",Replace the failed drive-cage fan first; drive temperature and latency normalize without replacing the drive.,recurred,FAN-GPU-HP80,1,0.69,0,P3,P. Reyes,normal,False
INC0104034,2026-09-04 16:39:24.839237877,2026-09-04 17:55:54.421182287,C14,C14-S1,C14-S1-DIMM,dimm,HPE,ProLiant DL380 Gen11,database,dimm_ppr,ECC errors isolated to one DRAM row on slot E3,ecc_correctable_spike,Isolated single-row fault on one DRAM device; errors confined to one address range.,Schedule a reboot with Post Package Repair (PPR) enabled in BIOS to remap the faulty row; watch the correctable-error rate for 72 hours and replace the DIMM if it recurs.,resolved,,0,1.27,46,P3,A. Kim,maintenance_window,False
INC0104214,2026-09-05 02:48:27.269291876,2026-09-05 03:39:34.884974328,B07,B07-S8,B07-S8-NIC,nic,Lenovo,ThinkSystem SR650 V3,virtualization,nic_sfp,18 link flaps per day with CRC errors rising on one port,link_flap|crc_errors,Link flaps with rising CRC errors isolated to the host side of one port -- degrading SFP transceiver or marginal cable.,"Replace the SFP transceiver and cable together before touching the NIC. If this NIC carries an in-progress migration, fail over to the secondary port first.",resolved,SFP28-25G-SR,1,0.85,1,P2,T. Novak,normal,False
INC0105407,2026-09-05 10:33:00.000000000,2026-09-05 11:26:07.236109640,E19,E19-S6,,thermal,Lenovo,ThinkSystem SR675 V3,ai,thermal_containment,hot-aisle containment door propped open during maintenance,inlet_overtemp,Hot-aisle containment door left open during maintenance.,Close/repair the containment door and add a door-open alarm to the BMS.,recurred,,0,0.89,5,P3,L. Moreau,normal,False
INC0104269,2026-09-06 02:19:53.406101740,2026-09-06 02:36:18.308060475,B01,B01-S5,B01-S5-FAN,fan,Lenovo,ThinkSystem SR650 V3,virtualization,fan_bearing,fan down to 6358 RPM at the same PWM duty with vibration 5.1 mm/s,fan_rpm_drop|fan_vibration,Fan bearing wear: vibration rising and RPM falling at constant PWM duty -- precedes seizure.,Hot-swap the fan module (N+1 redundant) and verify the remaining fans ramp correctly during the swap.,resolved,FAN-LNV-SR650,1,0.27,1,P3,S. Okafor,normal,False
INC0104273,2026-09-06 03:41:32.339883354,2026-09-06 04:26:03.210674665,B10,B10-S6,B10-S6-FAN,fan,Lenovo,ThinkSystem SR650 V3,virtualization,fan_bmc_curve,all fans in a chassis under-spinning after a BMC update,fan_rpm_drop,"BMC fan curve misconfigured after a firmware update -- fans under-spinning, not failing.",Restore the vendor thermal profile / fan curve in BMC settings; no hardware change.,resolved,,0,0.74,2,P4,N. Patel,normal,False
INC0104064,2026-09-06 10:34:19.500018166,2026-09-06 11:23:11.429340628,E14,E14-S4,E14-S4-DIMM,dimm,Dell,PowerEdge XE8640,ai,dimm_airflow,memory running hot (29.4 C) after a cable re-dress,dimm_overtemp|ecc_correctable_spike,Missing blanking panel / cable bundle blocking airflow raised DIMM temperature and the soft-error rate.,"Restore airflow (blanking panels, clear the cable obstruction) and re-check DIMM temperature before considering replacement.",resolved,,0,0.81,21,P3,A. Kim,normal,False
INC0104040,2026-09-06 11:11:08.432587052,2026-09-06 14:20:40.167121841,C20,C20-S7,C20-S7-DIMM,dimm,HPE,ProLiant DL380 Gen11,database,dimm_ue_crash,uncorrectable memory error forced a kernel panic,ecc_uncorrectable,Uncorrectable ECC error caused a host crash; module confirmed failed by vendor diagnostics.,"Replace the RDIMM immediately, run vendor memory diagnostics after replacement, and review the crash dump to rule out a CPU memory-controller fault.",resolved,MEM-DDR5-64G-4800,1,3.16,0,P1,A. Kim,normal,True
INC0104284,2026-09-06 11:11:18.711672994,2026-09-06 11:32:41.137331362,C10,C10-S5,C10-S5-FAN,fan,Dell,PowerEdge R760,database,fan_current,fan motor current up to 1.23 A to hold speed,fan_current_rise|fan_rpm_drop,Motor current rising to hold RPM -- winding or bearing degradation.,Replace the fan module proactively; the current rise precedes failure by days.,resolved,FAN-DEL-R760,1,0.36,2,P2,J. Alvarez,dr_failover,False
INC0104155,2026-09-06 12:31:03.756965002,2026-09-06 13:00:20.555382333,B17,B17-S6,B17-S6-PSU,psu,Dell,PowerEdge R760,virtualization,psu_reseat,PSU reseated after an 'input lost' alarm; the alarm returned,input_voltage_drop,PSU reseated after an input-lost alarm; the alarm recurred.,"Reseating a PSU with repeated input-lost events is not durable -- check the cord and PDU outlet, then replace the PSU if the feed is healthy.",recurred,,0,0.49,22,P3,N. Patel,normal,False
INC0104283,2026-09-06 18:09:18.992339862,2026-09-06 18:26:04.464875724,C10,C10-S3,C10-S3-FAN,fan,Dell,PowerEdge R760,database,fan_connector,intermittent tach dropouts on one fan,fan_rpm_drop,Intermittent RPM dropouts traced to a loose fan connector.,Reseat the fan module connector and confirm stable tach readings.,resolved,,0,0.28,3,P4,K. Watanabe,normal,False
INC0104065,2026-09-06 20:33:16.506225648,2026-09-06 22:40:09.036569456,E16,E16-S1,E16-S1-DIMM,dimm,Lenovo,ThinkSystem SR675 V3,ai,dimm_ue_crash,host crashed with a machine-check exception after an uncorrectable ECC error,ecc_uncorrectable,Uncorrectable ECC error caused a host crash; module confirmed failed by vendor diagnostics.,"Replace the RDIMM immediately, run vendor memory diagnostics after replacement, and review the crash dump to rule out a CPU memory-controller fault.",resolved,MEM-DDR5-64G-4800,1,2.11,0,P1,E. Johansson,migration,False
INC0104061,2026-09-07 07:38:01.101656247,2026-09-07 08:23:20.698386527,E12,E12-S7,E12-S7-DIMM,dimm,HPE,ProLiant DL380a Gen11,ai,dimm_reseat,memory errors began right after the server was racked back in,ecc_correctable_spike,Suspected DIMM seating issue after recent chassis work; reseating reduced correctable errors only temporarily.,"Reseat the DIMM and clear the SEL -- only reasonable if the host had physical service in the last 7 days. If correctable errors resume within 48 hours, escalate straight to replacement.",resolved,,0,0.76,30,P3,E. Johansson,normal,False
INC0104137,2026-09-07 07:48:13.694333039,2026-09-07 08:28:05.018473358,E12,E12-S1,E12-S1-DISK,disk,HPE,ProLiant DL380a Gen11,ai,disk_overtemp,Recurrence of INC0104136: drive temperature 33.6 C and thermal throttling,disk_overtemp|latency_spike,"Drive overheating because a drive-cage fan failed, causing thermal throttling.",Replace the failed drive-cage fan first; drive temperature and latency normalize without replacing the drive.,resolved,FAN-GPU-HP80,1,0.66,1,P3,N. Patel,normal,False
INC0104073,2026-09-07 09:22:34.246519767,2026-09-07 10:02:39.700414489,A04,A04-S4,A04-S4-DISK,disk,HPE,ProLiant DL380 Gen11,web,disk_reseat,drive reseated after link resets; SMART read error rate kept rising,smart_read_error_rate,Drive reseated after link-reset errors; errors resumed within days.,Reseating is not a durable fix when the SMART read error rate keeps rising -- replace the drive.,recurred,,0,0.67,31,P2,P. Reyes,migration,False
INC0104029,2026-09-07 14:03:48.286772779,2026-09-07 14:53:41.940245711,C03,C03-S5,C03-S5-DIMM,dimm,Lenovo,ThinkSystem SR650 V3,database,dimm_airflow,memory running hot (31.2 C) after a cable re-dress,dimm_overtemp|ecc_correctable_spike,Missing blanking panel / cable bundle blocking airflow raised DIMM temperature and the soft-error rate.,"Restore airflow (blanking panels, clear the cable obstruction) and re-check DIMM temperature before considering replacement.",resolved,,0,0.83,0,P3,M. Chen,normal,False
INC0105409,2026-09-07 22:50:00.000000000,2026-09-08 00:22:50.564385026,B13,B13-S1,,thermal,Lenovo,ThinkSystem SR650 V3,virtualization,thermal_tiles,high-density racks starved of cold air after new GPU servers were installed,inlet_overtemp|hot_spot,Perforated tile layout not matched to rack load after high-density servers were added.,Rebalance perforated tiles and add high-flow grates in front of high-density racks.,resolved,,0,1.55,3,P3,N. Patel,normal,False
INC0104156,2026-09-08 09:34:58.544162514,2026-09-08 10:45:38.400729607,B17,B17-S6,B17-S6-PSU,psu,Dell,PowerEdge R760,virtualization,psu_capacitor,Recurrence of INC0104155: input voltage sagging to 199.2 V with output ripple at 63 mV on one PSU,input_voltage_drop|output_ripple_high,"Input sag with rising output ripple on one PSU of a redundant pair -- capacitor degradation, typically 2-3 weeks before a hard trip.","Confirm the partner PSU is healthy, then hot-swap the degrading unit. In a backup window, first verify the remaining PSU can carry the backup job's peak draw.",resolved,PSU-DEL-1400W,1,1.18,3,P2,L. Moreau,normal,False
INC0104293,2026-09-08 10:24:32.378431289,2026-09-08 10:52:38.382542680,D09,D09-S8,D09-S8-FAN,fan,Dell,PowerEdge R760,storage,fan_current,fan motor current up to 1.48 A to hold speed,fan_current_rise|fan_rpm_drop,Motor current rising to hold RPM -- winding or bearing degradation.,Replace the fan module proactively; the current rise precedes failure by days.,resolved,FAN-DEL-R760,1,0.47,0,P3,R. Singh,normal,False
INC0105410,2026-09-08 11:52:00.000000000,2026-09-08 18:03:59.845203907,A04,A04-S1,,thermal,HPE,ProLiant DL380 Gen11,web,thermal_crac,inlet temperatures up to 31.8 C across 3 adjacent racks in one cooling zone,inlet_overtemp|hot_spot,CRAC unit compressor degradation reduced cooling capacity for its zone; inlet temperatures rose across adjacent racks.,"Open a facilities work order for the CRAC unit, temporarily raise neighbouring CRAC output, and add perforated tiles in the affected cold aisle.",resolved,,0,6.2,5,P2,D. Haddad,dr_failover,False
INC0104252,2026-09-08 15:35:19.127505898,2026-09-08 15:59:58.207769500,E07,E07-S2,E07-S2-NIC,nic,Lenovo,ThinkSystem SR675 V3,ai,nic_dac,CRC errors on a DAC link after a rack re-cable,crc_errors,Damaged DAC cable (bend-radius violation) causing CRC errors.,Replace the DAC cable and re-dress it with the correct bend radius.,resolved,CBL-DAC-25G-3M,1,0.41,0,P3,T. Novak,normal,False
INC0104237,2026-09-08 16:37:22.516087312,2026-09-08 16:55:59.545400380,D07,D07-S2,D07-S2-NIC,nic,HPE,ProLiant DL380 Gen11,storage,nic_sfp,port flapping and CRC counters climbing on the host side only,link_flap|crc_errors,Link flaps with rising CRC errors isolated to the host side of one port -- degrading SFP transceiver or marginal cable.,"Replace the SFP transceiver and cable together before touching the NIC. If this NIC carries an in-progress migration, fail over to the secondary port first.",resolved,SFP28-25G-SR,1,0.31,1,P2,T. Novak,normal,False
INC0104122,2026-09-08 23:59:49.687852899,2026-09-09 02:27:54.150790012,D18,D18-S1,D18-S1-DISK,disk,Dell,PowerEdge R760,storage,disk_hdd_head,HDD pending sectors at 27 and retry-driven latency of 8.5 ms,pending_sectors|latency_spike,HDD head degradation causing pending sectors and retry-driven latency.,"Mark the HDD failed in the storage array, let the pool rebuild to a hot spare, then replace the drive.",resolved,HDD-SAS-12T,1,2.47,2,P2,S. Okafor,normal,False
INC0104260,2026-09-09 01:34:49.777890380,2026-09-09 01:56:33.100163271,A06,A06-S6,A06-S6-FAN,fan,Dell,PowerEdge R760,web,fan_bearing,fan down to 4707 RPM at the same PWM duty with vibration 5.9 mm/s,fan_rpm_drop|fan_vibration,Fan bearing wear: vibration rising and RPM falling at constant PWM duty -- precedes seizure.,Hot-swap the fan module (N+1 redundant) and verify the remaining fans ramp correctly during the swap.,resolved,FAN-DEL-R760,1,0.36,0,P3,R. Singh,normal,False
INC0105411,2026-09-09 01:58:00.000000000,2026-09-09 11:35:17.163993208,E14,E14-S3,,thermal,Dell,PowerEdge XE8640,ai,thermal_crac,inlet temperatures up to 35.1 C across 4 adjacent racks in one cooling zone,inlet_overtemp|hot_spot,CRAC unit compressor degradation reduced cooling capacity for its zone; inlet temperatures rose across adjacent racks.,"Open a facilities work order for the CRAC unit, temporarily raise neighbouring CRAC output, and add perforated tiles in the affected cold aisle.",recurred,,0,9.62,5,P2,T. Novak,normal,False
INC0104188,2026-09-09 09:14:14.025728833,2026-09-09 09:48:21.774511795,E10,E10-S6,E10-S6-PSU,psu,Lenovo,ThinkSystem SR675 V3,ai,psu_pdu_feed,both PSUs on the same feed reported low input voltage (202.5 V),input_voltage_drop,"Voltage sag traced to the upstream PDU outlet/whip, not the PSU (both PSUs on that feed showed it).",Move the PSU cord to a healthy outlet on the correct A/B feed and open a facilities ticket for the PDU circuit -- do not replace the PSU.,resolved,,0,0.57,0,P2,T. Novak,normal,False
INC0105408,2026-09-09 09:45:19.855034896,2026-09-09 10:09:02.530437024,E19,E19-S6,,thermal,Lenovo,ThinkSystem SR675 V3,ai,thermal_containment,Recurrence of INC0105407: hot-aisle containment door propped open during maintenance,inlet_overtemp,Hot-aisle containment door left open during maintenance.,Close/repair the containment door and add a door-open alarm to the BMS.,resolved,,0,0.4,2,P3,E. Johansson,normal,False
INC0104303,2026-09-09 15:09:10.252719376,2026-09-09 15:39:12.548199275,E01,E01-S7,E01-S7-FAN,fan,Lenovo,ThinkSystem SR675 V3,ai,fan_bearing,vibration rising for 7 days while fan speed fell,fan_rpm_drop|fan_vibration,Fan bearing wear: vibration rising and RPM falling at constant PWM duty -- precedes seizure.,Hot-swap the fan module (N+1 redundant) and verify the remaining fans ramp correctly during the swap.,resolved,FAN-GPU-HP80,1,0.5,4,P3,D. Haddad,normal,False
INC0104167,2026-09-10 00:42:01.625174748,2026-09-10 01:39:35.854927623,C14,C14-S1,C14-S1-PSU,psu,HPE,ProLiant DL380 Gen11,database,psu_efficiency,PSU efficiency down to 87.6% with rising temperature,psu_efficiency_drop|psu_overtemp,PSU efficiency dropping (more heat per watt delivered) -- aging power stage.,Replace the PSU proactively; the efficiency loss adds rack heat load and precedes failure.,recurred,PSU-HPE-1600W,1,0.96,4,P3,S. Okafor,normal,False
INC0104074,2026-09-10 01:02:08.514840370,2026-09-10 02:35:03.042209737,A04,A04-S4,A04-S4-DISK,disk,HPE,ProLiant DL380 Gen11,web,disk_media_wear,Recurrence of INC0104073: predictive-failure flag: reallocated and pending sector counts rising for 4 days,reallocated_sectors|pending_sectors|smart_read_error_rate,Drive media degradation: reallocated and pending sector counts rising steadily -- the pattern that preceded hard read failures in prior incidents.,"Drain the replica / rebuild the RAID member onto a healthy drive, then hot-swap the drive. Do not wait for a hard failure if a backup or replication job is currently reading from it.",resolved,SSD-NVME-U2-3T84,1,1.55,2,P2,S. Okafor,migration,False
INC0104275,2026-09-10 01:52:35.912242443,2026-09-10 02:10:54.271094806,B19,B19-S4,B19-S4-FAN,fan,Lenovo,ThinkSystem SR650 V3,virtualization,fan_connector,intermittent tach dropouts on one fan,fan_rpm_drop,Intermittent RPM dropouts traced to a loose fan connector.,Reseat the fan module connector and confirm stable tach readings.,resolved,,0,0.31,5,P4,T. Novak,backup_window,False
INC0104232,2026-09-10 04:17:40.511976807,2026-09-10 04:58:49.153878087,C18,C18-S8,C18-S8-NIC,nic,Lenovo,ThinkSystem SR650 V3,database,nic_sfp,port flapping and CRC counters climbing on the host side only,link_flap|crc_errors,Link flaps with rising CRC errors isolated to the host side of one port -- degrading SFP transceiver or marginal cable.,"Replace the SFP transceiver and cable together before touching the NIC. If this NIC carries an in-progress migration, fail over to the secondary port first.",resolved,SFP28-25G-SR,1,0.69,3,P2,N. Patel,normal,False
INC0104236,2026-09-10 13:33:30.985735031,2026-09-10 14:14:47.014411664,D07,D07-S1,D07-S1-NIC,nic,HPE,ProLiant DL380 Gen11,storage,nic_sfp,87 link flaps per day with CRC errors rising on one port,link_flap|crc_errors,Link flaps with rising CRC errors isolated to the host side of one port -- degrading SFP transceiver or marginal cable.,"Replace the SFP transceiver and cable together before touching the NIC. If this NIC carries an in-progress migration, fail over to the secondary port first.",resolved,SFP28-25G-SR,1,0.69,1,P2,E. Johansson,normal,False
INC0104180,2026-09-11 00:56:17.848833482,2026-09-11 01:46:40.192729331,E01,E01-S6,E01-S6-PSU,psu,Lenovo,ThinkSystem SR675 V3,ai,psu_fan,PSU fan down to 4633 RPM and PSU temperature 33.2 C,psu_fan_rpm_drop|psu_overtemp,Failing PSU fan bearing (not the power stage) raising PSU temperature.,"PSU fans are not field-serviceable on this platform -- replace the PSU proactively in the next maintenance window, before thermal shutdown.",recurred,PSU-GPU-2800W,1,0.84,3,P3,R. Singh,normal,False
INC0105413,2026-09-11 09:16:00.000000000,2026-09-11 17:12:52.169406894,A17,A17-S4,,thermal,Lenovo,ThinkSystem SR650 V3,web,thermal_crac,inlet temperatures up to 29.3 C across 4 adjacent racks in one cooling zone,inlet_overtemp|hot_spot,CRAC unit compressor degradation reduced cooling capacity for its zone; inlet temperatures rose across adjacent racks.,"Open a facilities work order for the CRAC unit, temporarily raise neighbouring CRAC output, and add perforated tiles in the affected cold aisle.",resolved,,0,7.95,4,P2,D. Haddad,normal,False
INC0104168,2026-09-11 10:36:14.096941243,2026-09-11 11:22:51.423206778,C14,C14-S1,C14-S1-PSU,psu,HPE,ProLiant DL380 Gen11,database,psu_efficiency,Recurrence of INC0104167: PSU efficiency down to 89.2% with rising temperature,psu_efficiency_drop|psu_overtemp,PSU efficiency dropping (more heat per watt delivered) -- aging power stage.,Replace the PSU proactively; the efficiency loss adds rack heat load and precedes failure.,resolved,PSU-HPE-1600W,1,0.78,3,P3,T. Novak,normal,False
INC0104078,2026-09-11 10:42:34.563714327,2026-09-11 11:54:12.816096054,A07,A07-S5,A07-S5-DISK,disk,HPE,ProLiant DL380 Gen11,web,disk_early_latency,"I/O latency spiking to 10.6 ms with rising read error rate, no reallocations yet",smart_read_error_rate|latency_spike,Rising SMART read error rate with I/O latency spikes but no reallocated sectors yet -- an earlier-stage precursor.,"Flag the drive for proactive replacement in the next maintenance window, move latency-sensitive volumes off it, and check the reallocation count daily.",resolved,SSD-NVME-U2-3T84,1,1.19,0,P3,M. Chen,normal,False
INC0104021,2026-09-11 11:33:55.810963818,2026-09-11 12:27:39.275801604,B11,B11-S8,B11-S8-DIMM,dimm,Dell,PowerEdge R760,virtualization,dimm_reseat,correctable ECC errors after recent chassis service (22/24h),ecc_correctable_spike,Suspected DIMM seating issue after recent chassis work; reseating reduced correctable errors only temporarily.,"Reseat the DIMM and clear the SEL -- only reasonable if the host had physical service in the last 7 days. If correctable errors resume within 48 hours, escalate straight to replacement.",recurred,,0,0.9,0,P3,K. Watanabe,normal,False
INC0104062,2026-09-11 12:22:34.925665807,2026-09-11 13:01:07.348999492,E14,E14-S2,E14-S2-DIMM,dimm,Dell,PowerEdge XE8640,ai,dimm_reseat,correctable ECC errors after recent chassis service (60/24h),ecc_correctable_spike,Suspected DIMM seating issue after recent chassis work; reseating reduced correctable errors only temporarily.,"Reseat the DIMM and clear the SEL -- only reasonable if the host had physical service in the last 7 days. If correctable errors resume within 48 hours, escalate straight to replacement.",recurred,,0,0.64,19,P3,T. Novak,normal,False
INC0104011,2026-09-11 21:44:59.855955823,2026-09-11 22:34:38.100275226,A13,A13-S5,A13-S5-DIMM,dimm,HPE,ProLiant DL380 Gen11,web,dimm_ppr,correctable errors confined to a single row address (47/24h),ecc_correctable_spike,Isolated single-row fault on one DRAM device; errors confined to one address range.,Schedule a reboot with Post Package Repair (PPR) enabled in BIOS to remap the faulty row; watch the correctable-error rate for 72 hours and replace the DIMM if it recurs.,resolved,,0,0.83,15,P3,N. Patel,normal,False
INC0104300,2026-09-12 12:16:44.241238962,2026-09-12 12:35:05.716551370,D17,D17-S1,D17-S1-FAN,fan,Lenovo,ThinkSystem SR650 V3,storage,fan_bearing,fan down to 3798 RPM at the same PWM duty with vibration 6.4 mm/s,fan_rpm_drop|fan_vibration,Fan bearing wear: vibration rising and RPM falling at constant PWM duty -- precedes seizure.,Hot-swap the fan module (N+1 redundant) and verify the remaining fans ramp correctly during the swap.,resolved,FAN-LNV-SR650,1,0.31,4,P3,D. Haddad,normal,False
INC0105414,2026-09-12 18:57:00.000000000,2026-09-12 21:26:07.441475263,D14,D14-S6,,thermal,Lenovo,ThinkSystem SR650 V3,storage,thermal_tiles,high-density racks starved of cold air after new GPU servers were installed,inlet_overtemp|hot_spot,Perforated tile layout not matched to rack load after high-density servers were added.,Rebalance perforated tiles and add high-flow grates in front of high-density racks.,resolved,,0,2.49,4,P3,P. Reyes,normal,False
INC0104235,2026-09-12 20:14:31.218111259,2026-09-12 22:43:22.301500116,D06,D06-S7,D06-S7-NIC,nic,Dell,PowerEdge R760,storage,nic_card,packet loss of 0.57% persisted after the transceiver and cable were replaced,packet_loss|crc_errors|nic_overtemp,NIC ASIC degradation: packet loss persisted after transceiver and cable replacement; NIC temperature elevated.,Replace the NIC card in a maintenance window after failing workloads over to the redundant NIC.,resolved,NIC-OCP3-25G-DP,1,2.48,48,P2,A. Kim,migration,False
INC0105412,2026-09-13 01:27:03.970133410,2026-09-13 10:52:03.350739099,E14,E14-S3,,thermal,Dell,PowerEdge XE8640,ai,thermal_crac,Recurrence of INC0105411: inlet temperatures up to 31.3 C across 4 adjacent racks in one cooling zone,inlet_overtemp|hot_spot,CRAC unit compressor degradation reduced cooling capacity for its zone; inlet temperatures rose across adjacent racks.,"Open a facilities work order for the CRAC unit, temporarily raise neighbouring CRAC output, and add perforated tiles in the affected cold aisle.",resolved,,0,9.42,4,P2,P. Reyes,normal,False
INC0104063,2026-09-13 17:37:39.285944184,2026-09-13 20:01:51.230826694,E14,E14-S2,E14-S2-DIMM,dimm,Dell,PowerEdge XE8640,ai,dimm_replace,Recurrence of INC0104062: memory error rate on slot A7 kept increasing over 5 days,ecc_correctable_spike|ecc_uncorrectable,Failing DRAM device on the RDIMM: correctable ECC rate climbed for several days before uncorrectable errors appeared -- classic cell degradation.,"Replace the RDIMM identified by the SEL slot locator. If the host is serving a migration or DR role, live-migrate or fail over workloads first; never hot-remove memory from a running host.",resolved,MEM-DDR5-64G-4800,1,2.4,66,P2,N. Patel,normal,True
INC0104082,2026-09-13 22:13:50.426360383,2026-09-14 00:27:54.661366111,A09,A09-S4,A09-S4-DISK,disk,Dell,PowerEdge R760,web,disk_media_wear,SMART reallocated sectors rose to 66 with pending sectors climbing,reallocated_sectors|pending_sectors|smart_read_error_rate,Drive media degradation: reallocated and pending sector counts rising steadily -- the pattern that preceded hard read failures in prior incidents.,"Drain the replica / rebuild the RAID member onto a healthy drive, then hot-swap the drive. Do not wait for a hard failure if a backup or replication job is currently reading from it.",resolved,SSD-NVME-U2-3T84,1,2.23,4,P2,P. Reyes,normal,False
INC0104090,2026-09-13 23:14:37.304532142,2026-09-14 00:32:38.313078144,B03,B03-S6,B03-S6-DISK,disk,HPE,ProLiant DL380 Gen11,virtualization,disk_media_wear,SMART reallocated sectors rose to 40 with pending sectors climbing,reallocated_sectors|pending_sectors|smart_read_error_rate,Drive media degradation: reallocated and pending sector counts rising steadily -- the pattern that preceded hard read failures in prior incidents.,"Drain the replica / rebuild the RAID member onto a healthy drive, then hot-swap the drive. Do not wait for a hard failure if a backup or replication job is currently reading from it.",resolved,SSD-NVME-U2-3T84,1,1.3,1,P2,P. Reyes,normal,False
INC0104022,2026-09-14 21:09:47.066753573,2026-09-14 22:45:45.617133490,B11,B11-S8,B11-S8-DIMM,dimm,Dell,PowerEdge R760,virtualization,dimm_replace,"Recurrence of INC0104021: correctable ECC count climbed from single digits to 78 per day, then uncorrectable errors appeared",ecc_correctable_spike|ecc_uncorrectable,Failing DRAM device on the RDIMM: correctable ECC rate climbed for several days before uncorrectable errors appeared -- classic cell degradation.,"Replace the RDIMM identified by the SEL slot locator. If the host is serving a migration or DR role, live-migrate or fail over workloads first; never hot-remove memory from a running host.",resolved,MEM-DDR5-64G-4800,1,1.6,0,P2,K. Watanabe,normal,False
INC0104070,2026-09-15 02:50:06.348821062,2026-09-15 04:53:20.238922745,A02,A02-S6,A02-S6-DISK,disk,Lenovo,ThinkSystem SR650 V3,web,disk_media_wear,SMART reallocated sectors rose to 67 with pending sectors climbing,reallocated_sectors|pending_sectors|smart_read_error_rate,Drive media degradation: reallocated and pending sector counts rising steadily -- the pattern that preceded hard read failures in prior incidents.,"Drain the replica / rebuild the RAID member onto a healthy drive, then hot-swap the drive. Do not wait for a hard failure if a backup or replication job is currently reading from it.",resolved,SSD-NVME-U2-3T84,1,2.05,5,P2,E. Johansson,normal,False
INC0104272,2026-09-15 05:02:04.593137566,2026-09-15 05:18:43.213562918,B10,B10-S5,B10-S5-FAN,fan,Lenovo,ThinkSystem SR650 V3,virtualization,fan_connector,intermittent tach dropouts on one fan,fan_rpm_drop,Intermittent RPM dropouts traced to a loose fan connector.,Reseat the fan module connector and confirm stable tach readings.,resolved,,0,0.28,3,P4,P. Reyes,normal,False
INC0104102,2026-09-15 05:10:33.899397940,2026-09-15 07:10:08.597504688,C11,C11-S2,C11-S2-DISK,disk,HPE,ProLiant DL380 Gen11,database,disk_media_wear,SMART reallocated sectors rose to 85 with pending sectors climbing,reallocated_sectors|pending_sectors|smart_read_error_rate,Drive media degradation: reallocated and pending sector counts rising steadily -- the pattern that preceded hard read failures in prior incidents.,"Drain the replica / rebuild the RAID member onto a healthy drive, then hot-swap the drive. Do not wait for a hard failure if a backup or replication job is currently reading from it.",resolved,SSD-NVME-U2-3T84,1,1.99,1,P2,N. Patel,normal,False
INC0104017,2026-09-15 06:02:19.485670648,2026-09-15 09:43:29.266151907,B04,B04-S3,B04-S3-DIMM,dimm,Lenovo,ThinkSystem SR650 V3,virtualization,dimm_ue_crash,host crashed with a machine-check exception after an uncorrectable ECC error,ecc_uncorrectable,Uncorrectable ECC error caused a host crash; module confirmed failed by vendor diagnostics.,"Replace the RDIMM immediately, run vendor memory diagnostics after replacement, and review the crash dump to rule out a CPU memory-controller fault.",resolved,MEM-DDR5-64G-4800,1,3.69,0,P1,M. Chen,normal,True
INC0104182,2026-09-15 06:04:04.615139818,2026-09-15 06:37:20.896345137,E01,E01-S8,E01-S8-PSU,psu,Lenovo,ThinkSystem SR675 V3,ai,psu_efficiency,PSU efficiency down to 88.1% with rising temperature,psu_efficiency_drop|psu_overtemp,PSU efficiency dropping (more heat per watt delivered) -- aging power stage.,Replace the PSU proactively; the efficiency loss adds rack heat load and precedes failure.,resolved,PSU-GPU-2800W,1,0.55,4,P3,A. Kim,normal,False
INC0104227,2026-09-15 07:04:36.788515446,2026-09-15 07:43:48.122645838,C08,C08-S4,C08-S4-NIC,nic,HPE,ProLiant DL380 Gen11,database,nic_sfp,85 link flaps per day with CRC errors rising on one port,link_flap|crc_errors,Link flaps with rising CRC errors isolated to the host side of one port -- degrading SFP transceiver or marginal cable.,"Replace the SFP transceiver and cable together before touching the NIC. If this NIC carries an in-progress migration, fail over to the secondary port first.",resolved,SFP28-25G-SR,1,0.65,5,P2,R. Singh,migration,False
INC0105415,2026-09-15 07:45:00.000000000,2026-09-15 08:30:18.168449288,C19,C19-S5,,power,Dell,PowerEdge R760,database,power_phase,phase imbalance alarm on a rack PDU after server moves,input_voltage_drop,Phase imbalance on the rack PDU after server moves.,Rebalance loads across phases and update the rack power plan in DCIM.,resolved,,0,0.76,19,P3,S. Okafor,normal,False
INC0104060,2026-09-15 08:23:22.332915009,2026-09-15 10:25:11.096385906,E12,E12-S1,E12-S1-DIMM,dimm,HPE,ProLiant DL380a Gen11,ai,dimm_ue_crash,host crashed with a machine-check exception after an uncorrectable ECC error,ecc_uncorrectable,Uncorrectable ECC error caused a host crash; module confirmed failed by vendor diagnostics.,"Replace the RDIMM immediately, run vendor memory diagnostics after replacement, and review the crash dump to rule out a CPU memory-controller fault.",resolved,MEM-DDR5-64G-4800,1,2.03,0,P1,P. Reyes,normal,False
INC0104181,2026-09-15 13:10:29.369709535,2026-09-15 13:44:05.802046186,E01,E01-S6,E01-S6-PSU,psu,Lenovo,ThinkSystem SR675 V3,ai,psu_fan,Recurrence of INC0104180: PSU fan down to 6088 RPM and PSU temperature 32.1 C,psu_fan_rpm_drop|psu_overtemp,Failing PSU fan bearing (not the power stage) raising PSU temperature.,"PSU fans are not field-serviceable on this platform -- replace the PSU proactively in the next maintenance window, before thermal shutdown.",resolved,PSU-GPU-2800W,1,0.56,3,P3,D. Haddad,normal,False
INC0104042,2026-09-15 14:00:39.481316729,2026-09-15 16:12:54.957933931,D03,D03-S2,D03-S2-DIMM,dimm,Dell,PowerEdge R760,storage,dimm_replace,memory error rate on slot D8 kept increasing over 3 days,ecc_correctable_spike|ecc_uncorrectable,Failing DRAM device on the RDIMM: correctable ECC rate climbed for several days before uncorrectable errors appeared -- classic cell degradation.,"Replace the RDIMM identified by the SEL slot locator. If the host is serving a migration or DR role, live-migrate or fail over workloads first; never hot-remove memory from a running host.",resolved,MEM-DDR5-64G-4800,1,2.2,0,P2,R. Singh,normal,False
INC0104179,2026-09-15 17:09:21.506580566,2026-09-15 18:00:30.115701230,D15,D15-S4,D15-S4-PSU,psu,Dell,PowerEdge R760,storage,psu_efficiency,PSU efficiency down to 89.3% with rising temperature,psu_efficiency_drop|psu_overtemp,PSU efficiency dropping (more heat per watt delivered) -- aging power stage.,Replace the PSU proactively; the efficiency loss adds rack heat load and precedes failure.,resolved,PSU-DEL-1400W,1,0.85,1,P3,S. Okafor,normal,False
INC0104279,2026-09-15 20:11:46.924625887,2026-09-15 20:29:22.611497338,C03,C03-S8,C03-S8-FAN,fan,Lenovo,ThinkSystem SR650 V3,database,fan_bearing,vibration rising for 5 days while fan speed fell,fan_rpm_drop|fan_vibration,Fan bearing wear: vibration rising and RPM falling at constant PWM duty -- precedes seizure.,Hot-swap the fan module (N+1 redundant) and verify the remaining fans ramp correctly during the swap.,resolved,FAN-LNV-SR650,1,0.29,5,P3,K. Watanabe,normal,False
INC0104267,2026-09-15 23:03:35.714122077,2026-09-15 23:30:02.528571735,A19,A19-S7,A19-S7-FAN,fan,HPE,ProLiant DL380 Gen11,web,fan_connector,intermittent tach dropouts on one fan,fan_rpm_drop,Intermittent RPM dropouts traced to a loose fan connector.,Reseat the fan module connector and confirm stable tach readings.,resolved,,0,0.44,4,P4,N. Patel,normal,False
INC0104033,2026-09-16 02:11:52.277959770,2026-09-16 05:05:00.853175429,C10,C10-S4,C10-S4-DIMM,dimm,Dell,PowerEdge R760,database,dimm_replace,"correctable ECC count climbed from single digits to 63 per day, then uncorrectable errors appeared",ecc_correctable_spike|ecc_uncorrectable,Failing DRAM device on the RDIMM: correctable ECC rate climbed for several days before uncorrectable errors appeared -- classic cell degradation.,"Replace the RDIMM identified by the SEL slot locator. If the host is serving a migration or DR role, live-migrate or fail over workloads first; never hot-remove memory from a running host.",resolved,MEM-DDR5-64G-4800,1,2.89,56,P2,N. Patel,normal,False
INC0104084,2026-09-16 08:18:36.590552900,2026-09-16 10:47:33.997548892,A13,A13-S3,A13-S3-DISK,disk,HPE,ProLiant DL380 Gen11,web,disk_media_wear,predictive-failure flag: reallocated and pending sector counts rising for 5 days,reallocated_sectors|pending_sectors|smart_read_error_rate,Drive media degradation: reallocated and pending sector counts rising steadily -- the pattern that preceded hard read failures in prior incidents.,"Drain the replica / rebuild the RAID member onto a healthy drive, then hot-swap the drive. Do not wait for a hard failure if a backup or replication job is currently reading from it.",resolved,SSD-NVME-U2-3T84,1,2.48,1,P2,M. Chen,normal,False
INC0104209,2026-09-16 14:22:29.172538526,2026-09-16 15:05:49.170204120,B03,B03-S5,B03-S5-NIC,nic,HPE,ProLiant DL380 Gen11,virtualization,nic_sfp,53 link flaps per day with CRC errors rising on one port,link_flap|crc_errors,Link flaps with rising CRC errors isolated to the host side of one port -- degrading SFP transceiver or marginal cable.,"Replace the SFP transceiver and cable together before touching the NIC. If this NIC carries an in-progress migration, fail over to the secondary port first.",resolved,SFP28-25G-SR,1,0.72,0,P2,A. Kim,normal,False
INC0104316,2026-09-16 17:42:19.492690586,2026-09-16 18:12:20.990237672,E19,E19-S3,E19-S3-FAN,fan,Lenovo,ThinkSystem SR675 V3,ai,fan_double,"two fans in the same chassis degraded, remaining fans at 100%",fan_rpm_drop|fan_current_rise,"Two fans in the same chassis degraded, forcing the rest to maximum and risking thermal shutdown.",Replace both fan modules in the same visit and check chassis inlet temperature on neighbouring servers.,resolved,FAN-GPU-HP80,2,0.5,0,P2,E. Johansson,normal,False
INC0104107,2026-09-16 18:39:31.572483335,2026-09-16 20:52:19.848659093,C19,C19-S4,C19-S4-DISK,disk,Dell,PowerEdge R760,database,disk_media_wear,predictive-failure flag: reallocated and pending sector counts rising for 8 days,reallocated_sectors|pending_sectors|smart_read_error_rate,Drive media degradation: reallocated and pending sector counts rising steadily -- the pattern that preceded hard read failures in prior incidents.,"Drain the replica / rebuild the RAID member onto a healthy drive, then hot-swap the drive. Do not wait for a hard failure if a backup or replication job is currently reading from it.",resolved,SSD-NVME-U2-3T84,1,2.21,0,P2,D. Haddad,normal,False
INC0104035,2026-09-16 20:21:10.741146685,2026-09-16 21:19:01.134987607,C14,C14-S8,C14-S8-DIMM,dimm,HPE,ProLiant DL380 Gen11,database,dimm_reseat,correctable ECC errors after recent chassis service (78/24h),ecc_correctable_spike,Suspected DIMM seating issue after recent chassis work; reseating reduced correctable errors only temporarily.,"Reseat the DIMM and clear the SEL -- only reasonable if the host had physical service in the last 7 days. If correctable errors resume within 48 hours, escalate straight to replacement.",resolved,,0,0.96,37,P3,K. Watanabe,normal,False
INC0104264,2026-09-16 22:07:58.863164567,2026-09-16 22:35:29.849249229,A08,A08-S3,A08-S3-FAN,fan,Lenovo,ThinkSystem SR650 V3,web,fan_bearing,vibration rising for 8 days while fan speed fell,fan_rpm_drop|fan_vibration,Fan bearing wear: vibration rising and RPM falling at constant PWM duty -- precedes seizure.,Hot-swap the fan module (N+1 redundant) and verify the remaining fans ramp correctly during the swap.,resolved,FAN-LNV-SR650,1,0.46,1,P3,K. Watanabe,normal,False
INC0104162,2026-09-17 02:20:23.204361618,2026-09-17 03:29:58.928089930,C10,C10-S2,C10-S2-PSU,psu,Dell,PowerEdge R760,database,psu_pdu_feed,both PSUs on the same feed reported low input voltage (202.4 V),input_voltage_drop,"Voltage sag traced to the upstream PDU outlet/whip, not the PSU (both PSUs on that feed showed it).",Move the PSU cord to a healthy outlet on the correct A/B feed and open a facilities ticket for the PDU circuit -- do not replace the PSU.,resolved,,0,1.16,55,P2,D. Haddad,normal,False
INC0104238,2026-09-17 13:46:41.348984121,2026-09-17 14:29:40.297586672,D07,D07-S6,D07-S6-NIC,nic,HPE,ProLiant DL380 Gen11,storage,nic_sfp,73 link flaps per day with CRC errors rising on one port,link_flap|crc_errors,Link flaps with rising CRC errors isolated to the host side of one port -- degrading SFP transceiver or marginal cable.,"Replace the SFP transceiver and cable together before touching the NIC. If this NIC carries an in-progress migration, fail over to the secondary port first.",recurred,SFP28-25G-SR,1,0.72,3,P2,K. Watanabe,normal,False
INC0104067,2026-09-17 20:13:30.746715374,2026-09-17 21:12:25.087931428,E17,E17-S7,E17-S7-DIMM,dimm,Dell,PowerEdge XE8640,ai,dimm_reseat,correctable ECC errors after recent chassis service (76/24h),ecc_correctable_spike,Suspected DIMM seating issue after recent chassis work; reseating reduced correctable errors only temporarily.,"Reseat the DIMM and clear the SEL -- only reasonable if the host had physical service in the last 7 days. If correctable errors resume within 48 hours, escalate straight to replacement.",resolved,,0,0.98,0,P3,M. Chen,normal,False
INC0104108,2026-09-18 02:39:31.095459296,2026-09-18 05:04:19.078465513,D01,D01-S7,D01-S7-DISK,disk,HPE,ProLiant DL380 Gen11,storage,disk_media_wear,SMART reallocated sectors rose to 76 with pending sectors climbing,reallocated_sectors|pending_sectors|smart_read_error_rate,Drive media degradation: reallocated and pending sector counts rising steadily -- the pattern that preceded hard read failures in prior incidents.,"Drain the replica / rebuild the RAID member onto a healthy drive, then hot-swap the drive. Do not wait for a hard failure if a backup or replication job is currently reading from it.",resolved,HDD-SAS-12T,1,2.41,1,P2,J. Alvarez,normal,False
INC0104001,2026-09-18 10:32:01.857288142,2026-09-18 14:10:47.191229086,A02,A02-S6,A02-S6-DIMM,dimm,Lenovo,ThinkSystem SR650 V3,web,dimm_imc,errors followed the slot after the DIMM was swapped to another channel,ecc_uncorrectable|ecc_correctable_spike,"Errors followed the CPU socket, not the DIMM -- integrated memory controller fault.","Move the DIMM to a different channel as a test; if errors follow the slot/socket, escalate to vendor for CPU or motherboard replacement.",resolved,,0,3.65,0,P2,N. Patel,migration,False
INC0104015,2026-09-18 20:50:30.582899457,2026-09-18 22:32:29.898768145,A18,A18-S8,A18-S8-DIMM,dimm,Dell,PowerEdge R760,web,dimm_replace,memory error rate on slot C7 kept increasing over 7 days,ecc_correctable_spike|ecc_uncorrectable,Failing DRAM device on the RDIMM: correctable ECC rate climbed for several days before uncorrectable errors appeared -- classic cell degradation.,"Replace the RDIMM identified by the SEL slot locator. If the host is serving a migration or DR role, live-migrate or fail over workloads first; never hot-remove memory from a running host.",resolved,MEM-DDR5-64G-4800,1,1.7,0,P2,L. Moreau,normal,False
INC0104239,2026-09-18 22:05:26.757308145,2026-09-18 22:45:44.914642755,D07,D07-S6,D07-S6-NIC,nic,HPE,ProLiant DL380 Gen11,storage,nic_sfp,Recurrence of INC0104238: port flapping and CRC counters climbing on the host side only,link_flap|crc_errors,Link flaps with rising CRC errors isolated to the host side of one port -- degrading SFP transceiver or marginal cable.,"Replace the SFP transceiver and cable together before touching the NIC. If this NIC carries an in-progress migration, fail over to the secondary port first.",resolved,SFP28-25G-SR,1,0.67,3,P2,S. Okafor,normal,False
INC0104118,2026-09-18 23:13:11.054345194,2026-09-19 00:57:31.023513369,D16,D16-S3,D16-S3-DISK,disk,HPE,ProLiant DL380 Gen11,storage,disk_media_wear,SMART reallocated sectors rose to 55 with pending sectors climbing,reallocated_sectors|pending_sectors|smart_read_error_rate,Drive media degradation: reallocated and pending sector counts rising steadily -- the pattern that preceded hard read failures in prior incidents.,"Drain the replica / rebuild the RAID member onto a healthy drive, then hot-swap the drive. Do not wait for a hard failure if a backup or replication job is currently reading from it.",resolved,HDD-SAS-12T,1,1.74,4,P2,P. Reyes,normal,False
INC0104253,2026-09-19 01:56:24.995529742,2026-09-19 02:34:44.242326699,E08,E08-S1,E08-S1-NIC,nic,Dell,PowerEdge XE8640,ai,nic_sfp,port flapping and CRC counters climbing on the host side only,link_flap|crc_errors,Link flaps with rising CRC errors isolated to the host side of one port -- degrading SFP transceiver or marginal cable.,"Replace the SFP transceiver and cable together before touching the NIC. If this NIC carries an in-progress migration, fail over to the secondary port first.",resolved,QSFP28-100G-SR4,1,0.64,0,P2,R. Singh,normal,False
INC0104247,2026-09-19 15:11:46.689162168,2026-09-19 15:44:48.040506373,D17,D17-S4,D17-S4-NIC,nic,Lenovo,ThinkSystem SR650 V3,storage,nic_driver_reset,link flaps blamed on the driver; flaps returned within a day of a driver reset,link_flap|crc_errors,Flaps attributed to a driver issue; a driver reset was applied but flaps returned within 24 hours (a physical-layer signature).,A driver reset is not sufficient when CRC errors are rising -- treat it as a physical-layer fault and replace the transceiver and cable.,resolved,,0,0.55,0,P3,E. Johansson,normal,False
INC0104116,2026-09-19 19:25:57.092377876,2026-09-19 21:08:17.004727526,D12,D12-S1,D12-S1-DISK,disk,Dell,PowerEdge R760,storage,disk_media_wear,SMART reallocated sectors rose to 88 with pending sectors climbing,reallocated_sectors|pending_sectors|smart_read_error_rate,Drive media degradation: reallocated and pending sector counts rising steadily -- the pattern that preceded hard read failures in prior incidents.,"Drain the replica / rebuild the RAID member onto a healthy drive, then hot-swap the drive. Do not wait for a hard failure if a backup or replication job is currently reading from it.",resolved,HDD-SAS-12T,1,1.71,3,P2,P. Reyes,normal,False
INC0104093,2026-09-19 21:18:43.820532877,2026-09-19 22:39:25.893453167,B07,B07-S7,B07-S7-DISK,disk,Lenovo,ThinkSystem SR650 V3,virtualization,disk_media_wear,predictive-failure flag: reallocated and pending sector counts rising for 7 days,reallocated_sectors|pending_sectors|smart_read_error_rate,Drive media degradation: reallocated and pending sector counts rising steadily -- the pattern that preceded hard read failures in prior incidents.,"Drain the replica / rebuild the RAID member onto a healthy drive, then hot-swap the drive. Do not wait for a hard failure if a backup or replication job is currently reading from it.",resolved,SSD-NVME-U2-3T84,1,1.35,0,P2,J. Alvarez,normal,False
INC0104301,2026-09-19 22:38:53.555981619,2026-09-19 23:09:42.045372625,D18,D18-S5,D18-S5-FAN,fan,Dell,PowerEdge R760,storage,fan_bearing,vibration rising for 9 days while fan speed fell,fan_rpm_drop|fan_vibration,Fan bearing wear: vibration rising and RPM falling at constant PWM duty -- precedes seizure.,Hot-swap the fan module (N+1 redundant) and verify the remaining fans ramp correctly during the swap.,resolved,FAN-DEL-R760,1,0.51,1,P3,D. Haddad,normal,False
INC0104266,2026-09-20 09:00:49.191518210,2026-09-20 09:23:31.984381789,A18,A18-S2,A18-S2-FAN,fan,Dell,PowerEdge R760,web,fan_bearing,fan down to 4508 RPM at the same PWM duty with vibration 3.6 mm/s,fan_rpm_drop|fan_vibration,Fan bearing wear: vibration rising and RPM falling at constant PWM duty -- precedes seizure.,Hot-swap the fan module (N+1 redundant) and verify the remaining fans ramp correctly during the swap.,resolved,FAN-DEL-R760,1,0.38,5,P3,L. Moreau,normal,False
INC0104133,2026-09-20 12:05:57.403084782,2026-09-20 12:49:56.771014167,E08,E08-S6,E08-S6-DISK,disk,Dell,PowerEdge XE8640,ai,disk_reseat,drive reseated after link resets; SMART read error rate kept rising,smart_read_error_rate,Drive reseated after link-reset errors; errors resumed within days.,Reseating is not a durable fix when the SMART read error rate keeps rising -- replace the drive.,recurred,,0,0.73,19,P3,J. Alvarez,normal,False
INC0104219,2026-09-20 23:05:00.352748408,2026-09-21 00:28:58.802938969,B17,B17-S7,B17-S7-NIC,nic,Dell,PowerEdge R760,virtualization,nic_card,packet loss of 0.71% persisted after the transceiver and cable were replaced,packet_loss|crc_errors|nic_overtemp,NIC ASIC degradation: packet loss persisted after transceiver and cable replacement; NIC temperature elevated.,Replace the NIC card in a maintenance window after failing workloads over to the redundant NIC.,recurred,NIC-OCP3-25G-DP,1,1.4,0,P2,D. Haddad,normal,False
INC0105416,2026-09-21 18:39:00.000000000,2026-09-21 19:21:13.862211783,B09,B09-S2,,firmware,HPE,ProLiant DL380 Gen11,virtualization,fw_bmc_hang,telemetry gaps: BMC unresponsive to Redfish and IPMI,bmc_unresponsive,BMC firmware memory leak causing an unresponsive management controller (telemetry gaps).,"Reset the BMC (host unaffected), then roll out the fixed BMC firmware in a rolling window.",resolved,,0,0.7,2,P3,D. Haddad,normal,False
INC0104134,2026-09-23 00:50:22.087377637,2026-09-23 02:07:37.027558090,E08,E08-S6,E08-S6-DISK,disk,Dell,PowerEdge XE8640,ai,disk_media_wear,Recurrence of INC0104133: SMART reallocated sectors rose to 49 with pending sectors climbing,reallocated_sectors|pending_sectors|smart_read_error_rate,Drive media degradation: reallocated and pending sector counts rising steadily -- the pattern that preceded hard read failures in prior incidents.,"Drain the replica / rebuild the RAID member onto a healthy drive, then hot-swap the drive. Do not wait for a hard failure if a backup or replication job is currently reading from it.",resolved,SSD-NVME-U2-3T84,1,1.29,1,P2,J. Alvarez,normal,False
INC0104220,2026-09-25 13:35:30.924847967,2026-09-25 15:27:23.547656653,B17,B17-S7,B17-S7-NIC,nic,Dell,PowerEdge R760,virtualization,nic_card,Recurrence of INC0104219: packet loss of 0.74% persisted after the transceiver and cable were replaced,packet_loss|crc_errors|nic_overtemp,NIC ASIC degradation: packet loss persisted after transceiver and cable replacement; NIC temperature elevated.,Replace the NIC card in a maintenance window after failing workloads over to the redundant NIC.,resolved,NIC-OCP3-25G-DP,1,1.86,44,P2,R. Singh,normal,False
