date,sku,on_hand,on_order
2025-09-26,MEM-DDR5-64G-4800,18,0
2025-09-27,MEM-DDR5-64G-4800,18,0
2025-09-28,MEM-DDR5-64G-4800,18,0
2025-09-29,MEM-DDR5-64G-4800,16,0
2025-09-30,MEM-DDR5-64G-4800,14,0
2025-10-01,MEM-DDR5-64G-4800,13,0
2025-10-02,MEM-DDR5-64G-4800,13,0
2025-10-03,MEM-DDR5-64G-4800,13,0
2025-10-04,MEM-DDR5-64G-4800,13,0
2025-10-05,MEM-DDR5-64G-4800,13,0
2025-10-06,MEM-DDR5-64G-4800,11,0
2025-10-07,MEM-DDR5-64G-4800,9,0
2025-10-08,MEM-DDR5-64G-4800,9,0
2025-10-09,MEM-DDR5-64G-4800,8,20
2025-10-10,MEM-DDR5-64G-4800,8,20
2025-10-11,MEM-DDR5-64G-4800,6,20
2025-10-12,MEM-DDR5-64G-4800,6,20
2025-10-13,MEM-DDR5-64G-4800,6,20
2025-10-14,MEM-DDR5-64G-4800,6,20
2025-10-15,MEM-DDR5-64G-4800,5,20
2025-10-16,MEM-DDR5-64G-4800,5,20
2025-10-17,MEM-DDR5-64G-4800,3,20
2025-10-18,MEM-DDR5-64G-4800,22,0
2025-10-19,MEM-DDR5-64G-4800,22,0
2025-10-20,MEM-DDR5-64G-4800,22,0
2025-10-21,MEM-DDR5-64G-4800,22,0
2025-10-22,MEM-DDR5-64G-4800,22,0
2025-10-23,MEM-DDR5-64G-4800,22,0
2025-10-24,MEM-DDR5-64G-4800,22,0
2025-10-25,MEM-DDR5-64G-4800,21,0
2025-10-26,MEM-DDR5-64G-4800,21,0
2025-10-27,MEM-DDR5-64G-4800,20,0
2025-10-28,MEM-DDR5-64G-4800,20,0
2025-10-29,MEM-DDR5-64G-4800,20,0
2025-10-30,MEM-DDR5-64G-4800,20,0
2025-10-31,MEM-DDR5-64G-4800,20,0
2025-11-01,MEM-DDR5-64G-4800,19,0
2025-11-02,MEM-DDR5-64G-4800,19,0
2025-11-03,MEM-DDR5-64G-4800,19,0
2025-11-04,MEM-DDR5-64G-4800,18,0
2025-11-05,MEM-DDR5-64G-4800,18,0
2025-11-06,MEM-DDR5-64G-4800,18,0
2025-11-07,MEM-DDR5-64G-4800,17,0
2025-11-08,MEM-DDR5-64G-4800,17,0
2025-11-09,MEM-DDR5-64G-4800,16,0
2025-11-10,MEM-DDR5-64G-4800,16,0
2025-11-11,MEM-DDR5-64G-4800,16,0
2025-11-12,MEM-DDR5-64G-4800,15,0
2025-11-13,MEM-DDR5-64G-4800,15,0
2025-11-14,MEM-DDR5-64G-4800,14,0
2025-11-15,MEM-DDR5-64G-4800,14,0
2025-11-16,MEM-DDR5-64G-4800,13,0
2025-11-17,MEM-DDR5-64G-4800,13,0
2025-11-18,MEM-DDR5-64G-4800,13,0
2025-11-19,MEM-DDR5-64G-4800,12,0
2025-11-20,MEM-DDR5-64G-4800,12,0
2025-11-21,MEM-DDR5-64G-4800,12,0
2025-11-22,MEM-DDR5-64G-4800,12,0
2025-11-23,MEM-DDR5-64G-4800,12,0
2025-11-24,MEM-DDR5-64G-4800,11,0
2025-11-25,MEM-DDR5-64G-4800,10,0
2025-11-26,MEM-DDR5-64G-4800,10,0
2025-11-27,MEM-DDR5-64G-4800,10,0
2025-11-28,MEM-DDR5-64G-4800,10,0
2025-11-29,MEM-DDR5-64G-4800,9,0
2025-11-30,MEM-DDR5-64G-4800,9,0
2025-12-01,MEM-DDR5-64G-4800,9,0
2025-12-02,MEM-DDR5-64G-4800,8,20
2025-12-03,MEM-DDR5-64G-4800,7,20
2025-12-04,MEM-DDR5-64G-4800,7,20
2025-12-05,MEM-DDR5-64G-4800,5,20
2025-12-06,MEM-DDR5-64G-4800,5,20
2025-12-07,MEM-DDR5-64G-4800,5,20
2025-12-08,MEM-DDR5-64G-4800,5,20
2025-12-09,MEM-DDR5-64G-4800,4,20
2025-12-10,MEM-DDR5-64G-4800,4,20
2025-12-11,MEM-DDR5-64G-4800,4,20
2025-12-12,MEM-DDR5-64G-4800,4,20
2025-12-13,MEM-DDR5-64G-4800,4,20
2025-12-14,MEM-DDR5-64G-4800,24,0
2025-12-15,MEM-DDR5-64G-4800,24,0
2025-12-16,MEM-DDR5-64G-4800,20,0
2025-12-17,MEM-DDR5-64G-4800,20,0
2025-12-18,MEM-DDR5-64G-4800,20,0
2025-12-19,MEM-DDR5-64G-4800,20,0
2025-12-20,MEM-DDR5-64G-4800,20,0
2025-12-21,MEM-DDR5-64G-4800,20,0
2025-12-22,MEM-DDR5-64G-4800,19,0
2025-12-23,MEM-DDR5-64G-4800,19,0
2025-12-24,MEM-DDR5-64G-4800,17,0
2025-12-25,MEM-DDR5-64G-4800,17,0
2025-12-26,MEM-DDR5-64G-4800,17,0
2025-12-27,MEM-DDR5-64G-4800,17,0
2025-12-28,MEM-DDR5-64G-4800,17,0
2025-12-29,MEM-DDR5-64G-4800,17,0
2025-12-30,MEM-DDR5-64G-4800,17,0
2025-12-31,MEM-DDR5-64G-4800,17,0
2026-01-01,MEM-DDR5-64G-4800,16,0
2026-01-02,MEM-DDR5-64G-4800,16,0
2026-01-03,MEM-DDR5-64G-4800,15,0
2026-01-04,MEM-DDR5-64G-4800,14,0
2026-01-05,MEM-DDR5-64G-4800,13,0
2026-01-06,MEM-DDR5-64G-4800,11,0
2026-01-07,MEM-DDR5-64G-4800,11,0
2026-01-08,MEM-DDR5-64G-4800,11,0
2026-01-09,MEM-DDR5-64G-4800,10,0
2026-01-10,MEM-DDR5-64G-4800,8,20
2026-01-11,MEM-DDR5-64G-4800,4,20
2026-01-12,MEM-DDR5-64G-4800,4,20
2026-01-13,MEM-DDR5-64G-4800,3,20
2026-01-14,MEM-DDR5-64G-4800,3,20
2026-01-15,MEM-DDR5-64G-4800,3,20
2026-01-16,MEM-DDR5-64G-4800,3,20
2026-01-17,MEM-DDR5-64G-4800,3,20
2026-01-18,MEM-DDR5-64G-4800,3,20
2026-01-19,MEM-DDR5-64G-4800,2,20
2026-01-20,MEM-DDR5-64G-4800,21,0
2026-01-21,MEM-DDR5-64G-4800,21,0
2026-01-22,MEM-DDR5-64G-4800,21,0
2026-01-23,MEM-DDR5-64G-4800,21,0
2026-01-24,MEM-DDR5-64G-4800,21,0
2026-01-25,MEM-DDR5-64G-4800,21,0
2026-01-26,MEM-DDR5-64G-4800,20,0
2026-01-27,MEM-DDR5-64G-4800,19,0
2026-01-28,MEM-DDR5-64G-4800,19,0
2026-01-29,MEM-DDR5-64G-4800,19,0
2026-01-30,MEM-DDR5-64G-4800,19,0
2026-01-31,MEM-DDR5-64G-4800,18,0
2026-02-01,MEM-DDR5-64G-4800,18,0
2026-02-02,MEM-DDR5-64G-4800,16,0
2026-02-03,MEM-DDR5-64G-4800,16,0
2026-02-04,MEM-DDR5-64G-4800,15,0
2026-02-05,MEM-DDR5-64G-4800,15,0
2026-02-06,MEM-DDR5-64G-4800,14,0
2026-02-07,MEM-DDR5-64G-4800,13,0
2026-02-08,MEM-DDR5-64G-4800,13,0
2026-02-09,MEM-DDR5-64G-4800,12,0
2026-02-10,MEM-DDR5-64G-4800,12,0
2026-02-11,MEM-DDR5-64G-4800,12,0
2026-02-12,MEM-DDR5-64G-4800,12,0
2026-02-13,MEM-DDR5-64G-4800,12,0
2026-02-14,MEM-DDR5-64G-4800,11,0
2026-02-15,MEM-DDR5-64G-4800,11,0
2026-02-16,MEM-DDR5-64G-4800,10,0
2026-02-17,MEM-DDR5-64G-4800,9,0
2026-02-18,MEM-DDR5-64G-4800,9,0
2026-02-19,MEM-DDR5-64G-4800,9,0
2026-02-20,MEM-DDR5-64G-4800,9,0
2026-02-21,MEM-DDR5-64G-4800,9,0
2026-02-22,MEM-DDR5-64G-4800,9,0
2026-02-23,MEM-DDR5-64G-4800,8,20
2026-02-24,MEM-DDR5-64G-4800,7,20
2026-02-25,MEM-DDR5-64G-4800,7,20
2026-02-26,MEM-DDR5-64G-4800,6,20
2026-02-27,MEM-DDR5-64G-4800,6,20
2026-02-28,MEM-DDR5-64G-4800,5,20
2026-03-01,MEM-DDR5-64G-4800,4,20
2026-03-02,MEM-DDR5-64G-4800,2,20
2026-03-03,MEM-DDR5-64G-4800,2,20
2026-03-04,MEM-DDR5-64G-4800,2,20
2026-03-05,MEM-DDR5-64G-4800,1,20
2026-03-06,MEM-DDR5-64G-4800,21,0
2026-03-07,MEM-DDR5-64G-4800,21,0
2026-03-08,MEM-DDR5-64G-4800,21,0
2026-03-09,MEM-DDR5-64G-4800,20,0
2026-03-10,MEM-DDR5-64G-4800,20,0
2026-03-11,MEM-DDR5-64G-4800,20,0
2026-03-12,MEM-DDR5-64G-4800,20,0
2026-03-13,MEM-DDR5-64G-4800,20,0
2026-03-14,MEM-DDR5-64G-4800,19,0
2026-03-15,MEM-DDR5-64G-4800,18,0
2026-03-16,MEM-DDR5-64G-4800,18,0
2026-03-17,MEM-DDR5-64G-4800,17,0
2026-03-18,MEM-DDR5-64G-4800,15,0
2026-03-19,MEM-DDR5-64G-4800,13,0
2026-03-20,MEM-DDR5-64G-4800,12,0
2026-03-21,MEM-DDR5-64G-4800,12,0
2026-03-22,MEM-DDR5-64G-4800,12,0
2026-03-23,MEM-DDR5-64G-4800,12,0
2026-03-24,MEM-DDR5-64G-4800,12,0
2026-03-25,MEM-DDR5-64G-4800,11,0
2026-03-26,MEM-DDR5-64G-4800,10,0
2026-03-27,MEM-DDR5-64G-4800,10,0
2026-03-28,MEM-DDR5-64G-4800,10,0
2026-03-29,MEM-DDR5-64G-4800,10,0
2026-03-30,MEM-DDR5-64G-4800,10,0
2026-03-31,MEM-DDR5-64G-4800,10,0
2026-04-01,MEM-DDR5-64G-4800,10,0
2026-04-02,MEM-DDR5-64G-4800,9,0
2026-04-03,MEM-DDR5-64G-4800,9,0
2026-04-04,MEM-DDR5-64G-4800,9,0
2026-04-05,MEM-DDR5-64G-4800,8,20
2026-04-06,MEM-DDR5-64G-4800,7,20
2026-04-07,MEM-DDR5-64G-4800,7,20
2026-04-08,MEM-DDR5-64G-4800,7,20
2026-04-09,MEM-DDR5-64G-4800,7,20
2026-04-10,MEM-DDR5-64G-4800,7,20
2026-04-11,MEM-DDR5-64G-4800,7,20
2026-04-12,MEM-DDR5-64G-4800,6,20
2026-04-13,MEM-DDR5-64G-4800,6,20
2026-04-14,MEM-DDR5-64G-4800,6,20
2026-04-15,MEM-DDR5-64G-4800,6,20
2026-04-16,MEM-DDR5-64G-4800,26,0
2026-04-17,MEM-DDR5-64G-4800,26,0
2026-04-18,MEM-DDR5-64G-4800,26,0
2026-04-19,MEM-DDR5-64G-4800,26,0
2026-04-20,MEM-DDR5-64G-4800,26,0
2026-04-21,MEM-DDR5-64G-4800,25,0
2026-04-22,MEM-DDR5-64G-4800,24,0
2026-04-23,MEM-DDR5-64G-4800,23,0
2026-04-24,MEM-DDR5-64G-4800,22,0
2026-04-25,MEM-DDR5-64G-4800,22,0
2026-04-26,MEM-DDR5-64G-4800,21,0
2026-04-27,MEM-DDR5-64G-4800,21,0
2026-04-28,MEM-DDR5-64G-4800,21,0
2026-04-29,MEM-DDR5-64G-4800,21,0
2026-04-30,MEM-DDR5-64G-4800,20,0
2026-05-01,MEM-DDR5-64G-4800,20,0
2026-05-02,MEM-DDR5-64G-4800,20,0
2026-05-03,MEM-DDR5-64G-4800,19,0
2026-05-04,MEM-DDR5-64G-4800,19,0
2026-05-05,MEM-DDR5-64G-4800,18,0
2026-05-06,MEM-DDR5-64G-4800,17,0
2026-05-07,MEM-DDR5-64G-4800,17,0
2026-05-08,MEM-DDR5-64G-4800,17,0
2026-05-09,MEM-DDR5-64G-4800,16,0
2026-05-10,MEM-DDR5-64G-4800,15,0
2026-05-11,MEM-DDR5-64G-4800,15,0
2026-05-12,MEM-DDR5-64G-4800,15,0
2026-05-13,MEM-DDR5-64G-4800,15,0
2026-05-14,MEM-DDR5-64G-4800,15,0
2026-05-15,MEM-DDR5-64G-4800,13,0
2026-05-16,MEM-DDR5-64G-4800,11,0
2026-05-17,MEM-DDR5-64G-4800,10,0
2026-05-18,MEM-DDR5-64G-4800,10,0
2026-05-19,MEM-DDR5-64G-4800,8,20
2026-05-20,MEM-DDR5-64G-4800,8,20
2026-05-21,MEM-DDR5-64G-4800,7,20
2026-05-22,MEM-DDR5-64G-4800,7,20
2026-05-23,MEM-DDR5-64G-4800,7,20
2026-05-24,MEM-DDR5-64G-4800,7,20
2026-05-25,MEM-DDR5-64G-4800,6,20
2026-05-26,MEM-DDR5-64G-4800,6,20
2026-05-27,MEM-DDR5-64G-4800,6,20
2026-05-28,MEM-DDR5-64G-4800,6,20
2026-05-29,MEM-DDR5-64G-4800,6,20
2026-05-30,MEM-DDR5-64G-4800,26,0
2026-05-31,MEM-DDR5-64G-4800,26,0
2026-06-01,MEM-DDR5-64G-4800,26,0
2026-06-02,MEM-DDR5-64G-4800,26,0
2026-06-03,MEM-DDR5-64G-4800,26,0
2026-06-04,MEM-DDR5-64G-4800,26,0
2026-06-05,MEM-DDR5-64G-4800,26,0
2026-06-06,MEM-DDR5-64G-4800,25,0
2026-06-07,MEM-DDR5-64G-4800,25,0
2026-06-08,MEM-DDR5-64G-4800,25,0
2026-06-09,MEM-DDR5-64G-4800,24,0
2026-06-10,MEM-DDR5-64G-4800,24,0
2026-06-11,MEM-DDR5-64G-4800,23,0
2026-06-12,MEM-DDR5-64G-4800,22,0
2026-06-13,MEM-DDR5-64G-4800,22,0
2026-06-14,MEM-DDR5-64G-4800,22,0
2026-06-15,MEM-DDR5-64G-4800,21,0
2026-06-16,MEM-DDR5-64G-4800,21,0
2026-06-17,MEM-DDR5-64G-4800,21,0
2026-06-18,MEM-DDR5-64G-4800,21,0
2026-06-19,MEM-DDR5-64G-4800,21,0
2026-06-20,MEM-DDR5-64G-4800,20,0
2026-06-21,MEM-DDR5-64G-4800,20,0
2026-06-22,MEM-DDR5-64G-4800,19,0
2026-06-23,MEM-DDR5-64G-4800,19,0
2026-06-24,MEM-DDR5-64G-4800,18,0
2026-06-25,MEM-DDR5-64G-4800,17,0
2026-06-26,MEM-DDR5-64G-4800,17,0
2026-06-27,MEM-DDR5-64G-4800,17,0
2026-06-28,MEM-DDR5-64G-4800,16,0
2026-06-29,MEM-DDR5-64G-4800,16,0
2026-06-30,MEM-DDR5-64G-4800,16,0
2026-07-01,MEM-DDR5-64G-4800,16,0
2026-07-02,MEM-DDR5-64G-4800,16,0
2026-07-03,MEM-DDR5-64G-4800,16,0
2026-07-04,MEM-DDR5-64G-4800,15,0
2026-07-05,MEM-DDR5-64G-4800,15,0
2026-07-06,MEM-DDR5-64G-4800,15,0
2026-07-07,MEM-DDR5-64G-4800,15,0
2026-07-08,MEM-DDR5-64G-4800,15,0
2026-07-09,MEM-DDR5-64G-4800,15,0
2026-07-10,MEM-DDR5-64G-4800,13,0
2026-07-11,MEM-DDR5-64G-4800,12,0
2026-07-12,MEM-DDR5-64G-4800,12,0
2026-07-13,MEM-DDR5-64G-4800,12,0
2026-07-14,MEM-DDR5-64G-4800,12,0
2026-07-15,MEM-DDR5-64G-4800,12,0
2026-07-16,MEM-DDR5-64G-4800,12,0
2026-07-17,MEM-DDR5-64G-4800,12,0
2026-07-18,MEM-DDR5-64G-4800,12,0
2026-07-19,MEM-DDR5-64G-4800,12,0
2026-07-20,MEM-DDR5-64G-4800,12,0
2026-07-21,MEM-DDR5-64G-4800,12,0
2026-07-22,MEM-DDR5-64G-4800,11,0
2026-07-23,MEM-DDR5-64G-4800,11,0
2026-07-24,MEM-DDR5-64G-4800,11,0
2026-07-25,MEM-DDR5-64G-4800,11,0
2026-07-26,MEM-DDR5-64G-4800,11,0
2026-07-27,MEM-DDR5-64G-4800,9,0
2026-07-28,MEM-DDR5-64G-4800,8,20
2026-07-29,MEM-DDR5-64G-4800,7,20
2026-07-30,MEM-DDR5-64G-4800,7,20
2026-07-31,MEM-DDR5-64G-4800,6,20
2026-08-01,MEM-DDR5-64G-4800,6,20
2026-08-02,MEM-DDR5-64G-4800,6,20
2026-08-03,MEM-DDR5-64G-4800,5,20
2026-08-04,MEM-DDR5-64G-4800,4,20
2026-08-05,MEM-DDR5-64G-4800,4,20
2026-08-06,MEM-DDR5-64G-4800,24,0
2026-08-07,MEM-DDR5-64G-4800,23,0
2026-08-08,MEM-DDR5-64G-4800,23,0
2026-08-09,MEM-DDR5-64G-4800,22,0
2026-08-10,MEM-DDR5-64G-4800,21,0
2026-08-11,MEM-DDR5-64G-4800,20,0
2026-08-12,MEM-DDR5-64G-4800,19,0
2026-08-13,MEM-DDR5-64G-4800,19,0
2026-08-14,MEM-DDR5-64G-4800,18,0
2026-08-15,MEM-DDR5-64G-4800,18,0
2026-08-16,MEM-DDR5-64G-4800,18,0
2026-08-17,MEM-DDR5-64G-4800,18,0
2026-08-18,MEM-DDR5-64G-4800,17,0
2026-08-19,MEM-DDR5-64G-4800,17,0
2026-08-20,MEM-DDR5-64G-4800,17,0
2026-08-21,MEM-DDR5-64G-4800,17,0
2026-08-22,MEM-DDR5-64G-4800,17,0
2026-08-23,MEM-DDR5-64G-4800,16,0
2026-08-24,MEM-DDR5-64G-4800,16,0
2026-08-25,MEM-DDR5-64G-4800,16,0
2026-08-26,MEM-DDR5-64G-4800,15,0
2026-08-27,MEM-DDR5-64G-4800,14,0
2026-08-28,MEM-DDR5-64G-4800,14,0
2026-08-29,MEM-DDR5-64G-4800,12,0
2026-08-30,MEM-DDR5-64G-4800,12,0
2026-08-31,MEM-DDR5-64G-4800,12,0
2026-09-01,MEM-DDR5-64G-4800,12,0
2026-09-02,MEM-DDR5-64G-4800,12,0
2026-09-03,MEM-DDR5-64G-4800,12,0
2026-09-04,MEM-DDR5-64G-4800,11,0
2026-09-05,MEM-DDR5-64G-4800,11,0
2026-09-06,MEM-DDR5-64G-4800,9,0
2026-09-07,MEM-DDR5-64G-4800,9,0
2026-09-08,MEM-DDR5-64G-4800,9,0
2026-09-09,MEM-DDR5-64G-4800,9,0
2026-09-10,MEM-DDR5-64G-4800,9,0
2026-09-11,MEM-DDR5-64G-4800,9,0
2026-09-12,MEM-DDR5-64G-4800,9,0
2026-09-13,MEM-DDR5-64G-4800,8,20
2026-09-14,MEM-DDR5-64G-4800,7,20
2026-09-15,MEM-DDR5-64G-4800,4,20
2026-09-16,MEM-DDR5-64G-4800,3,20
2026-09-17,MEM-DDR5-64G-4800,3,20
2026-09-18,MEM-DDR5-64G-4800,2,20
2026-09-19,MEM-DDR5-64G-4800,2,20
2026-09-20,MEM-DDR5-64G-4800,2,20
2026-09-21,MEM-DDR5-64G-4800,2,20
2026-09-22,MEM-DDR5-64G-4800,2,20
2026-09-23,MEM-DDR5-64G-4800,22,0
2026-09-24,MEM-DDR5-64G-4800,22,0
2026-09-25,MEM-DDR5-64G-4800,22,0
2025-09-26,SSD-NVME-U2-3T84,15,0
2025-09-27,SSD-NVME-U2-3T84,15,0
2025-09-28,SSD-NVME-U2-3T84,15,0
2025-09-29,SSD-NVME-U2-3T84,15,0
2025-09-30,SSD-NVME-U2-3T84,15,0
2025-10-01,SSD-NVME-U2-3T84,14,0
2025-10-02,SSD-NVME-U2-3T84,14,0
2025-10-03,SSD-NVME-U2-3T84,11,0
2025-10-04,SSD-NVME-U2-3T84,9,0
2025-10-05,SSD-NVME-U2-3T84,9,0
2025-10-06,SSD-NVME-U2-3T84,9,0
2025-10-07,SSD-NVME-U2-3T84,9,0
2025-10-08,SSD-NVME-U2-3T84,8,0
2025-10-09,SSD-NVME-U2-3T84,7,0
2025-10-10,SSD-NVME-U2-3T84,7,0
2025-10-11,SSD-NVME-U2-3T84,7,0
2025-10-12,SSD-NVME-U2-3T84,6,19
2025-10-13,SSD-NVME-U2-3T84,5,19
2025-10-14,SSD-NVME-U2-3T84,5,19
2025-10-15,SSD-NVME-U2-3T84,5,19
2025-10-16,SSD-NVME-U2-3T84,4,19
2025-10-17,SSD-NVME-U2-3T84,4,19
2025-10-18,SSD-NVME-U2-3T84,3,19
2025-10-19,SSD-NVME-U2-3T84,3,19
2025-10-20,SSD-NVME-U2-3T84,3,19
2025-10-21,SSD-NVME-U2-3T84,3,19
2025-10-22,SSD-NVME-U2-3T84,2,19
2025-10-23,SSD-NVME-U2-3T84,1,19
2025-10-24,SSD-NVME-U2-3T84,1,19
2025-10-25,SSD-NVME-U2-3T84,1,19
2025-10-26,SSD-NVME-U2-3T84,19,0
2025-10-27,SSD-NVME-U2-3T84,19,0
2025-10-28,SSD-NVME-U2-3T84,19,0
2025-10-29,SSD-NVME-U2-3T84,18,0
2025-10-30,SSD-NVME-U2-3T84,18,0
2025-10-31,SSD-NVME-U2-3T84,18,0
2025-11-01,SSD-NVME-U2-3T84,18,0
2025-11-02,SSD-NVME-U2-3T84,18,0
2025-11-03,SSD-NVME-U2-3T84,18,0
2025-11-04,SSD-NVME-U2-3T84,18,0
2025-11-05,SSD-NVME-U2-3T84,18,0
2025-11-06,SSD-NVME-U2-3T84,18,0
2025-11-07,SSD-NVME-U2-3T84,18,0
2025-11-08,SSD-NVME-U2-3T84,17,0
2025-11-09,SSD-NVME-U2-3T84,17,0
2025-11-10,SSD-NVME-U2-3T84,17,0
2025-11-11,SSD-NVME-U2-3T84,16,0
2025-11-12,SSD-NVME-U2-3T84,15,0
2025-11-13,SSD-NVME-U2-3T84,15,0
2025-11-14,SSD-NVME-U2-3T84,15,0
2025-11-15,SSD-NVME-U2-3T84,15,0
2025-11-16,SSD-NVME-U2-3T84,15,0
2025-11-17,SSD-NVME-U2-3T84,14,0
2025-11-18,SSD-NVME-U2-3T84,14,0
2025-11-19,SSD-NVME-U2-3T84,13,0
2025-11-20,SSD-NVME-U2-3T84,12,0
2025-11-21,SSD-NVME-U2-3T84,12,0
2025-11-22,SSD-NVME-U2-3T84,12,0
2025-11-23,SSD-NVME-U2-3T84,12,0
2025-11-24,SSD-NVME-U2-3T84,12,0
2025-11-25,SSD-NVME-U2-3T84,10,0
2025-11-26,SSD-NVME-U2-3T84,10,0
2025-11-27,SSD-NVME-U2-3T84,10,0
2025-11-28,SSD-NVME-U2-3T84,10,0
2025-11-29,SSD-NVME-U2-3T84,10,0
2025-11-30,SSD-NVME-U2-3T84,8,0
2025-12-01,SSD-NVME-U2-3T84,8,0
2025-12-02,SSD-NVME-U2-3T84,8,0
2025-12-03,SSD-NVME-U2-3T84,8,0
2025-12-04,SSD-NVME-U2-3T84,7,0
2025-12-05,SSD-NVME-U2-3T84,6,19
2025-12-06,SSD-NVME-U2-3T84,5,19
2025-12-07,SSD-NVME-U2-3T84,5,19
2025-12-08,SSD-NVME-U2-3T84,5,19
2025-12-09,SSD-NVME-U2-3T84,4,19
2025-12-10,SSD-NVME-U2-3T84,4,19
2025-12-11,SSD-NVME-U2-3T84,3,19
2025-12-12,SSD-NVME-U2-3T84,3,19
2025-12-13,SSD-NVME-U2-3T84,3,19
2025-12-14,SSD-NVME-U2-3T84,3,19
2025-12-15,SSD-NVME-U2-3T84,3,19
2025-12-16,SSD-NVME-U2-3T84,3,19
2025-12-17,SSD-NVME-U2-3T84,3,19
2025-12-18,SSD-NVME-U2-3T84,2,19
2025-12-19,SSD-NVME-U2-3T84,1,19
2025-12-20,SSD-NVME-U2-3T84,1,19
2025-12-21,SSD-NVME-U2-3T84,19,0
2025-12-22,SSD-NVME-U2-3T84,19,0
2025-12-23,SSD-NVME-U2-3T84,19,0
2025-12-24,SSD-NVME-U2-3T84,17,0
2025-12-25,SSD-NVME-U2-3T84,17,0
2025-12-26,SSD-NVME-U2-3T84,17,0
2025-12-27,SSD-NVME-U2-3T84,17,0
2025-12-28,SSD-NVME-U2-3T84,17,0
2025-12-29,SSD-NVME-U2-3T84,16,0
2025-12-30,SSD-NVME-U2-3T84,15,0
2025-12-31,SSD-NVME-U2-3T84,15,0
2026-01-01,SSD-NVME-U2-3T84,15,0
2026-01-02,SSD-NVME-U2-3T84,14,0
2026-01-03,SSD-NVME-U2-3T84,13,0
2026-01-04,SSD-NVME-U2-3T84,13,0
2026-01-05,SSD-NVME-U2-3T84,13,0
2026-01-06,SSD-NVME-U2-3T84,13,0
2026-01-07,SSD-NVME-U2-3T84,13,0
2026-01-08,SSD-NVME-U2-3T84,13,0
2026-01-09,SSD-NVME-U2-3T84,13,0
2026-01-10,SSD-NVME-U2-3T84,11,0
2026-01-11,SSD-NVME-U2-3T84,11,0
2026-01-12,SSD-NVME-U2-3T84,9,0
2026-01-13,SSD-NVME-U2-3T84,8,0
2026-01-14,SSD-NVME-U2-3T84,8,0
2026-01-15,SSD-NVME-U2-3T84,6,19
2026-01-16,SSD-NVME-U2-3T84,6,19
2026-01-17,SSD-NVME-U2-3T84,6,19
2026-01-18,SSD-NVME-U2-3T84,5,19
2026-01-19,SSD-NVME-U2-3T84,4,19
2026-01-20,SSD-NVME-U2-3T84,4,19
2026-01-21,SSD-NVME-U2-3T84,4,19
2026-01-22,SSD-NVME-U2-3T84,4,19
2026-01-23,SSD-NVME-U2-3T84,3,19
2026-01-24,SSD-NVME-U2-3T84,2,19
2026-01-25,SSD-NVME-U2-3T84,0,19
2026-01-26,SSD-NVME-U2-3T84,0,19
2026-01-27,SSD-NVME-U2-3T84,0,19
2026-01-28,SSD-NVME-U2-3T84,0,19
2026-01-29,SSD-NVME-U2-3T84,0,19
2026-01-30,SSD-NVME-U2-3T84,18,0
2026-01-31,SSD-NVME-U2-3T84,18,0
2026-02-01,SSD-NVME-U2-3T84,18,0
2026-02-02,SSD-NVME-U2-3T84,17,0
2026-02-03,SSD-NVME-U2-3T84,17,0
2026-02-04,SSD-NVME-U2-3T84,17,0
2026-02-05,SSD-NVME-U2-3T84,17,0
2026-02-06,SSD-NVME-U2-3T84,17,0
2026-02-07,SSD-NVME-U2-3T84,14,0
2026-02-08,SSD-NVME-U2-3T84,14,0
2026-02-09,SSD-NVME-U2-3T84,12,0
2026-02-10,SSD-NVME-U2-3T84,12,0
2026-02-11,SSD-NVME-U2-3T84,12,0
2026-02-12,SSD-NVME-U2-3T84,12,0
2026-02-13,SSD-NVME-U2-3T84,12,0
2026-02-14,SSD-NVME-U2-3T84,11,0
2026-02-15,SSD-NVME-U2-3T84,10,0
2026-02-16,SSD-NVME-U2-3T84,10,0
2026-02-17,SSD-NVME-U2-3T84,10,0
2026-02-18,SSD-NVME-U2-3T84,9,0
2026-02-19,SSD-NVME-U2-3T84,9,0
2026-02-20,SSD-NVME-U2-3T84,9,0
2026-02-21,SSD-NVME-U2-3T84,9,0
2026-02-22,SSD-NVME-U2-3T84,9,0
2026-02-23,SSD-NVME-U2-3T84,8,0
2026-02-24,SSD-NVME-U2-3T84,8,0
2026-02-25,SSD-NVME-U2-3T84,8,0
2026-02-26,SSD-NVME-U2-3T84,8,0
2026-02-27,SSD-NVME-U2-3T84,7,0
2026-02-28,SSD-NVME-U2-3T84,7,0
2026-03-01,SSD-NVME-U2-3T84,7,0
2026-03-02,SSD-NVME-U2-3T84,7,0
2026-03-03,SSD-NVME-U2-3T84,7,0
2026-03-04,SSD-NVME-U2-3T84,7,0
2026-03-05,SSD-NVME-U2-3T84,7,0
2026-03-06,SSD-NVME-U2-3T84,7,0
2026-03-07,SSD-NVME-U2-3T84,5,19
2026-03-08,SSD-NVME-U2-3T84,5,19
2026-03-09,SSD-NVME-U2-3T84,5,19
2026-03-10,SSD-NVME-U2-3T84,5,19
2026-03-11,SSD-NVME-U2-3T84,5,19
2026-03-12,SSD-NVME-U2-3T84,5,19
2026-03-13,SSD-NVME-U2-3T84,4,19
2026-03-14,SSD-NVME-U2-3T84,4,19
2026-03-15,SSD-NVME-U2-3T84,4,19
2026-03-16,SSD-NVME-U2-3T84,3,19
2026-03-17,SSD-NVME-U2-3T84,3,19
2026-03-18,SSD-NVME-U2-3T84,3,19
2026-03-19,SSD-NVME-U2-3T84,2,19
2026-03-20,SSD-NVME-U2-3T84,21,0
2026-03-21,SSD-NVME-U2-3T84,20,0
2026-03-22,SSD-NVME-U2-3T84,20,0
2026-03-23,SSD-NVME-U2-3T84,20,0
2026-03-24,SSD-NVME-U2-3T84,19,0
2026-03-25,SSD-NVME-U2-3T84,19,0
2026-03-26,SSD-NVME-U2-3T84,18,0
2026-03-27,SSD-NVME-U2-3T84,17,0
2026-03-28,SSD-NVME-U2-3T84,17,0
2026-03-29,SSD-NVME-U2-3T84,16,0
2026-03-30,SSD-NVME-U2-3T84,16,0
2026-03-31,SSD-NVME-U2-3T84,14,0
2026-04-01,SSD-NVME-U2-3T84,14,0
2026-04-02,SSD-NVME-U2-3T84,14,0
2026-04-03,SSD-NVME-U2-3T84,14,0
2026-04-04,SSD-NVME-U2-3T84,14,0
2026-04-05,SSD-NVME-U2-3T84,14,0
2026-04-06,SSD-NVME-U2-3T84,14,0
2026-04-07,SSD-NVME-U2-3T84,13,0
2026-04-08,SSD-NVME-U2-3T84,13,0
2026-04-09,SSD-NVME-U2-3T84,13,0
2026-04-10,SSD-NVME-U2-3T84,12,0
2026-04-11,SSD-NVME-U2-3T84,11,0
2026-04-12,SSD-NVME-U2-3T84,10,0
2026-04-13,SSD-NVME-U2-3T84,9,0
2026-04-14,SSD-NVME-U2-3T84,9,0
2026-04-15,SSD-NVME-U2-3T84,8,0
2026-04-16,SSD-NVME-U2-3T84,7,0
2026-04-17,SSD-NVME-U2-3T84,6,19
2026-04-18,SSD-NVME-U2-3T84,6,19
2026-04-19,SSD-NVME-U2-3T84,6,19
2026-04-20,SSD-NVME-U2-3T84,6,19
2026-04-21,SSD-NVME-U2-3T84,6,19
2026-04-22,SSD-NVME-U2-3T84,5,19
2026-04-23,SSD-NVME-U2-3T84,5,19
2026-04-24,SSD-NVME-U2-3T84,5,19
2026-04-25,SSD-NVME-U2-3T84,5,19
2026-04-26,SSD-NVME-U2-3T84,4,19
2026-04-27,SSD-NVME-U2-3T84,4,19
2026-04-28,SSD-NVME-U2-3T84,3,19
2026-04-29,SSD-NVME-U2-3T84,3,19
2026-04-30,SSD-NVME-U2-3T84,3,19
2026-05-01,SSD-NVME-U2-3T84,3,19
2026-05-02,SSD-NVME-U2-3T84,22,0
2026-05-03,SSD-NVME-U2-3T84,22,0
2026-05-04,SSD-NVME-U2-3T84,22,0
2026-05-05,SSD-NVME-U2-3T84,22,0
2026-05-06,SSD-NVME-U2-3T84,22,0
2026-05-07,SSD-NVME-U2-3T84,22,0
2026-05-08,SSD-NVME-U2-3T84,22,0
2026-05-09,SSD-NVME-U2-3T84,22,0
2026-05-10,SSD-NVME-U2-3T84,21,0
2026-05-11,SSD-NVME-U2-3T84,20,0
2026-05-12,SSD-NVME-U2-3T84,20,0
2026-05-13,SSD-NVME-U2-3T84,20,0
2026-05-14,SSD-NVME-U2-3T84,20,0
2026-05-15,SSD-NVME-U2-3T84,19,0
2026-05-16,SSD-NVME-U2-3T84,19,0
2026-05-17,SSD-NVME-U2-3T84,19,0
2026-05-18,SSD-NVME-U2-3T84,19,0
2026-05-19,SSD-NVME-U2-3T84,17,0
2026-05-20,SSD-NVME-U2-3T84,15,0
2026-05-21,SSD-NVME-U2-3T84,13,0
2026-05-22,SSD-NVME-U2-3T84,13,0
2026-05-23,SSD-NVME-U2-3T84,13,0
2026-05-24,SSD-NVME-U2-3T84,12,0
2026-05-25,SSD-NVME-U2-3T84,12,0
2026-05-26,SSD-NVME-U2-3T84,11,0
2026-05-27,SSD-NVME-U2-3T84,11,0
2026-05-28,SSD-NVME-U2-3T84,11,0
2026-05-29,SSD-NVME-U2-3T84,10,0
2026-05-30,SSD-NVME-U2-3T84,10,0
2026-05-31,SSD-NVME-U2-3T84,9,0
2026-06-01,SSD-NVME-U2-3T84,8,0
2026-06-02,SSD-NVME-U2-3T84,7,0
2026-06-03,SSD-NVME-U2-3T84,6,19
2026-06-04,SSD-NVME-U2-3T84,6,19
2026-06-05,SSD-NVME-U2-3T84,5,19
2026-06-06,SSD-NVME-U2-3T84,5,19
2026-06-07,SSD-NVME-U2-3T84,5,19
2026-06-08,SSD-NVME-U2-3T84,4,19
2026-06-09,SSD-NVME-U2-3T84,4,19
2026-06-10,SSD-NVME-U2-3T84,3,19
2026-06-11,SSD-NVME-U2-3T84,1,19
2026-06-12,SSD-NVME-U2-3T84,0,19
2026-06-13,SSD-NVME-U2-3T84,0,19
2026-06-14,SSD-NVME-U2-3T84,0,19
2026-06-15,SSD-NVME-U2-3T84,0,19
2026-06-16,SSD-NVME-U2-3T84,19,0
2026-06-17,SSD-NVME-U2-3T84,19,0
2026-06-18,SSD-NVME-U2-3T84,19,0
2026-06-19,SSD-NVME-U2-3T84,19,0
2026-06-20,SSD-NVME-U2-3T84,19,0
2026-06-21,SSD-NVME-U2-3T84,19,0
2026-06-22,SSD-NVME-U2-3T84,19,0
2026-06-23,SSD-NVME-U2-3T84,18,0
2026-06-24,SSD-NVME-U2-3T84,17,0
2026-06-25,SSD-NVME-U2-3T84,17,0
2026-06-26,SSD-NVME-U2-3T84,17,0
2026-06-27,SSD-NVME-U2-3T84,17,0
2026-06-28,SSD-NVME-U2-3T84,17,0
2026-06-29,SSD-NVME-U2-3T84,17,0
2026-06-30,SSD-NVME-U2-3T84,17,0
2026-07-01,SSD-NVME-U2-3T84,17,0
2026-07-02,SSD-NVME-U2-3T84,17,0
2026-07-03,SSD-NVME-U2-3T84,17,0
2026-07-04,SSD-NVME-U2-3T84,16,0
2026-07-05,SSD-NVME-U2-3T84,16,0
2026-07-06,SSD-NVME-U2-3T84,16,0
2026-07-07,SSD-NVME-U2-3T84,16,0
2026-07-08,SSD-NVME-U2-3T84,15,0
2026-07-09,SSD-NVME-U2-3T84,13,0
2026-07-10,SSD-NVME-U2-3T84,12,0
2026-07-11,SSD-NVME-U2-3T84,12,0
2026-07-12,SSD-NVME-U2-3T84,12,0
2026-07-13,SSD-NVME-U2-3T84,12,0
2026-07-14,SSD-NVME-U2-3T84,12,0
2026-07-15,SSD-NVME-U2-3T84,11,0
2026-07-16,SSD-NVME-U2-3T84,10,0
2026-07-17,SSD-NVME-U2-3T84,10,0
2026-07-18,SSD-NVME-U2-3T84,10,0
2026-07-19,SSD-NVME-U2-3T84,10,0
2026-07-20,SSD-NVME-U2-3T84,10,0
2026-07-21,SSD-NVME-U2-3T84,10,0
2026-07-22,SSD-NVME-U2-3T84,9,0
2026-07-23,SSD-NVME-U2-3T84,9,0
2026-07-24,SSD-NVME-U2-3T84,7,0
2026-07-25,SSD-NVME-U2-3T84,7,0
2026-07-26,SSD-NVME-U2-3T84,7,0
2026-07-27,SSD-NVME-U2-3T84,7,0
2026-07-28,SSD-NVME-U2-3T84,7,0
2026-07-29,SSD-NVME-U2-3T84,7,0
2026-07-30,SSD-NVME-U2-3T84,7,0
2026-07-31,SSD-NVME-U2-3T84,7,0
2026-08-01,SSD-NVME-U2-3T84,7,0
2026-08-02,SSD-NVME-U2-3T84,7,0
2026-08-03,SSD-NVME-U2-3T84,7,0
2026-08-04,SSD-NVME-U2-3T84,5,19
2026-08-05,SSD-NVME-U2-3T84,5,19
2026-08-06,SSD-NVME-U2-3T84,4,19
2026-08-07,SSD-NVME-U2-3T84,4,19
2026-08-08,SSD-NVME-U2-3T84,2,19
2026-08-09,SSD-NVME-U2-3T84,1,19
2026-08-10,SSD-NVME-U2-3T84,0,19
2026-08-11,SSD-NVME-U2-3T84,0,19
2026-08-12,SSD-NVME-U2-3T84,0,19
2026-08-13,SSD-NVME-U2-3T84,0,19
2026-08-14,SSD-NVME-U2-3T84,0,19
2026-08-15,SSD-NVME-U2-3T84,0,19
2026-08-16,SSD-NVME-U2-3T84,0,19
2026-08-17,SSD-NVME-U2-3T84,0,19
2026-08-18,SSD-NVME-U2-3T84,0,19
2026-08-19,SSD-NVME-U2-3T84,0,19
2026-08-20,SSD-NVME-U2-3T84,17,0
2026-08-21,SSD-NVME-U2-3T84,17,0
2026-08-22,SSD-NVME-U2-3T84,16,0
2026-08-23,SSD-NVME-U2-3T84,16,0
2026-08-24,SSD-NVME-U2-3T84,16,0
2026-08-25,SSD-NVME-U2-3T84,16,0
2026-08-26,SSD-NVME-U2-3T84,15,0
2026-08-27,SSD-NVME-U2-3T84,15,0
2026-08-28,SSD-NVME-U2-3T84,14,0
2026-08-29,SSD-NVME-U2-3T84,13,0
2026-08-30,SSD-NVME-U2-3T84,13,0
2026-08-31,SSD-NVME-U2-3T84,12,0
2026-09-01,SSD-NVME-U2-3T84,12,0
2026-09-02,SSD-NVME-U2-3T84,11,0
2026-09-03,SSD-NVME-U2-3T84,11,0
2026-09-04,SSD-NVME-U2-3T84,11,0
2026-09-05,SSD-NVME-U2-3T84,11,0
2026-09-06,SSD-NVME-U2-3T84,11,0
2026-09-07,SSD-NVME-U2-3T84,11,0
2026-09-08,SSD-NVME-U2-3T84,11,0
2026-09-09,SSD-NVME-U2-3T84,11,0
2026-09-10,SSD-NVME-U2-3T84,10,0
2026-09-11,SSD-NVME-U2-3T84,9,0
2026-09-12,SSD-NVME-U2-3T84,9,0
2026-09-13,SSD-NVME-U2-3T84,9,0
2026-09-14,SSD-NVME-U2-3T84,7,0
2026-09-15,SSD-NVME-U2-3T84,5,19
2026-09-16,SSD-NVME-U2-3T84,3,19
2026-09-17,SSD-NVME-U2-3T84,3,19
2026-09-18,SSD-NVME-U2-3T84,3,19
2026-09-19,SSD-NVME-U2-3T84,2,19
2026-09-20,SSD-NVME-U2-3T84,2,19
2026-09-21,SSD-NVME-U2-3T84,2,19
2026-09-22,SSD-NVME-U2-3T84,2,19
2026-09-23,SSD-NVME-U2-3T84,1,19
2026-09-24,SSD-NVME-U2-3T84,1,19
2026-09-25,SSD-NVME-U2-3T84,1,19
2025-09-26,HDD-SAS-12T,7,0
2025-09-27,HDD-SAS-12T,7,0
2025-09-28,HDD-SAS-12T,7,0
2025-09-29,HDD-SAS-12T,7,0
2025-09-30,HDD-SAS-12T,7,0
2025-10-01,HDD-SAS-12T,7,0
2025-10-02,HDD-SAS-12T,6,0
2025-10-03,HDD-SAS-12T,6,0
2025-10-04,HDD-SAS-12T,6,0
2025-10-05,HDD-SAS-12T,6,0
2025-10-06,HDD-SAS-12T,6,0
2025-10-07,HDD-SAS-12T,6,0
2025-10-08,HDD-SAS-12T,6,0
2025-10-09,HDD-SAS-12T,6,0
2025-10-10,HDD-SAS-12T,6,0
2025-10-11,HDD-SAS-12T,6,0
2025-10-12,HDD-SAS-12T,5,0
2025-10-13,HDD-SAS-12T,5,0
2025-10-14,HDD-SAS-12T,5,0
2025-10-15,HDD-SAS-12T,5,0
2025-10-16,HDD-SAS-12T,5,0
2025-10-17,HDD-SAS-12T,5,0
2025-10-18,HDD-SAS-12T,5,0
2025-10-19,HDD-SAS-12T,5,0
2025-10-20,HDD-SAS-12T,5,0
2025-10-21,HDD-SAS-12T,5,0
2025-10-22,HDD-SAS-12T,5,0
2025-10-23,HDD-SAS-12T,5,0
2025-10-24,HDD-SAS-12T,5,0
2025-10-25,HDD-SAS-12T,5,0
2025-10-26,HDD-SAS-12T,5,0
2025-10-27,HDD-SAS-12T,5,0
2025-10-28,HDD-SAS-12T,5,0
2025-10-29,HDD-SAS-12T,5,0
2025-10-30,HDD-SAS-12T,3,5
2025-10-31,HDD-SAS-12T,3,5
2025-11-01,HDD-SAS-12T,3,5
2025-11-02,HDD-SAS-12T,3,5
2025-11-03,HDD-SAS-12T,3,5
2025-11-04,HDD-SAS-12T,3,5
2025-11-05,HDD-SAS-12T,3,5
2025-11-06,HDD-SAS-12T,3,5
2025-11-07,HDD-SAS-12T,3,5
2025-11-08,HDD-SAS-12T,3,5
2025-11-09,HDD-SAS-12T,3,5
2025-11-10,HDD-SAS-12T,3,5
2025-11-11,HDD-SAS-12T,3,5
2025-11-12,HDD-SAS-12T,8,0
2025-11-13,HDD-SAS-12T,8,0
2025-11-14,HDD-SAS-12T,7,0
2025-11-15,HDD-SAS-12T,7,0
2025-11-16,HDD-SAS-12T,7,0
2025-11-17,HDD-SAS-12T,7,0
2025-11-18,HDD-SAS-12T,7,0
2025-11-19,HDD-SAS-12T,7,0
2025-11-20,HDD-SAS-12T,7,0
2025-11-21,HDD-SAS-12T,7,0
2025-11-22,HDD-SAS-12T,7,0
2025-11-23,HDD-SAS-12T,7,0
2025-11-24,HDD-SAS-12T,7,0
2025-11-25,HDD-SAS-12T,7,0
2025-11-26,HDD-SAS-12T,7,0
2025-11-27,HDD-SAS-12T,7,0
2025-11-28,HDD-SAS-12T,7,0
2025-11-29,HDD-SAS-12T,7,0
2025-11-30,HDD-SAS-12T,7,0
2025-12-01,HDD-SAS-12T,7,0
2025-12-02,HDD-SAS-12T,7,0
2025-12-03,HDD-SAS-12T,7,0
2025-12-04,HDD-SAS-12T,7,0
2025-12-05,HDD-SAS-12T,7,0
2025-12-06,HDD-SAS-12T,7,0
2025-12-07,HDD-SAS-12T,7,0
2025-12-08,HDD-SAS-12T,7,0
2025-12-09,HDD-SAS-12T,7,0
2025-12-10,HDD-SAS-12T,7,0
2025-12-11,HDD-SAS-12T,7,0
2025-12-12,HDD-SAS-12T,7,0
2025-12-13,HDD-SAS-12T,7,0
2025-12-14,HDD-SAS-12T,7,0
2025-12-15,HDD-SAS-12T,7,0
2025-12-16,HDD-SAS-12T,7,0
2025-12-17,HDD-SAS-12T,7,0
2025-12-18,HDD-SAS-12T,7,0
2025-12-19,HDD-SAS-12T,7,0
2025-12-20,HDD-SAS-12T,7,0
2025-12-21,HDD-SAS-12T,7,0
2025-12-22,HDD-SAS-12T,7,0
2025-12-23,HDD-SAS-12T,7,0
2025-12-24,HDD-SAS-12T,7,0
2025-12-25,HDD-SAS-12T,7,0
2025-12-26,HDD-SAS-12T,7,0
2025-12-27,HDD-SAS-12T,7,0
2025-12-28,HDD-SAS-12T,7,0
2025-12-29,HDD-SAS-12T,7,0
2025-12-30,HDD-SAS-12T,7,0
2025-12-31,HDD-SAS-12T,7,0
2026-01-01,HDD-SAS-12T,6,0
2026-01-02,HDD-SAS-12T,6,0
2026-01-03,HDD-SAS-12T,6,0
2026-01-04,HDD-SAS-12T,6,0
2026-01-05,HDD-SAS-12T,6,0
2026-01-06,HDD-SAS-12T,6,0
2026-01-07,HDD-SAS-12T,6,0
2026-01-08,HDD-SAS-12T,6,0
2026-01-09,HDD-SAS-12T,4,0
2026-01-10,HDD-SAS-12T,4,0
2026-01-11,HDD-SAS-12T,4,0
2026-01-12,HDD-SAS-12T,4,0
2026-01-13,HDD-SAS-12T,4,0
2026-01-14,HDD-SAS-12T,4,0
2026-01-15,HDD-SAS-12T,4,0
2026-01-16,HDD-SAS-12T,4,0
2026-01-17,HDD-SAS-12T,4,0
2026-01-18,HDD-SAS-12T,4,0
2026-01-19,HDD-SAS-12T,4,0
2026-01-20,HDD-SAS-12T,4,0
2026-01-21,HDD-SAS-12T,4,0
2026-01-22,HDD-SAS-12T,4,0
2026-01-23,HDD-SAS-12T,4,0
2026-01-24,HDD-SAS-12T,4,0
2026-01-25,HDD-SAS-12T,4,0
2026-01-26,HDD-SAS-12T,4,0
2026-01-27,HDD-SAS-12T,4,0
2026-01-28,HDD-SAS-12T,4,0
2026-01-29,HDD-SAS-12T,4,0
2026-01-30,HDD-SAS-12T,4,0
2026-01-31,HDD-SAS-12T,3,5
2026-02-01,HDD-SAS-12T,3,5
2026-02-02,HDD-SAS-12T,3,5
2026-02-03,HDD-SAS-12T,2,5
2026-02-04,HDD-SAS-12T,2,5
2026-02-05,HDD-SAS-12T,2,5
2026-02-06,HDD-SAS-12T,2,5
2026-02-07,HDD-SAS-12T,2,5
2026-02-08,HDD-SAS-12T,2,5
2026-02-09,HDD-SAS-12T,2,5
2026-02-10,HDD-SAS-12T,2,5
2026-02-11,HDD-SAS-12T,2,5
2026-02-12,HDD-SAS-12T,2,5
2026-02-13,HDD-SAS-12T,2,5
2026-02-14,HDD-SAS-12T,7,0
2026-02-15,HDD-SAS-12T,7,0
2026-02-16,HDD-SAS-12T,7,0
2026-02-17,HDD-SAS-12T,7,0
2026-02-18,HDD-SAS-12T,7,0
2026-02-19,HDD-SAS-12T,7,0
2026-02-20,HDD-SAS-12T,7,0
2026-02-21,HDD-SAS-12T,7,0
2026-02-22,HDD-SAS-12T,7,0
2026-02-23,HDD-SAS-12T,7,0
2026-02-24,HDD-SAS-12T,7,0
2026-02-25,HDD-SAS-12T,7,0
2026-02-26,HDD-SAS-12T,7,0
2026-02-27,HDD-SAS-12T,7,0
2026-02-28,HDD-SAS-12T,6,0
2026-03-01,HDD-SAS-12T,6,0
2026-03-02,HDD-SAS-12T,6,0
2026-03-03,HDD-SAS-12T,6,0
2026-03-04,HDD-SAS-12T,6,0
2026-03-05,HDD-SAS-12T,6,0
2026-03-06,HDD-SAS-12T,6,0
2026-03-07,HDD-SAS-12T,6,0
2026-03-08,HDD-SAS-12T,6,0
2026-03-09,HDD-SAS-12T,6,0
2026-03-10,HDD-SAS-12T,6,0
2026-03-11,HDD-SAS-12T,6,0
2026-03-12,HDD-SAS-12T,6,0
2026-03-13,HDD-SAS-12T,6,0
2026-03-14,HDD-SAS-12T,6,0
2026-03-15,HDD-SAS-12T,6,0
2026-03-16,HDD-SAS-12T,6,0
2026-03-17,HDD-SAS-12T,5,0
2026-03-18,HDD-SAS-12T,5,0
2026-03-19,HDD-SAS-12T,5,0
2026-03-20,HDD-SAS-12T,5,0
2026-03-21,HDD-SAS-12T,5,0
2026-03-22,HDD-SAS-12T,5,0
2026-03-23,HDD-SAS-12T,5,0
2026-03-24,HDD-SAS-12T,5,0
2026-03-25,HDD-SAS-12T,5,0
2026-03-26,HDD-SAS-12T,5,0
2026-03-27,HDD-SAS-12T,5,0
2026-03-28,HDD-SAS-12T,5,0
2026-03-29,HDD-SAS-12T,5,0
2026-03-30,HDD-SAS-12T,5,0
2026-03-31,HDD-SAS-12T,5,0
2026-04-01,HDD-SAS-12T,5,0
2026-04-02,HDD-SAS-12T,5,0
2026-04-03,HDD-SAS-12T,5,0
2026-04-04,HDD-SAS-12T,5,0
2026-04-05,HDD-SAS-12T,5,0
2026-04-06,HDD-SAS-12T,4,0
2026-04-07,HDD-SAS-12T,4,0
2026-04-08,HDD-SAS-12T,4,0
2026-04-09,HDD-SAS-12T,4,0
2026-04-10,HDD-SAS-12T,4,0
2026-04-11,HDD-SAS-12T,4,0
2026-04-12,HDD-SAS-12T,4,0
2026-04-13,HDD-SAS-12T,4,0
2026-04-14,HDD-SAS-12T,4,0
2026-04-15,HDD-SAS-12T,4,0
2026-04-16,HDD-SAS-12T,4,0
2026-04-17,HDD-SAS-12T,4,0
2026-04-18,HDD-SAS-12T,3,5
2026-04-19,HDD-SAS-12T,3,5
2026-04-20,HDD-SAS-12T,2,5
2026-04-21,HDD-SAS-12T,2,5
2026-04-22,HDD-SAS-12T,2,5
2026-04-23,HDD-SAS-12T,2,5
2026-04-24,HDD-SAS-12T,2,5
2026-04-25,HDD-SAS-12T,2,5
2026-04-26,HDD-SAS-12T,2,5
2026-04-27,HDD-SAS-12T,2,5
2026-04-28,HDD-SAS-12T,2,5
2026-04-29,HDD-SAS-12T,2,5
2026-04-30,HDD-SAS-12T,7,0
2026-05-01,HDD-SAS-12T,7,0
2026-05-02,HDD-SAS-12T,7,0
2026-05-03,HDD-SAS-12T,7,0
2026-05-04,HDD-SAS-12T,7,0
2026-05-05,HDD-SAS-12T,7,0
2026-05-06,HDD-SAS-12T,7,0
2026-05-07,HDD-SAS-12T,6,0
2026-05-08,HDD-SAS-12T,5,0
2026-05-09,HDD-SAS-12T,5,0
2026-05-10,HDD-SAS-12T,4,0
2026-05-11,HDD-SAS-12T,3,5
2026-05-12,HDD-SAS-12T,3,5
2026-05-13,HDD-SAS-12T,3,5
2026-05-14,HDD-SAS-12T,3,5
2026-05-15,HDD-SAS-12T,3,5
2026-05-16,HDD-SAS-12T,3,5
2026-05-17,HDD-SAS-12T,3,5
2026-05-18,HDD-SAS-12T,3,5
2026-05-19,HDD-SAS-12T,3,5
2026-05-20,HDD-SAS-12T,3,5
2026-05-21,HDD-SAS-12T,3,5
2026-05-22,HDD-SAS-12T,8,0
2026-05-23,HDD-SAS-12T,8,0
2026-05-24,HDD-SAS-12T,8,0
2026-05-25,HDD-SAS-12T,8,0
2026-05-26,HDD-SAS-12T,8,0
2026-05-27,HDD-SAS-12T,8,0
2026-05-28,HDD-SAS-12T,7,0
2026-05-29,HDD-SAS-12T,7,0
2026-05-30,HDD-SAS-12T,7,0
2026-05-31,HDD-SAS-12T,7,0
2026-06-01,HDD-SAS-12T,7,0
2026-06-02,HDD-SAS-12T,7,0
2026-06-03,HDD-SAS-12T,7,0
2026-06-04,HDD-SAS-12T,7,0
2026-06-05,HDD-SAS-12T,7,0
2026-06-06,HDD-SAS-12T,7,0
2026-06-07,HDD-SAS-12T,7,0
2026-06-08,HDD-SAS-12T,7,0
2026-06-09,HDD-SAS-12T,7,0
2026-06-10,HDD-SAS-12T,7,0
2026-06-11,HDD-SAS-12T,6,0
2026-06-12,HDD-SAS-12T,5,0
2026-06-13,HDD-SAS-12T,5,0
2026-06-14,HDD-SAS-12T,5,0
2026-06-15,HDD-SAS-12T,5,0
2026-06-16,HDD-SAS-12T,4,0
2026-06-17,HDD-SAS-12T,3,5
2026-06-18,HDD-SAS-12T,3,5
2026-06-19,HDD-SAS-12T,3,5
2026-06-20,HDD-SAS-12T,2,5
2026-06-21,HDD-SAS-12T,2,5
2026-06-22,HDD-SAS-12T,2,5
2026-06-23,HDD-SAS-12T,2,5
2026-06-24,HDD-SAS-12T,2,5
2026-06-25,HDD-SAS-12T,2,5
2026-06-26,HDD-SAS-12T,2,5
2026-06-27,HDD-SAS-12T,2,5
2026-06-28,HDD-SAS-12T,2,5
2026-06-29,HDD-SAS-12T,2,5
2026-06-30,HDD-SAS-12T,7,0
2026-07-01,HDD-SAS-12T,7,0
2026-07-02,HDD-SAS-12T,7,0
2026-07-03,HDD-SAS-12T,7,0
2026-07-04,HDD-SAS-12T,7,0
2026-07-05,HDD-SAS-12T,7,0
2026-07-06,HDD-SAS-12T,7,0
2026-07-07,HDD-SAS-12T,7,0
2026-07-08,HDD-SAS-12T,7,0
2026-07-09,HDD-SAS-12T,7,0
2026-07-10,HDD-SAS-12T,7,0
2026-07-11,HDD-SAS-12T,7,0
2026-07-12,HDD-SAS-12T,7,0
2026-07-13,HDD-SAS-12T,7,0
2026-07-14,HDD-SAS-12T,7,0
2026-07-15,HDD-SAS-12T,7,0
2026-07-16,HDD-SAS-12T,7,0
2026-07-17,HDD-SAS-12T,7,0
2026-07-18,HDD-SAS-12T,6,0
2026-07-19,HDD-SAS-12T,6,0
2026-07-20,HDD-SAS-12T,6,0
2026-07-21,HDD-SAS-12T,5,0
2026-07-22,HDD-SAS-12T,5,0
2026-07-23,HDD-SAS-12T,5,0
2026-07-24,HDD-SAS-12T,4,0
2026-07-25,HDD-SAS-12T,4,0
2026-07-26,HDD-SAS-12T,4,0
2026-07-27,HDD-SAS-12T,4,0
2026-07-28,HDD-SAS-12T,4,0
2026-07-29,HDD-SAS-12T,4,0
2026-07-30,HDD-SAS-12T,4,0
2026-07-31,HDD-SAS-12T,4,0
2026-08-01,HDD-SAS-12T,4,0
2026-08-02,HDD-SAS-12T,4,0
2026-08-03,HDD-SAS-12T,4,0
2026-08-04,HDD-SAS-12T,3,5
2026-08-05,HDD-SAS-12T,3,5
2026-08-06,HDD-SAS-12T,2,5
2026-08-07,HDD-SAS-12T,2,5
2026-08-08,HDD-SAS-12T,2,5
2026-08-09,HDD-SAS-12T,2,5
2026-08-10,HDD-SAS-12T,2,5
2026-08-11,HDD-SAS-12T,1,5
2026-08-12,HDD-SAS-12T,1,5
2026-08-13,HDD-SAS-12T,1,5
2026-08-14,HDD-SAS-12T,1,5
2026-08-15,HDD-SAS-12T,1,5
2026-08-16,HDD-SAS-12T,6,0
2026-08-17,HDD-SAS-12T,6,0
2026-08-18,HDD-SAS-12T,6,0
2026-08-19,HDD-SAS-12T,6,0
2026-08-20,HDD-SAS-12T,6,0
2026-08-21,HDD-SAS-12T,6,0
2026-08-22,HDD-SAS-12T,6,0
2026-08-23,HDD-SAS-12T,6,0
2026-08-24,HDD-SAS-12T,6,0
2026-08-25,HDD-SAS-12T,6,0
2026-08-26,HDD-SAS-12T,6,0
2026-08-27,HDD-SAS-12T,5,0
2026-08-28,HDD-SAS-12T,5,0
2026-08-29,HDD-SAS-12T,4,0
2026-08-30,HDD-SAS-12T,4,0
2026-08-31,HDD-SAS-12T,4,0
2026-09-01,HDD-SAS-12T,4,0
2026-09-02,HDD-SAS-12T,4,0
2026-09-03,HDD-SAS-12T,4,0
2026-09-04,HDD-SAS-12T,4,0
2026-09-05,HDD-SAS-12T,4,0
2026-09-06,HDD-SAS-12T,4,0
2026-09-07,HDD-SAS-12T,4,0
2026-09-08,HDD-SAS-12T,4,0
2026-09-09,HDD-SAS-12T,3,5
2026-09-10,HDD-SAS-12T,3,5
2026-09-11,HDD-SAS-12T,3,5
2026-09-12,HDD-SAS-12T,3,5
2026-09-13,HDD-SAS-12T,3,5
2026-09-14,HDD-SAS-12T,3,5
2026-09-15,HDD-SAS-12T,3,5
2026-09-16,HDD-SAS-12T,3,5
2026-09-17,HDD-SAS-12T,3,5
2026-09-18,HDD-SAS-12T,2,5
2026-09-19,HDD-SAS-12T,0,5
2026-09-20,HDD-SAS-12T,0,5
2026-09-21,HDD-SAS-12T,0,5
2026-09-22,HDD-SAS-12T,5,0
2026-09-23,HDD-SAS-12T,5,0
2026-09-24,HDD-SAS-12T,5,0
2026-09-25,HDD-SAS-12T,5,0
2025-09-26,PSU-DEL-1400W,7,0
2025-09-27,PSU-DEL-1400W,7,0
2025-09-28,PSU-DEL-1400W,7,0
2025-09-29,PSU-DEL-1400W,7,0
2025-09-30,PSU-DEL-1400W,7,0
2025-10-01,PSU-DEL-1400W,7,0
2025-10-02,PSU-DEL-1400W,7,0
2025-10-03,PSU-DEL-1400W,7,0
2025-10-04,PSU-DEL-1400W,6,0
2025-10-05,PSU-DEL-1400W,6,0
2025-10-06,PSU-DEL-1400W,6,0
2025-10-07,PSU-DEL-1400W,6,0
2025-10-08,PSU-DEL-1400W,6,0
2025-10-09,PSU-DEL-1400W,5,0
2025-10-10,PSU-DEL-1400W,5,0
2025-10-11,PSU-DEL-1400W,5,0
2025-10-12,PSU-DEL-1400W,5,0
2025-10-13,PSU-DEL-1400W,5,0
2025-10-14,PSU-DEL-1400W,5,0
2025-10-15,PSU-DEL-1400W,5,0
2025-10-16,PSU-DEL-1400W,4,0
2025-10-17,PSU-DEL-1400W,4,0
2025-10-18,PSU-DEL-1400W,4,0
2025-10-19,PSU-DEL-1400W,4,0
2025-10-20,PSU-DEL-1400W,4,0
2025-10-21,PSU-DEL-1400W,4,0
2025-10-22,PSU-DEL-1400W,4,0
2025-10-23,PSU-DEL-1400W,4,0
2025-10-24,PSU-DEL-1400W,3,5
2025-10-25,PSU-DEL-1400W,3,5
2025-10-26,PSU-DEL-1400W,3,5
2025-10-27,PSU-DEL-1400W,3,5
2025-10-28,PSU-DEL-1400W,3,5
2025-10-29,PSU-DEL-1400W,3,5
2025-10-30,PSU-DEL-1400W,3,5
2025-10-31,PSU-DEL-1400W,2,5
2025-11-01,PSU-DEL-1400W,2,5
2025-11-02,PSU-DEL-1400W,2,5
2025-11-03,PSU-DEL-1400W,2,5
2025-11-04,PSU-DEL-1400W,2,5
2025-11-05,PSU-DEL-1400W,7,0
2025-11-06,PSU-DEL-1400W,7,0
2025-11-07,PSU-DEL-1400W,7,0
2025-11-08,PSU-DEL-1400W,7,0
2025-11-09,PSU-DEL-1400W,7,0
2025-11-10,PSU-DEL-1400W,7,0
2025-11-11,PSU-DEL-1400W,7,0
2025-11-12,PSU-DEL-1400W,7,0
2025-11-13,PSU-DEL-1400W,7,0
2025-11-14,PSU-DEL-1400W,7,0
2025-11-15,PSU-DEL-1400W,7,0
2025-11-16,PSU-DEL-1400W,6,0
2025-11-17,PSU-DEL-1400W,6,0
2025-11-18,PSU-DEL-1400W,5,0
2025-11-19,PSU-DEL-1400W,5,0
2025-11-20,PSU-DEL-1400W,4,0
2025-11-21,PSU-DEL-1400W,4,0
2025-11-22,PSU-DEL-1400W,4,0
2025-11-23,PSU-DEL-1400W,4,0
2025-11-24,PSU-DEL-1400W,4,0
2025-11-25,PSU-DEL-1400W,3,5
2025-11-26,PSU-DEL-1400W,3,5
2025-11-27,PSU-DEL-1400W,3,5
2025-11-28,PSU-DEL-1400W,3,5
2025-11-29,PSU-DEL-1400W,3,5
2025-11-30,PSU-DEL-1400W,3,5
2025-12-01,PSU-DEL-1400W,3,5
2025-12-02,PSU-DEL-1400W,3,5
2025-12-03,PSU-DEL-1400W,3,5
2025-12-04,PSU-DEL-1400W,3,5
2025-12-05,PSU-DEL-1400W,3,5
2025-12-06,PSU-DEL-1400W,3,5
2025-12-07,PSU-DEL-1400W,3,5
2025-12-08,PSU-DEL-1400W,3,5
2025-12-09,PSU-DEL-1400W,8,0
2025-12-10,PSU-DEL-1400W,8,0
2025-12-11,PSU-DEL-1400W,8,0
2025-12-12,PSU-DEL-1400W,8,0
2025-12-13,PSU-DEL-1400W,8,0
2025-12-14,PSU-DEL-1400W,8,0
2025-12-15,PSU-DEL-1400W,8,0
2025-12-16,PSU-DEL-1400W,8,0
2025-12-17,PSU-DEL-1400W,8,0
2025-12-18,PSU-DEL-1400W,8,0
2025-12-19,PSU-DEL-1400W,8,0
2025-12-20,PSU-DEL-1400W,8,0
2025-12-21,PSU-DEL-1400W,8,0
2025-12-22,PSU-DEL-1400W,8,0
2025-12-23,PSU-DEL-1400W,8,0
2025-12-24,PSU-DEL-1400W,8,0
2025-12-25,PSU-DEL-1400W,7,0
2025-12-26,PSU-DEL-1400W,7,0
2025-12-27,PSU-DEL-1400W,7,0
2025-12-28,PSU-DEL-1400W,7,0
2025-12-29,PSU-DEL-1400W,7,0
2025-12-30,PSU-DEL-1400W,7,0
2025-12-31,PSU-DEL-1400W,6,0
2026-01-01,PSU-DEL-1400W,6,0
2026-01-02,PSU-DEL-1400W,6,0
2026-01-03,PSU-DEL-1400W,6,0
2026-01-04,PSU-DEL-1400W,6,0
2026-01-05,PSU-DEL-1400W,6,0
2026-01-06,PSU-DEL-1400W,6,0
2026-01-07,PSU-DEL-1400W,6,0
2026-01-08,PSU-DEL-1400W,6,0
2026-01-09,PSU-DEL-1400W,6,0
2026-01-10,PSU-DEL-1400W,6,0
2026-01-11,PSU-DEL-1400W,6,0
2026-01-12,PSU-DEL-1400W,6,0
2026-01-13,PSU-DEL-1400W,6,0
2026-01-14,PSU-DEL-1400W,6,0
2026-01-15,PSU-DEL-1400W,5,0
2026-01-16,PSU-DEL-1400W,5,0
2026-01-17,PSU-DEL-1400W,5,0
2026-01-18,PSU-DEL-1400W,5,0
2026-01-19,PSU-DEL-1400W,5,0
2026-01-20,PSU-DEL-1400W,5,0
2026-01-21,PSU-DEL-1400W,4,0
2026-01-22,PSU-DEL-1400W,3,5
2026-01-23,PSU-DEL-1400W,3,5
2026-01-24,PSU-DEL-1400W,3,5
2026-01-25,PSU-DEL-1400W,3,5
2026-01-26,PSU-DEL-1400W,2,5
2026-01-27,PSU-DEL-1400W,2,5
2026-01-28,PSU-DEL-1400W,1,5
2026-01-29,PSU-DEL-1400W,1,5
2026-01-30,PSU-DEL-1400W,1,5
2026-01-31,PSU-DEL-1400W,1,5
2026-02-01,PSU-DEL-1400W,1,5
2026-02-02,PSU-DEL-1400W,6,0
2026-02-03,PSU-DEL-1400W,6,0
2026-02-04,PSU-DEL-1400W,6,0
2026-02-05,PSU-DEL-1400W,6,0
2026-02-06,PSU-DEL-1400W,6,0
2026-02-07,PSU-DEL-1400W,6,0
2026-02-08,PSU-DEL-1400W,6,0
2026-02-09,PSU-DEL-1400W,5,0
2026-02-10,PSU-DEL-1400W,5,0
2026-02-11,PSU-DEL-1400W,5,0
2026-02-12,PSU-DEL-1400W,5,0
2026-02-13,PSU-DEL-1400W,5,0
2026-02-14,PSU-DEL-1400W,5,0
2026-02-15,PSU-DEL-1400W,5,0
2026-02-16,PSU-DEL-1400W,5,0
2026-02-17,PSU-DEL-1400W,5,0
2026-02-18,PSU-DEL-1400W,5,0
2026-02-19,PSU-DEL-1400W,5,0
2026-02-20,PSU-DEL-1400W,5,0
2026-02-21,PSU-DEL-1400W,5,0
2026-02-22,PSU-DEL-1400W,5,0
2026-02-23,PSU-DEL-1400W,5,0
2026-02-24,PSU-DEL-1400W,5,0
2026-02-25,PSU-DEL-1400W,5,0
2026-02-26,PSU-DEL-1400W,5,0
2026-02-27,PSU-DEL-1400W,5,0
2026-02-28,PSU-DEL-1400W,5,0
2026-03-01,PSU-DEL-1400W,4,0
2026-03-02,PSU-DEL-1400W,4,0
2026-03-03,PSU-DEL-1400W,4,0
2026-03-04,PSU-DEL-1400W,4,0
2026-03-05,PSU-DEL-1400W,3,5
2026-03-06,PSU-DEL-1400W,3,5
2026-03-07,PSU-DEL-1400W,3,5
2026-03-08,PSU-DEL-1400W,3,5
2026-03-09,PSU-DEL-1400W,3,5
2026-03-10,PSU-DEL-1400W,3,5
2026-03-11,PSU-DEL-1400W,3,5
2026-03-12,PSU-DEL-1400W,3,5
2026-03-13,PSU-DEL-1400W,2,5
2026-03-14,PSU-DEL-1400W,2,5
2026-03-15,PSU-DEL-1400W,2,5
2026-03-16,PSU-DEL-1400W,2,5
2026-03-17,PSU-DEL-1400W,7,0
2026-03-18,PSU-DEL-1400W,7,0
2026-03-19,PSU-DEL-1400W,6,0
2026-03-20,PSU-DEL-1400W,6,0
2026-03-21,PSU-DEL-1400W,5,0
2026-03-22,PSU-DEL-1400W,5,0
2026-03-23,PSU-DEL-1400W,5,0
2026-03-24,PSU-DEL-1400W,5,0
2026-03-25,PSU-DEL-1400W,5,0
2026-03-26,PSU-DEL-1400W,5,0
2026-03-27,PSU-DEL-1400W,5,0
2026-03-28,PSU-DEL-1400W,5,0
2026-03-29,PSU-DEL-1400W,5,0
2026-03-30,PSU-DEL-1400W,5,0
2026-03-31,PSU-DEL-1400W,5,0
2026-04-01,PSU-DEL-1400W,5,0
2026-04-02,PSU-DEL-1400W,5,0
2026-04-03,PSU-DEL-1400W,5,0
2026-04-04,PSU-DEL-1400W,5,0
2026-04-05,PSU-DEL-1400W,5,0
2026-04-06,PSU-DEL-1400W,5,0
2026-04-07,PSU-DEL-1400W,5,0
2026-04-08,PSU-DEL-1400W,5,0
2026-04-09,PSU-DEL-1400W,4,0
2026-04-10,PSU-DEL-1400W,4,0
2026-04-11,PSU-DEL-1400W,4,0
2026-04-12,PSU-DEL-1400W,4,0
2026-04-13,PSU-DEL-1400W,4,0
2026-04-14,PSU-DEL-1400W,4,0
2026-04-15,PSU-DEL-1400W,4,0
2026-04-16,PSU-DEL-1400W,4,0
2026-04-17,PSU-DEL-1400W,4,0
2026-04-18,PSU-DEL-1400W,4,0
2026-04-19,PSU-DEL-1400W,4,0
2026-04-20,PSU-DEL-1400W,3,5
2026-04-21,PSU-DEL-1400W,3,5
2026-04-22,PSU-DEL-1400W,3,5
2026-04-23,PSU-DEL-1400W,3,5
2026-04-24,PSU-DEL-1400W,3,5
2026-04-25,PSU-DEL-1400W,3,5
2026-04-26,PSU-DEL-1400W,3,5
2026-04-27,PSU-DEL-1400W,2,5
2026-04-28,PSU-DEL-1400W,2,5
2026-04-29,PSU-DEL-1400W,2,5
2026-04-30,PSU-DEL-1400W,2,5
2026-05-01,PSU-DEL-1400W,2,5
2026-05-02,PSU-DEL-1400W,1,5
2026-05-03,PSU-DEL-1400W,1,5
2026-05-04,PSU-DEL-1400W,6,0
2026-05-05,PSU-DEL-1400W,6,0
2026-05-06,PSU-DEL-1400W,6,0
2026-05-07,PSU-DEL-1400W,6,0
2026-05-08,PSU-DEL-1400W,6,0
2026-05-09,PSU-DEL-1400W,5,0
2026-05-10,PSU-DEL-1400W,5,0
2026-05-11,PSU-DEL-1400W,5,0
2026-05-12,PSU-DEL-1400W,5,0
2026-05-13,PSU-DEL-1400W,5,0
2026-05-14,PSU-DEL-1400W,5,0
2026-05-15,PSU-DEL-1400W,5,0
2026-05-16,PSU-DEL-1400W,5,0
2026-05-17,PSU-DEL-1400W,5,0
2026-05-18,PSU-DEL-1400W,5,0
2026-05-19,PSU-DEL-1400W,5,0
2026-05-20,PSU-DEL-1400W,5,0
2026-05-21,PSU-DEL-1400W,5,0
2026-05-22,PSU-DEL-1400W,5,0
2026-05-23,PSU-DEL-1400W,5,0
2026-05-24,PSU-DEL-1400W,4,0
2026-05-25,PSU-DEL-1400W,4,0
2026-05-26,PSU-DEL-1400W,4,0
2026-05-27,PSU-DEL-1400W,4,0
2026-05-28,PSU-DEL-1400W,4,0
2026-05-29,PSU-DEL-1400W,4,0
2026-05-30,PSU-DEL-1400W,4,0
2026-05-31,PSU-DEL-1400W,4,0
2026-06-01,PSU-DEL-1400W,4,0
2026-06-02,PSU-DEL-1400W,4,0
2026-06-03,PSU-DEL-1400W,4,0
2026-06-04,PSU-DEL-1400W,4,0
2026-06-05,PSU-DEL-1400W,4,0
2026-06-06,PSU-DEL-1400W,4,0
2026-06-07,PSU-DEL-1400W,4,0
2026-06-08,PSU-DEL-1400W,4,0
2026-06-09,PSU-DEL-1400W,4,0
2026-06-10,PSU-DEL-1400W,4,0
2026-06-11,PSU-DEL-1400W,4,0
2026-06-12,PSU-DEL-1400W,4,0
2026-06-13,PSU-DEL-1400W,4,0
2026-06-14,PSU-DEL-1400W,4,0
2026-06-15,PSU-DEL-1400W,4,0
2026-06-16,PSU-DEL-1400W,3,5
2026-06-17,PSU-DEL-1400W,3,5
2026-06-18,PSU-DEL-1400W,3,5
2026-06-19,PSU-DEL-1400W,3,5
2026-06-20,PSU-DEL-1400W,3,5
2026-06-21,PSU-DEL-1400W,3,5
2026-06-22,PSU-DEL-1400W,3,5
2026-06-23,PSU-DEL-1400W,2,5
2026-06-24,PSU-DEL-1400W,2,5
2026-06-25,PSU-DEL-1400W,2,5
2026-06-26,PSU-DEL-1400W,2,5
2026-06-27,PSU-DEL-1400W,7,0
2026-06-28,PSU-DEL-1400W,7,0
2026-06-29,PSU-DEL-1400W,7,0
2026-06-30,PSU-DEL-1400W,7,0
2026-07-01,PSU-DEL-1400W,7,0
2026-07-02,PSU-DEL-1400W,7,0
2026-07-03,PSU-DEL-1400W,7,0
2026-07-04,PSU-DEL-1400W,7,0
2026-07-05,PSU-DEL-1400W,7,0
2026-07-06,PSU-DEL-1400W,7,0
2026-07-07,PSU-DEL-1400W,7,0
2026-07-08,PSU-DEL-1400W,7,0
2026-07-09,PSU-DEL-1400W,7,0
2026-07-10,PSU-DEL-1400W,6,0
2026-07-11,PSU-DEL-1400W,6,0
2026-07-12,PSU-DEL-1400W,6,0
2026-07-13,PSU-DEL-1400W,6,0
2026-07-14,PSU-DEL-1400W,6,0
2026-07-15,PSU-DEL-1400W,6,0
2026-07-16,PSU-DEL-1400W,6,0
2026-07-17,PSU-DEL-1400W,6,0
2026-07-18,PSU-DEL-1400W,6,0
2026-07-19,PSU-DEL-1400W,6,0
2026-07-20,PSU-DEL-1400W,6,0
2026-07-21,PSU-DEL-1400W,6,0
2026-07-22,PSU-DEL-1400W,6,0
2026-07-23,PSU-DEL-1400W,6,0
2026-07-24,PSU-DEL-1400W,6,0
2026-07-25,PSU-DEL-1400W,6,0
2026-07-26,PSU-DEL-1400W,6,0
2026-07-27,PSU-DEL-1400W,6,0
2026-07-28,PSU-DEL-1400W,6,0
2026-07-29,PSU-DEL-1400W,5,0
2026-07-30,PSU-DEL-1400W,5,0
2026-07-31,PSU-DEL-1400W,5,0
2026-08-01,PSU-DEL-1400W,5,0
2026-08-02,PSU-DEL-1400W,5,0
2026-08-03,PSU-DEL-1400W,5,0
2026-08-04,PSU-DEL-1400W,5,0
2026-08-05,PSU-DEL-1400W,5,0
2026-08-06,PSU-DEL-1400W,5,0
2026-08-07,PSU-DEL-1400W,5,0
2026-08-08,PSU-DEL-1400W,4,0
2026-08-09,PSU-DEL-1400W,4,0
2026-08-10,PSU-DEL-1400W,4,0
2026-08-11,PSU-DEL-1400W,4,0
2026-08-12,PSU-DEL-1400W,4,0
2026-08-13,PSU-DEL-1400W,3,5
2026-08-14,PSU-DEL-1400W,3,5
2026-08-15,PSU-DEL-1400W,2,5
2026-08-16,PSU-DEL-1400W,2,5
2026-08-17,PSU-DEL-1400W,2,5
2026-08-18,PSU-DEL-1400W,2,5
2026-08-19,PSU-DEL-1400W,2,5
2026-08-20,PSU-DEL-1400W,2,5
2026-08-21,PSU-DEL-1400W,2,5
2026-08-22,PSU-DEL-1400W,2,5
2026-08-23,PSU-DEL-1400W,2,5
2026-08-24,PSU-DEL-1400W,2,5
2026-08-25,PSU-DEL-1400W,2,5
2026-08-26,PSU-DEL-1400W,7,0
2026-08-27,PSU-DEL-1400W,7,0
2026-08-28,PSU-DEL-1400W,7,0
2026-08-29,PSU-DEL-1400W,7,0
2026-08-30,PSU-DEL-1400W,7,0
2026-08-31,PSU-DEL-1400W,7,0
2026-09-01,PSU-DEL-1400W,7,0
2026-09-02,PSU-DEL-1400W,7,0
2026-09-03,PSU-DEL-1400W,7,0
2026-09-04,PSU-DEL-1400W,7,0
2026-09-05,PSU-DEL-1400W,7,0
2026-09-06,PSU-DEL-1400W,7,0
2026-09-07,PSU-DEL-1400W,7,0
2026-09-08,PSU-DEL-1400W,6,0
2026-09-09,PSU-DEL-1400W,6,0
2026-09-10,PSU-DEL-1400W,6,0
2026-09-11,PSU-DEL-1400W,6,0
2026-09-12,PSU-DEL-1400W,6,0
2026-09-13,PSU-DEL-1400W,6,0
2026-09-14,PSU-DEL-1400W,6,0
2026-09-15,PSU-DEL-1400W,5,0
2026-09-16,PSU-DEL-1400W,5,0
2026-09-17,PSU-DEL-1400W,5,0
2026-09-18,PSU-DEL-1400W,5,0
2026-09-19,PSU-DEL-1400W,5,0
2026-09-20,PSU-DEL-1400W,5,0
2026-09-21,PSU-DEL-1400W,5,0
2026-09-22,PSU-DEL-1400W,5,0
2026-09-23,PSU-DEL-1400W,5,0
2026-09-24,PSU-DEL-1400W,5,0
2026-09-25,PSU-DEL-1400W,5,0
2025-09-26,PSU-HPE-1600W,5,0
2025-09-27,PSU-HPE-1600W,5,0
2025-09-28,PSU-HPE-1600W,5,0
2025-09-29,PSU-HPE-1600W,5,0
2025-09-30,PSU-HPE-1600W,5,0
2025-10-01,PSU-HPE-1600W,5,0
2025-10-02,PSU-HPE-1600W,5,0
2025-10-03,PSU-HPE-1600W,5,0
2025-10-04,PSU-HPE-1600W,4,0
2025-10-05,PSU-HPE-1600W,4,0
2025-10-06,PSU-HPE-1600W,4,0
2025-10-07,PSU-HPE-1600W,4,0
2025-10-08,PSU-HPE-1600W,4,0
2025-10-09,PSU-HPE-1600W,4,0
2025-10-10,PSU-HPE-1600W,4,0
2025-10-11,PSU-HPE-1600W,4,0
2025-10-12,PSU-HPE-1600W,4,0
2025-10-13,PSU-HPE-1600W,4,0
2025-10-14,PSU-HPE-1600W,4,0
2025-10-15,PSU-HPE-1600W,4,0
2025-10-16,PSU-HPE-1600W,4,0
2025-10-17,PSU-HPE-1600W,4,0
2025-10-18,PSU-HPE-1600W,4,0
2025-10-19,PSU-HPE-1600W,4,0
2025-10-20,PSU-HPE-1600W,4,0
2025-10-21,PSU-HPE-1600W,4,0
2025-10-22,PSU-HPE-1600W,3,5
2025-10-23,PSU-HPE-1600W,3,5
2025-10-24,PSU-HPE-1600W,3,5
2025-10-25,PSU-HPE-1600W,3,5
2025-10-26,PSU-HPE-1600W,3,5
2025-10-27,PSU-HPE-1600W,3,5
2025-10-28,PSU-HPE-1600W,3,5
2025-10-29,PSU-HPE-1600W,3,5
2025-10-30,PSU-HPE-1600W,3,5
2025-10-31,PSU-HPE-1600W,3,5
2025-11-01,PSU-HPE-1600W,3,5
2025-11-02,PSU-HPE-1600W,3,5
2025-11-03,PSU-HPE-1600W,3,5
2025-11-04,PSU-HPE-1600W,3,5
2025-11-05,PSU-HPE-1600W,2,5
2025-11-06,PSU-HPE-1600W,2,5
2025-11-07,PSU-HPE-1600W,2,5
2025-11-08,PSU-HPE-1600W,7,0
2025-11-09,PSU-HPE-1600W,7,0
2025-11-10,PSU-HPE-1600W,7,0
2025-11-11,PSU-HPE-1600W,7,0
2025-11-12,PSU-HPE-1600W,7,0
2025-11-13,PSU-HPE-1600W,7,0
2025-11-14,PSU-HPE-1600W,7,0
2025-11-15,PSU-HPE-1600W,7,0
2025-11-16,PSU-HPE-1600W,7,0
2025-11-17,PSU-HPE-1600W,7,0
2025-11-18,PSU-HPE-1600W,7,0
2025-11-19,PSU-HPE-1600W,7,0
2025-11-20,PSU-HPE-1600W,7,0
2025-11-21,PSU-HPE-1600W,7,0
2025-11-22,PSU-HPE-1600W,7,0
2025-11-23,PSU-HPE-1600W,7,0
2025-11-24,PSU-HPE-1600W,7,0
2025-11-25,PSU-HPE-1600W,7,0
2025-11-26,PSU-HPE-1600W,7,0
2025-11-27,PSU-HPE-1600W,7,0
2025-11-28,PSU-HPE-1600W,6,0
2025-11-29,PSU-HPE-1600W,6,0
2025-11-30,PSU-HPE-1600W,6,0
2025-12-01,PSU-HPE-1600W,6,0
2025-12-02,PSU-HPE-1600W,6,0
2025-12-03,PSU-HPE-1600W,6,0
2025-12-04,PSU-HPE-1600W,6,0
2025-12-05,PSU-HPE-1600W,6,0
2025-12-06,PSU-HPE-1600W,6,0
2025-12-07,PSU-HPE-1600W,6,0
2025-12-08,PSU-HPE-1600W,6,0
2025-12-09,PSU-HPE-1600W,6,0
2025-12-10,PSU-HPE-1600W,6,0
2025-12-11,PSU-HPE-1600W,5,0
2025-12-12,PSU-HPE-1600W,5,0
2025-12-13,PSU-HPE-1600W,5,0
2025-12-14,PSU-HPE-1600W,5,0
2025-12-15,PSU-HPE-1600W,5,0
2025-12-16,PSU-HPE-1600W,5,0
2025-12-17,PSU-HPE-1600W,5,0
2025-12-18,PSU-HPE-1600W,4,0
2025-12-19,PSU-HPE-1600W,4,0
2025-12-20,PSU-HPE-1600W,4,0
2025-12-21,PSU-HPE-1600W,4,0
2025-12-22,PSU-HPE-1600W,3,5
2025-12-23,PSU-HPE-1600W,3,5
2025-12-24,PSU-HPE-1600W,2,5
2025-12-25,PSU-HPE-1600W,2,5
2025-12-26,PSU-HPE-1600W,2,5
2025-12-27,PSU-HPE-1600W,2,5
2025-12-28,PSU-HPE-1600W,2,5
2025-12-29,PSU-HPE-1600W,2,5
2025-12-30,PSU-HPE-1600W,2,5
2025-12-31,PSU-HPE-1600W,2,5
2026-01-01,PSU-HPE-1600W,2,5
2026-01-02,PSU-HPE-1600W,2,5
2026-01-03,PSU-HPE-1600W,2,5
2026-01-04,PSU-HPE-1600W,2,5
2026-01-05,PSU-HPE-1600W,2,5
2026-01-06,PSU-HPE-1600W,2,5
2026-01-07,PSU-HPE-1600W,2,5
2026-01-08,PSU-HPE-1600W,2,5
2026-01-09,PSU-HPE-1600W,7,0
2026-01-10,PSU-HPE-1600W,7,0
2026-01-11,PSU-HPE-1600W,7,0
2026-01-12,PSU-HPE-1600W,7,0
2026-01-13,PSU-HPE-1600W,7,0
2026-01-14,PSU-HPE-1600W,7,0
2026-01-15,PSU-HPE-1600W,7,0
2026-01-16,PSU-HPE-1600W,7,0
2026-01-17,PSU-HPE-1600W,7,0
2026-01-18,PSU-HPE-1600W,7,0
2026-01-19,PSU-HPE-1600W,7,0
2026-01-20,PSU-HPE-1600W,7,0
2026-01-21,PSU-HPE-1600W,7,0
2026-01-22,PSU-HPE-1600W,6,0
2026-01-23,PSU-HPE-1600W,6,0
2026-01-24,PSU-HPE-1600W,6,0
2026-01-25,PSU-HPE-1600W,6,0
2026-01-26,PSU-HPE-1600W,6,0
2026-01-27,PSU-HPE-1600W,6,0
2026-01-28,PSU-HPE-1600W,6,0
2026-01-29,PSU-HPE-1600W,6,0
2026-01-30,PSU-HPE-1600W,6,0
2026-01-31,PSU-HPE-1600W,6,0
2026-02-01,PSU-HPE-1600W,6,0
2026-02-02,PSU-HPE-1600W,6,0
2026-02-03,PSU-HPE-1600W,6,0
2026-02-04,PSU-HPE-1600W,6,0
2026-02-05,PSU-HPE-1600W,5,0
2026-02-06,PSU-HPE-1600W,5,0
2026-02-07,PSU-HPE-1600W,5,0
2026-02-08,PSU-HPE-1600W,5,0
2026-02-09,PSU-HPE-1600W,3,5
2026-02-10,PSU-HPE-1600W,3,5
2026-02-11,PSU-HPE-1600W,3,5
2026-02-12,PSU-HPE-1600W,3,5
2026-02-13,PSU-HPE-1600W,3,5
2026-02-14,PSU-HPE-1600W,3,5
2026-02-15,PSU-HPE-1600W,3,5
2026-02-16,PSU-HPE-1600W,3,5
2026-02-17,PSU-HPE-1600W,3,5
2026-02-18,PSU-HPE-1600W,3,5
2026-02-19,PSU-HPE-1600W,3,5
2026-02-20,PSU-HPE-1600W,3,5
2026-02-21,PSU-HPE-1600W,3,5
2026-02-22,PSU-HPE-1600W,3,5
2026-02-23,PSU-HPE-1600W,3,5
2026-02-24,PSU-HPE-1600W,2,5
2026-02-25,PSU-HPE-1600W,2,5
2026-02-26,PSU-HPE-1600W,2,5
2026-02-27,PSU-HPE-1600W,7,0
2026-02-28,PSU-HPE-1600W,7,0
2026-03-01,PSU-HPE-1600W,6,0
2026-03-02,PSU-HPE-1600W,6,0
2026-03-03,PSU-HPE-1600W,5,0
2026-03-04,PSU-HPE-1600W,5,0
2026-03-05,PSU-HPE-1600W,5,0
2026-03-06,PSU-HPE-1600W,5,0
2026-03-07,PSU-HPE-1600W,5,0
2026-03-08,PSU-HPE-1600W,5,0
2026-03-09,PSU-HPE-1600W,4,0
2026-03-10,PSU-HPE-1600W,4,0
2026-03-11,PSU-HPE-1600W,4,0
2026-03-12,PSU-HPE-1600W,4,0
2026-03-13,PSU-HPE-1600W,4,0
2026-03-14,PSU-HPE-1600W,4,0
2026-03-15,PSU-HPE-1600W,4,0
2026-03-16,PSU-HPE-1600W,3,5
2026-03-17,PSU-HPE-1600W,2,5
2026-03-18,PSU-HPE-1600W,2,5
2026-03-19,PSU-HPE-1600W,2,5
2026-03-20,PSU-HPE-1600W,2,5
2026-03-21,PSU-HPE-1600W,2,5
2026-03-22,PSU-HPE-1600W,2,5
2026-03-23,PSU-HPE-1600W,2,5
2026-03-24,PSU-HPE-1600W,2,5
2026-03-25,PSU-HPE-1600W,2,5
2026-03-26,PSU-HPE-1600W,2,5
2026-03-27,PSU-HPE-1600W,2,5
2026-03-28,PSU-HPE-1600W,2,5
2026-03-29,PSU-HPE-1600W,2,5
2026-03-30,PSU-HPE-1600W,2,5
2026-03-31,PSU-HPE-1600W,2,5
2026-04-01,PSU-HPE-1600W,2,5
2026-04-02,PSU-HPE-1600W,2,5
2026-04-03,PSU-HPE-1600W,7,0
2026-04-04,PSU-HPE-1600W,7,0
2026-04-05,PSU-HPE-1600W,7,0
2026-04-06,PSU-HPE-1600W,7,0
2026-04-07,PSU-HPE-1600W,7,0
2026-04-08,PSU-HPE-1600W,7,0
2026-04-09,PSU-HPE-1600W,7,0
2026-04-10,PSU-HPE-1600W,7,0
2026-04-11,PSU-HPE-1600W,6,0
2026-04-12,PSU-HPE-1600W,6,0
2026-04-13,PSU-HPE-1600W,6,0
2026-04-14,PSU-HPE-1600W,6,0
2026-04-15,PSU-HPE-1600W,5,0
2026-04-16,PSU-HPE-1600W,5,0
2026-04-17,PSU-HPE-1600W,5,0
2026-04-18,PSU-HPE-1600W,5,0
2026-04-19,PSU-HPE-1600W,5,0
2026-04-20,PSU-HPE-1600W,5,0
2026-04-21,PSU-HPE-1600W,5,0
2026-04-22,PSU-HPE-1600W,5,0
2026-04-23,PSU-HPE-1600W,5,0
2026-04-24,PSU-HPE-1600W,5,0
2026-04-25,PSU-HPE-1600W,5,0
2026-04-26,PSU-HPE-1600W,5,0
2026-04-27,PSU-HPE-1600W,5,0
2026-04-28,PSU-HPE-1600W,5,0
2026-04-29,PSU-HPE-1600W,5,0
2026-04-30,PSU-HPE-1600W,5,0
2026-05-01,PSU-HPE-1600W,5,0
2026-05-02,PSU-HPE-1600W,5,0
2026-05-03,PSU-HPE-1600W,5,0
2026-05-04,PSU-HPE-1600W,5,0
2026-05-05,PSU-HPE-1600W,5,0
2026-05-06,PSU-HPE-1600W,5,0
2026-05-07,PSU-HPE-1600W,5,0
2026-05-08,PSU-HPE-1600W,5,0
2026-05-09,PSU-HPE-1600W,5,0
2026-05-10,PSU-HPE-1600W,5,0
2026-05-11,PSU-HPE-1600W,5,0
2026-05-12,PSU-HPE-1600W,5,0
2026-05-13,PSU-HPE-1600W,5,0
2026-05-14,PSU-HPE-1600W,5,0
2026-05-15,PSU-HPE-1600W,4,0
2026-05-16,PSU-HPE-1600W,4,0
2026-05-17,PSU-HPE-1600W,4,0
2026-05-18,PSU-HPE-1600W,4,0
2026-05-19,PSU-HPE-1600W,4,0
2026-05-20,PSU-HPE-1600W,4,0
2026-05-21,PSU-HPE-1600W,4,0
2026-05-22,PSU-HPE-1600W,4,0
2026-05-23,PSU-HPE-1600W,4,0
2026-05-24,PSU-HPE-1600W,4,0
2026-05-25,PSU-HPE-1600W,4,0
2026-05-26,PSU-HPE-1600W,4,0
2026-05-27,PSU-HPE-1600W,4,0
2026-05-28,PSU-HPE-1600W,4,0
2026-05-29,PSU-HPE-1600W,4,0
2026-05-30,PSU-HPE-1600W,4,0
2026-05-31,PSU-HPE-1600W,3,5
2026-06-01,PSU-HPE-1600W,3,5
2026-06-02,PSU-HPE-1600W,3,5
2026-06-03,PSU-HPE-1600W,3,5
2026-06-04,PSU-HPE-1600W,3,5
2026-06-05,PSU-HPE-1600W,3,5
2026-06-06,PSU-HPE-1600W,3,5
2026-06-07,PSU-HPE-1600W,3,5
2026-06-08,PSU-HPE-1600W,3,5
2026-06-09,PSU-HPE-1600W,3,5
2026-06-10,PSU-HPE-1600W,3,5
2026-06-11,PSU-HPE-1600W,3,5
2026-06-12,PSU-HPE-1600W,3,5
2026-06-13,PSU-HPE-1600W,3,5
2026-06-14,PSU-HPE-1600W,3,5
2026-06-15,PSU-HPE-1600W,3,5
2026-06-16,PSU-HPE-1600W,3,5
2026-06-17,PSU-HPE-1600W,8,0
2026-06-18,PSU-HPE-1600W,8,0
2026-06-19,PSU-HPE-1600W,8,0
2026-06-20,PSU-HPE-1600W,7,0
2026-06-21,PSU-HPE-1600W,7,0
2026-06-22,PSU-HPE-1600W,7,0
2026-06-23,PSU-HPE-1600W,6,0
2026-06-24,PSU-HPE-1600W,6,0
2026-06-25,PSU-HPE-1600W,6,0
2026-06-26,PSU-HPE-1600W,6,0
2026-06-27,PSU-HPE-1600W,6,0
2026-06-28,PSU-HPE-1600W,6,0
2026-06-29,PSU-HPE-1600W,6,0
2026-06-30,PSU-HPE-1600W,6,0
2026-07-01,PSU-HPE-1600W,6,0
2026-07-02,PSU-HPE-1600W,6,0
2026-07-03,PSU-HPE-1600W,6,0
2026-07-04,PSU-HPE-1600W,6,0
2026-07-05,PSU-HPE-1600W,5,0
2026-07-06,PSU-HPE-1600W,5,0
2026-07-07,PSU-HPE-1600W,5,0
2026-07-08,PSU-HPE-1600W,5,0
2026-07-09,PSU-HPE-1600W,5,0
2026-07-10,PSU-HPE-1600W,5,0
2026-07-11,PSU-HPE-1600W,5,0
2026-07-12,PSU-HPE-1600W,5,0
2026-07-13,PSU-HPE-1600W,5,0
2026-07-14,PSU-HPE-1600W,5,0
2026-07-15,PSU-HPE-1600W,5,0
2026-07-16,PSU-HPE-1600W,5,0
2026-07-17,PSU-HPE-1600W,5,0
2026-07-18,PSU-HPE-1600W,5,0
2026-07-19,PSU-HPE-1600W,4,0
2026-07-20,PSU-HPE-1600W,4,0
2026-07-21,PSU-HPE-1600W,4,0
2026-07-22,PSU-HPE-1600W,4,0
2026-07-23,PSU-HPE-1600W,4,0
2026-07-24,PSU-HPE-1600W,4,0
2026-07-25,PSU-HPE-1600W,4,0
2026-07-26,PSU-HPE-1600W,4,0
2026-07-27,PSU-HPE-1600W,4,0
2026-07-28,PSU-HPE-1600W,4,0
2026-07-29,PSU-HPE-1600W,4,0
2026-07-30,PSU-HPE-1600W,4,0
2026-07-31,PSU-HPE-1600W,4,0
2026-08-01,PSU-HPE-1600W,4,0
2026-08-02,PSU-HPE-1600W,4,0
2026-08-03,PSU-HPE-1600W,4,0
2026-08-04,PSU-HPE-1600W,4,0
2026-08-05,PSU-HPE-1600W,4,0
2026-08-06,PSU-HPE-1600W,4,0
2026-08-07,PSU-HPE-1600W,4,0
2026-08-08,PSU-HPE-1600W,4,0
2026-08-09,PSU-HPE-1600W,4,0
2026-08-10,PSU-HPE-1600W,4,0
2026-08-11,PSU-HPE-1600W,4,0
2026-08-12,PSU-HPE-1600W,4,0
2026-08-13,PSU-HPE-1600W,4,0
2026-08-14,PSU-HPE-1600W,4,0
2026-08-15,PSU-HPE-1600W,3,5
2026-08-16,PSU-HPE-1600W,3,5
2026-08-17,PSU-HPE-1600W,3,5
2026-08-18,PSU-HPE-1600W,3,5
2026-08-19,PSU-HPE-1600W,3,5
2026-08-20,PSU-HPE-1600W,3,5
2026-08-21,PSU-HPE-1600W,3,5
2026-08-22,PSU-HPE-1600W,3,5
2026-08-23,PSU-HPE-1600W,2,5
2026-08-24,PSU-HPE-1600W,1,5
2026-08-25,PSU-HPE-1600W,1,5
2026-08-26,PSU-HPE-1600W,1,5
2026-08-27,PSU-HPE-1600W,1,5
2026-08-28,PSU-HPE-1600W,1,5
2026-08-29,PSU-HPE-1600W,0,5
2026-08-30,PSU-HPE-1600W,0,5
2026-08-31,PSU-HPE-1600W,0,5
2026-09-01,PSU-HPE-1600W,0,5
2026-09-02,PSU-HPE-1600W,5,0
2026-09-03,PSU-HPE-1600W,5,0
2026-09-04,PSU-HPE-1600W,4,0
2026-09-05,PSU-HPE-1600W,4,0
2026-09-06,PSU-HPE-1600W,4,0
2026-09-07,PSU-HPE-1600W,4,0
2026-09-08,PSU-HPE-1600W,4,0
2026-09-09,PSU-HPE-1600W,4,0
2026-09-10,PSU-HPE-1600W,3,5
2026-09-11,PSU-HPE-1600W,2,5
2026-09-12,PSU-HPE-1600W,2,5
2026-09-13,PSU-HPE-1600W,2,5
2026-09-14,PSU-HPE-1600W,2,5
2026-09-15,PSU-HPE-1600W,2,5
2026-09-16,PSU-HPE-1600W,2,5
2026-09-17,PSU-HPE-1600W,2,5
2026-09-18,PSU-HPE-1600W,2,5
2026-09-19,PSU-HPE-1600W,2,5
2026-09-20,PSU-HPE-1600W,2,5
2026-09-21,PSU-HPE-1600W,2,5
2026-09-22,PSU-HPE-1600W,2,5
2026-09-23,PSU-HPE-1600W,2,5
2026-09-24,PSU-HPE-1600W,2,5
2026-09-25,PSU-HPE-1600W,2,5
2025-09-26,PSU-LNV-1100W,5,0
2025-09-27,PSU-LNV-1100W,5,0
2025-09-28,PSU-LNV-1100W,5,0
2025-09-29,PSU-LNV-1100W,5,0
2025-09-30,PSU-LNV-1100W,5,0
2025-10-01,PSU-LNV-1100W,5,0
2025-10-02,PSU-LNV-1100W,5,0
2025-10-03,PSU-LNV-1100W,5,0
2025-10-04,PSU-LNV-1100W,5,0
2025-10-05,PSU-LNV-1100W,5,0
2025-10-06,PSU-LNV-1100W,5,0
2025-10-07,PSU-LNV-1100W,5,0
2025-10-08,PSU-LNV-1100W,5,0
2025-10-09,PSU-LNV-1100W,5,0
2025-10-10,PSU-LNV-1100W,5,0
2025-10-11,PSU-LNV-1100W,5,0
2025-10-12,PSU-LNV-1100W,5,0
2025-10-13,PSU-LNV-1100W,5,0
2025-10-14,PSU-LNV-1100W,5,0
2025-10-15,PSU-LNV-1100W,5,0
2025-10-16,PSU-LNV-1100W,5,0
2025-10-17,PSU-LNV-1100W,5,0
2025-10-18,PSU-LNV-1100W,5,0
2025-10-19,PSU-LNV-1100W,5,0
2025-10-20,PSU-LNV-1100W,5,0
2025-10-21,PSU-LNV-1100W,5,0
2025-10-22,PSU-LNV-1100W,5,0
2025-10-23,PSU-LNV-1100W,5,0
2025-10-24,PSU-LNV-1100W,5,0
2025-10-25,PSU-LNV-1100W,5,0
2025-10-26,PSU-LNV-1100W,5,0
2025-10-27,PSU-LNV-1100W,5,0
2025-10-28,PSU-LNV-1100W,5,0
2025-10-29,PSU-LNV-1100W,5,0
2025-10-30,PSU-LNV-1100W,5,0
2025-10-31,PSU-LNV-1100W,5,0
2025-11-01,PSU-LNV-1100W,5,0
2025-11-02,PSU-LNV-1100W,4,0
2025-11-03,PSU-LNV-1100W,4,0
2025-11-04,PSU-LNV-1100W,4,0
2025-11-05,PSU-LNV-1100W,4,0
2025-11-06,PSU-LNV-1100W,3,5
2025-11-07,PSU-LNV-1100W,3,5
2025-11-08,PSU-LNV-1100W,3,5
2025-11-09,PSU-LNV-1100W,3,5
2025-11-10,PSU-LNV-1100W,3,5
2025-11-11,PSU-LNV-1100W,3,5
2025-11-12,PSU-LNV-1100W,3,5
2025-11-13,PSU-LNV-1100W,3,5
2025-11-14,PSU-LNV-1100W,3,5
2025-11-15,PSU-LNV-1100W,3,5
2025-11-16,PSU-LNV-1100W,3,5
2025-11-17,PSU-LNV-1100W,3,5
2025-11-18,PSU-LNV-1100W,3,5
2025-11-19,PSU-LNV-1100W,8,0
2025-11-20,PSU-LNV-1100W,8,0
2025-11-21,PSU-LNV-1100W,8,0
2025-11-22,PSU-LNV-1100W,8,0
2025-11-23,PSU-LNV-1100W,8,0
2025-11-24,PSU-LNV-1100W,8,0
2025-11-25,PSU-LNV-1100W,8,0
2025-11-26,PSU-LNV-1100W,8,0
2025-11-27,PSU-LNV-1100W,8,0
2025-11-28,PSU-LNV-1100W,8,0
2025-11-29,PSU-LNV-1100W,7,0
2025-11-30,PSU-LNV-1100W,7,0
2025-12-01,PSU-LNV-1100W,6,0
2025-12-02,PSU-LNV-1100W,6,0
2025-12-03,PSU-LNV-1100W,6,0
2025-12-04,PSU-LNV-1100W,6,0
2025-12-05,PSU-LNV-1100W,6,0
2025-12-06,PSU-LNV-1100W,6,0
2025-12-07,PSU-LNV-1100W,6,0
2025-12-08,PSU-LNV-1100W,6,0
2025-12-09,PSU-LNV-1100W,5,0
2025-12-10,PSU-LNV-1100W,5,0
2025-12-11,PSU-LNV-1100W,5,0
2025-12-12,PSU-LNV-1100W,5,0
2025-12-13,PSU-LNV-1100W,5,0
2025-12-14,PSU-LNV-1100W,5,0
2025-12-15,PSU-LNV-1100W,5,0
2025-12-16,PSU-LNV-1100W,5,0
2025-12-17,PSU-LNV-1100W,5,0
2025-12-18,PSU-LNV-1100W,5,0
2025-12-19,PSU-LNV-1100W,5,0
2025-12-20,PSU-LNV-1100W,5,0
2025-12-21,PSU-LNV-1100W,5,0
2025-12-22,PSU-LNV-1100W,5,0
2025-12-23,PSU-LNV-1100W,5,0
2025-12-24,PSU-LNV-1100W,4,0
2025-12-25,PSU-LNV-1100W,3,5
2025-12-26,PSU-LNV-1100W,3,5
2025-12-27,PSU-LNV-1100W,3,5
2025-12-28,PSU-LNV-1100W,3,5
2025-12-29,PSU-LNV-1100W,3,5
2025-12-30,PSU-LNV-1100W,3,5
2025-12-31,PSU-LNV-1100W,3,5
2026-01-01,PSU-LNV-1100W,3,5
2026-01-02,PSU-LNV-1100W,3,5
2026-01-03,PSU-LNV-1100W,3,5
2026-01-04,PSU-LNV-1100W,3,5
2026-01-05,PSU-LNV-1100W,3,5
2026-01-06,PSU-LNV-1100W,3,5
2026-01-07,PSU-LNV-1100W,3,5
2026-01-08,PSU-LNV-1100W,8,0
2026-01-09,PSU-LNV-1100W,8,0
2026-01-10,PSU-LNV-1100W,8,0
2026-01-11,PSU-LNV-1100W,8,0
2026-01-12,PSU-LNV-1100W,7,0
2026-01-13,PSU-LNV-1100W,7,0
2026-01-14,PSU-LNV-1100W,7,0
2026-01-15,PSU-LNV-1100W,7,0
2026-01-16,PSU-LNV-1100W,6,0
2026-01-17,PSU-LNV-1100W,6,0
2026-01-18,PSU-LNV-1100W,6,0
2026-01-19,PSU-LNV-1100W,6,0
2026-01-20,PSU-LNV-1100W,5,0
2026-01-21,PSU-LNV-1100W,5,0
2026-01-22,PSU-LNV-1100W,5,0
2026-01-23,PSU-LNV-1100W,4,0
2026-01-24,PSU-LNV-1100W,4,0
2026-01-25,PSU-LNV-1100W,4,0
2026-01-26,PSU-LNV-1100W,4,0
2026-01-27,PSU-LNV-1100W,4,0
2026-01-28,PSU-LNV-1100W,4,0
2026-01-29,PSU-LNV-1100W,4,0
2026-01-30,PSU-LNV-1100W,4,0
2026-01-31,PSU-LNV-1100W,4,0
2026-02-01,PSU-LNV-1100W,4,0
2026-02-02,PSU-LNV-1100W,3,5
2026-02-03,PSU-LNV-1100W,3,5
2026-02-04,PSU-LNV-1100W,3,5
2026-02-05,PSU-LNV-1100W,3,5
2026-02-06,PSU-LNV-1100W,3,5
2026-02-07,PSU-LNV-1100W,3,5
2026-02-08,PSU-LNV-1100W,3,5
2026-02-09,PSU-LNV-1100W,3,5
2026-02-10,PSU-LNV-1100W,3,5
2026-02-11,PSU-LNV-1100W,3,5
2026-02-12,PSU-LNV-1100W,2,5
2026-02-13,PSU-LNV-1100W,2,5
2026-02-14,PSU-LNV-1100W,2,5
2026-02-15,PSU-LNV-1100W,1,5
2026-02-16,PSU-LNV-1100W,1,5
2026-02-17,PSU-LNV-1100W,6,0
2026-02-18,PSU-LNV-1100W,5,0
2026-02-19,PSU-LNV-1100W,5,0
2026-02-20,PSU-LNV-1100W,5,0
2026-02-21,PSU-LNV-1100W,5,0
2026-02-22,PSU-LNV-1100W,5,0
2026-02-23,PSU-LNV-1100W,4,0
2026-02-24,PSU-LNV-1100W,4,0
2026-02-25,PSU-LNV-1100W,4,0
2026-02-26,PSU-LNV-1100W,4,0
2026-02-27,PSU-LNV-1100W,3,5
2026-02-28,PSU-LNV-1100W,3,5
2026-03-01,PSU-LNV-1100W,3,5
2026-03-02,PSU-LNV-1100W,3,5
2026-03-03,PSU-LNV-1100W,3,5
2026-03-04,PSU-LNV-1100W,3,5
2026-03-05,PSU-LNV-1100W,3,5
2026-03-06,PSU-LNV-1100W,3,5
2026-03-07,PSU-LNV-1100W,3,5
2026-03-08,PSU-LNV-1100W,3,5
2026-03-09,PSU-LNV-1100W,3,5
2026-03-10,PSU-LNV-1100W,3,5
2026-03-11,PSU-LNV-1100W,3,5
2026-03-12,PSU-LNV-1100W,3,5
2026-03-13,PSU-LNV-1100W,3,5
2026-03-14,PSU-LNV-1100W,3,5
2026-03-15,PSU-LNV-1100W,8,0
2026-03-16,PSU-LNV-1100W,8,0
2026-03-17,PSU-LNV-1100W,8,0
2026-03-18,PSU-LNV-1100W,8,0
2026-03-19,PSU-LNV-1100W,8,0
2026-03-20,PSU-LNV-1100W,7,0
2026-03-21,PSU-LNV-1100W,7,0
2026-03-22,PSU-LNV-1100W,7,0
2026-03-23,PSU-LNV-1100W,7,0
2026-03-24,PSU-LNV-1100W,7,0
2026-03-25,PSU-LNV-1100W,7,0
2026-03-26,PSU-LNV-1100W,7,0
2026-03-27,PSU-LNV-1100W,7,0
2026-03-28,PSU-LNV-1100W,7,0
2026-03-29,PSU-LNV-1100W,7,0
2026-03-30,PSU-LNV-1100W,7,0
2026-03-31,PSU-LNV-1100W,6,0
2026-04-01,PSU-LNV-1100W,6,0
2026-04-02,PSU-LNV-1100W,6,0
2026-04-03,PSU-LNV-1100W,5,0
2026-04-04,PSU-LNV-1100W,5,0
2026-04-05,PSU-LNV-1100W,5,0
2026-04-06,PSU-LNV-1100W,5,0
2026-04-07,PSU-LNV-1100W,5,0
2026-04-08,PSU-LNV-1100W,5,0
2026-04-09,PSU-LNV-1100W,4,0
2026-04-10,PSU-LNV-1100W,4,0
2026-04-11,PSU-LNV-1100W,4,0
2026-04-12,PSU-LNV-1100W,3,5
2026-04-13,PSU-LNV-1100W,3,5
2026-04-14,PSU-LNV-1100W,2,5
2026-04-15,PSU-LNV-1100W,2,5
2026-04-16,PSU-LNV-1100W,2,5
2026-04-17,PSU-LNV-1100W,2,5
2026-04-18,PSU-LNV-1100W,2,5
2026-04-19,PSU-LNV-1100W,2,5
2026-04-20,PSU-LNV-1100W,2,5
2026-04-21,PSU-LNV-1100W,2,5
2026-04-22,PSU-LNV-1100W,2,5
2026-04-23,PSU-LNV-1100W,2,5
2026-04-24,PSU-LNV-1100W,2,5
2026-04-25,PSU-LNV-1100W,2,5
2026-04-26,PSU-LNV-1100W,7,0
2026-04-27,PSU-LNV-1100W,7,0
2026-04-28,PSU-LNV-1100W,7,0
2026-04-29,PSU-LNV-1100W,7,0
2026-04-30,PSU-LNV-1100W,7,0
2026-05-01,PSU-LNV-1100W,7,0
2026-05-02,PSU-LNV-1100W,7,0
2026-05-03,PSU-LNV-1100W,7,0
2026-05-04,PSU-LNV-1100W,7,0
2026-05-05,PSU-LNV-1100W,7,0
2026-05-06,PSU-LNV-1100W,7,0
2026-05-07,PSU-LNV-1100W,7,0
2026-05-08,PSU-LNV-1100W,7,0
2026-05-09,PSU-LNV-1100W,7,0
2026-05-10,PSU-LNV-1100W,7,0
2026-05-11,PSU-LNV-1100W,7,0
2026-05-12,PSU-LNV-1100W,7,0
2026-05-13,PSU-LNV-1100W,6,0
2026-05-14,PSU-LNV-1100W,6,0
2026-05-15,PSU-LNV-1100W,5,0
2026-05-16,PSU-LNV-1100W,5,0
2026-05-17,PSU-LNV-1100W,5,0
2026-05-18,PSU-LNV-1100W,5,0
2026-05-19,PSU-LNV-1100W,5,0
2026-05-20,PSU-LNV-1100W,5,0
2026-05-21,PSU-LNV-1100W,5,0
2026-05-22,PSU-LNV-1100W,5,0
2026-05-23,PSU-LNV-1100W,5,0
2026-05-24,PSU-LNV-1100W,5,0
2026-05-25,PSU-LNV-1100W,5,0
2026-05-26,PSU-LNV-1100W,5,0
2026-05-27,PSU-LNV-1100W,5,0
2026-05-28,PSU-LNV-1100W,5,0
2026-05-29,PSU-LNV-1100W,5,0
2026-05-30,PSU-LNV-1100W,3,5
2026-05-31,PSU-LNV-1100W,3,5
2026-06-01,PSU-LNV-1100W,3,5
2026-06-02,PSU-LNV-1100W,3,5
2026-06-03,PSU-LNV-1100W,3,5
2026-06-04,PSU-LNV-1100W,3,5
2026-06-05,PSU-LNV-1100W,3,5
2026-06-06,PSU-LNV-1100W,3,5
2026-06-07,PSU-LNV-1100W,2,5
2026-06-08,PSU-LNV-1100W,2,5
2026-06-09,PSU-LNV-1100W,2,5
2026-06-10,PSU-LNV-1100W,2,5
2026-06-11,PSU-LNV-1100W,2,5
2026-06-12,PSU-LNV-1100W,2,5
2026-06-13,PSU-LNV-1100W,1,5
2026-06-14,PSU-LNV-1100W,1,5
2026-06-15,PSU-LNV-1100W,6,0
2026-06-16,PSU-LNV-1100W,6,0
2026-06-17,PSU-LNV-1100W,6,0
2026-06-18,PSU-LNV-1100W,6,0
2026-06-19,PSU-LNV-1100W,6,0
2026-06-20,PSU-LNV-1100W,6,0
2026-06-21,PSU-LNV-1100W,6,0
2026-06-22,PSU-LNV-1100W,6,0
2026-06-23,PSU-LNV-1100W,6,0
2026-06-24,PSU-LNV-1100W,6,0
2026-06-25,PSU-LNV-1100W,5,0
2026-06-26,PSU-LNV-1100W,4,0
2026-06-27,PSU-LNV-1100W,4,0
2026-06-28,PSU-LNV-1100W,4,0
2026-06-29,PSU-LNV-1100W,4,0
2026-06-30,PSU-LNV-1100W,4,0
2026-07-01,PSU-LNV-1100W,4,0
2026-07-02,PSU-LNV-1100W,4,0
2026-07-03,PSU-LNV-1100W,4,0
2026-07-04,PSU-LNV-1100W,4,0
2026-07-05,PSU-LNV-1100W,4,0
2026-07-06,PSU-LNV-1100W,4,0
2026-07-07,PSU-LNV-1100W,3,5
2026-07-08,PSU-LNV-1100W,2,5
2026-07-09,PSU-LNV-1100W,2,5
2026-07-10,PSU-LNV-1100W,2,5
2026-07-11,PSU-LNV-1100W,2,5
2026-07-12,PSU-LNV-1100W,1,5
2026-07-13,PSU-LNV-1100W,1,5
2026-07-14,PSU-LNV-1100W,1,5
2026-07-15,PSU-LNV-1100W,1,5
2026-07-16,PSU-LNV-1100W,1,5
2026-07-17,PSU-LNV-1100W,1,5
2026-07-18,PSU-LNV-1100W,1,5
2026-07-19,PSU-LNV-1100W,1,5
2026-07-20,PSU-LNV-1100W,1,5
2026-07-21,PSU-LNV-1100W,6,0
2026-07-22,PSU-LNV-1100W,6,0
2026-07-23,PSU-LNV-1100W,5,0
2026-07-24,PSU-LNV-1100W,5,0
2026-07-25,PSU-LNV-1100W,5,0
2026-07-26,PSU-LNV-1100W,4,0
2026-07-27,PSU-LNV-1100W,3,5
2026-07-28,PSU-LNV-1100W,3,5
2026-07-29,PSU-LNV-1100W,3,5
2026-07-30,PSU-LNV-1100W,3,5
2026-07-31,PSU-LNV-1100W,3,5
2026-08-01,PSU-LNV-1100W,3,5
2026-08-02,PSU-LNV-1100W,2,5
2026-08-03,PSU-LNV-1100W,2,5
2026-08-04,PSU-LNV-1100W,2,5
2026-08-05,PSU-LNV-1100W,2,5
2026-08-06,PSU-LNV-1100W,2,5
2026-08-07,PSU-LNV-1100W,2,5
2026-08-08,PSU-LNV-1100W,2,5
2026-08-09,PSU-LNV-1100W,2,5
2026-08-10,PSU-LNV-1100W,2,5
2026-08-11,PSU-LNV-1100W,2,5
2026-08-12,PSU-LNV-1100W,7,0
2026-08-13,PSU-LNV-1100W,7,0
2026-08-14,PSU-LNV-1100W,6,0
2026-08-15,PSU-LNV-1100W,6,0
2026-08-16,PSU-LNV-1100W,6,0
2026-08-17,PSU-LNV-1100W,6,0
2026-08-18,PSU-LNV-1100W,5,0
2026-08-19,PSU-LNV-1100W,5,0
2026-08-20,PSU-LNV-1100W,5,0
2026-08-21,PSU-LNV-1100W,5,0
2026-08-22,PSU-LNV-1100W,5,0
2026-08-23,PSU-LNV-1100W,5,0
2026-08-24,PSU-LNV-1100W,5,0
2026-08-25,PSU-LNV-1100W,5,0
2026-08-26,PSU-LNV-1100W,5,0
2026-08-27,PSU-LNV-1100W,5,0
2026-08-28,PSU-LNV-1100W,5,0
2026-08-29,PSU-LNV-1100W,5,0
2026-08-30,PSU-LNV-1100W,5,0
2026-08-31,PSU-LNV-1100W,5,0
2026-09-01,PSU-LNV-1100W,5,0
2026-09-02,PSU-LNV-1100W,5,0
2026-09-03,PSU-LNV-1100W,5,0
2026-09-04,PSU-LNV-1100W,5,0
2026-09-05,PSU-LNV-1100W,5,0
2026-09-06,PSU-LNV-1100W,5,0
2026-09-07,PSU-LNV-1100W,5,0
2026-09-08,PSU-LNV-1100W,5,0
2026-09-09,PSU-LNV-1100W,5,0
2026-09-10,PSU-LNV-1100W,5,0
2026-09-11,PSU-LNV-1100W,5,0
2026-09-12,PSU-LNV-1100W,5,0
2026-09-13,PSU-LNV-1100W,5,0
2026-09-14,PSU-LNV-1100W,5,0
2026-09-15,PSU-LNV-1100W,5,0
2026-09-16,PSU-LNV-1100W,5,0
2026-09-17,PSU-LNV-1100W,5,0
2026-09-18,PSU-LNV-1100W,5,0
2026-09-19,PSU-LNV-1100W,5,0
2026-09-20,PSU-LNV-1100W,5,0
2026-09-21,PSU-LNV-1100W,5,0
2026-09-22,PSU-LNV-1100W,5,0
2026-09-23,PSU-LNV-1100W,5,0
2026-09-24,PSU-LNV-1100W,5,0
2026-09-25,PSU-LNV-1100W,5,0
2025-09-26,PSU-GPU-2800W,5,0
2025-09-27,PSU-GPU-2800W,5,0
2025-09-28,PSU-GPU-2800W,5,0
2025-09-29,PSU-GPU-2800W,5,0
2025-09-30,PSU-GPU-2800W,5,0
2025-10-01,PSU-GPU-2800W,5,0
2025-10-02,PSU-GPU-2800W,5,0
2025-10-03,PSU-GPU-2800W,5,0
2025-10-04,PSU-GPU-2800W,5,0
2025-10-05,PSU-GPU-2800W,5,0
2025-10-06,PSU-GPU-2800W,5,0
2025-10-07,PSU-GPU-2800W,5,0
2025-10-08,PSU-GPU-2800W,5,0
2025-10-09,PSU-GPU-2800W,5,0
2025-10-10,PSU-GPU-2800W,5,0
2025-10-11,PSU-GPU-2800W,5,0
2025-10-12,PSU-GPU-2800W,5,0
2025-10-13,PSU-GPU-2800W,5,0
2025-10-14,PSU-GPU-2800W,5,0
2025-10-15,PSU-GPU-2800W,5,0
2025-10-16,PSU-GPU-2800W,5,0
2025-10-17,PSU-GPU-2800W,5,0
2025-10-18,PSU-GPU-2800W,5,0
2025-10-19,PSU-GPU-2800W,5,0
2025-10-20,PSU-GPU-2800W,5,0
2025-10-21,PSU-GPU-2800W,5,0
2025-10-22,PSU-GPU-2800W,5,0
2025-10-23,PSU-GPU-2800W,5,0
2025-10-24,PSU-GPU-2800W,5,0
2025-10-25,PSU-GPU-2800W,5,0
2025-10-26,PSU-GPU-2800W,5,0
2025-10-27,PSU-GPU-2800W,5,0
2025-10-28,PSU-GPU-2800W,5,0
2025-10-29,PSU-GPU-2800W,5,0
2025-10-30,PSU-GPU-2800W,5,0
2025-10-31,PSU-GPU-2800W,5,0
2025-11-01,PSU-GPU-2800W,5,0
2025-11-02,PSU-GPU-2800W,5,0
2025-11-03,PSU-GPU-2800W,5,0
2025-11-04,PSU-GPU-2800W,5,0
2025-11-05,PSU-GPU-2800W,5,0
2025-11-06,PSU-GPU-2800W,5,0
2025-11-07,PSU-GPU-2800W,5,0
2025-11-08,PSU-GPU-2800W,5,0
2025-11-09,PSU-GPU-2800W,5,0
2025-11-10,PSU-GPU-2800W,5,0
2025-11-11,PSU-GPU-2800W,5,0
2025-11-12,PSU-GPU-2800W,5,0
2025-11-13,PSU-GPU-2800W,5,0
2025-11-14,PSU-GPU-2800W,5,0
2025-11-15,PSU-GPU-2800W,5,0
2025-11-16,PSU-GPU-2800W,5,0
2025-11-17,PSU-GPU-2800W,5,0
2025-11-18,PSU-GPU-2800W,5,0
2025-11-19,PSU-GPU-2800W,4,0
2025-11-20,PSU-GPU-2800W,4,0
2025-11-21,PSU-GPU-2800W,3,0
2025-11-22,PSU-GPU-2800W,3,0
2025-11-23,PSU-GPU-2800W,3,0
2025-11-24,PSU-GPU-2800W,2,5
2025-11-25,PSU-GPU-2800W,2,5
2025-11-26,PSU-GPU-2800W,2,5
2025-11-27,PSU-GPU-2800W,2,5
2025-11-28,PSU-GPU-2800W,2,5
2025-11-29,PSU-GPU-2800W,1,5
2025-11-30,PSU-GPU-2800W,1,5
2025-12-01,PSU-GPU-2800W,1,5
2025-12-02,PSU-GPU-2800W,1,5
2025-12-03,PSU-GPU-2800W,1,5
2025-12-04,PSU-GPU-2800W,1,5
2025-12-05,PSU-GPU-2800W,0,5
2025-12-06,PSU-GPU-2800W,0,5
2025-12-07,PSU-GPU-2800W,0,5
2025-12-08,PSU-GPU-2800W,0,5
2025-12-09,PSU-GPU-2800W,0,5
2025-12-10,PSU-GPU-2800W,0,5
2025-12-11,PSU-GPU-2800W,0,5
2025-12-12,PSU-GPU-2800W,0,5
2025-12-13,PSU-GPU-2800W,0,5
2025-12-14,PSU-GPU-2800W,0,5
2025-12-15,PSU-GPU-2800W,0,5
2025-12-16,PSU-GPU-2800W,0,5
2025-12-17,PSU-GPU-2800W,0,5
2025-12-18,PSU-GPU-2800W,0,5
2025-12-19,PSU-GPU-2800W,0,5
2025-12-20,PSU-GPU-2800W,0,5
2025-12-21,PSU-GPU-2800W,0,5
2025-12-22,PSU-GPU-2800W,0,5
2025-12-23,PSU-GPU-2800W,5,0
2025-12-24,PSU-GPU-2800W,5,0
2025-12-25,PSU-GPU-2800W,5,0
2025-12-26,PSU-GPU-2800W,5,0
2025-12-27,PSU-GPU-2800W,3,0
2025-12-28,PSU-GPU-2800W,3,0
2025-12-29,PSU-GPU-2800W,3,0
2025-12-30,PSU-GPU-2800W,3,0
2025-12-31,PSU-GPU-2800W,2,5
2026-01-01,PSU-GPU-2800W,1,5
2026-01-02,PSU-GPU-2800W,1,5
2026-01-03,PSU-GPU-2800W,1,5
2026-01-04,PSU-GPU-2800W,1,5
2026-01-05,PSU-GPU-2800W,0,5
2026-01-06,PSU-GPU-2800W,0,5
2026-01-07,PSU-GPU-2800W,0,5
2026-01-08,PSU-GPU-2800W,0,5
2026-01-09,PSU-GPU-2800W,0,5
2026-01-10,PSU-GPU-2800W,0,5
2026-01-11,PSU-GPU-2800W,0,5
2026-01-12,PSU-GPU-2800W,0,5
2026-01-13,PSU-GPU-2800W,0,5
2026-01-14,PSU-GPU-2800W,0,5
2026-01-15,PSU-GPU-2800W,0,5
2026-01-16,PSU-GPU-2800W,0,5
2026-01-17,PSU-GPU-2800W,0,5
2026-01-18,PSU-GPU-2800W,0,5
2026-01-19,PSU-GPU-2800W,0,5
2026-01-20,PSU-GPU-2800W,0,5
2026-01-21,PSU-GPU-2800W,0,5
2026-01-22,PSU-GPU-2800W,0,5
2026-01-23,PSU-GPU-2800W,0,5
2026-01-24,PSU-GPU-2800W,0,5
2026-01-25,PSU-GPU-2800W,0,5
2026-01-26,PSU-GPU-2800W,0,5
2026-01-27,PSU-GPU-2800W,5,0
2026-01-28,PSU-GPU-2800W,5,0
2026-01-29,PSU-GPU-2800W,5,0
2026-01-30,PSU-GPU-2800W,5,0
2026-01-31,PSU-GPU-2800W,5,0
2026-02-01,PSU-GPU-2800W,5,0
2026-02-02,PSU-GPU-2800W,5,0
2026-02-03,PSU-GPU-2800W,5,0
2026-02-04,PSU-GPU-2800W,5,0
2026-02-05,PSU-GPU-2800W,5,0
2026-02-06,PSU-GPU-2800W,5,0
2026-02-07,PSU-GPU-2800W,5,0
2026-02-08,PSU-GPU-2800W,5,0
2026-02-09,PSU-GPU-2800W,3,0
2026-02-10,PSU-GPU-2800W,3,0
2026-02-11,PSU-GPU-2800W,3,0
2026-02-12,PSU-GPU-2800W,3,0
2026-02-13,PSU-GPU-2800W,3,0
2026-02-14,PSU-GPU-2800W,3,0
2026-02-15,PSU-GPU-2800W,3,0
2026-02-16,PSU-GPU-2800W,3,0
2026-02-17,PSU-GPU-2800W,3,0
2026-02-18,PSU-GPU-2800W,2,5
2026-02-19,PSU-GPU-2800W,2,5
2026-02-20,PSU-GPU-2800W,1,5
2026-02-21,PSU-GPU-2800W,1,5
2026-02-22,PSU-GPU-2800W,1,5
2026-02-23,PSU-GPU-2800W,1,5
2026-02-24,PSU-GPU-2800W,1,5
2026-02-25,PSU-GPU-2800W,1,5
2026-02-26,PSU-GPU-2800W,1,5
2026-02-27,PSU-GPU-2800W,1,5
2026-02-28,PSU-GPU-2800W,1,5
2026-03-01,PSU-GPU-2800W,1,5
2026-03-02,PSU-GPU-2800W,1,5
2026-03-03,PSU-GPU-2800W,1,5
2026-03-04,PSU-GPU-2800W,1,5
2026-03-05,PSU-GPU-2800W,1,5
2026-03-06,PSU-GPU-2800W,1,5
2026-03-07,PSU-GPU-2800W,1,5
2026-03-08,PSU-GPU-2800W,1,5
2026-03-09,PSU-GPU-2800W,1,5
2026-03-10,PSU-GPU-2800W,1,5
2026-03-11,PSU-GPU-2800W,1,5
2026-03-12,PSU-GPU-2800W,1,5
2026-03-13,PSU-GPU-2800W,1,5
2026-03-14,PSU-GPU-2800W,1,5
2026-03-15,PSU-GPU-2800W,1,5
2026-03-16,PSU-GPU-2800W,0,5
2026-03-17,PSU-GPU-2800W,0,5
2026-03-18,PSU-GPU-2800W,0,5
2026-03-19,PSU-GPU-2800W,5,0
2026-03-20,PSU-GPU-2800W,4,0
2026-03-21,PSU-GPU-2800W,4,0
2026-03-22,PSU-GPU-2800W,4,0
2026-03-23,PSU-GPU-2800W,4,0
2026-03-24,PSU-GPU-2800W,4,0
2026-03-25,PSU-GPU-2800W,4,0
2026-03-26,PSU-GPU-2800W,4,0
2026-03-27,PSU-GPU-2800W,3,0
2026-03-28,PSU-GPU-2800W,3,0
2026-03-29,PSU-GPU-2800W,3,0
2026-03-30,PSU-GPU-2800W,3,0
2026-03-31,PSU-GPU-2800W,3,0
2026-04-01,PSU-GPU-2800W,3,0
2026-04-02,PSU-GPU-2800W,3,0
2026-04-03,PSU-GPU-2800W,3,0
2026-04-04,PSU-GPU-2800W,3,0
2026-04-05,PSU-GPU-2800W,3,0
2026-04-06,PSU-GPU-2800W,3,0
2026-04-07,PSU-GPU-2800W,3,0
2026-04-08,PSU-GPU-2800W,3,0
2026-04-09,PSU-GPU-2800W,3,0
2026-04-10,PSU-GPU-2800W,3,0
2026-04-11,PSU-GPU-2800W,3,0
2026-04-12,PSU-GPU-2800W,3,0
2026-04-13,PSU-GPU-2800W,3,0
2026-04-14,PSU-GPU-2800W,3,0
2026-04-15,PSU-GPU-2800W,3,0
2026-04-16,PSU-GPU-2800W,3,0
2026-04-17,PSU-GPU-2800W,3,0
2026-04-18,PSU-GPU-2800W,3,0
2026-04-19,PSU-GPU-2800W,2,5
2026-04-20,PSU-GPU-2800W,2,5
2026-04-21,PSU-GPU-2800W,2,5
2026-04-22,PSU-GPU-2800W,2,5
2026-04-23,PSU-GPU-2800W,2,5
2026-04-24,PSU-GPU-2800W,2,5
2026-04-25,PSU-GPU-2800W,1,5
2026-04-26,PSU-GPU-2800W,1,5
2026-04-27,PSU-GPU-2800W,1,5
2026-04-28,PSU-GPU-2800W,1,5
2026-04-29,PSU-GPU-2800W,1,5
2026-04-30,PSU-GPU-2800W,1,5
2026-05-01,PSU-GPU-2800W,1,5
2026-05-02,PSU-GPU-2800W,1,5
2026-05-03,PSU-GPU-2800W,1,5
2026-05-04,PSU-GPU-2800W,1,5
2026-05-05,PSU-GPU-2800W,1,5
2026-05-06,PSU-GPU-2800W,1,5
2026-05-07,PSU-GPU-2800W,1,5
2026-05-08,PSU-GPU-2800W,1,5
2026-05-09,PSU-GPU-2800W,1,5
2026-05-10,PSU-GPU-2800W,1,5
2026-05-11,PSU-GPU-2800W,1,5
2026-05-12,PSU-GPU-2800W,1,5
2026-05-13,PSU-GPU-2800W,1,5
2026-05-14,PSU-GPU-2800W,1,5
2026-05-15,PSU-GPU-2800W,1,5
2026-05-16,PSU-GPU-2800W,1,5
2026-05-17,PSU-GPU-2800W,1,5
2026-05-18,PSU-GPU-2800W,1,5
2026-05-19,PSU-GPU-2800W,6,0
2026-05-20,PSU-GPU-2800W,6,0
2026-05-21,PSU-GPU-2800W,6,0
2026-05-22,PSU-GPU-2800W,6,0
2026-05-23,PSU-GPU-2800W,6,0
2026-05-24,PSU-GPU-2800W,6,0
2026-05-25,PSU-GPU-2800W,6,0
2026-05-26,PSU-GPU-2800W,6,0
2026-05-27,PSU-GPU-2800W,6,0
2026-05-28,PSU-GPU-2800W,6,0
2026-05-29,PSU-GPU-2800W,6,0
2026-05-30,PSU-GPU-2800W,6,0
2026-05-31,PSU-GPU-2800W,6,0
2026-06-01,PSU-GPU-2800W,6,0
2026-06-02,PSU-GPU-2800W,6,0
2026-06-03,PSU-GPU-2800W,6,0
2026-06-04,PSU-GPU-2800W,6,0
2026-06-05,PSU-GPU-2800W,6,0
2026-06-06,PSU-GPU-2800W,6,0
2026-06-07,PSU-GPU-2800W,6,0
2026-06-08,PSU-GPU-2800W,6,0
2026-06-09,PSU-GPU-2800W,6,0
2026-06-10,PSU-GPU-2800W,6,0
2026-06-11,PSU-GPU-2800W,6,0
2026-06-12,PSU-GPU-2800W,6,0
2026-06-13,PSU-GPU-2800W,6,0
2026-06-14,PSU-GPU-2800W,6,0
2026-06-15,PSU-GPU-2800W,6,0
2026-06-16,PSU-GPU-2800W,6,0
2026-06-17,PSU-GPU-2800W,6,0
2026-06-18,PSU-GPU-2800W,6,0
2026-06-19,PSU-GPU-2800W,6,0
2026-06-20,PSU-GPU-2800W,6,0
2026-06-21,PSU-GPU-2800W,6,0
2026-06-22,PSU-GPU-2800W,6,0
2026-06-23,PSU-GPU-2800W,6,0
2026-06-24,PSU-GPU-2800W,6,0
2026-06-25,PSU-GPU-2800W,6,0
2026-06-26,PSU-GPU-2800W,6,0
2026-06-27,PSU-GPU-2800W,6,0
2026-06-28,PSU-GPU-2800W,6,0
2026-06-29,PSU-GPU-2800W,6,0
2026-06-30,PSU-GPU-2800W,6,0
2026-07-01,PSU-GPU-2800W,6,0
2026-07-02,PSU-GPU-2800W,6,0
2026-07-03,PSU-GPU-2800W,6,0
2026-07-04,PSU-GPU-2800W,6,0
2026-07-05,PSU-GPU-2800W,6,0
2026-07-06,PSU-GPU-2800W,5,0
2026-07-07,PSU-GPU-2800W,5,0
2026-07-08,PSU-GPU-2800W,5,0
2026-07-09,PSU-GPU-2800W,5,0
2026-07-10,PSU-GPU-2800W,5,0
2026-07-11,PSU-GPU-2800W,4,0
2026-07-12,PSU-GPU-2800W,4,0
2026-07-13,PSU-GPU-2800W,4,0
2026-07-14,PSU-GPU-2800W,3,0
2026-07-15,PSU-GPU-2800W,3,0
2026-07-16,PSU-GPU-2800W,3,0
2026-07-17,PSU-GPU-2800W,3,0
2026-07-18,PSU-GPU-2800W,3,0
2026-07-19,PSU-GPU-2800W,3,0
2026-07-20,PSU-GPU-2800W,3,0
2026-07-21,PSU-GPU-2800W,3,0
2026-07-22,PSU-GPU-2800W,3,0
2026-07-23,PSU-GPU-2800W,3,0
2026-07-24,PSU-GPU-2800W,3,0
2026-07-25,PSU-GPU-2800W,3,0
2026-07-26,PSU-GPU-2800W,3,0
2026-07-27,PSU-GPU-2800W,2,5
2026-07-28,PSU-GPU-2800W,1,5
2026-07-29,PSU-GPU-2800W,1,5
2026-07-30,PSU-GPU-2800W,1,5
2026-07-31,PSU-GPU-2800W,1,5
2026-08-01,PSU-GPU-2800W,1,5
2026-08-02,PSU-GPU-2800W,1,5
2026-08-03,PSU-GPU-2800W,1,5
2026-08-04,PSU-GPU-2800W,0,5
2026-08-05,PSU-GPU-2800W,0,5
2026-08-06,PSU-GPU-2800W,0,5
2026-08-07,PSU-GPU-2800W,0,5
2026-08-08,PSU-GPU-2800W,0,5
2026-08-09,PSU-GPU-2800W,0,5
2026-08-10,PSU-GPU-2800W,0,5
2026-08-11,PSU-GPU-2800W,0,5
2026-08-12,PSU-GPU-2800W,0,5
2026-08-13,PSU-GPU-2800W,0,5
2026-08-14,PSU-GPU-2800W,0,5
2026-08-15,PSU-GPU-2800W,0,5
2026-08-16,PSU-GPU-2800W,0,5
2026-08-17,PSU-GPU-2800W,0,5
2026-08-18,PSU-GPU-2800W,0,5
2026-08-19,PSU-GPU-2800W,0,5
2026-08-20,PSU-GPU-2800W,0,5
2026-08-21,PSU-GPU-2800W,0,5
2026-08-22,PSU-GPU-2800W,0,5
2026-08-23,PSU-GPU-2800W,0,5
2026-08-24,PSU-GPU-2800W,0,5
2026-08-25,PSU-GPU-2800W,0,5
2026-08-26,PSU-GPU-2800W,5,0
2026-08-27,PSU-GPU-2800W,5,0
2026-08-28,PSU-GPU-2800W,5,0
2026-08-29,PSU-GPU-2800W,5,0
2026-08-30,PSU-GPU-2800W,5,0
2026-08-31,PSU-GPU-2800W,5,0
2026-09-01,PSU-GPU-2800W,3,0
2026-09-02,PSU-GPU-2800W,3,0
2026-09-03,PSU-GPU-2800W,3,0
2026-09-04,PSU-GPU-2800W,3,0
2026-09-05,PSU-GPU-2800W,3,0
2026-09-06,PSU-GPU-2800W,3,0
2026-09-07,PSU-GPU-2800W,3,0
2026-09-08,PSU-GPU-2800W,3,0
2026-09-09,PSU-GPU-2800W,3,0
2026-09-10,PSU-GPU-2800W,3,0
2026-09-11,PSU-GPU-2800W,2,5
2026-09-12,PSU-GPU-2800W,2,5
2026-09-13,PSU-GPU-2800W,2,5
2026-09-14,PSU-GPU-2800W,2,5
2026-09-15,PSU-GPU-2800W,0,5
2026-09-16,PSU-GPU-2800W,0,5
2026-09-17,PSU-GPU-2800W,0,5
2026-09-18,PSU-GPU-2800W,0,5
2026-09-19,PSU-GPU-2800W,0,5
2026-09-20,PSU-GPU-2800W,0,5
2026-09-21,PSU-GPU-2800W,0,5
2026-09-22,PSU-GPU-2800W,0,5
2026-09-23,PSU-GPU-2800W,0,5
2026-09-24,PSU-GPU-2800W,0,5
2026-09-25,PSU-GPU-2800W,0,5
2025-09-26,FAN-DEL-R760,9,0
2025-09-27,FAN-DEL-R760,8,0
2025-09-28,FAN-DEL-R760,8,0
2025-09-29,FAN-DEL-R760,8,0
2025-09-30,FAN-DEL-R760,8,0
2025-10-01,FAN-DEL-R760,8,0
2025-10-02,FAN-DEL-R760,8,0
2025-10-03,FAN-DEL-R760,7,0
2025-10-04,FAN-DEL-R760,7,0
2025-10-05,FAN-DEL-R760,7,0
2025-10-06,FAN-DEL-R760,7,0
2025-10-07,FAN-DEL-R760,7,0
2025-10-08,FAN-DEL-R760,7,0
2025-10-09,FAN-DEL-R760,7,0
2025-10-10,FAN-DEL-R760,7,0
2025-10-11,FAN-DEL-R760,7,0
2025-10-12,FAN-DEL-R760,7,0
2025-10-13,FAN-DEL-R760,7,0
2025-10-14,FAN-DEL-R760,7,0
2025-10-15,FAN-DEL-R760,6,0
2025-10-16,FAN-DEL-R760,6,0
2025-10-17,FAN-DEL-R760,6,0
2025-10-18,FAN-DEL-R760,6,0
2025-10-19,FAN-DEL-R760,6,0
2025-10-20,FAN-DEL-R760,6,0
2025-10-21,FAN-DEL-R760,6,0
2025-10-22,FAN-DEL-R760,6,0
2025-10-23,FAN-DEL-R760,6,0
2025-10-24,FAN-DEL-R760,5,0
2025-10-25,FAN-DEL-R760,5,0
2025-10-26,FAN-DEL-R760,5,0
2025-10-27,FAN-DEL-R760,5,0
2025-10-28,FAN-DEL-R760,5,0
2025-10-29,FAN-DEL-R760,5,0
2025-10-30,FAN-DEL-R760,5,0
2025-10-31,FAN-DEL-R760,5,0
2025-11-01,FAN-DEL-R760,5,0
2025-11-02,FAN-DEL-R760,5,0
2025-11-03,FAN-DEL-R760,5,0
2025-11-04,FAN-DEL-R760,5,0
2025-11-05,FAN-DEL-R760,5,0
2025-11-06,FAN-DEL-R760,5,0
2025-11-07,FAN-DEL-R760,5,0
2025-11-08,FAN-DEL-R760,5,0
2025-11-09,FAN-DEL-R760,5,0
2025-11-10,FAN-DEL-R760,5,0
2025-11-11,FAN-DEL-R760,5,0
2025-11-12,FAN-DEL-R760,5,0
2025-11-13,FAN-DEL-R760,5,0
2025-11-14,FAN-DEL-R760,5,0
2025-11-15,FAN-DEL-R760,5,0
2025-11-16,FAN-DEL-R760,5,0
2025-11-17,FAN-DEL-R760,5,0
2025-11-18,FAN-DEL-R760,5,0
2025-11-19,FAN-DEL-R760,5,0
2025-11-20,FAN-DEL-R760,4,0
2025-11-21,FAN-DEL-R760,3,8
2025-11-22,FAN-DEL-R760,3,8
2025-11-23,FAN-DEL-R760,3,8
2025-11-24,FAN-DEL-R760,3,8
2025-11-25,FAN-DEL-R760,3,8
2025-11-26,FAN-DEL-R760,3,8
2025-11-27,FAN-DEL-R760,3,8
2025-11-28,FAN-DEL-R760,3,8
2025-11-29,FAN-DEL-R760,10,0
2025-11-30,FAN-DEL-R760,10,0
2025-12-01,FAN-DEL-R760,10,0
2025-12-02,FAN-DEL-R760,10,0
2025-12-03,FAN-DEL-R760,10,0
2025-12-04,FAN-DEL-R760,9,0
2025-12-05,FAN-DEL-R760,9,0
2025-12-06,FAN-DEL-R760,9,0
2025-12-07,FAN-DEL-R760,9,0
2025-12-08,FAN-DEL-R760,9,0
2025-12-09,FAN-DEL-R760,7,0
2025-12-10,FAN-DEL-R760,7,0
2025-12-11,FAN-DEL-R760,7,0
2025-12-12,FAN-DEL-R760,6,0
2025-12-13,FAN-DEL-R760,5,0
2025-12-14,FAN-DEL-R760,4,0
2025-12-15,FAN-DEL-R760,3,8
2025-12-16,FAN-DEL-R760,1,8
2025-12-17,FAN-DEL-R760,1,8
2025-12-18,FAN-DEL-R760,1,8
2025-12-19,FAN-DEL-R760,1,8
2025-12-20,FAN-DEL-R760,0,8
2025-12-21,FAN-DEL-R760,0,8
2025-12-22,FAN-DEL-R760,0,8
2025-12-23,FAN-DEL-R760,0,8
2025-12-24,FAN-DEL-R760,0,8
2025-12-25,FAN-DEL-R760,0,8
2025-12-26,FAN-DEL-R760,8,0
2025-12-27,FAN-DEL-R760,8,0
2025-12-28,FAN-DEL-R760,8,0
2025-12-29,FAN-DEL-R760,8,0
2025-12-30,FAN-DEL-R760,7,0
2025-12-31,FAN-DEL-R760,7,0
2026-01-01,FAN-DEL-R760,7,0
2026-01-02,FAN-DEL-R760,7,0
2026-01-03,FAN-DEL-R760,7,0
2026-01-04,FAN-DEL-R760,7,0
2026-01-05,FAN-DEL-R760,7,0
2026-01-06,FAN-DEL-R760,7,0
2026-01-07,FAN-DEL-R760,7,0
2026-01-08,FAN-DEL-R760,7,0
2026-01-09,FAN-DEL-R760,7,0
2026-01-10,FAN-DEL-R760,7,0
2026-01-11,FAN-DEL-R760,7,0
2026-01-12,FAN-DEL-R760,7,0
2026-01-13,FAN-DEL-R760,7,0
2026-01-14,FAN-DEL-R760,7,0
2026-01-15,FAN-DEL-R760,7,0
2026-01-16,FAN-DEL-R760,7,0
2026-01-17,FAN-DEL-R760,7,0
2026-01-18,FAN-DEL-R760,7,0
2026-01-19,FAN-DEL-R760,7,0
2026-01-20,FAN-DEL-R760,7,0
2026-01-21,FAN-DEL-R760,7,0
2026-01-22,FAN-DEL-R760,7,0
2026-01-23,FAN-DEL-R760,7,0
2026-01-24,FAN-DEL-R760,7,0
2026-01-25,FAN-DEL-R760,7,0
2026-01-26,FAN-DEL-R760,6,0
2026-01-27,FAN-DEL-R760,6,0
2026-01-28,FAN-DEL-R760,4,0
2026-01-29,FAN-DEL-R760,3,8
2026-01-30,FAN-DEL-R760,3,8
2026-01-31,FAN-DEL-R760,3,8
2026-02-01,FAN-DEL-R760,3,8
2026-02-02,FAN-DEL-R760,3,8
2026-02-03,FAN-DEL-R760,3,8
2026-02-04,FAN-DEL-R760,3,8
2026-02-05,FAN-DEL-R760,1,8
2026-02-06,FAN-DEL-R760,1,8
2026-02-07,FAN-DEL-R760,9,0
2026-02-08,FAN-DEL-R760,9,0
2026-02-09,FAN-DEL-R760,7,0
2026-02-10,FAN-DEL-R760,5,0
2026-02-11,FAN-DEL-R760,4,0
2026-02-12,FAN-DEL-R760,4,0
2026-02-13,FAN-DEL-R760,4,0
2026-02-14,FAN-DEL-R760,4,0
2026-02-15,FAN-DEL-R760,3,8
2026-02-16,FAN-DEL-R760,3,8
2026-02-17,FAN-DEL-R760,3,8
2026-02-18,FAN-DEL-R760,3,8
2026-02-19,FAN-DEL-R760,3,8
2026-02-20,FAN-DEL-R760,3,8
2026-02-21,FAN-DEL-R760,2,8
2026-02-22,FAN-DEL-R760,2,8
2026-02-23,FAN-DEL-R760,2,8
2026-02-24,FAN-DEL-R760,2,8
2026-02-25,FAN-DEL-R760,10,0
2026-02-26,FAN-DEL-R760,10,0
2026-02-27,FAN-DEL-R760,9,0
2026-02-28,FAN-DEL-R760,9,0
2026-03-01,FAN-DEL-R760,9,0
2026-03-02,FAN-DEL-R760,9,0
2026-03-03,FAN-DEL-R760,9,0
2026-03-04,FAN-DEL-R760,9,0
2026-03-05,FAN-DEL-R760,9,0
2026-03-06,FAN-DEL-R760,9,0
2026-03-07,FAN-DEL-R760,9,0
2026-03-08,FAN-DEL-R760,9,0
2026-03-09,FAN-DEL-R760,8,0
2026-03-10,FAN-DEL-R760,8,0
2026-03-11,FAN-DEL-R760,8,0
2026-03-12,FAN-DEL-R760,8,0
2026-03-13,FAN-DEL-R760,8,0
2026-03-14,FAN-DEL-R760,8,0
2026-03-15,FAN-DEL-R760,8,0
2026-03-16,FAN-DEL-R760,8,0
2026-03-17,FAN-DEL-R760,7,0
2026-03-18,FAN-DEL-R760,7,0
2026-03-19,FAN-DEL-R760,4,0
2026-03-20,FAN-DEL-R760,4,0
2026-03-21,FAN-DEL-R760,4,0
2026-03-22,FAN-DEL-R760,4,0
2026-03-23,FAN-DEL-R760,4,0
2026-03-24,FAN-DEL-R760,4,0
2026-03-25,FAN-DEL-R760,4,0
2026-03-26,FAN-DEL-R760,4,0
2026-03-27,FAN-DEL-R760,4,0
2026-03-28,FAN-DEL-R760,4,0
2026-03-29,FAN-DEL-R760,4,0
2026-03-30,FAN-DEL-R760,4,0
2026-03-31,FAN-DEL-R760,4,0
2026-04-01,FAN-DEL-R760,4,0
2026-04-02,FAN-DEL-R760,4,0
2026-04-03,FAN-DEL-R760,4,0
2026-04-04,FAN-DEL-R760,3,8
2026-04-05,FAN-DEL-R760,3,8
2026-04-06,FAN-DEL-R760,3,8
2026-04-07,FAN-DEL-R760,3,8
2026-04-08,FAN-DEL-R760,3,8
2026-04-09,FAN-DEL-R760,3,8
2026-04-10,FAN-DEL-R760,3,8
2026-04-11,FAN-DEL-R760,3,8
2026-04-12,FAN-DEL-R760,3,8
2026-04-13,FAN-DEL-R760,11,0
2026-04-14,FAN-DEL-R760,11,0
2026-04-15,FAN-DEL-R760,11,0
2026-04-16,FAN-DEL-R760,11,0
2026-04-17,FAN-DEL-R760,11,0
2026-04-18,FAN-DEL-R760,11,0
2026-04-19,FAN-DEL-R760,11,0
2026-04-20,FAN-DEL-R760,10,0
2026-04-21,FAN-DEL-R760,10,0
2026-04-22,FAN-DEL-R760,10,0
2026-04-23,FAN-DEL-R760,10,0
2026-04-24,FAN-DEL-R760,10,0
2026-04-25,FAN-DEL-R760,9,0
2026-04-26,FAN-DEL-R760,9,0
2026-04-27,FAN-DEL-R760,9,0
2026-04-28,FAN-DEL-R760,9,0
2026-04-29,FAN-DEL-R760,9,0
2026-04-30,FAN-DEL-R760,9,0
2026-05-01,FAN-DEL-R760,9,0
2026-05-02,FAN-DEL-R760,9,0
2026-05-03,FAN-DEL-R760,9,0
2026-05-04,FAN-DEL-R760,9,0
2026-05-05,FAN-DEL-R760,9,0
2026-05-06,FAN-DEL-R760,9,0
2026-05-07,FAN-DEL-R760,9,0
2026-05-08,FAN-DEL-R760,8,0
2026-05-09,FAN-DEL-R760,8,0
2026-05-10,FAN-DEL-R760,8,0
2026-05-11,FAN-DEL-R760,8,0
2026-05-12,FAN-DEL-R760,8,0
2026-05-13,FAN-DEL-R760,8,0
2026-05-14,FAN-DEL-R760,8,0
2026-05-15,FAN-DEL-R760,8,0
2026-05-16,FAN-DEL-R760,7,0
2026-05-17,FAN-DEL-R760,7,0
2026-05-18,FAN-DEL-R760,7,0
2026-05-19,FAN-DEL-R760,7,0
2026-05-20,FAN-DEL-R760,7,0
2026-05-21,FAN-DEL-R760,7,0
2026-05-22,FAN-DEL-R760,7,0
2026-05-23,FAN-DEL-R760,7,0
2026-05-24,FAN-DEL-R760,7,0
2026-05-25,FAN-DEL-R760,7,0
2026-05-26,FAN-DEL-R760,7,0
2026-05-27,FAN-DEL-R760,7,0
2026-05-28,FAN-DEL-R760,7,0
2026-05-29,FAN-DEL-R760,6,0
2026-05-30,FAN-DEL-R760,6,0
2026-05-31,FAN-DEL-R760,5,0
2026-06-01,FAN-DEL-R760,5,0
2026-06-02,FAN-DEL-R760,4,0
2026-06-03,FAN-DEL-R760,3,8
2026-06-04,FAN-DEL-R760,3,8
2026-06-05,FAN-DEL-R760,3,8
2026-06-06,FAN-DEL-R760,3,8
2026-06-07,FAN-DEL-R760,3,8
2026-06-08,FAN-DEL-R760,3,8
2026-06-09,FAN-DEL-R760,3,8
2026-06-10,FAN-DEL-R760,2,8
2026-06-11,FAN-DEL-R760,10,0
2026-06-12,FAN-DEL-R760,10,0
2026-06-13,FAN-DEL-R760,10,0
2026-06-14,FAN-DEL-R760,10,0
2026-06-15,FAN-DEL-R760,10,0
2026-06-16,FAN-DEL-R760,10,0
2026-06-17,FAN-DEL-R760,10,0
2026-06-18,FAN-DEL-R760,10,0
2026-06-19,FAN-DEL-R760,10,0
2026-06-20,FAN-DEL-R760,10,0
2026-06-21,FAN-DEL-R760,10,0
2026-06-22,FAN-DEL-R760,10,0
2026-06-23,FAN-DEL-R760,10,0
2026-06-24,FAN-DEL-R760,10,0
2026-06-25,FAN-DEL-R760,10,0
2026-06-26,FAN-DEL-R760,10,0
2026-06-27,FAN-DEL-R760,10,0
2026-06-28,FAN-DEL-R760,10,0
2026-06-29,FAN-DEL-R760,10,0
2026-06-30,FAN-DEL-R760,10,0
2026-07-01,FAN-DEL-R760,10,0
2026-07-02,FAN-DEL-R760,10,0
2026-07-03,FAN-DEL-R760,10,0
2026-07-04,FAN-DEL-R760,10,0
2026-07-05,FAN-DEL-R760,10,0
2026-07-06,FAN-DEL-R760,9,0
2026-07-07,FAN-DEL-R760,8,0
2026-07-08,FAN-DEL-R760,8,0
2026-07-09,FAN-DEL-R760,8,0
2026-07-10,FAN-DEL-R760,8,0
2026-07-11,FAN-DEL-R760,8,0
2026-07-12,FAN-DEL-R760,8,0
2026-07-13,FAN-DEL-R760,8,0
2026-07-14,FAN-DEL-R760,8,0
2026-07-15,FAN-DEL-R760,8,0
2026-07-16,FAN-DEL-R760,8,0
2026-07-17,FAN-DEL-R760,7,0
2026-07-18,FAN-DEL-R760,7,0
2026-07-19,FAN-DEL-R760,6,0
2026-07-20,FAN-DEL-R760,6,0
2026-07-21,FAN-DEL-R760,6,0
2026-07-22,FAN-DEL-R760,6,0
2026-07-23,FAN-DEL-R760,5,0
2026-07-24,FAN-DEL-R760,5,0
2026-07-25,FAN-DEL-R760,5,0
2026-07-26,FAN-DEL-R760,5,0
2026-07-27,FAN-DEL-R760,5,0
2026-07-28,FAN-DEL-R760,5,0
2026-07-29,FAN-DEL-R760,5,0
2026-07-30,FAN-DEL-R760,5,0
2026-07-31,FAN-DEL-R760,5,0
2026-08-01,FAN-DEL-R760,5,0
2026-08-02,FAN-DEL-R760,5,0
2026-08-03,FAN-DEL-R760,5,0
2026-08-04,FAN-DEL-R760,5,0
2026-08-05,FAN-DEL-R760,5,0
2026-08-06,FAN-DEL-R760,5,0
2026-08-07,FAN-DEL-R760,5,0
2026-08-08,FAN-DEL-R760,5,0
2026-08-09,FAN-DEL-R760,5,0
2026-08-10,FAN-DEL-R760,5,0
2026-08-11,FAN-DEL-R760,4,0
2026-08-12,FAN-DEL-R760,4,0
2026-08-13,FAN-DEL-R760,4,0
2026-08-14,FAN-DEL-R760,4,0
2026-08-15,FAN-DEL-R760,4,0
2026-08-16,FAN-DEL-R760,4,0
2026-08-17,FAN-DEL-R760,4,0
2026-08-18,FAN-DEL-R760,4,0
2026-08-19,FAN-DEL-R760,4,0
2026-08-20,FAN-DEL-R760,4,0
2026-08-21,FAN-DEL-R760,4,0
2026-08-22,FAN-DEL-R760,4,0
2026-08-23,FAN-DEL-R760,4,0
2026-08-24,FAN-DEL-R760,4,0
2026-08-25,FAN-DEL-R760,4,0
2026-08-26,FAN-DEL-R760,4,0
2026-08-27,FAN-DEL-R760,4,0
2026-08-28,FAN-DEL-R760,4,0
2026-08-29,FAN-DEL-R760,3,8
2026-08-30,FAN-DEL-R760,3,8
2026-08-31,FAN-DEL-R760,3,8
2026-09-01,FAN-DEL-R760,3,8
2026-09-02,FAN-DEL-R760,3,8
2026-09-03,FAN-DEL-R760,1,8
2026-09-04,FAN-DEL-R760,0,8
2026-09-05,FAN-DEL-R760,0,8
2026-09-06,FAN-DEL-R760,7,0
2026-09-07,FAN-DEL-R760,7,0
2026-09-08,FAN-DEL-R760,6,0
2026-09-09,FAN-DEL-R760,5,0
2026-09-10,FAN-DEL-R760,5,0
2026-09-11,FAN-DEL-R760,5,0
2026-09-12,FAN-DEL-R760,5,0
2026-09-13,FAN-DEL-R760,5,0
2026-09-14,FAN-DEL-R760,5,0
2026-09-15,FAN-DEL-R760,5,0
2026-09-16,FAN-DEL-R760,5,0
2026-09-17,FAN-DEL-R760,5,0
2026-09-18,FAN-DEL-R760,5,0
2026-09-19,FAN-DEL-R760,4,0
2026-09-20,FAN-DEL-R760,3,8
2026-09-21,FAN-DEL-R760,3,8
2026-09-22,FAN-DEL-R760,3,8
2026-09-23,FAN-DEL-R760,3,8
2026-09-24,FAN-DEL-R760,3,8
2026-09-25,FAN-DEL-R760,3,8
2025-09-26,FAN-HPE-DL380,7,0
2025-09-27,FAN-HPE-DL380,7,0
2025-09-28,FAN-HPE-DL380,7,0
2025-09-29,FAN-HPE-DL380,6,0
2025-09-30,FAN-HPE-DL380,6,0
2025-10-01,FAN-HPE-DL380,6,0
2025-10-02,FAN-HPE-DL380,6,0
2025-10-03,FAN-HPE-DL380,5,0
2025-10-04,FAN-HPE-DL380,5,0
2025-10-05,FAN-HPE-DL380,5,0
2025-10-06,FAN-HPE-DL380,5,0
2025-10-07,FAN-HPE-DL380,5,0
2025-10-08,FAN-HPE-DL380,5,0
2025-10-09,FAN-HPE-DL380,5,0
2025-10-10,FAN-HPE-DL380,5,0
2025-10-11,FAN-HPE-DL380,4,0
2025-10-12,FAN-HPE-DL380,4,0
2025-10-13,FAN-HPE-DL380,4,0
2025-10-14,FAN-HPE-DL380,3,0
2025-10-15,FAN-HPE-DL380,3,0
2025-10-16,FAN-HPE-DL380,3,0
2025-10-17,FAN-HPE-DL380,3,0
2025-10-18,FAN-HPE-DL380,3,0
2025-10-19,FAN-HPE-DL380,2,6
2025-10-20,FAN-HPE-DL380,2,6
2025-10-21,FAN-HPE-DL380,2,6
2025-10-22,FAN-HPE-DL380,2,6
2025-10-23,FAN-HPE-DL380,2,6
2025-10-24,FAN-HPE-DL380,2,6
2025-10-25,FAN-HPE-DL380,2,6
2025-10-26,FAN-HPE-DL380,2,6
2025-10-27,FAN-HPE-DL380,2,6
2025-10-28,FAN-HPE-DL380,0,6
2025-10-29,FAN-HPE-DL380,0,6
2025-10-30,FAN-HPE-DL380,0,6
2025-10-31,FAN-HPE-DL380,0,6
2025-11-01,FAN-HPE-DL380,0,6
2025-11-02,FAN-HPE-DL380,0,6
2025-11-03,FAN-HPE-DL380,0,6
2025-11-04,FAN-HPE-DL380,0,6
2025-11-05,FAN-HPE-DL380,0,6
2025-11-06,FAN-HPE-DL380,0,6
2025-11-07,FAN-HPE-DL380,0,6
2025-11-08,FAN-HPE-DL380,0,6
2025-11-09,FAN-HPE-DL380,6,0
2025-11-10,FAN-HPE-DL380,6,0
2025-11-11,FAN-HPE-DL380,6,0
2025-11-12,FAN-HPE-DL380,6,0
2025-11-13,FAN-HPE-DL380,6,0
2025-11-14,FAN-HPE-DL380,6,0
2025-11-15,FAN-HPE-DL380,6,0
2025-11-16,FAN-HPE-DL380,6,0
2025-11-17,FAN-HPE-DL380,6,0
2025-11-18,FAN-HPE-DL380,6,0
2025-11-19,FAN-HPE-DL380,5,0
2025-11-20,FAN-HPE-DL380,5,0
2025-11-21,FAN-HPE-DL380,4,0
2025-11-22,FAN-HPE-DL380,4,0
2025-11-23,FAN-HPE-DL380,4,0
2025-11-24,FAN-HPE-DL380,4,0
2025-11-25,FAN-HPE-DL380,4,0
2025-11-26,FAN-HPE-DL380,4,0
2025-11-27,FAN-HPE-DL380,4,0
2025-11-28,FAN-HPE-DL380,4,0
2025-11-29,FAN-HPE-DL380,4,0
2025-11-30,FAN-HPE-DL380,4,0
2025-12-01,FAN-HPE-DL380,4,0
2025-12-02,FAN-HPE-DL380,3,0
2025-12-03,FAN-HPE-DL380,3,0
2025-12-04,FAN-HPE-DL380,3,0
2025-12-05,FAN-HPE-DL380,3,0
2025-12-06,FAN-HPE-DL380,2,6
2025-12-07,FAN-HPE-DL380,2,6
2025-12-08,FAN-HPE-DL380,2,6
2025-12-09,FAN-HPE-DL380,2,6
2025-12-10,FAN-HPE-DL380,2,6
2025-12-11,FAN-HPE-DL380,2,6
2025-12-12,FAN-HPE-DL380,2,6
2025-12-13,FAN-HPE-DL380,2,6
2025-12-14,FAN-HPE-DL380,2,6
2025-12-15,FAN-HPE-DL380,2,6
2025-12-16,FAN-HPE-DL380,2,6
2025-12-17,FAN-HPE-DL380,2,6
2025-12-18,FAN-HPE-DL380,2,6
2025-12-19,FAN-HPE-DL380,2,6
2025-12-20,FAN-HPE-DL380,2,6
2025-12-21,FAN-HPE-DL380,2,6
2025-12-22,FAN-HPE-DL380,2,6
2025-12-23,FAN-HPE-DL380,2,6
2025-12-24,FAN-HPE-DL380,2,6
2025-12-25,FAN-HPE-DL380,2,6
2025-12-26,FAN-HPE-DL380,2,6
2025-12-27,FAN-HPE-DL380,8,0
2025-12-28,FAN-HPE-DL380,8,0
2025-12-29,FAN-HPE-DL380,8,0
2025-12-30,FAN-HPE-DL380,8,0
2025-12-31,FAN-HPE-DL380,8,0
2026-01-01,FAN-HPE-DL380,8,0
2026-01-02,FAN-HPE-DL380,8,0
2026-01-03,FAN-HPE-DL380,8,0
2026-01-04,FAN-HPE-DL380,8,0
2026-01-05,FAN-HPE-DL380,8,0
2026-01-06,FAN-HPE-DL380,8,0
2026-01-07,FAN-HPE-DL380,8,0
2026-01-08,FAN-HPE-DL380,7,0
2026-01-09,FAN-HPE-DL380,7,0
2026-01-10,FAN-HPE-DL380,6,0
2026-01-11,FAN-HPE-DL380,6,0
2026-01-12,FAN-HPE-DL380,6,0
2026-01-13,FAN-HPE-DL380,6,0
2026-01-14,FAN-HPE-DL380,6,0
2026-01-15,FAN-HPE-DL380,6,0
2026-01-16,FAN-HPE-DL380,6,0
2026-01-17,FAN-HPE-DL380,6,0
2026-01-18,FAN-HPE-DL380,6,0
2026-01-19,FAN-HPE-DL380,6,0
2026-01-20,FAN-HPE-DL380,6,0
2026-01-21,FAN-HPE-DL380,6,0
2026-01-22,FAN-HPE-DL380,5,0
2026-01-23,FAN-HPE-DL380,5,0
2026-01-24,FAN-HPE-DL380,5,0
2026-01-25,FAN-HPE-DL380,5,0
2026-01-26,FAN-HPE-DL380,5,0
2026-01-27,FAN-HPE-DL380,5,0
2026-01-28,FAN-HPE-DL380,5,0
2026-01-29,FAN-HPE-DL380,5,0
2026-01-30,FAN-HPE-DL380,5,0
2026-01-31,FAN-HPE-DL380,5,0
2026-02-01,FAN-HPE-DL380,5,0
2026-02-02,FAN-HPE-DL380,5,0
2026-02-03,FAN-HPE-DL380,5,0
2026-02-04,FAN-HPE-DL380,5,0
2026-02-05,FAN-HPE-DL380,4,0
2026-02-06,FAN-HPE-DL380,4,0
2026-02-07,FAN-HPE-DL380,3,0
2026-02-08,FAN-HPE-DL380,1,6
2026-02-09,FAN-HPE-DL380,1,6
2026-02-10,FAN-HPE-DL380,1,6
2026-02-11,FAN-HPE-DL380,0,6
2026-02-12,FAN-HPE-DL380,0,6
2026-02-13,FAN-HPE-DL380,0,6
2026-02-14,FAN-HPE-DL380,0,6
2026-02-15,FAN-HPE-DL380,0,6
2026-02-16,FAN-HPE-DL380,0,6
2026-02-17,FAN-HPE-DL380,0,6
2026-02-18,FAN-HPE-DL380,0,6
2026-02-19,FAN-HPE-DL380,0,6
2026-02-20,FAN-HPE-DL380,0,6
2026-02-21,FAN-HPE-DL380,0,6
2026-02-22,FAN-HPE-DL380,0,6
2026-02-23,FAN-HPE-DL380,0,6
2026-02-24,FAN-HPE-DL380,0,6
2026-02-25,FAN-HPE-DL380,0,6
2026-02-26,FAN-HPE-DL380,0,6
2026-02-27,FAN-HPE-DL380,0,6
2026-02-28,FAN-HPE-DL380,6,0
2026-03-01,FAN-HPE-DL380,6,0
2026-03-02,FAN-HPE-DL380,6,0
2026-03-03,FAN-HPE-DL380,6,0
2026-03-04,FAN-HPE-DL380,6,0
2026-03-05,FAN-HPE-DL380,6,0
2026-03-06,FAN-HPE-DL380,6,0
2026-03-07,FAN-HPE-DL380,6,0
2026-03-08,FAN-HPE-DL380,6,0
2026-03-09,FAN-HPE-DL380,6,0
2026-03-10,FAN-HPE-DL380,6,0
2026-03-11,FAN-HPE-DL380,6,0
2026-03-12,FAN-HPE-DL380,6,0
2026-03-13,FAN-HPE-DL380,6,0
2026-03-14,FAN-HPE-DL380,6,0
2026-03-15,FAN-HPE-DL380,6,0
2026-03-16,FAN-HPE-DL380,6,0
2026-03-17,FAN-HPE-DL380,6,0
2026-03-18,FAN-HPE-DL380,6,0
2026-03-19,FAN-HPE-DL380,6,0
2026-03-20,FAN-HPE-DL380,6,0
2026-03-21,FAN-HPE-DL380,6,0
2026-03-22,FAN-HPE-DL380,6,0
2026-03-23,FAN-HPE-DL380,6,0
2026-03-24,FAN-HPE-DL380,6,0
2026-03-25,FAN-HPE-DL380,6,0
2026-03-26,FAN-HPE-DL380,6,0
2026-03-27,FAN-HPE-DL380,6,0
2026-03-28,FAN-HPE-DL380,6,0
2026-03-29,FAN-HPE-DL380,6,0
2026-03-30,FAN-HPE-DL380,6,0
2026-03-31,FAN-HPE-DL380,6,0
2026-04-01,FAN-HPE-DL380,5,0
2026-04-02,FAN-HPE-DL380,5,0
2026-04-03,FAN-HPE-DL380,5,0
2026-04-04,FAN-HPE-DL380,5,0
2026-04-05,FAN-HPE-DL380,5,0
2026-04-06,FAN-HPE-DL380,4,0
2026-04-07,FAN-HPE-DL380,4,0
2026-04-08,FAN-HPE-DL380,3,0
2026-04-09,FAN-HPE-DL380,3,0
2026-04-10,FAN-HPE-DL380,3,0
2026-04-11,FAN-HPE-DL380,3,0
2026-04-12,FAN-HPE-DL380,2,6
2026-04-13,FAN-HPE-DL380,1,6
2026-04-14,FAN-HPE-DL380,1,6
2026-04-15,FAN-HPE-DL380,1,6
2026-04-16,FAN-HPE-DL380,0,6
2026-04-17,FAN-HPE-DL380,0,6
2026-04-18,FAN-HPE-DL380,0,6
2026-04-19,FAN-HPE-DL380,0,6
2026-04-20,FAN-HPE-DL380,0,6
2026-04-21,FAN-HPE-DL380,0,6
2026-04-22,FAN-HPE-DL380,0,6
2026-04-23,FAN-HPE-DL380,0,6
2026-04-24,FAN-HPE-DL380,0,6
2026-04-25,FAN-HPE-DL380,0,6
2026-04-26,FAN-HPE-DL380,0,6
2026-04-27,FAN-HPE-DL380,0,6
2026-04-28,FAN-HPE-DL380,0,6
2026-04-29,FAN-HPE-DL380,0,6
2026-04-30,FAN-HPE-DL380,0,6
2026-05-01,FAN-HPE-DL380,0,6
2026-05-02,FAN-HPE-DL380,6,0
2026-05-03,FAN-HPE-DL380,6,0
2026-05-04,FAN-HPE-DL380,6,0
2026-05-05,FAN-HPE-DL380,6,0
2026-05-06,FAN-HPE-DL380,6,0
2026-05-07,FAN-HPE-DL380,6,0
2026-05-08,FAN-HPE-DL380,6,0
2026-05-09,FAN-HPE-DL380,6,0
2026-05-10,FAN-HPE-DL380,6,0
2026-05-11,FAN-HPE-DL380,6,0
2026-05-12,FAN-HPE-DL380,6,0
2026-05-13,FAN-HPE-DL380,6,0
2026-05-14,FAN-HPE-DL380,6,0
2026-05-15,FAN-HPE-DL380,5,0
2026-05-16,FAN-HPE-DL380,5,0
2026-05-17,FAN-HPE-DL380,4,0
2026-05-18,FAN-HPE-DL380,4,0
2026-05-19,FAN-HPE-DL380,4,0
2026-05-20,FAN-HPE-DL380,4,0
2026-05-21,FAN-HPE-DL380,4,0
2026-05-22,FAN-HPE-DL380,4,0
2026-05-23,FAN-HPE-DL380,4,0
2026-05-24,FAN-HPE-DL380,4,0
2026-05-25,FAN-HPE-DL380,4,0
2026-05-26,FAN-HPE-DL380,4,0
2026-05-27,FAN-HPE-DL380,3,0
2026-05-28,FAN-HPE-DL380,3,0
2026-05-29,FAN-HPE-DL380,3,0
2026-05-30,FAN-HPE-DL380,3,0
2026-05-31,FAN-HPE-DL380,3,0
2026-06-01,FAN-HPE-DL380,3,0
2026-06-02,FAN-HPE-DL380,2,6
2026-06-03,FAN-HPE-DL380,2,6
2026-06-04,FAN-HPE-DL380,2,6
2026-06-05,FAN-HPE-DL380,2,6
2026-06-06,FAN-HPE-DL380,2,6
2026-06-07,FAN-HPE-DL380,2,6
2026-06-08,FAN-HPE-DL380,2,6
2026-06-09,FAN-HPE-DL380,2,6
2026-06-10,FAN-HPE-DL380,2,6
2026-06-11,FAN-HPE-DL380,2,6
2026-06-12,FAN-HPE-DL380,2,6
2026-06-13,FAN-HPE-DL380,2,6
2026-06-14,FAN-HPE-DL380,2,6
2026-06-15,FAN-HPE-DL380,2,6
2026-06-16,FAN-HPE-DL380,2,6
2026-06-17,FAN-HPE-DL380,2,6
2026-06-18,FAN-HPE-DL380,2,6
2026-06-19,FAN-HPE-DL380,2,6
2026-06-20,FAN-HPE-DL380,2,6
2026-06-21,FAN-HPE-DL380,2,6
2026-06-22,FAN-HPE-DL380,2,6
2026-06-23,FAN-HPE-DL380,2,6
2026-06-24,FAN-HPE-DL380,2,6
2026-06-25,FAN-HPE-DL380,7,0
2026-06-26,FAN-HPE-DL380,6,0
2026-06-27,FAN-HPE-DL380,6,0
2026-06-28,FAN-HPE-DL380,6,0
2026-06-29,FAN-HPE-DL380,6,0
2026-06-30,FAN-HPE-DL380,6,0
2026-07-01,FAN-HPE-DL380,4,0
2026-07-02,FAN-HPE-DL380,4,0
2026-07-03,FAN-HPE-DL380,4,0
2026-07-04,FAN-HPE-DL380,3,0
2026-07-05,FAN-HPE-DL380,3,0
2026-07-06,FAN-HPE-DL380,3,0
2026-07-07,FAN-HPE-DL380,3,0
2026-07-08,FAN-HPE-DL380,3,0
2026-07-09,FAN-HPE-DL380,3,0
2026-07-10,FAN-HPE-DL380,3,0
2026-07-11,FAN-HPE-DL380,3,0
2026-07-12,FAN-HPE-DL380,2,6
2026-07-13,FAN-HPE-DL380,2,6
2026-07-14,FAN-HPE-DL380,2,6
2026-07-15,FAN-HPE-DL380,2,6
2026-07-16,FAN-HPE-DL380,2,6
2026-07-17,FAN-HPE-DL380,2,6
2026-07-18,FAN-HPE-DL380,2,6
2026-07-19,FAN-HPE-DL380,2,6
2026-07-20,FAN-HPE-DL380,2,6
2026-07-21,FAN-HPE-DL380,2,6
2026-07-22,FAN-HPE-DL380,2,6
2026-07-23,FAN-HPE-DL380,2,6
2026-07-24,FAN-HPE-DL380,2,6
2026-07-25,FAN-HPE-DL380,2,6
2026-07-26,FAN-HPE-DL380,2,6
2026-07-27,FAN-HPE-DL380,2,6
2026-07-28,FAN-HPE-DL380,2,6
2026-07-29,FAN-HPE-DL380,2,6
2026-07-30,FAN-HPE-DL380,2,6
2026-07-31,FAN-HPE-DL380,2,6
2026-08-01,FAN-HPE-DL380,2,6
2026-08-02,FAN-HPE-DL380,2,6
2026-08-03,FAN-HPE-DL380,8,0
2026-08-04,FAN-HPE-DL380,7,0
2026-08-05,FAN-HPE-DL380,7,0
2026-08-06,FAN-HPE-DL380,7,0
2026-08-07,FAN-HPE-DL380,6,0
2026-08-08,FAN-HPE-DL380,6,0
2026-08-09,FAN-HPE-DL380,6,0
2026-08-10,FAN-HPE-DL380,6,0
2026-08-11,FAN-HPE-DL380,6,0
2026-08-12,FAN-HPE-DL380,6,0
2026-08-13,FAN-HPE-DL380,6,0
2026-08-14,FAN-HPE-DL380,6,0
2026-08-15,FAN-HPE-DL380,6,0
2026-08-16,FAN-HPE-DL380,6,0
2026-08-17,FAN-HPE-DL380,6,0
2026-08-18,FAN-HPE-DL380,6,0
2026-08-19,FAN-HPE-DL380,5,0
2026-08-20,FAN-HPE-DL380,5,0
2026-08-21,FAN-HPE-DL380,5,0
2026-08-22,FAN-HPE-DL380,5,0
2026-08-23,FAN-HPE-DL380,5,0
2026-08-24,FAN-HPE-DL380,5,0
2026-08-25,FAN-HPE-DL380,5,0
2026-08-26,FAN-HPE-DL380,5,0
2026-08-27,FAN-HPE-DL380,5,0
2026-08-28,FAN-HPE-DL380,5,0
2026-08-29,FAN-HPE-DL380,5,0
2026-08-30,FAN-HPE-DL380,5,0
2026-08-31,FAN-HPE-DL380,5,0
2026-09-01,FAN-HPE-DL380,4,0
2026-09-02,FAN-HPE-DL380,4,0
2026-09-03,FAN-HPE-DL380,4,0
2026-09-04,FAN-HPE-DL380,4,0
2026-09-05,FAN-HPE-DL380,4,0
2026-09-06,FAN-HPE-DL380,4,0
2026-09-07,FAN-HPE-DL380,4,0
2026-09-08,FAN-HPE-DL380,4,0
2026-09-09,FAN-HPE-DL380,4,0
2026-09-10,FAN-HPE-DL380,4,0
2026-09-11,FAN-HPE-DL380,4,0
2026-09-12,FAN-HPE-DL380,4,0
2026-09-13,FAN-HPE-DL380,4,0
2026-09-14,FAN-HPE-DL380,4,0
2026-09-15,FAN-HPE-DL380,4,0
2026-09-16,FAN-HPE-DL380,4,0
2026-09-17,FAN-HPE-DL380,4,0
2026-09-18,FAN-HPE-DL380,4,0
2026-09-19,FAN-HPE-DL380,4,0
2026-09-20,FAN-HPE-DL380,4,0
2026-09-21,FAN-HPE-DL380,4,0
2026-09-22,FAN-HPE-DL380,4,0
2026-09-23,FAN-HPE-DL380,4,0
2026-09-24,FAN-HPE-DL380,4,0
2026-09-25,FAN-HPE-DL380,4,0
2025-09-26,FAN-LNV-SR650,9,0
2025-09-27,FAN-LNV-SR650,9,0
2025-09-28,FAN-LNV-SR650,9,0
2025-09-29,FAN-LNV-SR650,9,0
2025-09-30,FAN-LNV-SR650,8,0
2025-10-01,FAN-LNV-SR650,8,0
2025-10-02,FAN-LNV-SR650,7,0
2025-10-03,FAN-LNV-SR650,7,0
2025-10-04,FAN-LNV-SR650,6,0
2025-10-05,FAN-LNV-SR650,6,0
2025-10-06,FAN-LNV-SR650,6,0
2025-10-07,FAN-LNV-SR650,6,0
2025-10-08,FAN-LNV-SR650,6,0
2025-10-09,FAN-LNV-SR650,5,9
2025-10-10,FAN-LNV-SR650,5,9
2025-10-11,FAN-LNV-SR650,5,9
2025-10-12,FAN-LNV-SR650,4,9
2025-10-13,FAN-LNV-SR650,4,9
2025-10-14,FAN-LNV-SR650,3,9
2025-10-15,FAN-LNV-SR650,3,9
2025-10-16,FAN-LNV-SR650,3,9
2025-10-17,FAN-LNV-SR650,3,9
2025-10-18,FAN-LNV-SR650,3,9
2025-10-19,FAN-LNV-SR650,12,0
2025-10-20,FAN-LNV-SR650,12,0
2025-10-21,FAN-LNV-SR650,12,0
2025-10-22,FAN-LNV-SR650,12,0
2025-10-23,FAN-LNV-SR650,12,0
2025-10-24,FAN-LNV-SR650,12,0
2025-10-25,FAN-LNV-SR650,12,0
2025-10-26,FAN-LNV-SR650,12,0
2025-10-27,FAN-LNV-SR650,11,0
2025-10-28,FAN-LNV-SR650,11,0
2025-10-29,FAN-LNV-SR650,11,0
2025-10-30,FAN-LNV-SR650,11,0
2025-10-31,FAN-LNV-SR650,11,0
2025-11-01,FAN-LNV-SR650,11,0
2025-11-02,FAN-LNV-SR650,11,0
2025-11-03,FAN-LNV-SR650,11,0
2025-11-04,FAN-LNV-SR650,10,0
2025-11-05,FAN-LNV-SR650,10,0
2025-11-06,FAN-LNV-SR650,10,0
2025-11-07,FAN-LNV-SR650,10,0
2025-11-08,FAN-LNV-SR650,10,0
2025-11-09,FAN-LNV-SR650,10,0
2025-11-10,FAN-LNV-SR650,10,0
2025-11-11,FAN-LNV-SR650,10,0
2025-11-12,FAN-LNV-SR650,10,0
2025-11-13,FAN-LNV-SR650,10,0
2025-11-14,FAN-LNV-SR650,10,0
2025-11-15,FAN-LNV-SR650,10,0
2025-11-16,FAN-LNV-SR650,9,0
2025-11-17,FAN-LNV-SR650,8,0
2025-11-18,FAN-LNV-SR650,8,0
2025-11-19,FAN-LNV-SR650,8,0
2025-11-20,FAN-LNV-SR650,8,0
2025-11-21,FAN-LNV-SR650,8,0
2025-11-22,FAN-LNV-SR650,8,0
2025-11-23,FAN-LNV-SR650,7,0
2025-11-24,FAN-LNV-SR650,7,0
2025-11-25,FAN-LNV-SR650,7,0
2025-11-26,FAN-LNV-SR650,7,0
2025-11-27,FAN-LNV-SR650,6,0
2025-11-28,FAN-LNV-SR650,6,0
2025-11-29,FAN-LNV-SR650,5,9
2025-11-30,FAN-LNV-SR650,5,9
2025-12-01,FAN-LNV-SR650,5,9
2025-12-02,FAN-LNV-SR650,5,9
2025-12-03,FAN-LNV-SR650,4,9
2025-12-04,FAN-LNV-SR650,3,9
2025-12-05,FAN-LNV-SR650,1,9
2025-12-06,FAN-LNV-SR650,1,9
2025-12-07,FAN-LNV-SR650,1,9
2025-12-08,FAN-LNV-SR650,1,9
2025-12-09,FAN-LNV-SR650,1,9
2025-12-10,FAN-LNV-SR650,1,9
2025-12-11,FAN-LNV-SR650,10,0
2025-12-12,FAN-LNV-SR650,10,0
2025-12-13,FAN-LNV-SR650,10,0
2025-12-14,FAN-LNV-SR650,10,0
2025-12-15,FAN-LNV-SR650,10,0
2025-12-16,FAN-LNV-SR650,10,0
2025-12-17,FAN-LNV-SR650,10,0
2025-12-18,FAN-LNV-SR650,10,0
2025-12-19,FAN-LNV-SR650,10,0
2025-12-20,FAN-LNV-SR650,10,0
2025-12-21,FAN-LNV-SR650,10,0
2025-12-22,FAN-LNV-SR650,9,0
2025-12-23,FAN-LNV-SR650,9,0
2025-12-24,FAN-LNV-SR650,9,0
2025-12-25,FAN-LNV-SR650,9,0
2025-12-26,FAN-LNV-SR650,9,0
2025-12-27,FAN-LNV-SR650,8,0
2025-12-28,FAN-LNV-SR650,8,0
2025-12-29,FAN-LNV-SR650,8,0
2025-12-30,FAN-LNV-SR650,8,0
2025-12-31,FAN-LNV-SR650,7,0
2026-01-01,FAN-LNV-SR650,7,0
2026-01-02,FAN-LNV-SR650,7,0
2026-01-03,FAN-LNV-SR650,7,0
2026-01-04,FAN-LNV-SR650,7,0
2026-01-05,FAN-LNV-SR650,7,0
2026-01-06,FAN-LNV-SR650,7,0
2026-01-07,FAN-LNV-SR650,7,0
2026-01-08,FAN-LNV-SR650,7,0
2026-01-09,FAN-LNV-SR650,7,0
2026-01-10,FAN-LNV-SR650,7,0
2026-01-11,FAN-LNV-SR650,7,0
2026-01-12,FAN-LNV-SR650,7,0
2026-01-13,FAN-LNV-SR650,7,0
2026-01-14,FAN-LNV-SR650,7,0
2026-01-15,FAN-LNV-SR650,5,9
2026-01-16,FAN-LNV-SR650,5,9
2026-01-17,FAN-LNV-SR650,5,9
2026-01-18,FAN-LNV-SR650,5,9
2026-01-19,FAN-LNV-SR650,5,9
2026-01-20,FAN-LNV-SR650,5,9
2026-01-21,FAN-LNV-SR650,5,9
2026-01-22,FAN-LNV-SR650,5,9
2026-01-23,FAN-LNV-SR650,5,9
2026-01-24,FAN-LNV-SR650,5,9
2026-01-25,FAN-LNV-SR650,5,9
2026-01-26,FAN-LNV-SR650,5,9
2026-01-27,FAN-LNV-SR650,5,9
2026-01-28,FAN-LNV-SR650,14,0
2026-01-29,FAN-LNV-SR650,14,0
2026-01-30,FAN-LNV-SR650,12,0
2026-01-31,FAN-LNV-SR650,12,0
2026-02-01,FAN-LNV-SR650,12,0
2026-02-02,FAN-LNV-SR650,11,0
2026-02-03,FAN-LNV-SR650,11,0
2026-02-04,FAN-LNV-SR650,11,0
2026-02-05,FAN-LNV-SR650,11,0
2026-02-06,FAN-LNV-SR650,10,0
2026-02-07,FAN-LNV-SR650,10,0
2026-02-08,FAN-LNV-SR650,9,0
2026-02-09,FAN-LNV-SR650,9,0
2026-02-10,FAN-LNV-SR650,9,0
2026-02-11,FAN-LNV-SR650,9,0
2026-02-12,FAN-LNV-SR650,9,0
2026-02-13,FAN-LNV-SR650,8,0
2026-02-14,FAN-LNV-SR650,8,0
2026-02-15,FAN-LNV-SR650,8,0
2026-02-16,FAN-LNV-SR650,7,0
2026-02-17,FAN-LNV-SR650,7,0
2026-02-18,FAN-LNV-SR650,7,0
2026-02-19,FAN-LNV-SR650,6,0
2026-02-20,FAN-LNV-SR650,6,0
2026-02-21,FAN-LNV-SR650,6,0
2026-02-22,FAN-LNV-SR650,6,0
2026-02-23,FAN-LNV-SR650,6,0
2026-02-24,FAN-LNV-SR650,6,0
2026-02-25,FAN-LNV-SR650,6,0
2026-02-26,FAN-LNV-SR650,6,0
2026-02-27,FAN-LNV-SR650,6,0
2026-02-28,FAN-LNV-SR650,6,0
2026-03-01,FAN-LNV-SR650,6,0
2026-03-02,FAN-LNV-SR650,6,0
2026-03-03,FAN-LNV-SR650,6,0
2026-03-04,FAN-LNV-SR650,6,0
2026-03-05,FAN-LNV-SR650,6,0
2026-03-06,FAN-LNV-SR650,6,0
2026-03-07,FAN-LNV-SR650,6,0
2026-03-08,FAN-LNV-SR650,6,0
2026-03-09,FAN-LNV-SR650,6,0
2026-03-10,FAN-LNV-SR650,6,0
2026-03-11,FAN-LNV-SR650,6,0
2026-03-12,FAN-LNV-SR650,5,9
2026-03-13,FAN-LNV-SR650,4,9
2026-03-14,FAN-LNV-SR650,4,9
2026-03-15,FAN-LNV-SR650,4,9
2026-03-16,FAN-LNV-SR650,4,9
2026-03-17,FAN-LNV-SR650,3,9
2026-03-18,FAN-LNV-SR650,3,9
2026-03-19,FAN-LNV-SR650,3,9
2026-03-20,FAN-LNV-SR650,3,9
2026-03-21,FAN-LNV-SR650,3,9
2026-03-22,FAN-LNV-SR650,3,9
2026-03-23,FAN-LNV-SR650,3,9
2026-03-24,FAN-LNV-SR650,1,9
2026-03-25,FAN-LNV-SR650,10,0
2026-03-26,FAN-LNV-SR650,10,0
2026-03-27,FAN-LNV-SR650,10,0
2026-03-28,FAN-LNV-SR650,10,0
2026-03-29,FAN-LNV-SR650,9,0
2026-03-30,FAN-LNV-SR650,9,0
2026-03-31,FAN-LNV-SR650,9,0
2026-04-01,FAN-LNV-SR650,9,0
2026-04-02,FAN-LNV-SR650,9,0
2026-04-03,FAN-LNV-SR650,9,0
2026-04-04,FAN-LNV-SR650,8,0
2026-04-05,FAN-LNV-SR650,8,0
2026-04-06,FAN-LNV-SR650,8,0
2026-04-07,FAN-LNV-SR650,7,0
2026-04-08,FAN-LNV-SR650,7,0
2026-04-09,FAN-LNV-SR650,7,0
2026-04-10,FAN-LNV-SR650,7,0
2026-04-11,FAN-LNV-SR650,7,0
2026-04-12,FAN-LNV-SR650,7,0
2026-04-13,FAN-LNV-SR650,6,0
2026-04-14,FAN-LNV-SR650,6,0
2026-04-15,FAN-LNV-SR650,6,0
2026-04-16,FAN-LNV-SR650,6,0
2026-04-17,FAN-LNV-SR650,6,0
2026-04-18,FAN-LNV-SR650,6,0
2026-04-19,FAN-LNV-SR650,6,0
2026-04-20,FAN-LNV-SR650,5,9
2026-04-21,FAN-LNV-SR650,5,9
2026-04-22,FAN-LNV-SR650,5,9
2026-04-23,FAN-LNV-SR650,5,9
2026-04-24,FAN-LNV-SR650,5,9
2026-04-25,FAN-LNV-SR650,5,9
2026-04-26,FAN-LNV-SR650,5,9
2026-04-27,FAN-LNV-SR650,4,9
2026-04-28,FAN-LNV-SR650,4,9
2026-04-29,FAN-LNV-SR650,4,9
2026-04-30,FAN-LNV-SR650,13,0
2026-05-01,FAN-LNV-SR650,13,0
2026-05-02,FAN-LNV-SR650,13,0
2026-05-03,FAN-LNV-SR650,13,0
2026-05-04,FAN-LNV-SR650,13,0
2026-05-05,FAN-LNV-SR650,13,0
2026-05-06,FAN-LNV-SR650,12,0
2026-05-07,FAN-LNV-SR650,11,0
2026-05-08,FAN-LNV-SR650,11,0
2026-05-09,FAN-LNV-SR650,11,0
2026-05-10,FAN-LNV-SR650,11,0
2026-05-11,FAN-LNV-SR650,11,0
2026-05-12,FAN-LNV-SR650,11,0
2026-05-13,FAN-LNV-SR650,11,0
2026-05-14,FAN-LNV-SR650,10,0
2026-05-15,FAN-LNV-SR650,10,0
2026-05-16,FAN-LNV-SR650,10,0
2026-05-17,FAN-LNV-SR650,10,0
2026-05-18,FAN-LNV-SR650,10,0
2026-05-19,FAN-LNV-SR650,10,0
2026-05-20,FAN-LNV-SR650,10,0
2026-05-21,FAN-LNV-SR650,10,0
2026-05-22,FAN-LNV-SR650,10,0
2026-05-23,FAN-LNV-SR650,10,0
2026-05-24,FAN-LNV-SR650,10,0
2026-05-25,FAN-LNV-SR650,9,0
2026-05-26,FAN-LNV-SR650,7,0
2026-05-27,FAN-LNV-SR650,7,0
2026-05-28,FAN-LNV-SR650,7,0
2026-05-29,FAN-LNV-SR650,7,0
2026-05-30,FAN-LNV-SR650,7,0
2026-05-31,FAN-LNV-SR650,5,9
2026-06-01,FAN-LNV-SR650,5,9
2026-06-02,FAN-LNV-SR650,5,9
2026-06-03,FAN-LNV-SR650,5,9
2026-06-04,FAN-LNV-SR650,5,9
2026-06-05,FAN-LNV-SR650,4,9
2026-06-06,FAN-LNV-SR650,4,9
2026-06-07,FAN-LNV-SR650,4,9
2026-06-08,FAN-LNV-SR650,4,9
2026-06-09,FAN-LNV-SR650,2,9
2026-06-10,FAN-LNV-SR650,2,9
2026-06-11,FAN-LNV-SR650,0,9
2026-06-12,FAN-LNV-SR650,9,0
2026-06-13,FAN-LNV-SR650,9,0
2026-06-14,FAN-LNV-SR650,9,0
2026-06-15,FAN-LNV-SR650,9,0
2026-06-16,FAN-LNV-SR650,9,0
2026-06-17,FAN-LNV-SR650,9,0
2026-06-18,FAN-LNV-SR650,9,0
2026-06-19,FAN-LNV-SR650,9,0
2026-06-20,FAN-LNV-SR650,9,0
2026-06-21,FAN-LNV-SR650,9,0
2026-06-22,FAN-LNV-SR650,9,0
2026-06-23,FAN-LNV-SR650,9,0
2026-06-24,FAN-LNV-SR650,9,0
2026-06-25,FAN-LNV-SR650,8,0
2026-06-26,FAN-LNV-SR650,8,0
2026-06-27,FAN-LNV-SR650,8,0
2026-06-28,FAN-LNV-SR650,8,0
2026-06-29,FAN-LNV-SR650,8,0
2026-06-30,FAN-LNV-SR650,8,0
2026-07-01,FAN-LNV-SR650,8,0
2026-07-02,FAN-LNV-SR650,8,0
2026-07-03,FAN-LNV-SR650,8,0
2026-07-04,FAN-LNV-SR650,8,0
2026-07-05,FAN-LNV-SR650,8,0
2026-07-06,FAN-LNV-SR650,8,0
2026-07-07,FAN-LNV-SR650,8,0
2026-07-08,FAN-LNV-SR650,8,0
2026-07-09,FAN-LNV-SR650,8,0
2026-07-10,FAN-LNV-SR650,7,0
2026-07-11,FAN-LNV-SR650,7,0
2026-07-12,FAN-LNV-SR650,7,0
2026-07-13,FAN-LNV-SR650,7,0
2026-07-14,FAN-LNV-SR650,7,0
2026-07-15,FAN-LNV-SR650,7,0
2026-07-16,FAN-LNV-SR650,7,0
2026-07-17,FAN-LNV-SR650,7,0
2026-07-18,FAN-LNV-SR650,7,0
2026-07-19,FAN-LNV-SR650,7,0
2026-07-20,FAN-LNV-SR650,7,0
2026-07-21,FAN-LNV-SR650,7,0
2026-07-22,FAN-LNV-SR650,7,0
2026-07-23,FAN-LNV-SR650,7,0
2026-07-24,FAN-LNV-SR650,7,0
2026-07-25,FAN-LNV-SR650,6,0
2026-07-26,FAN-LNV-SR650,6,0
2026-07-27,FAN-LNV-SR650,6,0
2026-07-28,FAN-LNV-SR650,6,0
2026-07-29,FAN-LNV-SR650,6,0
2026-07-30,FAN-LNV-SR650,6,0
2026-07-31,FAN-LNV-SR650,6,0
2026-08-01,FAN-LNV-SR650,6,0
2026-08-02,FAN-LNV-SR650,6,0
2026-08-03,FAN-LNV-SR650,6,0
2026-08-04,FAN-LNV-SR650,6,0
2026-08-05,FAN-LNV-SR650,6,0
2026-08-06,FAN-LNV-SR650,6,0
2026-08-07,FAN-LNV-SR650,6,0
2026-08-08,FAN-LNV-SR650,6,0
2026-08-09,FAN-LNV-SR650,6,0
2026-08-10,FAN-LNV-SR650,6,0
2026-08-11,FAN-LNV-SR650,6,0
2026-08-12,FAN-LNV-SR650,5,9
2026-08-13,FAN-LNV-SR650,5,9
2026-08-14,FAN-LNV-SR650,4,9
2026-08-15,FAN-LNV-SR650,4,9
2026-08-16,FAN-LNV-SR650,4,9
2026-08-17,FAN-LNV-SR650,4,9
2026-08-18,FAN-LNV-SR650,4,9
2026-08-19,FAN-LNV-SR650,4,9
2026-08-20,FAN-LNV-SR650,4,9
2026-08-21,FAN-LNV-SR650,4,9
2026-08-22,FAN-LNV-SR650,13,0
2026-08-23,FAN-LNV-SR650,12,0
2026-08-24,FAN-LNV-SR650,12,0
2026-08-25,FAN-LNV-SR650,12,0
2026-08-26,FAN-LNV-SR650,12,0
2026-08-27,FAN-LNV-SR650,12,0
2026-08-28,FAN-LNV-SR650,12,0
2026-08-29,FAN-LNV-SR650,11,0
2026-08-30,FAN-LNV-SR650,11,0
2026-08-31,FAN-LNV-SR650,11,0
2026-09-01,FAN-LNV-SR650,11,0
2026-09-02,FAN-LNV-SR650,11,0
2026-09-03,FAN-LNV-SR650,11,0
2026-09-04,FAN-LNV-SR650,10,0
2026-09-05,FAN-LNV-SR650,10,0
2026-09-06,FAN-LNV-SR650,9,0
2026-09-07,FAN-LNV-SR650,9,0
2026-09-08,FAN-LNV-SR650,9,0
2026-09-09,FAN-LNV-SR650,9,0
2026-09-10,FAN-LNV-SR650,9,0
2026-09-11,FAN-LNV-SR650,9,0
2026-09-12,FAN-LNV-SR650,8,0
2026-09-13,FAN-LNV-SR650,8,0
2026-09-14,FAN-LNV-SR650,8,0
2026-09-15,FAN-LNV-SR650,7,0
2026-09-16,FAN-LNV-SR650,6,0
2026-09-17,FAN-LNV-SR650,6,0
2026-09-18,FAN-LNV-SR650,6,0
2026-09-19,FAN-LNV-SR650,6,0
2026-09-20,FAN-LNV-SR650,6,0
2026-09-21,FAN-LNV-SR650,6,0
2026-09-22,FAN-LNV-SR650,6,0
2026-09-23,FAN-LNV-SR650,6,0
2026-09-24,FAN-LNV-SR650,6,0
2026-09-25,FAN-LNV-SR650,6,0
2025-09-26,FAN-GPU-HP80,8,0
2025-09-27,FAN-GPU-HP80,8,0
2025-09-28,FAN-GPU-HP80,8,0
2025-09-29,FAN-GPU-HP80,8,0
2025-09-30,FAN-GPU-HP80,8,0
2025-10-01,FAN-GPU-HP80,8,0
2025-10-02,FAN-GPU-HP80,7,0
2025-10-03,FAN-GPU-HP80,7,0
2025-10-04,FAN-GPU-HP80,7,0
2025-10-05,FAN-GPU-HP80,7,0
2025-10-06,FAN-GPU-HP80,7,0
2025-10-07,FAN-GPU-HP80,7,0
2025-10-08,FAN-GPU-HP80,7,0
2025-10-09,FAN-GPU-HP80,7,0
2025-10-10,FAN-GPU-HP80,7,0
2025-10-11,FAN-GPU-HP80,7,0
2025-10-12,FAN-GPU-HP80,7,0
2025-10-13,FAN-GPU-HP80,7,0
2025-10-14,FAN-GPU-HP80,7,0
2025-10-15,FAN-GPU-HP80,7,0
2025-10-16,FAN-GPU-HP80,7,0
2025-10-17,FAN-GPU-HP80,7,0
2025-10-18,FAN-GPU-HP80,7,0
2025-10-19,FAN-GPU-HP80,7,0
2025-10-20,FAN-GPU-HP80,7,0
2025-10-21,FAN-GPU-HP80,7,0
2025-10-22,FAN-GPU-HP80,7,0
2025-10-23,FAN-GPU-HP80,7,0
2025-10-24,FAN-GPU-HP80,6,0
2025-10-25,FAN-GPU-HP80,6,0
2025-10-26,FAN-GPU-HP80,6,0
2025-10-27,FAN-GPU-HP80,6,0
2025-10-28,FAN-GPU-HP80,6,0
2025-10-29,FAN-GPU-HP80,6,0
2025-10-30,FAN-GPU-HP80,6,0
2025-10-31,FAN-GPU-HP80,6,0
2025-11-01,FAN-GPU-HP80,6,0
2025-11-02,FAN-GPU-HP80,6,0
2025-11-03,FAN-GPU-HP80,5,6
2025-11-04,FAN-GPU-HP80,5,6
2025-11-05,FAN-GPU-HP80,5,6
2025-11-06,FAN-GPU-HP80,5,6
2025-11-07,FAN-GPU-HP80,5,6
2025-11-08,FAN-GPU-HP80,5,6
2025-11-09,FAN-GPU-HP80,5,6
2025-11-10,FAN-GPU-HP80,5,6
2025-11-11,FAN-GPU-HP80,5,6
2025-11-12,FAN-GPU-HP80,5,6
2025-11-13,FAN-GPU-HP80,4,6
2025-11-14,FAN-GPU-HP80,4,6
2025-11-15,FAN-GPU-HP80,4,6
2025-11-16,FAN-GPU-HP80,4,6
2025-11-17,FAN-GPU-HP80,4,6
2025-11-18,FAN-GPU-HP80,4,6
2025-11-19,FAN-GPU-HP80,4,6
2025-11-20,FAN-GPU-HP80,10,0
2025-11-21,FAN-GPU-HP80,10,0
2025-11-22,FAN-GPU-HP80,10,0
2025-11-23,FAN-GPU-HP80,10,0
2025-11-24,FAN-GPU-HP80,10,0
2025-11-25,FAN-GPU-HP80,10,0
2025-11-26,FAN-GPU-HP80,10,0
2025-11-27,FAN-GPU-HP80,10,0
2025-11-28,FAN-GPU-HP80,10,0
2025-11-29,FAN-GPU-HP80,10,0
2025-11-30,FAN-GPU-HP80,10,0
2025-12-01,FAN-GPU-HP80,10,0
2025-12-02,FAN-GPU-HP80,10,0
2025-12-03,FAN-GPU-HP80,10,0
2025-12-04,FAN-GPU-HP80,10,0
2025-12-05,FAN-GPU-HP80,10,0
2025-12-06,FAN-GPU-HP80,10,0
2025-12-07,FAN-GPU-HP80,9,0
2025-12-08,FAN-GPU-HP80,9,0
2025-12-09,FAN-GPU-HP80,9,0
2025-12-10,FAN-GPU-HP80,9,0
2025-12-11,FAN-GPU-HP80,9,0
2025-12-12,FAN-GPU-HP80,9,0
2025-12-13,FAN-GPU-HP80,9,0
2025-12-14,FAN-GPU-HP80,9,0
2025-12-15,FAN-GPU-HP80,9,0
2025-12-16,FAN-GPU-HP80,8,0
2025-12-17,FAN-GPU-HP80,8,0
2025-12-18,FAN-GPU-HP80,8,0
2025-12-19,FAN-GPU-HP80,8,0
2025-12-20,FAN-GPU-HP80,8,0
2025-12-21,FAN-GPU-HP80,8,0
2025-12-22,FAN-GPU-HP80,8,0
2025-12-23,FAN-GPU-HP80,8,0
2025-12-24,FAN-GPU-HP80,8,0
2025-12-25,FAN-GPU-HP80,8,0
2025-12-26,FAN-GPU-HP80,8,0
2025-12-27,FAN-GPU-HP80,8,0
2025-12-28,FAN-GPU-HP80,8,0
2025-12-29,FAN-GPU-HP80,8,0
2025-12-30,FAN-GPU-HP80,8,0
2025-12-31,FAN-GPU-HP80,8,0
2026-01-01,FAN-GPU-HP80,8,0
2026-01-02,FAN-GPU-HP80,8,0
2026-01-03,FAN-GPU-HP80,8,0
2026-01-04,FAN-GPU-HP80,8,0
2026-01-05,FAN-GPU-HP80,8,0
2026-01-06,FAN-GPU-HP80,8,0
2026-01-07,FAN-GPU-HP80,8,0
2026-01-08,FAN-GPU-HP80,8,0
2026-01-09,FAN-GPU-HP80,8,0
2026-01-10,FAN-GPU-HP80,8,0
2026-01-11,FAN-GPU-HP80,8,0
2026-01-12,FAN-GPU-HP80,8,0
2026-01-13,FAN-GPU-HP80,8,0
2026-01-14,FAN-GPU-HP80,7,0
2026-01-15,FAN-GPU-HP80,7,0
2026-01-16,FAN-GPU-HP80,7,0
2026-01-17,FAN-GPU-HP80,6,0
2026-01-18,FAN-GPU-HP80,6,0
2026-01-19,FAN-GPU-HP80,6,0
2026-01-20,FAN-GPU-HP80,6,0
2026-01-21,FAN-GPU-HP80,6,0
2026-01-22,FAN-GPU-HP80,6,0
2026-01-23,FAN-GPU-HP80,6,0
2026-01-24,FAN-GPU-HP80,6,0
2026-01-25,FAN-GPU-HP80,6,0
2026-01-26,FAN-GPU-HP80,5,6
2026-01-27,FAN-GPU-HP80,4,6
2026-01-28,FAN-GPU-HP80,4,6
2026-01-29,FAN-GPU-HP80,4,6
2026-01-30,FAN-GPU-HP80,4,6
2026-01-31,FAN-GPU-HP80,4,6
2026-02-01,FAN-GPU-HP80,3,6
2026-02-02,FAN-GPU-HP80,3,6
2026-02-03,FAN-GPU-HP80,3,6
2026-02-04,FAN-GPU-HP80,3,6
2026-02-05,FAN-GPU-HP80,3,6
2026-02-06,FAN-GPU-HP80,3,6
2026-02-07,FAN-GPU-HP80,2,6
2026-02-08,FAN-GPU-HP80,1,6
2026-02-09,FAN-GPU-HP80,1,6
2026-02-10,FAN-GPU-HP80,1,6
2026-02-11,FAN-GPU-HP80,1,6
2026-02-12,FAN-GPU-HP80,1,6
2026-02-13,FAN-GPU-HP80,7,0
2026-02-14,FAN-GPU-HP80,7,0
2026-02-15,FAN-GPU-HP80,7,0
2026-02-16,FAN-GPU-HP80,7,0
2026-02-17,FAN-GPU-HP80,7,0
2026-02-18,FAN-GPU-HP80,7,0
2026-02-19,FAN-GPU-HP80,7,0
2026-02-20,FAN-GPU-HP80,7,0
2026-02-21,FAN-GPU-HP80,7,0
2026-02-22,FAN-GPU-HP80,7,0
2026-02-23,FAN-GPU-HP80,7,0
2026-02-24,FAN-GPU-HP80,7,0
2026-02-25,FAN-GPU-HP80,7,0
2026-02-26,FAN-GPU-HP80,7,0
2026-02-27,FAN-GPU-HP80,7,0
2026-02-28,FAN-GPU-HP80,7,0
2026-03-01,FAN-GPU-HP80,7,0
2026-03-02,FAN-GPU-HP80,7,0
2026-03-03,FAN-GPU-HP80,7,0
2026-03-04,FAN-GPU-HP80,7,0
2026-03-05,FAN-GPU-HP80,7,0
2026-03-06,FAN-GPU-HP80,7,0
2026-03-07,FAN-GPU-HP80,7,0
2026-03-08,FAN-GPU-HP80,7,0
2026-03-09,FAN-GPU-HP80,7,0
2026-03-10,FAN-GPU-HP80,7,0
2026-03-11,FAN-GPU-HP80,7,0
2026-03-12,FAN-GPU-HP80,6,0
2026-03-13,FAN-GPU-HP80,6,0
2026-03-14,FAN-GPU-HP80,6,0
2026-03-15,FAN-GPU-HP80,6,0
2026-03-16,FAN-GPU-HP80,6,0
2026-03-17,FAN-GPU-HP80,6,0
2026-03-18,FAN-GPU-HP80,6,0
2026-03-19,FAN-GPU-HP80,6,0
2026-03-20,FAN-GPU-HP80,6,0
2026-03-21,FAN-GPU-HP80,6,0
2026-03-22,FAN-GPU-HP80,6,0
2026-03-23,FAN-GPU-HP80,6,0
2026-03-24,FAN-GPU-HP80,6,0
2026-03-25,FAN-GPU-HP80,6,0
2026-03-26,FAN-GPU-HP80,6,0
2026-03-27,FAN-GPU-HP80,6,0
2026-03-28,FAN-GPU-HP80,6,0
2026-03-29,FAN-GPU-HP80,6,0
2026-03-30,FAN-GPU-HP80,6,0
2026-03-31,FAN-GPU-HP80,6,0
2026-04-01,FAN-GPU-HP80,5,6
2026-04-02,FAN-GPU-HP80,5,6
2026-04-03,FAN-GPU-HP80,5,6
2026-04-04,FAN-GPU-HP80,5,6
2026-04-05,FAN-GPU-HP80,5,6
2026-04-06,FAN-GPU-HP80,5,6
2026-04-07,FAN-GPU-HP80,5,6
2026-04-08,FAN-GPU-HP80,5,6
2026-04-09,FAN-GPU-HP80,5,6
2026-04-10,FAN-GPU-HP80,5,6
2026-04-11,FAN-GPU-HP80,5,6
2026-04-12,FAN-GPU-HP80,5,6
2026-04-13,FAN-GPU-HP80,5,6
2026-04-14,FAN-GPU-HP80,5,6
2026-04-15,FAN-GPU-HP80,5,6
2026-04-16,FAN-GPU-HP80,5,6
2026-04-17,FAN-GPU-HP80,5,6
2026-04-18,FAN-GPU-HP80,5,6
2026-04-19,FAN-GPU-HP80,11,0
2026-04-20,FAN-GPU-HP80,11,0
2026-04-21,FAN-GPU-HP80,11,0
2026-04-22,FAN-GPU-HP80,11,0
2026-04-23,FAN-GPU-HP80,11,0
2026-04-24,FAN-GPU-HP80,11,0
2026-04-25,FAN-GPU-HP80,11,0
2026-04-26,FAN-GPU-HP80,11,0
2026-04-27,FAN-GPU-HP80,10,0
2026-04-28,FAN-GPU-HP80,10,0
2026-04-29,FAN-GPU-HP80,9,0
2026-04-30,FAN-GPU-HP80,9,0
2026-05-01,FAN-GPU-HP80,9,0
2026-05-02,FAN-GPU-HP80,9,0
2026-05-03,FAN-GPU-HP80,9,0
2026-05-04,FAN-GPU-HP80,9,0
2026-05-05,FAN-GPU-HP80,9,0
2026-05-06,FAN-GPU-HP80,7,0
2026-05-07,FAN-GPU-HP80,7,0
2026-05-08,FAN-GPU-HP80,7,0
2026-05-09,FAN-GPU-HP80,7,0
2026-05-10,FAN-GPU-HP80,7,0
2026-05-11,FAN-GPU-HP80,7,0
2026-05-12,FAN-GPU-HP80,7,0
2026-05-13,FAN-GPU-HP80,7,0
2026-05-14,FAN-GPU-HP80,7,0
2026-05-15,FAN-GPU-HP80,6,0
2026-05-16,FAN-GPU-HP80,4,6
2026-05-17,FAN-GPU-HP80,4,6
2026-05-18,FAN-GPU-HP80,3,6
2026-05-19,FAN-GPU-HP80,2,6
2026-05-20,FAN-GPU-HP80,2,6
2026-05-21,FAN-GPU-HP80,2,6
2026-05-22,FAN-GPU-HP80,2,6
2026-05-23,FAN-GPU-HP80,2,6
2026-05-24,FAN-GPU-HP80,2,6
2026-05-25,FAN-GPU-HP80,2,6
2026-05-26,FAN-GPU-HP80,2,6
2026-05-27,FAN-GPU-HP80,2,6
2026-05-28,FAN-GPU-HP80,2,6
2026-05-29,FAN-GPU-HP80,2,6
2026-05-30,FAN-GPU-HP80,2,6
2026-05-31,FAN-GPU-HP80,2,6
2026-06-01,FAN-GPU-HP80,2,6
2026-06-02,FAN-GPU-HP80,2,6
2026-06-03,FAN-GPU-HP80,2,6
2026-06-04,FAN-GPU-HP80,8,0
2026-06-05,FAN-GPU-HP80,8,0
2026-06-06,FAN-GPU-HP80,8,0
2026-06-07,FAN-GPU-HP80,8,0
2026-06-08,FAN-GPU-HP80,8,0
2026-06-09,FAN-GPU-HP80,8,0
2026-06-10,FAN-GPU-HP80,8,0
2026-06-11,FAN-GPU-HP80,8,0
2026-06-12,FAN-GPU-HP80,8,0
2026-06-13,FAN-GPU-HP80,8,0
2026-06-14,FAN-GPU-HP80,8,0
2026-06-15,FAN-GPU-HP80,8,0
2026-06-16,FAN-GPU-HP80,8,0
2026-06-17,FAN-GPU-HP80,8,0
2026-06-18,FAN-GPU-HP80,8,0
2026-06-19,FAN-GPU-HP80,8,0
2026-06-20,FAN-GPU-HP80,8,0
2026-06-21,FAN-GPU-HP80,7,0
2026-06-22,FAN-GPU-HP80,7,0
2026-06-23,FAN-GPU-HP80,7,0
2026-06-24,FAN-GPU-HP80,7,0
2026-06-25,FAN-GPU-HP80,6,0
2026-06-26,FAN-GPU-HP80,5,6
2026-06-27,FAN-GPU-HP80,5,6
2026-06-28,FAN-GPU-HP80,5,6
2026-06-29,FAN-GPU-HP80,5,6
2026-06-30,FAN-GPU-HP80,5,6
2026-07-01,FAN-GPU-HP80,5,6
2026-07-02,FAN-GPU-HP80,5,6
2026-07-03,FAN-GPU-HP80,5,6
2026-07-04,FAN-GPU-HP80,5,6
2026-07-05,FAN-GPU-HP80,5,6
2026-07-06,FAN-GPU-HP80,5,6
2026-07-07,FAN-GPU-HP80,5,6
2026-07-08,FAN-GPU-HP80,5,6
2026-07-09,FAN-GPU-HP80,5,6
2026-07-10,FAN-GPU-HP80,5,6
2026-07-11,FAN-GPU-HP80,5,6
2026-07-12,FAN-GPU-HP80,5,6
2026-07-13,FAN-GPU-HP80,5,6
2026-07-14,FAN-GPU-HP80,11,0
2026-07-15,FAN-GPU-HP80,11,0
2026-07-16,FAN-GPU-HP80,11,0
2026-07-17,FAN-GPU-HP80,11,0
2026-07-18,FAN-GPU-HP80,10,0
2026-07-19,FAN-GPU-HP80,10,0
2026-07-20,FAN-GPU-HP80,10,0
2026-07-21,FAN-GPU-HP80,9,0
2026-07-22,FAN-GPU-HP80,9,0
2026-07-23,FAN-GPU-HP80,8,0
2026-07-24,FAN-GPU-HP80,8,0
2026-07-25,FAN-GPU-HP80,8,0
2026-07-26,FAN-GPU-HP80,8,0
2026-07-27,FAN-GPU-HP80,8,0
2026-07-28,FAN-GPU-HP80,8,0
2026-07-29,FAN-GPU-HP80,8,0
2026-07-30,FAN-GPU-HP80,7,0
2026-07-31,FAN-GPU-HP80,7,0
2026-08-01,FAN-GPU-HP80,6,0
2026-08-02,FAN-GPU-HP80,6,0
2026-08-03,FAN-GPU-HP80,6,0
2026-08-04,FAN-GPU-HP80,6,0
2026-08-05,FAN-GPU-HP80,6,0
2026-08-06,FAN-GPU-HP80,6,0
2026-08-07,FAN-GPU-HP80,6,0
2026-08-08,FAN-GPU-HP80,5,6
2026-08-09,FAN-GPU-HP80,5,6
2026-08-10,FAN-GPU-HP80,5,6
2026-08-11,FAN-GPU-HP80,5,6
2026-08-12,FAN-GPU-HP80,5,6
2026-08-13,FAN-GPU-HP80,5,6
2026-08-14,FAN-GPU-HP80,5,6
2026-08-15,FAN-GPU-HP80,5,6
2026-08-16,FAN-GPU-HP80,4,6
2026-08-17,FAN-GPU-HP80,3,6
2026-08-18,FAN-GPU-HP80,3,6
2026-08-19,FAN-GPU-HP80,3,6
2026-08-20,FAN-GPU-HP80,3,6
2026-08-21,FAN-GPU-HP80,3,6
2026-08-22,FAN-GPU-HP80,2,6
2026-08-23,FAN-GPU-HP80,2,6
2026-08-24,FAN-GPU-HP80,2,6
2026-08-25,FAN-GPU-HP80,2,6
2026-08-26,FAN-GPU-HP80,8,0
2026-08-27,FAN-GPU-HP80,8,0
2026-08-28,FAN-GPU-HP80,7,0
2026-08-29,FAN-GPU-HP80,7,0
2026-08-30,FAN-GPU-HP80,7,0
2026-08-31,FAN-GPU-HP80,7,0
2026-09-01,FAN-GPU-HP80,7,0
2026-09-02,FAN-GPU-HP80,7,0
2026-09-03,FAN-GPU-HP80,7,0
2026-09-04,FAN-GPU-HP80,6,0
2026-09-05,FAN-GPU-HP80,6,0
2026-09-06,FAN-GPU-HP80,6,0
2026-09-07,FAN-GPU-HP80,5,6
2026-09-08,FAN-GPU-HP80,5,6
2026-09-09,FAN-GPU-HP80,4,6
2026-09-10,FAN-GPU-HP80,4,6
2026-09-11,FAN-GPU-HP80,4,6
2026-09-12,FAN-GPU-HP80,4,6
2026-09-13,FAN-GPU-HP80,4,6
2026-09-14,FAN-GPU-HP80,4,6
2026-09-15,FAN-GPU-HP80,4,6
2026-09-16,FAN-GPU-HP80,2,6
2026-09-17,FAN-GPU-HP80,2,6
2026-09-18,FAN-GPU-HP80,2,6
2026-09-19,FAN-GPU-HP80,2,6
2026-09-20,FAN-GPU-HP80,2,6
2026-09-21,FAN-GPU-HP80,2,6
2026-09-22,FAN-GPU-HP80,2,6
2026-09-23,FAN-GPU-HP80,2,6
2026-09-24,FAN-GPU-HP80,2,6
2026-09-25,FAN-GPU-HP80,2,6
2025-09-26,NIC-OCP3-25G-DP,7,0
2025-09-27,NIC-OCP3-25G-DP,7,0
2025-09-28,NIC-OCP3-25G-DP,7,0
2025-09-29,NIC-OCP3-25G-DP,7,0
2025-09-30,NIC-OCP3-25G-DP,7,0
2025-10-01,NIC-OCP3-25G-DP,7,0
2025-10-02,NIC-OCP3-25G-DP,7,0
2025-10-03,NIC-OCP3-25G-DP,7,0
2025-10-04,NIC-OCP3-25G-DP,7,0
2025-10-05,NIC-OCP3-25G-DP,7,0
2025-10-06,NIC-OCP3-25G-DP,7,0
2025-10-07,NIC-OCP3-25G-DP,7,0
2025-10-08,NIC-OCP3-25G-DP,7,0
2025-10-09,NIC-OCP3-25G-DP,7,0
2025-10-10,NIC-OCP3-25G-DP,7,0
2025-10-11,NIC-OCP3-25G-DP,7,0
2025-10-12,NIC-OCP3-25G-DP,7,0
2025-10-13,NIC-OCP3-25G-DP,7,0
2025-10-14,NIC-OCP3-25G-DP,7,0
2025-10-15,NIC-OCP3-25G-DP,7,0
2025-10-16,NIC-OCP3-25G-DP,7,0
2025-10-17,NIC-OCP3-25G-DP,7,0
2025-10-18,NIC-OCP3-25G-DP,7,0
2025-10-19,NIC-OCP3-25G-DP,7,0
2025-10-20,NIC-OCP3-25G-DP,7,0
2025-10-21,NIC-OCP3-25G-DP,7,0
2025-10-22,NIC-OCP3-25G-DP,7,0
2025-10-23,NIC-OCP3-25G-DP,7,0
2025-10-24,NIC-OCP3-25G-DP,7,0
2025-10-25,NIC-OCP3-25G-DP,7,0
2025-10-26,NIC-OCP3-25G-DP,7,0
2025-10-27,NIC-OCP3-25G-DP,7,0
2025-10-28,NIC-OCP3-25G-DP,7,0
2025-10-29,NIC-OCP3-25G-DP,7,0
2025-10-30,NIC-OCP3-25G-DP,7,0
2025-10-31,NIC-OCP3-25G-DP,7,0
2025-11-01,NIC-OCP3-25G-DP,7,0
2025-11-02,NIC-OCP3-25G-DP,7,0
2025-11-03,NIC-OCP3-25G-DP,7,0
2025-11-04,NIC-OCP3-25G-DP,7,0
2025-11-05,NIC-OCP3-25G-DP,7,0
2025-11-06,NIC-OCP3-25G-DP,7,0
2025-11-07,NIC-OCP3-25G-DP,7,0
2025-11-08,NIC-OCP3-25G-DP,7,0
2025-11-09,NIC-OCP3-25G-DP,7,0
2025-11-10,NIC-OCP3-25G-DP,7,0
2025-11-11,NIC-OCP3-25G-DP,7,0
2025-11-12,NIC-OCP3-25G-DP,7,0
2025-11-13,NIC-OCP3-25G-DP,6,0
2025-11-14,NIC-OCP3-25G-DP,6,0
2025-11-15,NIC-OCP3-25G-DP,6,0
2025-11-16,NIC-OCP3-25G-DP,6,0
2025-11-17,NIC-OCP3-25G-DP,6,0
2025-11-18,NIC-OCP3-25G-DP,6,0
2025-11-19,NIC-OCP3-25G-DP,6,0
2025-11-20,NIC-OCP3-25G-DP,6,0
2025-11-21,NIC-OCP3-25G-DP,6,0
2025-11-22,NIC-OCP3-25G-DP,6,0
2025-11-23,NIC-OCP3-25G-DP,6,0
2025-11-24,NIC-OCP3-25G-DP,6,0
2025-11-25,NIC-OCP3-25G-DP,6,0
2025-11-26,NIC-OCP3-25G-DP,3,6
2025-11-27,NIC-OCP3-25G-DP,2,6
2025-11-28,NIC-OCP3-25G-DP,2,6
2025-11-29,NIC-OCP3-25G-DP,2,6
2025-11-30,NIC-OCP3-25G-DP,2,6
2025-12-01,NIC-OCP3-25G-DP,2,6
2025-12-02,NIC-OCP3-25G-DP,2,6
2025-12-03,NIC-OCP3-25G-DP,2,6
2025-12-04,NIC-OCP3-25G-DP,2,6
2025-12-05,NIC-OCP3-25G-DP,2,6
2025-12-06,NIC-OCP3-25G-DP,1,6
2025-12-07,NIC-OCP3-25G-DP,7,0
2025-12-08,NIC-OCP3-25G-DP,7,0
2025-12-09,NIC-OCP3-25G-DP,7,0
2025-12-10,NIC-OCP3-25G-DP,7,0
2025-12-11,NIC-OCP3-25G-DP,7,0
2025-12-12,NIC-OCP3-25G-DP,7,0
2025-12-13,NIC-OCP3-25G-DP,7,0
2025-12-14,NIC-OCP3-25G-DP,7,0
2025-12-15,NIC-OCP3-25G-DP,7,0
2025-12-16,NIC-OCP3-25G-DP,7,0
2025-12-17,NIC-OCP3-25G-DP,7,0
2025-12-18,NIC-OCP3-25G-DP,7,0
2025-12-19,NIC-OCP3-25G-DP,7,0
2025-12-20,NIC-OCP3-25G-DP,7,0
2025-12-21,NIC-OCP3-25G-DP,7,0
2025-12-22,NIC-OCP3-25G-DP,7,0
2025-12-23,NIC-OCP3-25G-DP,7,0
2025-12-24,NIC-OCP3-25G-DP,7,0
2025-12-25,NIC-OCP3-25G-DP,7,0
2025-12-26,NIC-OCP3-25G-DP,6,0
2025-12-27,NIC-OCP3-25G-DP,6,0
2025-12-28,NIC-OCP3-25G-DP,5,0
2025-12-29,NIC-OCP3-25G-DP,5,0
2025-12-30,NIC-OCP3-25G-DP,4,0
2025-12-31,NIC-OCP3-25G-DP,4,0
2026-01-01,NIC-OCP3-25G-DP,3,6
2026-01-02,NIC-OCP3-25G-DP,3,6
2026-01-03,NIC-OCP3-25G-DP,3,6
2026-01-04,NIC-OCP3-25G-DP,3,6
2026-01-05,NIC-OCP3-25G-DP,3,6
2026-01-06,NIC-OCP3-25G-DP,2,6
2026-01-07,NIC-OCP3-25G-DP,2,6
2026-01-08,NIC-OCP3-25G-DP,2,6
2026-01-09,NIC-OCP3-25G-DP,2,6
2026-01-10,NIC-OCP3-25G-DP,2,6
2026-01-11,NIC-OCP3-25G-DP,2,6
2026-01-12,NIC-OCP3-25G-DP,8,0
2026-01-13,NIC-OCP3-25G-DP,8,0
2026-01-14,NIC-OCP3-25G-DP,7,0
2026-01-15,NIC-OCP3-25G-DP,7,0
2026-01-16,NIC-OCP3-25G-DP,7,0
2026-01-17,NIC-OCP3-25G-DP,6,0
2026-01-18,NIC-OCP3-25G-DP,6,0
2026-01-19,NIC-OCP3-25G-DP,6,0
2026-01-20,NIC-OCP3-25G-DP,6,0
2026-01-21,NIC-OCP3-25G-DP,5,0
2026-01-22,NIC-OCP3-25G-DP,5,0
2026-01-23,NIC-OCP3-25G-DP,5,0
2026-01-24,NIC-OCP3-25G-DP,5,0
2026-01-25,NIC-OCP3-25G-DP,5,0
2026-01-26,NIC-OCP3-25G-DP,5,0
2026-01-27,NIC-OCP3-25G-DP,5,0
2026-01-28,NIC-OCP3-25G-DP,5,0
2026-01-29,NIC-OCP3-25G-DP,5,0
2026-01-30,NIC-OCP3-25G-DP,5,0
2026-01-31,NIC-OCP3-25G-DP,5,0
2026-02-01,NIC-OCP3-25G-DP,5,0
2026-02-02,NIC-OCP3-25G-DP,5,0
2026-02-03,NIC-OCP3-25G-DP,5,0
2026-02-04,NIC-OCP3-25G-DP,5,0
2026-02-05,NIC-OCP3-25G-DP,5,0
2026-02-06,NIC-OCP3-25G-DP,5,0
2026-02-07,NIC-OCP3-25G-DP,5,0
2026-02-08,NIC-OCP3-25G-DP,5,0
2026-02-09,NIC-OCP3-25G-DP,5,0
2026-02-10,NIC-OCP3-25G-DP,5,0
2026-02-11,NIC-OCP3-25G-DP,5,0
2026-02-12,NIC-OCP3-25G-DP,5,0
2026-02-13,NIC-OCP3-25G-DP,5,0
2026-02-14,NIC-OCP3-25G-DP,5,0
2026-02-15,NIC-OCP3-25G-DP,4,0
2026-02-16,NIC-OCP3-25G-DP,4,0
2026-02-17,NIC-OCP3-25G-DP,4,0
2026-02-18,NIC-OCP3-25G-DP,4,0
2026-02-19,NIC-OCP3-25G-DP,4,0
2026-02-20,NIC-OCP3-25G-DP,4,0
2026-02-21,NIC-OCP3-25G-DP,4,0
2026-02-22,NIC-OCP3-25G-DP,4,0
2026-02-23,NIC-OCP3-25G-DP,4,0
2026-02-24,NIC-OCP3-25G-DP,4,0
2026-02-25,NIC-OCP3-25G-DP,4,0
2026-02-26,NIC-OCP3-25G-DP,4,0
2026-02-27,NIC-OCP3-25G-DP,4,0
2026-02-28,NIC-OCP3-25G-DP,4,0
2026-03-01,NIC-OCP3-25G-DP,4,0
2026-03-02,NIC-OCP3-25G-DP,4,0
2026-03-03,NIC-OCP3-25G-DP,4,0
2026-03-04,NIC-OCP3-25G-DP,3,6
2026-03-05,NIC-OCP3-25G-DP,3,6
2026-03-06,NIC-OCP3-25G-DP,3,6
2026-03-07,NIC-OCP3-25G-DP,3,6
2026-03-08,NIC-OCP3-25G-DP,3,6
2026-03-09,NIC-OCP3-25G-DP,3,6
2026-03-10,NIC-OCP3-25G-DP,3,6
2026-03-11,NIC-OCP3-25G-DP,3,6
2026-03-12,NIC-OCP3-25G-DP,3,6
2026-03-13,NIC-OCP3-25G-DP,3,6
2026-03-14,NIC-OCP3-25G-DP,9,0
2026-03-15,NIC-OCP3-25G-DP,9,0
2026-03-16,NIC-OCP3-25G-DP,9,0
2026-03-17,NIC-OCP3-25G-DP,9,0
2026-03-18,NIC-OCP3-25G-DP,9,0
2026-03-19,NIC-OCP3-25G-DP,8,0
2026-03-20,NIC-OCP3-25G-DP,8,0
2026-03-21,NIC-OCP3-25G-DP,8,0
2026-03-22,NIC-OCP3-25G-DP,8,0
2026-03-23,NIC-OCP3-25G-DP,8,0
2026-03-24,NIC-OCP3-25G-DP,8,0
2026-03-25,NIC-OCP3-25G-DP,8,0
2026-03-26,NIC-OCP3-25G-DP,8,0
2026-03-27,NIC-OCP3-25G-DP,8,0
2026-03-28,NIC-OCP3-25G-DP,7,0
2026-03-29,NIC-OCP3-25G-DP,7,0
2026-03-30,NIC-OCP3-25G-DP,7,0
2026-03-31,NIC-OCP3-25G-DP,6,0
2026-04-01,NIC-OCP3-25G-DP,6,0
2026-04-02,NIC-OCP3-25G-DP,5,0
2026-04-03,NIC-OCP3-25G-DP,5,0
2026-04-04,NIC-OCP3-25G-DP,5,0
2026-04-05,NIC-OCP3-25G-DP,5,0
2026-04-06,NIC-OCP3-25G-DP,5,0
2026-04-07,NIC-OCP3-25G-DP,5,0
2026-04-08,NIC-OCP3-25G-DP,5,0
2026-04-09,NIC-OCP3-25G-DP,5,0
2026-04-10,NIC-OCP3-25G-DP,5,0
2026-04-11,NIC-OCP3-25G-DP,5,0
2026-04-12,NIC-OCP3-25G-DP,5,0
2026-04-13,NIC-OCP3-25G-DP,5,0
2026-04-14,NIC-OCP3-25G-DP,5,0
2026-04-15,NIC-OCP3-25G-DP,4,0
2026-04-16,NIC-OCP3-25G-DP,4,0
2026-04-17,NIC-OCP3-25G-DP,4,0
2026-04-18,NIC-OCP3-25G-DP,4,0
2026-04-19,NIC-OCP3-25G-DP,3,6
2026-04-20,NIC-OCP3-25G-DP,2,6
2026-04-21,NIC-OCP3-25G-DP,2,6
2026-04-22,NIC-OCP3-25G-DP,2,6
2026-04-23,NIC-OCP3-25G-DP,1,6
2026-04-24,NIC-OCP3-25G-DP,0,6
2026-04-25,NIC-OCP3-25G-DP,0,6
2026-04-26,NIC-OCP3-25G-DP,0,6
2026-04-27,NIC-OCP3-25G-DP,0,6
2026-04-28,NIC-OCP3-25G-DP,0,6
2026-04-29,NIC-OCP3-25G-DP,0,6
2026-04-30,NIC-OCP3-25G-DP,0,6
2026-05-01,NIC-OCP3-25G-DP,5,0
2026-05-02,NIC-OCP3-25G-DP,5,0
2026-05-03,NIC-OCP3-25G-DP,4,0
2026-05-04,NIC-OCP3-25G-DP,4,0
2026-05-05,NIC-OCP3-25G-DP,4,0
2026-05-06,NIC-OCP3-25G-DP,4,0
2026-05-07,NIC-OCP3-25G-DP,4,0
2026-05-08,NIC-OCP3-25G-DP,4,0
2026-05-09,NIC-OCP3-25G-DP,4,0
2026-05-10,NIC-OCP3-25G-DP,4,0
2026-05-11,NIC-OCP3-25G-DP,4,0
2026-05-12,NIC-OCP3-25G-DP,4,0
2026-05-13,NIC-OCP3-25G-DP,4,0
2026-05-14,NIC-OCP3-25G-DP,4,0
2026-05-15,NIC-OCP3-25G-DP,4,0
2026-05-16,NIC-OCP3-25G-DP,4,0
2026-05-17,NIC-OCP3-25G-DP,4,0
2026-05-18,NIC-OCP3-25G-DP,4,0
2026-05-19,NIC-OCP3-25G-DP,4,0
2026-05-20,NIC-OCP3-25G-DP,3,6
2026-05-21,NIC-OCP3-25G-DP,3,6
2026-05-22,NIC-OCP3-25G-DP,3,6
2026-05-23,NIC-OCP3-25G-DP,3,6
2026-05-24,NIC-OCP3-25G-DP,3,6
2026-05-25,NIC-OCP3-25G-DP,3,6
2026-05-26,NIC-OCP3-25G-DP,3,6
2026-05-27,NIC-OCP3-25G-DP,3,6
2026-05-28,NIC-OCP3-25G-DP,3,6
2026-05-29,NIC-OCP3-25G-DP,9,0
2026-05-30,NIC-OCP3-25G-DP,9,0
2026-05-31,NIC-OCP3-25G-DP,8,0
2026-06-01,NIC-OCP3-25G-DP,8,0
2026-06-02,NIC-OCP3-25G-DP,8,0
2026-06-03,NIC-OCP3-25G-DP,7,0
2026-06-04,NIC-OCP3-25G-DP,5,0
2026-06-05,NIC-OCP3-25G-DP,5,0
2026-06-06,NIC-OCP3-25G-DP,5,0
2026-06-07,NIC-OCP3-25G-DP,5,0
2026-06-08,NIC-OCP3-25G-DP,5,0
2026-06-09,NIC-OCP3-25G-DP,5,0
2026-06-10,NIC-OCP3-25G-DP,5,0
2026-06-11,NIC-OCP3-25G-DP,4,0
2026-06-12,NIC-OCP3-25G-DP,4,0
2026-06-13,NIC-OCP3-25G-DP,4,0
2026-06-14,NIC-OCP3-25G-DP,4,0
2026-06-15,NIC-OCP3-25G-DP,4,0
2026-06-16,NIC-OCP3-25G-DP,4,0
2026-06-17,NIC-OCP3-25G-DP,4,0
2026-06-18,NIC-OCP3-25G-DP,4,0
2026-06-19,NIC-OCP3-25G-DP,4,0
2026-06-20,NIC-OCP3-25G-DP,4,0
2026-06-21,NIC-OCP3-25G-DP,4,0
2026-06-22,NIC-OCP3-25G-DP,3,6
2026-06-23,NIC-OCP3-25G-DP,3,6
2026-06-24,NIC-OCP3-25G-DP,3,6
2026-06-25,NIC-OCP3-25G-DP,3,6
2026-06-26,NIC-OCP3-25G-DP,3,6
2026-06-27,NIC-OCP3-25G-DP,3,6
2026-06-28,NIC-OCP3-25G-DP,3,6
2026-06-29,NIC-OCP3-25G-DP,3,6
2026-06-30,NIC-OCP3-25G-DP,3,6
2026-07-01,NIC-OCP3-25G-DP,3,6
2026-07-02,NIC-OCP3-25G-DP,9,0
2026-07-03,NIC-OCP3-25G-DP,9,0
2026-07-04,NIC-OCP3-25G-DP,9,0
2026-07-05,NIC-OCP3-25G-DP,9,0
2026-07-06,NIC-OCP3-25G-DP,9,0
2026-07-07,NIC-OCP3-25G-DP,9,0
2026-07-08,NIC-OCP3-25G-DP,9,0
2026-07-09,NIC-OCP3-25G-DP,9,0
2026-07-10,NIC-OCP3-25G-DP,9,0
2026-07-11,NIC-OCP3-25G-DP,9,0
2026-07-12,NIC-OCP3-25G-DP,8,0
2026-07-13,NIC-OCP3-25G-DP,8,0
2026-07-14,NIC-OCP3-25G-DP,7,0
2026-07-15,NIC-OCP3-25G-DP,7,0
2026-07-16,NIC-OCP3-25G-DP,7,0
2026-07-17,NIC-OCP3-25G-DP,7,0
2026-07-18,NIC-OCP3-25G-DP,7,0
2026-07-19,NIC-OCP3-25G-DP,7,0
2026-07-20,NIC-OCP3-25G-DP,7,0
2026-07-21,NIC-OCP3-25G-DP,7,0
2026-07-22,NIC-OCP3-25G-DP,7,0
2026-07-23,NIC-OCP3-25G-DP,7,0
2026-07-24,NIC-OCP3-25G-DP,7,0
2026-07-25,NIC-OCP3-25G-DP,7,0
2026-07-26,NIC-OCP3-25G-DP,7,0
2026-07-27,NIC-OCP3-25G-DP,7,0
2026-07-28,NIC-OCP3-25G-DP,7,0
2026-07-29,NIC-OCP3-25G-DP,7,0
2026-07-30,NIC-OCP3-25G-DP,7,0
2026-07-31,NIC-OCP3-25G-DP,7,0
2026-08-01,NIC-OCP3-25G-DP,7,0
2026-08-02,NIC-OCP3-25G-DP,7,0
2026-08-03,NIC-OCP3-25G-DP,7,0
2026-08-04,NIC-OCP3-25G-DP,7,0
2026-08-05,NIC-OCP3-25G-DP,7,0
2026-08-06,NIC-OCP3-25G-DP,7,0
2026-08-07,NIC-OCP3-25G-DP,7,0
2026-08-08,NIC-OCP3-25G-DP,7,0
2026-08-09,NIC-OCP3-25G-DP,7,0
2026-08-10,NIC-OCP3-25G-DP,7,0
2026-08-11,NIC-OCP3-25G-DP,7,0
2026-08-12,NIC-OCP3-25G-DP,6,0
2026-08-13,NIC-OCP3-25G-DP,6,0
2026-08-14,NIC-OCP3-25G-DP,6,0
2026-08-15,NIC-OCP3-25G-DP,6,0
2026-08-16,NIC-OCP3-25G-DP,6,0
2026-08-17,NIC-OCP3-25G-DP,6,0
2026-08-18,NIC-OCP3-25G-DP,6,0
2026-08-19,NIC-OCP3-25G-DP,6,0
2026-08-20,NIC-OCP3-25G-DP,6,0
2026-08-21,NIC-OCP3-25G-DP,6,0
2026-08-22,NIC-OCP3-25G-DP,6,0
2026-08-23,NIC-OCP3-25G-DP,6,0
2026-08-24,NIC-OCP3-25G-DP,6,0
2026-08-25,NIC-OCP3-25G-DP,6,0
2026-08-26,NIC-OCP3-25G-DP,6,0
2026-08-27,NIC-OCP3-25G-DP,6,0
2026-08-28,NIC-OCP3-25G-DP,6,0
2026-08-29,NIC-OCP3-25G-DP,6,0
2026-08-30,NIC-OCP3-25G-DP,6,0
2026-08-31,NIC-OCP3-25G-DP,6,0
2026-09-01,NIC-OCP3-25G-DP,6,0
2026-09-02,NIC-OCP3-25G-DP,6,0
2026-09-03,NIC-OCP3-25G-DP,6,0
2026-09-04,NIC-OCP3-25G-DP,6,0
2026-09-05,NIC-OCP3-25G-DP,6,0
2026-09-06,NIC-OCP3-25G-DP,6,0
2026-09-07,NIC-OCP3-25G-DP,6,0
2026-09-08,NIC-OCP3-25G-DP,6,0
2026-09-09,NIC-OCP3-25G-DP,6,0
2026-09-10,NIC-OCP3-25G-DP,6,0
2026-09-11,NIC-OCP3-25G-DP,6,0
2026-09-12,NIC-OCP3-25G-DP,5,0
2026-09-13,NIC-OCP3-25G-DP,5,0
2026-09-14,NIC-OCP3-25G-DP,5,0
2026-09-15,NIC-OCP3-25G-DP,5,0
2026-09-16,NIC-OCP3-25G-DP,5,0
2026-09-17,NIC-OCP3-25G-DP,5,0
2026-09-18,NIC-OCP3-25G-DP,5,0
2026-09-19,NIC-OCP3-25G-DP,5,0
2026-09-20,NIC-OCP3-25G-DP,5,0
2026-09-21,NIC-OCP3-25G-DP,4,0
2026-09-22,NIC-OCP3-25G-DP,4,0
2026-09-23,NIC-OCP3-25G-DP,4,0
2026-09-24,NIC-OCP3-25G-DP,4,0
2026-09-25,NIC-OCP3-25G-DP,3,6
2025-09-26,NIC-CX7-100G-DP,1,0
2025-09-27,NIC-CX7-100G-DP,1,0
2025-09-28,NIC-CX7-100G-DP,1,0
2025-09-29,NIC-CX7-100G-DP,1,0
2025-09-30,NIC-CX7-100G-DP,1,0
2025-10-01,NIC-CX7-100G-DP,1,0
2025-10-02,NIC-CX7-100G-DP,1,0
2025-10-03,NIC-CX7-100G-DP,1,0
2025-10-04,NIC-CX7-100G-DP,1,0
2025-10-05,NIC-CX7-100G-DP,1,0
2025-10-06,NIC-CX7-100G-DP,1,0
2025-10-07,NIC-CX7-100G-DP,1,0
2025-10-08,NIC-CX7-100G-DP,1,0
2025-10-09,NIC-CX7-100G-DP,1,0
2025-10-10,NIC-CX7-100G-DP,1,0
2025-10-11,NIC-CX7-100G-DP,1,0
2025-10-12,NIC-CX7-100G-DP,1,0
2025-10-13,NIC-CX7-100G-DP,1,0
2025-10-14,NIC-CX7-100G-DP,1,0
2025-10-15,NIC-CX7-100G-DP,1,0
2025-10-16,NIC-CX7-100G-DP,1,0
2025-10-17,NIC-CX7-100G-DP,1,0
2025-10-18,NIC-CX7-100G-DP,1,0
2025-10-19,NIC-CX7-100G-DP,1,0
2025-10-20,NIC-CX7-100G-DP,1,0
2025-10-21,NIC-CX7-100G-DP,1,0
2025-10-22,NIC-CX7-100G-DP,1,0
2025-10-23,NIC-CX7-100G-DP,1,0
2025-10-24,NIC-CX7-100G-DP,1,0
2025-10-25,NIC-CX7-100G-DP,1,0
2025-10-26,NIC-CX7-100G-DP,1,0
2025-10-27,NIC-CX7-100G-DP,1,0
2025-10-28,NIC-CX7-100G-DP,1,0
2025-10-29,NIC-CX7-100G-DP,1,0
2025-10-30,NIC-CX7-100G-DP,1,0
2025-10-31,NIC-CX7-100G-DP,1,0
2025-11-01,NIC-CX7-100G-DP,1,0
2025-11-02,NIC-CX7-100G-DP,1,0
2025-11-03,NIC-CX7-100G-DP,1,0
2025-11-04,NIC-CX7-100G-DP,1,0
2025-11-05,NIC-CX7-100G-DP,1,0
2025-11-06,NIC-CX7-100G-DP,1,0
2025-11-07,NIC-CX7-100G-DP,1,0
2025-11-08,NIC-CX7-100G-DP,1,0
2025-11-09,NIC-CX7-100G-DP,1,0
2025-11-10,NIC-CX7-100G-DP,1,0
2025-11-11,NIC-CX7-100G-DP,1,0
2025-11-12,NIC-CX7-100G-DP,1,0
2025-11-13,NIC-CX7-100G-DP,1,0
2025-11-14,NIC-CX7-100G-DP,0,2
2025-11-15,NIC-CX7-100G-DP,0,2
2025-11-16,NIC-CX7-100G-DP,0,2
2025-11-17,NIC-CX7-100G-DP,0,2
2025-11-18,NIC-CX7-100G-DP,0,2
2025-11-19,NIC-CX7-100G-DP,0,2
2025-11-20,NIC-CX7-100G-DP,0,2
2025-11-21,NIC-CX7-100G-DP,0,2
2025-11-22,NIC-CX7-100G-DP,0,2
2025-11-23,NIC-CX7-100G-DP,0,2
2025-11-24,NIC-CX7-100G-DP,0,2
2025-11-25,NIC-CX7-100G-DP,0,2
2025-11-26,NIC-CX7-100G-DP,0,2
2025-11-27,NIC-CX7-100G-DP,0,2
2025-11-28,NIC-CX7-100G-DP,0,2
2025-11-29,NIC-CX7-100G-DP,0,2
2025-11-30,NIC-CX7-100G-DP,0,2
2025-12-01,NIC-CX7-100G-DP,0,2
2025-12-02,NIC-CX7-100G-DP,0,2
2025-12-03,NIC-CX7-100G-DP,0,2
2025-12-04,NIC-CX7-100G-DP,0,2
2025-12-05,NIC-CX7-100G-DP,0,2
2025-12-06,NIC-CX7-100G-DP,0,2
2025-12-07,NIC-CX7-100G-DP,0,2
2025-12-08,NIC-CX7-100G-DP,0,2
2025-12-09,NIC-CX7-100G-DP,0,2
2025-12-10,NIC-CX7-100G-DP,0,2
2025-12-11,NIC-CX7-100G-DP,0,2
2025-12-12,NIC-CX7-100G-DP,0,2
2025-12-13,NIC-CX7-100G-DP,0,2
2025-12-14,NIC-CX7-100G-DP,0,2
2025-12-15,NIC-CX7-100G-DP,0,2
2025-12-16,NIC-CX7-100G-DP,0,2
2025-12-17,NIC-CX7-100G-DP,0,2
2025-12-18,NIC-CX7-100G-DP,0,2
2025-12-19,NIC-CX7-100G-DP,0,2
2025-12-20,NIC-CX7-100G-DP,0,2
2025-12-21,NIC-CX7-100G-DP,2,0
2025-12-22,NIC-CX7-100G-DP,2,0
2025-12-23,NIC-CX7-100G-DP,2,0
2025-12-24,NIC-CX7-100G-DP,2,0
2025-12-25,NIC-CX7-100G-DP,2,0
2025-12-26,NIC-CX7-100G-DP,2,0
2025-12-27,NIC-CX7-100G-DP,2,0
2025-12-28,NIC-CX7-100G-DP,2,0
2025-12-29,NIC-CX7-100G-DP,2,0
2025-12-30,NIC-CX7-100G-DP,2,0
2025-12-31,NIC-CX7-100G-DP,2,0
2026-01-01,NIC-CX7-100G-DP,2,0
2026-01-02,NIC-CX7-100G-DP,2,0
2026-01-03,NIC-CX7-100G-DP,2,0
2026-01-04,NIC-CX7-100G-DP,2,0
2026-01-05,NIC-CX7-100G-DP,2,0
2026-01-06,NIC-CX7-100G-DP,2,0
2026-01-07,NIC-CX7-100G-DP,2,0
2026-01-08,NIC-CX7-100G-DP,2,0
2026-01-09,NIC-CX7-100G-DP,2,0
2026-01-10,NIC-CX7-100G-DP,2,0
2026-01-11,NIC-CX7-100G-DP,2,0
2026-01-12,NIC-CX7-100G-DP,2,0
2026-01-13,NIC-CX7-100G-DP,2,0
2026-01-14,NIC-CX7-100G-DP,2,0
2026-01-15,NIC-CX7-100G-DP,2,0
2026-01-16,NIC-CX7-100G-DP,2,0
2026-01-17,NIC-CX7-100G-DP,2,0
2026-01-18,NIC-CX7-100G-DP,2,0
2026-01-19,NIC-CX7-100G-DP,2,0
2026-01-20,NIC-CX7-100G-DP,2,0
2026-01-21,NIC-CX7-100G-DP,2,0
2026-01-22,NIC-CX7-100G-DP,2,0
2026-01-23,NIC-CX7-100G-DP,2,0
2026-01-24,NIC-CX7-100G-DP,2,0
2026-01-25,NIC-CX7-100G-DP,2,0
2026-01-26,NIC-CX7-100G-DP,2,0
2026-01-27,NIC-CX7-100G-DP,2,0
2026-01-28,NIC-CX7-100G-DP,2,0
2026-01-29,NIC-CX7-100G-DP,2,0
2026-01-30,NIC-CX7-100G-DP,2,0
2026-01-31,NIC-CX7-100G-DP,2,0
2026-02-01,NIC-CX7-100G-DP,2,0
2026-02-02,NIC-CX7-100G-DP,2,0
2026-02-03,NIC-CX7-100G-DP,2,0
2026-02-04,NIC-CX7-100G-DP,2,0
2026-02-05,NIC-CX7-100G-DP,2,0
2026-02-06,NIC-CX7-100G-DP,2,0
2026-02-07,NIC-CX7-100G-DP,2,0
2026-02-08,NIC-CX7-100G-DP,2,0
2026-02-09,NIC-CX7-100G-DP,2,0
2026-02-10,NIC-CX7-100G-DP,2,0
2026-02-11,NIC-CX7-100G-DP,2,0
2026-02-12,NIC-CX7-100G-DP,2,0
2026-02-13,NIC-CX7-100G-DP,2,0
2026-02-14,NIC-CX7-100G-DP,2,0
2026-02-15,NIC-CX7-100G-DP,2,0
2026-02-16,NIC-CX7-100G-DP,2,0
2026-02-17,NIC-CX7-100G-DP,2,0
2026-02-18,NIC-CX7-100G-DP,2,0
2026-02-19,NIC-CX7-100G-DP,2,0
2026-02-20,NIC-CX7-100G-DP,2,0
2026-02-21,NIC-CX7-100G-DP,2,0
2026-02-22,NIC-CX7-100G-DP,2,0
2026-02-23,NIC-CX7-100G-DP,2,0
2026-02-24,NIC-CX7-100G-DP,2,0
2026-02-25,NIC-CX7-100G-DP,2,0
2026-02-26,NIC-CX7-100G-DP,2,0
2026-02-27,NIC-CX7-100G-DP,2,0
2026-02-28,NIC-CX7-100G-DP,2,0
2026-03-01,NIC-CX7-100G-DP,2,0
2026-03-02,NIC-CX7-100G-DP,2,0
2026-03-03,NIC-CX7-100G-DP,2,0
2026-03-04,NIC-CX7-100G-DP,2,0
2026-03-05,NIC-CX7-100G-DP,2,0
2026-03-06,NIC-CX7-100G-DP,2,0
2026-03-07,NIC-CX7-100G-DP,2,0
2026-03-08,NIC-CX7-100G-DP,2,0
2026-03-09,NIC-CX7-100G-DP,2,0
2026-03-10,NIC-CX7-100G-DP,2,0
2026-03-11,NIC-CX7-100G-DP,2,0
2026-03-12,NIC-CX7-100G-DP,2,0
2026-03-13,NIC-CX7-100G-DP,2,0
2026-03-14,NIC-CX7-100G-DP,2,0
2026-03-15,NIC-CX7-100G-DP,2,0
2026-03-16,NIC-CX7-100G-DP,2,0
2026-03-17,NIC-CX7-100G-DP,2,0
2026-03-18,NIC-CX7-100G-DP,2,0
2026-03-19,NIC-CX7-100G-DP,2,0
2026-03-20,NIC-CX7-100G-DP,2,0
2026-03-21,NIC-CX7-100G-DP,2,0
2026-03-22,NIC-CX7-100G-DP,2,0
2026-03-23,NIC-CX7-100G-DP,2,0
2026-03-24,NIC-CX7-100G-DP,2,0
2026-03-25,NIC-CX7-100G-DP,2,0
2026-03-26,NIC-CX7-100G-DP,2,0
2026-03-27,NIC-CX7-100G-DP,2,0
2026-03-28,NIC-CX7-100G-DP,2,0
2026-03-29,NIC-CX7-100G-DP,2,0
2026-03-30,NIC-CX7-100G-DP,2,0
2026-03-31,NIC-CX7-100G-DP,2,0
2026-04-01,NIC-CX7-100G-DP,2,0
2026-04-02,NIC-CX7-100G-DP,2,0
2026-04-03,NIC-CX7-100G-DP,2,0
2026-04-04,NIC-CX7-100G-DP,2,0
2026-04-05,NIC-CX7-100G-DP,1,0
2026-04-06,NIC-CX7-100G-DP,1,0
2026-04-07,NIC-CX7-100G-DP,1,0
2026-04-08,NIC-CX7-100G-DP,0,2
2026-04-09,NIC-CX7-100G-DP,0,2
2026-04-10,NIC-CX7-100G-DP,0,2
2026-04-11,NIC-CX7-100G-DP,0,2
2026-04-12,NIC-CX7-100G-DP,0,2
2026-04-13,NIC-CX7-100G-DP,0,2
2026-04-14,NIC-CX7-100G-DP,0,2
2026-04-15,NIC-CX7-100G-DP,0,2
2026-04-16,NIC-CX7-100G-DP,0,2
2026-04-17,NIC-CX7-100G-DP,0,2
2026-04-18,NIC-CX7-100G-DP,0,2
2026-04-19,NIC-CX7-100G-DP,0,2
2026-04-20,NIC-CX7-100G-DP,0,2
2026-04-21,NIC-CX7-100G-DP,0,2
2026-04-22,NIC-CX7-100G-DP,0,2
2026-04-23,NIC-CX7-100G-DP,0,2
2026-04-24,NIC-CX7-100G-DP,0,2
2026-04-25,NIC-CX7-100G-DP,0,2
2026-04-26,NIC-CX7-100G-DP,0,2
2026-04-27,NIC-CX7-100G-DP,0,2
2026-04-28,NIC-CX7-100G-DP,0,2
2026-04-29,NIC-CX7-100G-DP,0,2
2026-04-30,NIC-CX7-100G-DP,0,2
2026-05-01,NIC-CX7-100G-DP,0,2
2026-05-02,NIC-CX7-100G-DP,0,2
2026-05-03,NIC-CX7-100G-DP,0,2
2026-05-04,NIC-CX7-100G-DP,0,2
2026-05-05,NIC-CX7-100G-DP,0,2
2026-05-06,NIC-CX7-100G-DP,0,2
2026-05-07,NIC-CX7-100G-DP,0,2
2026-05-08,NIC-CX7-100G-DP,0,2
2026-05-09,NIC-CX7-100G-DP,0,2
2026-05-10,NIC-CX7-100G-DP,0,2
2026-05-11,NIC-CX7-100G-DP,0,2
2026-05-12,NIC-CX7-100G-DP,2,0
2026-05-13,NIC-CX7-100G-DP,2,0
2026-05-14,NIC-CX7-100G-DP,2,0
2026-05-15,NIC-CX7-100G-DP,2,0
2026-05-16,NIC-CX7-100G-DP,2,0
2026-05-17,NIC-CX7-100G-DP,2,0
2026-05-18,NIC-CX7-100G-DP,2,0
2026-05-19,NIC-CX7-100G-DP,2,0
2026-05-20,NIC-CX7-100G-DP,2,0
2026-05-21,NIC-CX7-100G-DP,2,0
2026-05-22,NIC-CX7-100G-DP,2,0
2026-05-23,NIC-CX7-100G-DP,2,0
2026-05-24,NIC-CX7-100G-DP,2,0
2026-05-25,NIC-CX7-100G-DP,2,0
2026-05-26,NIC-CX7-100G-DP,2,0
2026-05-27,NIC-CX7-100G-DP,2,0
2026-05-28,NIC-CX7-100G-DP,2,0
2026-05-29,NIC-CX7-100G-DP,2,0
2026-05-30,NIC-CX7-100G-DP,2,0
2026-05-31,NIC-CX7-100G-DP,2,0
2026-06-01,NIC-CX7-100G-DP,2,0
2026-06-02,NIC-CX7-100G-DP,2,0
2026-06-03,NIC-CX7-100G-DP,2,0
2026-06-04,NIC-CX7-100G-DP,2,0
2026-06-05,NIC-CX7-100G-DP,2,0
2026-06-06,NIC-CX7-100G-DP,2,0
2026-06-07,NIC-CX7-100G-DP,2,0
2026-06-08,NIC-CX7-100G-DP,2,0
2026-06-09,NIC-CX7-100G-DP,2,0
2026-06-10,NIC-CX7-100G-DP,2,0
2026-06-11,NIC-CX7-100G-DP,2,0
2026-06-12,NIC-CX7-100G-DP,2,0
2026-06-13,NIC-CX7-100G-DP,2,0
2026-06-14,NIC-CX7-100G-DP,1,0
2026-06-15,NIC-CX7-100G-DP,1,0
2026-06-16,NIC-CX7-100G-DP,1,0
2026-06-17,NIC-CX7-100G-DP,1,0
2026-06-18,NIC-CX7-100G-DP,1,0
2026-06-19,NIC-CX7-100G-DP,1,0
2026-06-20,NIC-CX7-100G-DP,1,0
2026-06-21,NIC-CX7-100G-DP,1,0
2026-06-22,NIC-CX7-100G-DP,1,0
2026-06-23,NIC-CX7-100G-DP,1,0
2026-06-24,NIC-CX7-100G-DP,1,0
2026-06-25,NIC-CX7-100G-DP,1,0
2026-06-26,NIC-CX7-100G-DP,1,0
2026-06-27,NIC-CX7-100G-DP,1,0
2026-06-28,NIC-CX7-100G-DP,1,0
2026-06-29,NIC-CX7-100G-DP,1,0
2026-06-30,NIC-CX7-100G-DP,1,0
2026-07-01,NIC-CX7-100G-DP,1,0
2026-07-02,NIC-CX7-100G-DP,1,0
2026-07-03,NIC-CX7-100G-DP,1,0
2026-07-04,NIC-CX7-100G-DP,1,0
2026-07-05,NIC-CX7-100G-DP,1,0
2026-07-06,NIC-CX7-100G-DP,1,0
2026-07-07,NIC-CX7-100G-DP,1,0
2026-07-08,NIC-CX7-100G-DP,1,0
2026-07-09,NIC-CX7-100G-DP,1,0
2026-07-10,NIC-CX7-100G-DP,1,0
2026-07-11,NIC-CX7-100G-DP,1,0
2026-07-12,NIC-CX7-100G-DP,1,0
2026-07-13,NIC-CX7-100G-DP,1,0
2026-07-14,NIC-CX7-100G-DP,1,0
2026-07-15,NIC-CX7-100G-DP,1,0
2026-07-16,NIC-CX7-100G-DP,1,0
2026-07-17,NIC-CX7-100G-DP,1,0
2026-07-18,NIC-CX7-100G-DP,1,0
2026-07-19,NIC-CX7-100G-DP,1,0
2026-07-20,NIC-CX7-100G-DP,1,0
2026-07-21,NIC-CX7-100G-DP,1,0
2026-07-22,NIC-CX7-100G-DP,1,0
2026-07-23,NIC-CX7-100G-DP,1,0
2026-07-24,NIC-CX7-100G-DP,1,0
2026-07-25,NIC-CX7-100G-DP,1,0
2026-07-26,NIC-CX7-100G-DP,1,0
2026-07-27,NIC-CX7-100G-DP,1,0
2026-07-28,NIC-CX7-100G-DP,1,0
2026-07-29,NIC-CX7-100G-DP,1,0
2026-07-30,NIC-CX7-100G-DP,1,0
2026-07-31,NIC-CX7-100G-DP,1,0
2026-08-01,NIC-CX7-100G-DP,1,0
2026-08-02,NIC-CX7-100G-DP,1,0
2026-08-03,NIC-CX7-100G-DP,1,0
2026-08-04,NIC-CX7-100G-DP,1,0
2026-08-05,NIC-CX7-100G-DP,1,0
2026-08-06,NIC-CX7-100G-DP,1,0
2026-08-07,NIC-CX7-100G-DP,1,0
2026-08-08,NIC-CX7-100G-DP,1,0
2026-08-09,NIC-CX7-100G-DP,1,0
2026-08-10,NIC-CX7-100G-DP,1,0
2026-08-11,NIC-CX7-100G-DP,1,0
2026-08-12,NIC-CX7-100G-DP,1,0
2026-08-13,NIC-CX7-100G-DP,1,0
2026-08-14,NIC-CX7-100G-DP,1,0
2026-08-15,NIC-CX7-100G-DP,1,0
2026-08-16,NIC-CX7-100G-DP,1,0
2026-08-17,NIC-CX7-100G-DP,1,0
2026-08-18,NIC-CX7-100G-DP,1,0
2026-08-19,NIC-CX7-100G-DP,1,0
2026-08-20,NIC-CX7-100G-DP,1,0
2026-08-21,NIC-CX7-100G-DP,1,0
2026-08-22,NIC-CX7-100G-DP,1,0
2026-08-23,NIC-CX7-100G-DP,1,0
2026-08-24,NIC-CX7-100G-DP,1,0
2026-08-25,NIC-CX7-100G-DP,1,0
2026-08-26,NIC-CX7-100G-DP,1,0
2026-08-27,NIC-CX7-100G-DP,1,0
2026-08-28,NIC-CX7-100G-DP,1,0
2026-08-29,NIC-CX7-100G-DP,1,0
2026-08-30,NIC-CX7-100G-DP,1,0
2026-08-31,NIC-CX7-100G-DP,1,0
2026-09-01,NIC-CX7-100G-DP,1,0
2026-09-02,NIC-CX7-100G-DP,1,0
2026-09-03,NIC-CX7-100G-DP,1,0
2026-09-04,NIC-CX7-100G-DP,1,0
2026-09-05,NIC-CX7-100G-DP,1,0
2026-09-06,NIC-CX7-100G-DP,1,0
2026-09-07,NIC-CX7-100G-DP,1,0
2026-09-08,NIC-CX7-100G-DP,1,0
2026-09-09,NIC-CX7-100G-DP,1,0
2026-09-10,NIC-CX7-100G-DP,1,0
2026-09-11,NIC-CX7-100G-DP,1,0
2026-09-12,NIC-CX7-100G-DP,1,0
2026-09-13,NIC-CX7-100G-DP,1,0
2026-09-14,NIC-CX7-100G-DP,1,0
2026-09-15,NIC-CX7-100G-DP,1,0
2026-09-16,NIC-CX7-100G-DP,1,0
2026-09-17,NIC-CX7-100G-DP,1,0
2026-09-18,NIC-CX7-100G-DP,1,0
2026-09-19,NIC-CX7-100G-DP,1,0
2026-09-20,NIC-CX7-100G-DP,1,0
2026-09-21,NIC-CX7-100G-DP,1,0
2026-09-22,NIC-CX7-100G-DP,1,0
2026-09-23,NIC-CX7-100G-DP,1,0
2026-09-24,NIC-CX7-100G-DP,1,0
2026-09-25,NIC-CX7-100G-DP,1,0
2025-09-26,SFP28-25G-SR,6,0
2025-09-27,SFP28-25G-SR,6,0
2025-09-28,SFP28-25G-SR,6,0
2025-09-29,SFP28-25G-SR,5,0
2025-09-30,SFP28-25G-SR,5,0
2025-10-01,SFP28-25G-SR,5,0
2025-10-02,SFP28-25G-SR,5,0
2025-10-03,SFP28-25G-SR,5,0
2025-10-04,SFP28-25G-SR,5,0
2025-10-05,SFP28-25G-SR,5,0
2025-10-06,SFP28-25G-SR,4,0
2025-10-07,SFP28-25G-SR,4,0
2025-10-08,SFP28-25G-SR,4,0
2025-10-09,SFP28-25G-SR,4,0
2025-10-10,SFP28-25G-SR,4,0
2025-10-11,SFP28-25G-SR,4,0
2025-10-12,SFP28-25G-SR,4,0
2025-10-13,SFP28-25G-SR,4,0
2025-10-14,SFP28-25G-SR,4,0
2025-10-15,SFP28-25G-SR,4,0
2025-10-16,SFP28-25G-SR,4,0
2025-10-17,SFP28-25G-SR,4,0
2025-10-18,SFP28-25G-SR,4,0
2025-10-19,SFP28-25G-SR,4,0
2025-10-20,SFP28-25G-SR,4,0
2025-10-21,SFP28-25G-SR,4,0
2025-10-22,SFP28-25G-SR,3,0
2025-10-23,SFP28-25G-SR,3,0
2025-10-24,SFP28-25G-SR,2,9
2025-10-25,SFP28-25G-SR,2,9
2025-10-26,SFP28-25G-SR,2,9
2025-10-27,SFP28-25G-SR,2,9
2025-10-28,SFP28-25G-SR,1,9
2025-10-29,SFP28-25G-SR,1,9
2025-10-30,SFP28-25G-SR,0,9
2025-10-31,SFP28-25G-SR,9,0
2025-11-01,SFP28-25G-SR,9,0
2025-11-02,SFP28-25G-SR,9,0
2025-11-03,SFP28-25G-SR,9,0
2025-11-04,SFP28-25G-SR,9,0
2025-11-05,SFP28-25G-SR,9,0
2025-11-06,SFP28-25G-SR,9,0
2025-11-07,SFP28-25G-SR,9,0
2025-11-08,SFP28-25G-SR,8,0
2025-11-09,SFP28-25G-SR,8,0
2025-11-10,SFP28-25G-SR,8,0
2025-11-11,SFP28-25G-SR,8,0
2025-11-12,SFP28-25G-SR,7,0
2025-11-13,SFP28-25G-SR,7,0
2025-11-14,SFP28-25G-SR,7,0
2025-11-15,SFP28-25G-SR,7,0
2025-11-16,SFP28-25G-SR,5,0
2025-11-17,SFP28-25G-SR,5,0
2025-11-18,SFP28-25G-SR,4,0
2025-11-19,SFP28-25G-SR,3,0
2025-11-20,SFP28-25G-SR,3,0
2025-11-21,SFP28-25G-SR,3,0
2025-11-22,SFP28-25G-SR,3,0
2025-11-23,SFP28-25G-SR,3,0
2025-11-24,SFP28-25G-SR,3,0
2025-11-25,SFP28-25G-SR,2,9
2025-11-26,SFP28-25G-SR,2,9
2025-11-27,SFP28-25G-SR,2,9
2025-11-28,SFP28-25G-SR,2,9
2025-11-29,SFP28-25G-SR,2,9
2025-11-30,SFP28-25G-SR,2,9
2025-12-01,SFP28-25G-SR,11,0
2025-12-02,SFP28-25G-SR,11,0
2025-12-03,SFP28-25G-SR,11,0
2025-12-04,SFP28-25G-SR,11,0
2025-12-05,SFP28-25G-SR,9,0
2025-12-06,SFP28-25G-SR,9,0
2025-12-07,SFP28-25G-SR,9,0
2025-12-08,SFP28-25G-SR,9,0
2025-12-09,SFP28-25G-SR,9,0
2025-12-10,SFP28-25G-SR,9,0
2025-12-11,SFP28-25G-SR,9,0
2025-12-12,SFP28-25G-SR,9,0
2025-12-13,SFP28-25G-SR,9,0
2025-12-14,SFP28-25G-SR,9,0
2025-12-15,SFP28-25G-SR,8,0
2025-12-16,SFP28-25G-SR,8,0
2025-12-17,SFP28-25G-SR,8,0
2025-12-18,SFP28-25G-SR,8,0
2025-12-19,SFP28-25G-SR,8,0
2025-12-20,SFP28-25G-SR,8,0
2025-12-21,SFP28-25G-SR,7,0
2025-12-22,SFP28-25G-SR,7,0
2025-12-23,SFP28-25G-SR,7,0
2025-12-24,SFP28-25G-SR,7,0
2025-12-25,SFP28-25G-SR,6,0
2025-12-26,SFP28-25G-SR,6,0
2025-12-27,SFP28-25G-SR,6,0
2025-12-28,SFP28-25G-SR,6,0
2025-12-29,SFP28-25G-SR,6,0
2025-12-30,SFP28-25G-SR,6,0
2025-12-31,SFP28-25G-SR,6,0
2026-01-01,SFP28-25G-SR,5,0
2026-01-02,SFP28-25G-SR,5,0
2026-01-03,SFP28-25G-SR,5,0
2026-01-04,SFP28-25G-SR,5,0
2026-01-05,SFP28-25G-SR,4,0
2026-01-06,SFP28-25G-SR,4,0
2026-01-07,SFP28-25G-SR,4,0
2026-01-08,SFP28-25G-SR,4,0
2026-01-09,SFP28-25G-SR,4,0
2026-01-10,SFP28-25G-SR,4,0
2026-01-11,SFP28-25G-SR,4,0
2026-01-12,SFP28-25G-SR,3,0
2026-01-13,SFP28-25G-SR,3,0
2026-01-14,SFP28-25G-SR,2,9
2026-01-15,SFP28-25G-SR,2,9
2026-01-16,SFP28-25G-SR,2,9
2026-01-17,SFP28-25G-SR,2,9
2026-01-18,SFP28-25G-SR,2,9
2026-01-19,SFP28-25G-SR,2,9
2026-01-20,SFP28-25G-SR,2,9
2026-01-21,SFP28-25G-SR,11,0
2026-01-22,SFP28-25G-SR,11,0
2026-01-23,SFP28-25G-SR,11,0
2026-01-24,SFP28-25G-SR,11,0
2026-01-25,SFP28-25G-SR,11,0
2026-01-26,SFP28-25G-SR,11,0
2026-01-27,SFP28-25G-SR,11,0
2026-01-28,SFP28-25G-SR,11,0
2026-01-29,SFP28-25G-SR,11,0
2026-01-30,SFP28-25G-SR,11,0
2026-01-31,SFP28-25G-SR,11,0
2026-02-01,SFP28-25G-SR,11,0
2026-02-02,SFP28-25G-SR,11,0
2026-02-03,SFP28-25G-SR,11,0
2026-02-04,SFP28-25G-SR,11,0
2026-02-05,SFP28-25G-SR,11,0
2026-02-06,SFP28-25G-SR,11,0
2026-02-07,SFP28-25G-SR,11,0
2026-02-08,SFP28-25G-SR,11,0
2026-02-09,SFP28-25G-SR,10,0
2026-02-10,SFP28-25G-SR,10,0
2026-02-11,SFP28-25G-SR,10,0
2026-02-12,SFP28-25G-SR,10,0
2026-02-13,SFP28-25G-SR,10,0
2026-02-14,SFP28-25G-SR,10,0
2026-02-15,SFP28-25G-SR,10,0
2026-02-16,SFP28-25G-SR,10,0
2026-02-17,SFP28-25G-SR,10,0
2026-02-18,SFP28-25G-SR,10,0
2026-02-19,SFP28-25G-SR,10,0
2026-02-20,SFP28-25G-SR,10,0
2026-02-21,SFP28-25G-SR,10,0
2026-02-22,SFP28-25G-SR,9,0
2026-02-23,SFP28-25G-SR,8,0
2026-02-24,SFP28-25G-SR,8,0
2026-02-25,SFP28-25G-SR,8,0
2026-02-26,SFP28-25G-SR,8,0
2026-02-27,SFP28-25G-SR,8,0
2026-02-28,SFP28-25G-SR,8,0
2026-03-01,SFP28-25G-SR,8,0
2026-03-02,SFP28-25G-SR,7,0
2026-03-03,SFP28-25G-SR,7,0
2026-03-04,SFP28-25G-SR,6,0
2026-03-05,SFP28-25G-SR,6,0
2026-03-06,SFP28-25G-SR,6,0
2026-03-07,SFP28-25G-SR,6,0
2026-03-08,SFP28-25G-SR,6,0
2026-03-09,SFP28-25G-SR,5,0
2026-03-10,SFP28-25G-SR,5,0
2026-03-11,SFP28-25G-SR,5,0
2026-03-12,SFP28-25G-SR,5,0
2026-03-13,SFP28-25G-SR,5,0
2026-03-14,SFP28-25G-SR,4,0
2026-03-15,SFP28-25G-SR,4,0
2026-03-16,SFP28-25G-SR,4,0
2026-03-17,SFP28-25G-SR,4,0
2026-03-18,SFP28-25G-SR,4,0
2026-03-19,SFP28-25G-SR,4,0
2026-03-20,SFP28-25G-SR,4,0
2026-03-21,SFP28-25G-SR,4,0
2026-03-22,SFP28-25G-SR,4,0
2026-03-23,SFP28-25G-SR,4,0
2026-03-24,SFP28-25G-SR,3,0
2026-03-25,SFP28-25G-SR,3,0
2026-03-26,SFP28-25G-SR,2,9
2026-03-27,SFP28-25G-SR,2,9
2026-03-28,SFP28-25G-SR,2,9
2026-03-29,SFP28-25G-SR,2,9
2026-03-30,SFP28-25G-SR,11,0
2026-03-31,SFP28-25G-SR,11,0
2026-04-01,SFP28-25G-SR,11,0
2026-04-02,SFP28-25G-SR,11,0
2026-04-03,SFP28-25G-SR,11,0
2026-04-04,SFP28-25G-SR,11,0
2026-04-05,SFP28-25G-SR,11,0
2026-04-06,SFP28-25G-SR,11,0
2026-04-07,SFP28-25G-SR,11,0
2026-04-08,SFP28-25G-SR,11,0
2026-04-09,SFP28-25G-SR,11,0
2026-04-10,SFP28-25G-SR,11,0
2026-04-11,SFP28-25G-SR,11,0
2026-04-12,SFP28-25G-SR,11,0
2026-04-13,SFP28-25G-SR,10,0
2026-04-14,SFP28-25G-SR,10,0
2026-04-15,SFP28-25G-SR,10,0
2026-04-16,SFP28-25G-SR,10,0
2026-04-17,SFP28-25G-SR,10,0
2026-04-18,SFP28-25G-SR,10,0
2026-04-19,SFP28-25G-SR,9,0
2026-04-20,SFP28-25G-SR,9,0
2026-04-21,SFP28-25G-SR,9,0
2026-04-22,SFP28-25G-SR,9,0
2026-04-23,SFP28-25G-SR,9,0
2026-04-24,SFP28-25G-SR,9,0
2026-04-25,SFP28-25G-SR,9,0
2026-04-26,SFP28-25G-SR,9,0
2026-04-27,SFP28-25G-SR,9,0
2026-04-28,SFP28-25G-SR,8,0
2026-04-29,SFP28-25G-SR,7,0
2026-04-30,SFP28-25G-SR,6,0
2026-05-01,SFP28-25G-SR,6,0
2026-05-02,SFP28-25G-SR,6,0
2026-05-03,SFP28-25G-SR,6,0
2026-05-04,SFP28-25G-SR,5,0
2026-05-05,SFP28-25G-SR,5,0
2026-05-06,SFP28-25G-SR,5,0
2026-05-07,SFP28-25G-SR,5,0
2026-05-08,SFP28-25G-SR,5,0
2026-05-09,SFP28-25G-SR,5,0
2026-05-10,SFP28-25G-SR,5,0
2026-05-11,SFP28-25G-SR,4,0
2026-05-12,SFP28-25G-SR,4,0
2026-05-13,SFP28-25G-SR,4,0
2026-05-14,SFP28-25G-SR,4,0
2026-05-15,SFP28-25G-SR,4,0
2026-05-16,SFP28-25G-SR,3,0
2026-05-17,SFP28-25G-SR,3,0
2026-05-18,SFP28-25G-SR,3,0
2026-05-19,SFP28-25G-SR,3,0
2026-05-20,SFP28-25G-SR,2,9
2026-05-21,SFP28-25G-SR,2,9
2026-05-22,SFP28-25G-SR,2,9
2026-05-23,SFP28-25G-SR,2,9
2026-05-24,SFP28-25G-SR,2,9
2026-05-25,SFP28-25G-SR,11,0
2026-05-26,SFP28-25G-SR,11,0
2026-05-27,SFP28-25G-SR,11,0
2026-05-28,SFP28-25G-SR,11,0
2026-05-29,SFP28-25G-SR,11,0
2026-05-30,SFP28-25G-SR,11,0
2026-05-31,SFP28-25G-SR,11,0
2026-06-01,SFP28-25G-SR,11,0
2026-06-02,SFP28-25G-SR,11,0
2026-06-03,SFP28-25G-SR,11,0
2026-06-04,SFP28-25G-SR,10,0
2026-06-05,SFP28-25G-SR,10,0
2026-06-06,SFP28-25G-SR,10,0
2026-06-07,SFP28-25G-SR,10,0
2026-06-08,SFP28-25G-SR,10,0
2026-06-09,SFP28-25G-SR,10,0
2026-06-10,SFP28-25G-SR,10,0
2026-06-11,SFP28-25G-SR,10,0
2026-06-12,SFP28-25G-SR,10,0
2026-06-13,SFP28-25G-SR,10,0
2026-06-14,SFP28-25G-SR,10,0
2026-06-15,SFP28-25G-SR,9,0
2026-06-16,SFP28-25G-SR,9,0
2026-06-17,SFP28-25G-SR,9,0
2026-06-18,SFP28-25G-SR,9,0
2026-06-19,SFP28-25G-SR,8,0
2026-06-20,SFP28-25G-SR,8,0
2026-06-21,SFP28-25G-SR,8,0
2026-06-22,SFP28-25G-SR,8,0
2026-06-23,SFP28-25G-SR,8,0
2026-06-24,SFP28-25G-SR,8,0
2026-06-25,SFP28-25G-SR,8,0
2026-06-26,SFP28-25G-SR,8,0
2026-06-27,SFP28-25G-SR,8,0
2026-06-28,SFP28-25G-SR,8,0
2026-06-29,SFP28-25G-SR,8,0
2026-06-30,SFP28-25G-SR,8,0
2026-07-01,SFP28-25G-SR,8,0
2026-07-02,SFP28-25G-SR,8,0
2026-07-03,SFP28-25G-SR,8,0
2026-07-04,SFP28-25G-SR,8,0
2026-07-05,SFP28-25G-SR,8,0
2026-07-06,SFP28-25G-SR,8,0
2026-07-07,SFP28-25G-SR,7,0
2026-07-08,SFP28-25G-SR,7,0
2026-07-09,SFP28-25G-SR,7,0
2026-07-10,SFP28-25G-SR,6,0
2026-07-11,SFP28-25G-SR,6,0
2026-07-12,SFP28-25G-SR,5,0
2026-07-13,SFP28-25G-SR,5,0
2026-07-14,SFP28-25G-SR,5,0
2026-07-15,SFP28-25G-SR,5,0
2026-07-16,SFP28-25G-SR,5,0
2026-07-17,SFP28-25G-SR,5,0
2026-07-18,SFP28-25G-SR,5,0
2026-07-19,SFP28-25G-SR,5,0
2026-07-20,SFP28-25G-SR,5,0
2026-07-21,SFP28-25G-SR,5,0
2026-07-22,SFP28-25G-SR,5,0
2026-07-23,SFP28-25G-SR,5,0
2026-07-24,SFP28-25G-SR,5,0
2026-07-25,SFP28-25G-SR,5,0
2026-07-26,SFP28-25G-SR,5,0
2026-07-27,SFP28-25G-SR,5,0
2026-07-28,SFP28-25G-SR,5,0
2026-07-29,SFP28-25G-SR,5,0
2026-07-30,SFP28-25G-SR,5,0
2026-07-31,SFP28-25G-SR,5,0
2026-08-01,SFP28-25G-SR,5,0
2026-08-02,SFP28-25G-SR,5,0
2026-08-03,SFP28-25G-SR,3,0
2026-08-04,SFP28-25G-SR,3,0
2026-08-05,SFP28-25G-SR,3,0
2026-08-06,SFP28-25G-SR,3,0
2026-08-07,SFP28-25G-SR,3,0
2026-08-08,SFP28-25G-SR,2,9
2026-08-09,SFP28-25G-SR,2,9
2026-08-10,SFP28-25G-SR,2,9
2026-08-11,SFP28-25G-SR,2,9
2026-08-12,SFP28-25G-SR,11,0
2026-08-13,SFP28-25G-SR,11,0
2026-08-14,SFP28-25G-SR,10,0
2026-08-15,SFP28-25G-SR,9,0
2026-08-16,SFP28-25G-SR,9,0
2026-08-17,SFP28-25G-SR,9,0
2026-08-18,SFP28-25G-SR,9,0
2026-08-19,SFP28-25G-SR,6,0
2026-08-20,SFP28-25G-SR,6,0
2026-08-21,SFP28-25G-SR,6,0
2026-08-22,SFP28-25G-SR,6,0
2026-08-23,SFP28-25G-SR,5,0
2026-08-24,SFP28-25G-SR,4,0
2026-08-25,SFP28-25G-SR,4,0
2026-08-26,SFP28-25G-SR,3,0
2026-08-27,SFP28-25G-SR,2,9
2026-08-28,SFP28-25G-SR,1,9
2026-08-29,SFP28-25G-SR,0,9
2026-08-30,SFP28-25G-SR,0,9
2026-08-31,SFP28-25G-SR,9,0
2026-09-01,SFP28-25G-SR,9,0
2026-09-02,SFP28-25G-SR,8,0
2026-09-03,SFP28-25G-SR,8,0
2026-09-04,SFP28-25G-SR,8,0
2026-09-05,SFP28-25G-SR,7,0
2026-09-06,SFP28-25G-SR,7,0
2026-09-07,SFP28-25G-SR,7,0
2026-09-08,SFP28-25G-SR,6,0
2026-09-09,SFP28-25G-SR,6,0
2026-09-10,SFP28-25G-SR,4,0
2026-09-11,SFP28-25G-SR,4,0
2026-09-12,SFP28-25G-SR,4,0
2026-09-13,SFP28-25G-SR,4,0
2026-09-14,SFP28-25G-SR,4,0
2026-09-15,SFP28-25G-SR,3,0
2026-09-16,SFP28-25G-SR,2,9
2026-09-17,SFP28-25G-SR,1,9
2026-09-18,SFP28-25G-SR,0,9
2026-09-19,SFP28-25G-SR,0,9
2026-09-20,SFP28-25G-SR,0,9
2026-09-21,SFP28-25G-SR,0,9
2026-09-22,SFP28-25G-SR,0,9
2026-09-23,SFP28-25G-SR,9,0
2026-09-24,SFP28-25G-SR,9,0
2026-09-25,SFP28-25G-SR,9,0
2025-09-26,QSFP28-100G-SR4,3,0
2025-09-27,QSFP28-100G-SR4,3,0
2025-09-28,QSFP28-100G-SR4,3,0
2025-09-29,QSFP28-100G-SR4,3,0
2025-09-30,QSFP28-100G-SR4,3,0
2025-10-01,QSFP28-100G-SR4,3,0
2025-10-02,QSFP28-100G-SR4,3,0
2025-10-03,QSFP28-100G-SR4,3,0
2025-10-04,QSFP28-100G-SR4,3,0
2025-10-05,QSFP28-100G-SR4,3,0
2025-10-06,QSFP28-100G-SR4,3,0
2025-10-07,QSFP28-100G-SR4,3,0
2025-10-08,QSFP28-100G-SR4,3,0
2025-10-09,QSFP28-100G-SR4,3,0
2025-10-10,QSFP28-100G-SR4,2,2
2025-10-11,QSFP28-100G-SR4,2,2
2025-10-12,QSFP28-100G-SR4,2,2
2025-10-13,QSFP28-100G-SR4,1,2
2025-10-14,QSFP28-100G-SR4,1,2
2025-10-15,QSFP28-100G-SR4,1,2
2025-10-16,QSFP28-100G-SR4,1,2
2025-10-17,QSFP28-100G-SR4,1,2
2025-10-18,QSFP28-100G-SR4,1,2
2025-10-19,QSFP28-100G-SR4,1,2
2025-10-20,QSFP28-100G-SR4,1,2
2025-10-21,QSFP28-100G-SR4,1,2
2025-10-22,QSFP28-100G-SR4,1,2
2025-10-23,QSFP28-100G-SR4,3,0
2025-10-24,QSFP28-100G-SR4,3,0
2025-10-25,QSFP28-100G-SR4,3,0
2025-10-26,QSFP28-100G-SR4,3,0
2025-10-27,QSFP28-100G-SR4,3,0
2025-10-28,QSFP28-100G-SR4,3,0
2025-10-29,QSFP28-100G-SR4,3,0
2025-10-30,QSFP28-100G-SR4,3,0
2025-10-31,QSFP28-100G-SR4,3,0
2025-11-01,QSFP28-100G-SR4,3,0
2025-11-02,QSFP28-100G-SR4,3,0
2025-11-03,QSFP28-100G-SR4,3,0
2025-11-04,QSFP28-100G-SR4,3,0
2025-11-05,QSFP28-100G-SR4,3,0
2025-11-06,QSFP28-100G-SR4,3,0
2025-11-07,QSFP28-100G-SR4,3,0
2025-11-08,QSFP28-100G-SR4,3,0
2025-11-09,QSFP28-100G-SR4,3,0
2025-11-10,QSFP28-100G-SR4,3,0
2025-11-11,QSFP28-100G-SR4,3,0
2025-11-12,QSFP28-100G-SR4,3,0
2025-11-13,QSFP28-100G-SR4,3,0
2025-11-14,QSFP28-100G-SR4,3,0
2025-11-15,QSFP28-100G-SR4,3,0
2025-11-16,QSFP28-100G-SR4,3,0
2025-11-17,QSFP28-100G-SR4,3,0
2025-11-18,QSFP28-100G-SR4,3,0
2025-11-19,QSFP28-100G-SR4,3,0
2025-11-20,QSFP28-100G-SR4,3,0
2025-11-21,QSFP28-100G-SR4,3,0
2025-11-22,QSFP28-100G-SR4,3,0
2025-11-23,QSFP28-100G-SR4,3,0
2025-11-24,QSFP28-100G-SR4,3,0
2025-11-25,QSFP28-100G-SR4,3,0
2025-11-26,QSFP28-100G-SR4,3,0
2025-11-27,QSFP28-100G-SR4,3,0
2025-11-28,QSFP28-100G-SR4,3,0
2025-11-29,QSFP28-100G-SR4,3,0
2025-11-30,QSFP28-100G-SR4,3,0
2025-12-01,QSFP28-100G-SR4,3,0
2025-12-02,QSFP28-100G-SR4,3,0
2025-12-03,QSFP28-100G-SR4,3,0
2025-12-04,QSFP28-100G-SR4,3,0
2025-12-05,QSFP28-100G-SR4,3,0
2025-12-06,QSFP28-100G-SR4,3,0
2025-12-07,QSFP28-100G-SR4,3,0
2025-12-08,QSFP28-100G-SR4,3,0
2025-12-09,QSFP28-100G-SR4,3,0
2025-12-10,QSFP28-100G-SR4,3,0
2025-12-11,QSFP28-100G-SR4,3,0
2025-12-12,QSFP28-100G-SR4,3,0
2025-12-13,QSFP28-100G-SR4,3,0
2025-12-14,QSFP28-100G-SR4,3,0
2025-12-15,QSFP28-100G-SR4,3,0
2025-12-16,QSFP28-100G-SR4,3,0
2025-12-17,QSFP28-100G-SR4,3,0
2025-12-18,QSFP28-100G-SR4,3,0
2025-12-19,QSFP28-100G-SR4,3,0
2025-12-20,QSFP28-100G-SR4,3,0
2025-12-21,QSFP28-100G-SR4,3,0
2025-12-22,QSFP28-100G-SR4,3,0
2025-12-23,QSFP28-100G-SR4,3,0
2025-12-24,QSFP28-100G-SR4,3,0
2025-12-25,QSFP28-100G-SR4,3,0
2025-12-26,QSFP28-100G-SR4,3,0
2025-12-27,QSFP28-100G-SR4,3,0
2025-12-28,QSFP28-100G-SR4,3,0
2025-12-29,QSFP28-100G-SR4,3,0
2025-12-30,QSFP28-100G-SR4,3,0
2025-12-31,QSFP28-100G-SR4,3,0
2026-01-01,QSFP28-100G-SR4,3,0
2026-01-02,QSFP28-100G-SR4,3,0
2026-01-03,QSFP28-100G-SR4,3,0
2026-01-04,QSFP28-100G-SR4,3,0
2026-01-05,QSFP28-100G-SR4,2,2
2026-01-06,QSFP28-100G-SR4,2,2
2026-01-07,QSFP28-100G-SR4,2,2
2026-01-08,QSFP28-100G-SR4,2,2
2026-01-09,QSFP28-100G-SR4,2,2
2026-01-10,QSFP28-100G-SR4,1,2
2026-01-11,QSFP28-100G-SR4,1,2
2026-01-12,QSFP28-100G-SR4,1,2
2026-01-13,QSFP28-100G-SR4,1,2
2026-01-14,QSFP28-100G-SR4,1,2
2026-01-15,QSFP28-100G-SR4,1,2
2026-01-16,QSFP28-100G-SR4,3,0
2026-01-17,QSFP28-100G-SR4,3,0
2026-01-18,QSFP28-100G-SR4,3,0
2026-01-19,QSFP28-100G-SR4,3,0
2026-01-20,QSFP28-100G-SR4,3,0
2026-01-21,QSFP28-100G-SR4,3,0
2026-01-22,QSFP28-100G-SR4,2,2
2026-01-23,QSFP28-100G-SR4,2,2
2026-01-24,QSFP28-100G-SR4,2,2
2026-01-25,QSFP28-100G-SR4,2,2
2026-01-26,QSFP28-100G-SR4,2,2
2026-01-27,QSFP28-100G-SR4,2,2
2026-01-28,QSFP28-100G-SR4,2,2
2026-01-29,QSFP28-100G-SR4,1,2
2026-01-30,QSFP28-100G-SR4,0,4
2026-01-31,QSFP28-100G-SR4,0,4
2026-02-01,QSFP28-100G-SR4,0,4
2026-02-02,QSFP28-100G-SR4,0,4
2026-02-03,QSFP28-100G-SR4,2,2
2026-02-04,QSFP28-100G-SR4,2,2
2026-02-05,QSFP28-100G-SR4,2,2
2026-02-06,QSFP28-100G-SR4,2,2
2026-02-07,QSFP28-100G-SR4,2,2
2026-02-08,QSFP28-100G-SR4,2,2
2026-02-09,QSFP28-100G-SR4,1,2
2026-02-10,QSFP28-100G-SR4,1,2
2026-02-11,QSFP28-100G-SR4,1,2
2026-02-12,QSFP28-100G-SR4,1,2
2026-02-13,QSFP28-100G-SR4,3,0
2026-02-14,QSFP28-100G-SR4,3,0
2026-02-15,QSFP28-100G-SR4,3,0
2026-02-16,QSFP28-100G-SR4,3,0
2026-02-17,QSFP28-100G-SR4,3,0
2026-02-18,QSFP28-100G-SR4,3,0
2026-02-19,QSFP28-100G-SR4,3,0
2026-02-20,QSFP28-100G-SR4,3,0
2026-02-21,QSFP28-100G-SR4,3,0
2026-02-22,QSFP28-100G-SR4,2,2
2026-02-23,QSFP28-100G-SR4,2,2
2026-02-24,QSFP28-100G-SR4,2,2
2026-02-25,QSFP28-100G-SR4,2,2
2026-02-26,QSFP28-100G-SR4,2,2
2026-02-27,QSFP28-100G-SR4,2,2
2026-02-28,QSFP28-100G-SR4,2,2
2026-03-01,QSFP28-100G-SR4,2,2
2026-03-02,QSFP28-100G-SR4,2,2
2026-03-03,QSFP28-100G-SR4,2,2
2026-03-04,QSFP28-100G-SR4,2,2
2026-03-05,QSFP28-100G-SR4,2,2
2026-03-06,QSFP28-100G-SR4,4,0
2026-03-07,QSFP28-100G-SR4,4,0
2026-03-08,QSFP28-100G-SR4,4,0
2026-03-09,QSFP28-100G-SR4,4,0
2026-03-10,QSFP28-100G-SR4,4,0
2026-03-11,QSFP28-100G-SR4,4,0
2026-03-12,QSFP28-100G-SR4,4,0
2026-03-13,QSFP28-100G-SR4,4,0
2026-03-14,QSFP28-100G-SR4,4,0
2026-03-15,QSFP28-100G-SR4,4,0
2026-03-16,QSFP28-100G-SR4,4,0
2026-03-17,QSFP28-100G-SR4,4,0
2026-03-18,QSFP28-100G-SR4,4,0
2026-03-19,QSFP28-100G-SR4,4,0
2026-03-20,QSFP28-100G-SR4,4,0
2026-03-21,QSFP28-100G-SR4,4,0
2026-03-22,QSFP28-100G-SR4,4,0
2026-03-23,QSFP28-100G-SR4,4,0
2026-03-24,QSFP28-100G-SR4,4,0
2026-03-25,QSFP28-100G-SR4,4,0
2026-03-26,QSFP28-100G-SR4,4,0
2026-03-27,QSFP28-100G-SR4,4,0
2026-03-28,QSFP28-100G-SR4,4,0
2026-03-29,QSFP28-100G-SR4,4,0
2026-03-30,QSFP28-100G-SR4,4,0
2026-03-31,QSFP28-100G-SR4,4,0
2026-04-01,QSFP28-100G-SR4,4,0
2026-04-02,QSFP28-100G-SR4,4,0
2026-04-03,QSFP28-100G-SR4,4,0
2026-04-04,QSFP28-100G-SR4,4,0
2026-04-05,QSFP28-100G-SR4,4,0
2026-04-06,QSFP28-100G-SR4,4,0
2026-04-07,QSFP28-100G-SR4,4,0
2026-04-08,QSFP28-100G-SR4,4,0
2026-04-09,QSFP28-100G-SR4,4,0
2026-04-10,QSFP28-100G-SR4,4,0
2026-04-11,QSFP28-100G-SR4,4,0
2026-04-12,QSFP28-100G-SR4,4,0
2026-04-13,QSFP28-100G-SR4,4,0
2026-04-14,QSFP28-100G-SR4,4,0
2026-04-15,QSFP28-100G-SR4,4,0
2026-04-16,QSFP28-100G-SR4,4,0
2026-04-17,QSFP28-100G-SR4,4,0
2026-04-18,QSFP28-100G-SR4,4,0
2026-04-19,QSFP28-100G-SR4,4,0
2026-04-20,QSFP28-100G-SR4,4,0
2026-04-21,QSFP28-100G-SR4,4,0
2026-04-22,QSFP28-100G-SR4,4,0
2026-04-23,QSFP28-100G-SR4,4,0
2026-04-24,QSFP28-100G-SR4,4,0
2026-04-25,QSFP28-100G-SR4,4,0
2026-04-26,QSFP28-100G-SR4,4,0
2026-04-27,QSFP28-100G-SR4,4,0
2026-04-28,QSFP28-100G-SR4,4,0
2026-04-29,QSFP28-100G-SR4,4,0
2026-04-30,QSFP28-100G-SR4,4,0
2026-05-01,QSFP28-100G-SR4,4,0
2026-05-02,QSFP28-100G-SR4,4,0
2026-05-03,QSFP28-100G-SR4,4,0
2026-05-04,QSFP28-100G-SR4,4,0
2026-05-05,QSFP28-100G-SR4,4,0
2026-05-06,QSFP28-100G-SR4,4,0
2026-05-07,QSFP28-100G-SR4,4,0
2026-05-08,QSFP28-100G-SR4,4,0
2026-05-09,QSFP28-100G-SR4,4,0
2026-05-10,QSFP28-100G-SR4,4,0
2026-05-11,QSFP28-100G-SR4,4,0
2026-05-12,QSFP28-100G-SR4,4,0
2026-05-13,QSFP28-100G-SR4,4,0
2026-05-14,QSFP28-100G-SR4,4,0
2026-05-15,QSFP28-100G-SR4,4,0
2026-05-16,QSFP28-100G-SR4,4,0
2026-05-17,QSFP28-100G-SR4,4,0
2026-05-18,QSFP28-100G-SR4,4,0
2026-05-19,QSFP28-100G-SR4,4,0
2026-05-20,QSFP28-100G-SR4,4,0
2026-05-21,QSFP28-100G-SR4,4,0
2026-05-22,QSFP28-100G-SR4,4,0
2026-05-23,QSFP28-100G-SR4,4,0
2026-05-24,QSFP28-100G-SR4,4,0
2026-05-25,QSFP28-100G-SR4,4,0
2026-05-26,QSFP28-100G-SR4,4,0
2026-05-27,QSFP28-100G-SR4,4,0
2026-05-28,QSFP28-100G-SR4,4,0
2026-05-29,QSFP28-100G-SR4,4,0
2026-05-30,QSFP28-100G-SR4,3,0
2026-05-31,QSFP28-100G-SR4,3,0
2026-06-01,QSFP28-100G-SR4,3,0
2026-06-02,QSFP28-100G-SR4,2,2
2026-06-03,QSFP28-100G-SR4,2,2
2026-06-04,QSFP28-100G-SR4,2,2
2026-06-05,QSFP28-100G-SR4,1,2
2026-06-06,QSFP28-100G-SR4,1,2
2026-06-07,QSFP28-100G-SR4,1,2
2026-06-08,QSFP28-100G-SR4,1,2
2026-06-09,QSFP28-100G-SR4,1,2
2026-06-10,QSFP28-100G-SR4,1,2
2026-06-11,QSFP28-100G-SR4,1,2
2026-06-12,QSFP28-100G-SR4,1,2
2026-06-13,QSFP28-100G-SR4,1,2
2026-06-14,QSFP28-100G-SR4,3,0
2026-06-15,QSFP28-100G-SR4,3,0
2026-06-16,QSFP28-100G-SR4,3,0
2026-06-17,QSFP28-100G-SR4,3,0
2026-06-18,QSFP28-100G-SR4,3,0
2026-06-19,QSFP28-100G-SR4,3,0
2026-06-20,QSFP28-100G-SR4,3,0
2026-06-21,QSFP28-100G-SR4,3,0
2026-06-22,QSFP28-100G-SR4,3,0
2026-06-23,QSFP28-100G-SR4,3,0
2026-06-24,QSFP28-100G-SR4,3,0
2026-06-25,QSFP28-100G-SR4,3,0
2026-06-26,QSFP28-100G-SR4,3,0
2026-06-27,QSFP28-100G-SR4,3,0
2026-06-28,QSFP28-100G-SR4,3,0
2026-06-29,QSFP28-100G-SR4,3,0
2026-06-30,QSFP28-100G-SR4,3,0
2026-07-01,QSFP28-100G-SR4,3,0
2026-07-02,QSFP28-100G-SR4,3,0
2026-07-03,QSFP28-100G-SR4,3,0
2026-07-04,QSFP28-100G-SR4,2,2
2026-07-05,QSFP28-100G-SR4,2,2
2026-07-06,QSFP28-100G-SR4,2,2
2026-07-07,QSFP28-100G-SR4,2,2
2026-07-08,QSFP28-100G-SR4,2,2
2026-07-09,QSFP28-100G-SR4,2,2
2026-07-10,QSFP28-100G-SR4,2,2
2026-07-11,QSFP28-100G-SR4,2,2
2026-07-12,QSFP28-100G-SR4,2,2
2026-07-13,QSFP28-100G-SR4,2,2
2026-07-14,QSFP28-100G-SR4,2,2
2026-07-15,QSFP28-100G-SR4,4,0
2026-07-16,QSFP28-100G-SR4,4,0
2026-07-17,QSFP28-100G-SR4,4,0
2026-07-18,QSFP28-100G-SR4,4,0
2026-07-19,QSFP28-100G-SR4,4,0
2026-07-20,QSFP28-100G-SR4,4,0
2026-07-21,QSFP28-100G-SR4,4,0
2026-07-22,QSFP28-100G-SR4,4,0
2026-07-23,QSFP28-100G-SR4,4,0
2026-07-24,QSFP28-100G-SR4,4,0
2026-07-25,QSFP28-100G-SR4,4,0
2026-07-26,QSFP28-100G-SR4,4,0
2026-07-27,QSFP28-100G-SR4,4,0
2026-07-28,QSFP28-100G-SR4,4,0
2026-07-29,QSFP28-100G-SR4,4,0
2026-07-30,QSFP28-100G-SR4,4,0
2026-07-31,QSFP28-100G-SR4,4,0
2026-08-01,QSFP28-100G-SR4,4,0
2026-08-02,QSFP28-100G-SR4,4,0
2026-08-03,QSFP28-100G-SR4,4,0
2026-08-04,QSFP28-100G-SR4,4,0
2026-08-05,QSFP28-100G-SR4,4,0
2026-08-06,QSFP28-100G-SR4,4,0
2026-08-07,QSFP28-100G-SR4,4,0
2026-08-08,QSFP28-100G-SR4,4,0
2026-08-09,QSFP28-100G-SR4,4,0
2026-08-10,QSFP28-100G-SR4,4,0
2026-08-11,QSFP28-100G-SR4,4,0
2026-08-12,QSFP28-100G-SR4,4,0
2026-08-13,QSFP28-100G-SR4,4,0
2026-08-14,QSFP28-100G-SR4,4,0
2026-08-15,QSFP28-100G-SR4,4,0
2026-08-16,QSFP28-100G-SR4,4,0
2026-08-17,QSFP28-100G-SR4,4,0
2026-08-18,QSFP28-100G-SR4,4,0
2026-08-19,QSFP28-100G-SR4,4,0
2026-08-20,QSFP28-100G-SR4,4,0
2026-08-21,QSFP28-100G-SR4,4,0
2026-08-22,QSFP28-100G-SR4,4,0
2026-08-23,QSFP28-100G-SR4,4,0
2026-08-24,QSFP28-100G-SR4,4,0
2026-08-25,QSFP28-100G-SR4,4,0
2026-08-26,QSFP28-100G-SR4,4,0
2026-08-27,QSFP28-100G-SR4,4,0
2026-08-28,QSFP28-100G-SR4,4,0
2026-08-29,QSFP28-100G-SR4,4,0
2026-08-30,QSFP28-100G-SR4,4,0
2026-08-31,QSFP28-100G-SR4,4,0
2026-09-01,QSFP28-100G-SR4,4,0
2026-09-02,QSFP28-100G-SR4,4,0
2026-09-03,QSFP28-100G-SR4,4,0
2026-09-04,QSFP28-100G-SR4,4,0
2026-09-05,QSFP28-100G-SR4,4,0
2026-09-06,QSFP28-100G-SR4,4,0
2026-09-07,QSFP28-100G-SR4,4,0
2026-09-08,QSFP28-100G-SR4,4,0
2026-09-09,QSFP28-100G-SR4,4,0
2026-09-10,QSFP28-100G-SR4,4,0
2026-09-11,QSFP28-100G-SR4,4,0
2026-09-12,QSFP28-100G-SR4,4,0
2026-09-13,QSFP28-100G-SR4,4,0
2026-09-14,QSFP28-100G-SR4,4,0
2026-09-15,QSFP28-100G-SR4,4,0
2026-09-16,QSFP28-100G-SR4,4,0
2026-09-17,QSFP28-100G-SR4,4,0
2026-09-18,QSFP28-100G-SR4,4,0
2026-09-19,QSFP28-100G-SR4,3,0
2026-09-20,QSFP28-100G-SR4,3,0
2026-09-21,QSFP28-100G-SR4,3,0
2026-09-22,QSFP28-100G-SR4,3,0
2026-09-23,QSFP28-100G-SR4,3,0
2026-09-24,QSFP28-100G-SR4,3,0
2026-09-25,QSFP28-100G-SR4,3,0
2025-09-26,CBL-DAC-25G-3M,8,0
2025-09-27,CBL-DAC-25G-3M,8,0
2025-09-28,CBL-DAC-25G-3M,8,0
2025-09-29,CBL-DAC-25G-3M,8,0
2025-09-30,CBL-DAC-25G-3M,8,0
2025-10-01,CBL-DAC-25G-3M,8,0
2025-10-02,CBL-DAC-25G-3M,8,0
2025-10-03,CBL-DAC-25G-3M,8,0
2025-10-04,CBL-DAC-25G-3M,6,0
2025-10-05,CBL-DAC-25G-3M,6,0
2025-10-06,CBL-DAC-25G-3M,6,0
2025-10-07,CBL-DAC-25G-3M,6,0
2025-10-08,CBL-DAC-25G-3M,6,0
2025-10-09,CBL-DAC-25G-3M,6,0
2025-10-10,CBL-DAC-25G-3M,6,0
2025-10-11,CBL-DAC-25G-3M,6,0
2025-10-12,CBL-DAC-25G-3M,6,0
2025-10-13,CBL-DAC-25G-3M,4,0
2025-10-14,CBL-DAC-25G-3M,4,0
2025-10-15,CBL-DAC-25G-3M,3,0
2025-10-16,CBL-DAC-25G-3M,3,0
2025-10-17,CBL-DAC-25G-3M,3,0
2025-10-18,CBL-DAC-25G-3M,2,8
2025-10-19,CBL-DAC-25G-3M,2,8
2025-10-20,CBL-DAC-25G-3M,2,8
2025-10-21,CBL-DAC-25G-3M,2,8
2025-10-22,CBL-DAC-25G-3M,10,0
2025-10-23,CBL-DAC-25G-3M,7,0
2025-10-24,CBL-DAC-25G-3M,7,0
2025-10-25,CBL-DAC-25G-3M,7,0
2025-10-26,CBL-DAC-25G-3M,7,0
2025-10-27,CBL-DAC-25G-3M,7,0
2025-10-28,CBL-DAC-25G-3M,7,0
2025-10-29,CBL-DAC-25G-3M,7,0
2025-10-30,CBL-DAC-25G-3M,6,0
2025-10-31,CBL-DAC-25G-3M,5,0
2025-11-01,CBL-DAC-25G-3M,5,0
2025-11-02,CBL-DAC-25G-3M,5,0
2025-11-03,CBL-DAC-25G-3M,5,0
2025-11-04,CBL-DAC-25G-3M,5,0
2025-11-05,CBL-DAC-25G-3M,5,0
2025-11-06,CBL-DAC-25G-3M,5,0
2025-11-07,CBL-DAC-25G-3M,5,0
2025-11-08,CBL-DAC-25G-3M,5,0
2025-11-09,CBL-DAC-25G-3M,5,0
2025-11-10,CBL-DAC-25G-3M,5,0
2025-11-11,CBL-DAC-25G-3M,5,0
2025-11-12,CBL-DAC-25G-3M,5,0
2025-11-13,CBL-DAC-25G-3M,5,0
2025-11-14,CBL-DAC-25G-3M,5,0
2025-11-15,CBL-DAC-25G-3M,5,0
2025-11-16,CBL-DAC-25G-3M,5,0
2025-11-17,CBL-DAC-25G-3M,5,0
2025-11-18,CBL-DAC-25G-3M,5,0
2025-11-19,CBL-DAC-25G-3M,5,0
2025-11-20,CBL-DAC-25G-3M,3,0
2025-11-21,CBL-DAC-25G-3M,3,0
2025-11-22,CBL-DAC-25G-3M,3,0
2025-11-23,CBL-DAC-25G-3M,3,0
2025-11-24,CBL-DAC-25G-3M,3,0
2025-11-25,CBL-DAC-25G-3M,3,0
2025-11-26,CBL-DAC-25G-3M,3,0
2025-11-27,CBL-DAC-25G-3M,3,0
2025-11-28,CBL-DAC-25G-3M,3,0
2025-11-29,CBL-DAC-25G-3M,3,0
2025-11-30,CBL-DAC-25G-3M,3,0
2025-12-01,CBL-DAC-25G-3M,3,0
2025-12-02,CBL-DAC-25G-3M,3,0
2025-12-03,CBL-DAC-25G-3M,3,0
2025-12-04,CBL-DAC-25G-3M,3,0
2025-12-05,CBL-DAC-25G-3M,2,8
2025-12-06,CBL-DAC-25G-3M,2,8
2025-12-07,CBL-DAC-25G-3M,2,8
2025-12-08,CBL-DAC-25G-3M,2,8
2025-12-09,CBL-DAC-25G-3M,2,8
2025-12-10,CBL-DAC-25G-3M,10,0
2025-12-11,CBL-DAC-25G-3M,10,0
2025-12-12,CBL-DAC-25G-3M,10,0
2025-12-13,CBL-DAC-25G-3M,10,0
2025-12-14,CBL-DAC-25G-3M,10,0
2025-12-15,CBL-DAC-25G-3M,10,0
2025-12-16,CBL-DAC-25G-3M,10,0
2025-12-17,CBL-DAC-25G-3M,10,0
2025-12-18,CBL-DAC-25G-3M,10,0
2025-12-19,CBL-DAC-25G-3M,10,0
2025-12-20,CBL-DAC-25G-3M,10,0
2025-12-21,CBL-DAC-25G-3M,10,0
2025-12-22,CBL-DAC-25G-3M,10,0
2025-12-23,CBL-DAC-25G-3M,10,0
2025-12-24,CBL-DAC-25G-3M,10,0
2025-12-25,CBL-DAC-25G-3M,10,0
2025-12-26,CBL-DAC-25G-3M,10,0
2025-12-27,CBL-DAC-25G-3M,10,0
2025-12-28,CBL-DAC-25G-3M,10,0
2025-12-29,CBL-DAC-25G-3M,10,0
2025-12-30,CBL-DAC-25G-3M,10,0
2025-12-31,CBL-DAC-25G-3M,10,0
2026-01-01,CBL-DAC-25G-3M,10,0
2026-01-02,CBL-DAC-25G-3M,10,0
2026-01-03,CBL-DAC-25G-3M,10,0
2026-01-04,CBL-DAC-25G-3M,9,0
2026-01-05,CBL-DAC-25G-3M,9,0
2026-01-06,CBL-DAC-25G-3M,9,0
2026-01-07,CBL-DAC-25G-3M,9,0
2026-01-08,CBL-DAC-25G-3M,9,0
2026-01-09,CBL-DAC-25G-3M,9,0
2026-01-10,CBL-DAC-25G-3M,9,0
2026-01-11,CBL-DAC-25G-3M,8,0
2026-01-12,CBL-DAC-25G-3M,8,0
2026-01-13,CBL-DAC-25G-3M,8,0
2026-01-14,CBL-DAC-25G-3M,8,0
2026-01-15,CBL-DAC-25G-3M,8,0
2026-01-16,CBL-DAC-25G-3M,8,0
2026-01-17,CBL-DAC-25G-3M,8,0
2026-01-18,CBL-DAC-25G-3M,8,0
2026-01-19,CBL-DAC-25G-3M,8,0
2026-01-20,CBL-DAC-25G-3M,8,0
2026-01-21,CBL-DAC-25G-3M,8,0
2026-01-22,CBL-DAC-25G-3M,8,0
2026-01-23,CBL-DAC-25G-3M,8,0
2026-01-24,CBL-DAC-25G-3M,7,0
2026-01-25,CBL-DAC-25G-3M,7,0
2026-01-26,CBL-DAC-25G-3M,7,0
2026-01-27,CBL-DAC-25G-3M,7,0
2026-01-28,CBL-DAC-25G-3M,7,0
2026-01-29,CBL-DAC-25G-3M,7,0
2026-01-30,CBL-DAC-25G-3M,7,0
2026-01-31,CBL-DAC-25G-3M,7,0
2026-02-01,CBL-DAC-25G-3M,7,0
2026-02-02,CBL-DAC-25G-3M,7,0
2026-02-03,CBL-DAC-25G-3M,7,0
2026-02-04,CBL-DAC-25G-3M,7,0
2026-02-05,CBL-DAC-25G-3M,7,0
2026-02-06,CBL-DAC-25G-3M,7,0
2026-02-07,CBL-DAC-25G-3M,7,0
2026-02-08,CBL-DAC-25G-3M,7,0
2026-02-09,CBL-DAC-25G-3M,7,0
2026-02-10,CBL-DAC-25G-3M,7,0
2026-02-11,CBL-DAC-25G-3M,7,0
2026-02-12,CBL-DAC-25G-3M,7,0
2026-02-13,CBL-DAC-25G-3M,7,0
2026-02-14,CBL-DAC-25G-3M,7,0
2026-02-15,CBL-DAC-25G-3M,7,0
2026-02-16,CBL-DAC-25G-3M,7,0
2026-02-17,CBL-DAC-25G-3M,4,0
2026-02-18,CBL-DAC-25G-3M,2,8
2026-02-19,CBL-DAC-25G-3M,2,8
2026-02-20,CBL-DAC-25G-3M,2,8
2026-02-21,CBL-DAC-25G-3M,2,8
2026-02-22,CBL-DAC-25G-3M,10,0
2026-02-23,CBL-DAC-25G-3M,10,0
2026-02-24,CBL-DAC-25G-3M,10,0
2026-02-25,CBL-DAC-25G-3M,10,0
2026-02-26,CBL-DAC-25G-3M,10,0
2026-02-27,CBL-DAC-25G-3M,10,0
2026-02-28,CBL-DAC-25G-3M,9,0
2026-03-01,CBL-DAC-25G-3M,9,0
2026-03-02,CBL-DAC-25G-3M,9,0
2026-03-03,CBL-DAC-25G-3M,9,0
2026-03-04,CBL-DAC-25G-3M,9,0
2026-03-05,CBL-DAC-25G-3M,9,0
2026-03-06,CBL-DAC-25G-3M,9,0
2026-03-07,CBL-DAC-25G-3M,9,0
2026-03-08,CBL-DAC-25G-3M,9,0
2026-03-09,CBL-DAC-25G-3M,9,0
2026-03-10,CBL-DAC-25G-3M,7,0
2026-03-11,CBL-DAC-25G-3M,7,0
2026-03-12,CBL-DAC-25G-3M,7,0
2026-03-13,CBL-DAC-25G-3M,7,0
2026-03-14,CBL-DAC-25G-3M,7,0
2026-03-15,CBL-DAC-25G-3M,7,0
2026-03-16,CBL-DAC-25G-3M,7,0
2026-03-17,CBL-DAC-25G-3M,7,0
2026-03-18,CBL-DAC-25G-3M,7,0
2026-03-19,CBL-DAC-25G-3M,7,0
2026-03-20,CBL-DAC-25G-3M,7,0
2026-03-21,CBL-DAC-25G-3M,7,0
2026-03-22,CBL-DAC-25G-3M,7,0
2026-03-23,CBL-DAC-25G-3M,7,0
2026-03-24,CBL-DAC-25G-3M,7,0
2026-03-25,CBL-DAC-25G-3M,7,0
2026-03-26,CBL-DAC-25G-3M,3,0
2026-03-27,CBL-DAC-25G-3M,2,8
2026-03-28,CBL-DAC-25G-3M,2,8
2026-03-29,CBL-DAC-25G-3M,2,8
2026-03-30,CBL-DAC-25G-3M,2,8
2026-03-31,CBL-DAC-25G-3M,10,0
2026-04-01,CBL-DAC-25G-3M,10,0
2026-04-02,CBL-DAC-25G-3M,10,0
2026-04-03,CBL-DAC-25G-3M,10,0
2026-04-04,CBL-DAC-25G-3M,10,0
2026-04-05,CBL-DAC-25G-3M,9,0
2026-04-06,CBL-DAC-25G-3M,9,0
2026-04-07,CBL-DAC-25G-3M,8,0
2026-04-08,CBL-DAC-25G-3M,8,0
2026-04-09,CBL-DAC-25G-3M,8,0
2026-04-10,CBL-DAC-25G-3M,8,0
2026-04-11,CBL-DAC-25G-3M,8,0
2026-04-12,CBL-DAC-25G-3M,8,0
2026-04-13,CBL-DAC-25G-3M,7,0
2026-04-14,CBL-DAC-25G-3M,7,0
2026-04-15,CBL-DAC-25G-3M,7,0
2026-04-16,CBL-DAC-25G-3M,7,0
2026-04-17,CBL-DAC-25G-3M,5,0
2026-04-18,CBL-DAC-25G-3M,5,0
2026-04-19,CBL-DAC-25G-3M,5,0
2026-04-20,CBL-DAC-25G-3M,5,0
2026-04-21,CBL-DAC-25G-3M,3,0
2026-04-22,CBL-DAC-25G-3M,3,0
2026-04-23,CBL-DAC-25G-3M,1,8
2026-04-24,CBL-DAC-25G-3M,1,8
2026-04-25,CBL-DAC-25G-3M,1,8
2026-04-26,CBL-DAC-25G-3M,1,8
2026-04-27,CBL-DAC-25G-3M,1,8
2026-04-28,CBL-DAC-25G-3M,1,8
2026-04-29,CBL-DAC-25G-3M,1,8
2026-04-30,CBL-DAC-25G-3M,9,0
2026-05-01,CBL-DAC-25G-3M,9,0
2026-05-02,CBL-DAC-25G-3M,9,0
2026-05-03,CBL-DAC-25G-3M,9,0
2026-05-04,CBL-DAC-25G-3M,9,0
2026-05-05,CBL-DAC-25G-3M,9,0
2026-05-06,CBL-DAC-25G-3M,9,0
2026-05-07,CBL-DAC-25G-3M,9,0
2026-05-08,CBL-DAC-25G-3M,9,0
2026-05-09,CBL-DAC-25G-3M,7,0
2026-05-10,CBL-DAC-25G-3M,7,0
2026-05-11,CBL-DAC-25G-3M,7,0
2026-05-12,CBL-DAC-25G-3M,7,0
2026-05-13,CBL-DAC-25G-3M,7,0
2026-05-14,CBL-DAC-25G-3M,7,0
2026-05-15,CBL-DAC-25G-3M,7,0
2026-05-16,CBL-DAC-25G-3M,7,0
2026-05-17,CBL-DAC-25G-3M,7,0
2026-05-18,CBL-DAC-25G-3M,7,0
2026-05-19,CBL-DAC-25G-3M,7,0
2026-05-20,CBL-DAC-25G-3M,7,0
2026-05-21,CBL-DAC-25G-3M,7,0
2026-05-22,CBL-DAC-25G-3M,7,0
2026-05-23,CBL-DAC-25G-3M,7,0
2026-05-24,CBL-DAC-25G-3M,6,0
2026-05-25,CBL-DAC-25G-3M,6,0
2026-05-26,CBL-DAC-25G-3M,6,0
2026-05-27,CBL-DAC-25G-3M,6,0
2026-05-28,CBL-DAC-25G-3M,6,0
2026-05-29,CBL-DAC-25G-3M,6,0
2026-05-30,CBL-DAC-25G-3M,6,0
2026-05-31,CBL-DAC-25G-3M,6,0
2026-06-01,CBL-DAC-25G-3M,6,0
2026-06-02,CBL-DAC-25G-3M,6,0
2026-06-03,CBL-DAC-25G-3M,6,0
2026-06-04,CBL-DAC-25G-3M,6,0
2026-06-05,CBL-DAC-25G-3M,6,0
2026-06-06,CBL-DAC-25G-3M,6,0
2026-06-07,CBL-DAC-25G-3M,6,0
2026-06-08,CBL-DAC-25G-3M,6,0
2026-06-09,CBL-DAC-25G-3M,6,0
2026-06-10,CBL-DAC-25G-3M,6,0
2026-06-11,CBL-DAC-25G-3M,6,0
2026-06-12,CBL-DAC-25G-3M,5,0
2026-06-13,CBL-DAC-25G-3M,5,0
2026-06-14,CBL-DAC-25G-3M,5,0
2026-06-15,CBL-DAC-25G-3M,4,0
2026-06-16,CBL-DAC-25G-3M,4,0
2026-06-17,CBL-DAC-25G-3M,4,0
2026-06-18,CBL-DAC-25G-3M,4,0
2026-06-19,CBL-DAC-25G-3M,4,0
2026-06-20,CBL-DAC-25G-3M,4,0
2026-06-21,CBL-DAC-25G-3M,3,0
2026-06-22,CBL-DAC-25G-3M,3,0
2026-06-23,CBL-DAC-25G-3M,3,0
2026-06-24,CBL-DAC-25G-3M,3,0
2026-06-25,CBL-DAC-25G-3M,3,0
2026-06-26,CBL-DAC-25G-3M,3,0
2026-06-27,CBL-DAC-25G-3M,3,0
2026-06-28,CBL-DAC-25G-3M,3,0
2026-06-29,CBL-DAC-25G-3M,3,0
2026-06-30,CBL-DAC-25G-3M,3,0
2026-07-01,CBL-DAC-25G-3M,3,0
2026-07-02,CBL-DAC-25G-3M,3,0
2026-07-03,CBL-DAC-25G-3M,3,0
2026-07-04,CBL-DAC-25G-3M,3,0
2026-07-05,CBL-DAC-25G-3M,3,0
2026-07-06,CBL-DAC-25G-3M,3,0
2026-07-07,CBL-DAC-25G-3M,3,0
2026-07-08,CBL-DAC-25G-3M,3,0
2026-07-09,CBL-DAC-25G-3M,3,0
2026-07-10,CBL-DAC-25G-3M,3,0
2026-07-11,CBL-DAC-25G-3M,3,0
2026-07-12,CBL-DAC-25G-3M,3,0
2026-07-13,CBL-DAC-25G-3M,3,0
2026-07-14,CBL-DAC-25G-3M,3,0
2026-07-15,CBL-DAC-25G-3M,3,0
2026-07-16,CBL-DAC-25G-3M,3,0
2026-07-17,CBL-DAC-25G-3M,3,0
2026-07-18,CBL-DAC-25G-3M,3,0
2026-07-19,CBL-DAC-25G-3M,2,8
2026-07-20,CBL-DAC-25G-3M,2,8
2026-07-21,CBL-DAC-25G-3M,2,8
2026-07-22,CBL-DAC-25G-3M,1,8
2026-07-23,CBL-DAC-25G-3M,9,0
2026-07-24,CBL-DAC-25G-3M,8,0
2026-07-25,CBL-DAC-25G-3M,8,0
2026-07-26,CBL-DAC-25G-3M,8,0
2026-07-27,CBL-DAC-25G-3M,8,0
2026-07-28,CBL-DAC-25G-3M,7,0
2026-07-29,CBL-DAC-25G-3M,7,0
2026-07-30,CBL-DAC-25G-3M,7,0
2026-07-31,CBL-DAC-25G-3M,7,0
2026-08-01,CBL-DAC-25G-3M,7,0
2026-08-02,CBL-DAC-25G-3M,7,0
2026-08-03,CBL-DAC-25G-3M,7,0
2026-08-04,CBL-DAC-25G-3M,7,0
2026-08-05,CBL-DAC-25G-3M,6,0
2026-08-06,CBL-DAC-25G-3M,6,0
2026-08-07,CBL-DAC-25G-3M,5,0
2026-08-08,CBL-DAC-25G-3M,5,0
2026-08-09,CBL-DAC-25G-3M,5,0
2026-08-10,CBL-DAC-25G-3M,5,0
2026-08-11,CBL-DAC-25G-3M,5,0
2026-08-12,CBL-DAC-25G-3M,5,0
2026-08-13,CBL-DAC-25G-3M,5,0
2026-08-14,CBL-DAC-25G-3M,5,0
2026-08-15,CBL-DAC-25G-3M,5,0
2026-08-16,CBL-DAC-25G-3M,5,0
2026-08-17,CBL-DAC-25G-3M,5,0
2026-08-18,CBL-DAC-25G-3M,4,0
2026-08-19,CBL-DAC-25G-3M,3,0
2026-08-20,CBL-DAC-25G-3M,2,8
2026-08-21,CBL-DAC-25G-3M,2,8
2026-08-22,CBL-DAC-25G-3M,1,8
2026-08-23,CBL-DAC-25G-3M,1,8
2026-08-24,CBL-DAC-25G-3M,1,8
2026-08-25,CBL-DAC-25G-3M,9,0
2026-08-26,CBL-DAC-25G-3M,9,0
2026-08-27,CBL-DAC-25G-3M,9,0
2026-08-28,CBL-DAC-25G-3M,9,0
2026-08-29,CBL-DAC-25G-3M,9,0
2026-08-30,CBL-DAC-25G-3M,9,0
2026-08-31,CBL-DAC-25G-3M,9,0
2026-09-01,CBL-DAC-25G-3M,9,0
2026-09-02,CBL-DAC-25G-3M,9,0
2026-09-03,CBL-DAC-25G-3M,8,0
2026-09-04,CBL-DAC-25G-3M,8,0
2026-09-05,CBL-DAC-25G-3M,8,0
2026-09-06,CBL-DAC-25G-3M,8,0
2026-09-07,CBL-DAC-25G-3M,8,0
2026-09-08,CBL-DAC-25G-3M,7,0
2026-09-09,CBL-DAC-25G-3M,7,0
2026-09-10,CBL-DAC-25G-3M,7,0
2026-09-11,CBL-DAC-25G-3M,7,0
2026-09-12,CBL-DAC-25G-3M,7,0
2026-09-13,CBL-DAC-25G-3M,7,0
2026-09-14,CBL-DAC-25G-3M,7,0
2026-09-15,CBL-DAC-25G-3M,7,0
2026-09-16,CBL-DAC-25G-3M,7,0
2026-09-17,CBL-DAC-25G-3M,7,0
2026-09-18,CBL-DAC-25G-3M,7,0
2026-09-19,CBL-DAC-25G-3M,7,0
2026-09-20,CBL-DAC-25G-3M,7,0
2026-09-21,CBL-DAC-25G-3M,7,0
2026-09-22,CBL-DAC-25G-3M,7,0
2026-09-23,CBL-DAC-25G-3M,7,0
2026-09-24,CBL-DAC-25G-3M,7,0
2026-09-25,CBL-DAC-25G-3M,7,0
